category	alpha_global	alpha_global_se	alpha_global_ci99_low	alpha_global_ci99_high	beta_global_log	beta_global_log_se	beta_global_ci99_low	beta_global_ci99_high	n_genomes_used	r_squared	p_value
K00005	0.22204899981227777	0.042706876100396945	0.11203608697765524	0.3320619126469003	-1.6975843112289166	0.35277190051453494	-2.606324726954359	-0.7888438955034746	285	0.08719537116791654	3.355597399945509e-08
K00010	0.09996537904628702	0.037736143055055085	0.0027570745364651206	0.19717368355610893	-0.7565392605206337	0.31757774778268405	-1.574619538808828	0.06154101776756049	300	0.023006969485375506	0.01147599630351026
K00012	-0.19182411427408075	0.13551190639681987	-0.5409027851522887	0.15725455660412724	1.6760748458162953	1.1478575513191434	-1.2808062063818182	4.6329558980144085	48	0.04174226353432997	1.7207506707048854
K00014	0.25954594107450035	0.02089713665069863	0.20571491706230066	0.31337696508670004	-1.9598133202568666	0.17346877892560306	-2.4066688947692203	-1.5129577457445131	1673	0.08451427043754023	0.0
K00019	0.10885700032632632	0.026150955403598377	0.0414921392066569	0.17622186144599575	-0.8609589407803747	0.2230415923142622	-1.4355140825819142	-0.2864037989788353	507	0.03317375686226742	1.6190721498610117e-05
K00021	0.11877177942705264	0.018574749600778033	0.07092322445544842	0.16662033439865687	-0.9302156901717296	0.14950554838429417	-1.3153419828096713	-0.5450893975337878	347	0.1059548730857659	4.9622528308646e-12
K00027	0.0859438281740281	0.021574273445212615	0.030368499779160403	0.1415191565688958	-0.5846597517918452	0.17976105666482514	-1.0477242337604347	-0.12159526982325558	1244	0.012615995419302695	4.096907861028676e-05
K00028	0.0859438281740281	0.021574273445212615	0.030368499779160403	0.1415191565688958	-0.5846597517918452	0.17976105666482514	-1.0477242337604347	-0.12159526982325558	1244	0.012615995419302695	4.096907861028676e-05
K00029	0.013068320029599583	0.036981136959710725	-0.08219508877861526	0.10833172883781442	0.018843670852288677	0.3085285291806616	-0.7759258203170957	0.813613162021673	323	0.0003888705504968559	0.9235793726894292
K00060	0.019838796788278542	0.011201260692803913	-0.009015650756384337	0.04869324433294142	-0.1524923685177303	0.09477041005832738	-0.3966209448279816	0.09163620779252105	593	0.00527971332740762	0.1357425815038713
K00067	0.005912745722811164	0.013204043534686148	-0.028100870422540357	0.03992636186816268	0.0035420397304969445	0.10968825406327265	-0.27901490273649343	0.2860989821974873	1264	0.00015886789977648252	0.8801552208860763
K00077	0.344030596911485	0.03564627632587585	0.2522057890960288	0.43585540472694123	-2.6845146664802706	0.3020628167574929	-3.462628482447572	-1.9064008505129688	675	0.12157774038190772	0.0
K00082	0.060487108133070136	0.013445972203789916	0.02585028373610731	0.09512393253003296	-0.4129157227105536	0.11139449739747076	-0.6998679480064383	-0.1259634974146689	1959	0.0102348750781327	2.540553027507997e-06
K00099	0.013365370296784175	0.003408635572017245	0.004584725063267752	0.0221460155303006	-0.1059338541716831	0.028281249368629385	-0.17878635254527242	-0.033081355798093806	1809	0.008436517641924879	5.613745979404783e-05
K00107	0.08306300780902459	0.031464503200570794	0.0020104475643542286	0.16411556805369495	-0.600913102770688	0.2690442511164833	-1.293971093646749	0.09214488810537291	440	0.01566187468682223	0.011835702243162771
K00108	0.0339888033169122	0.01696520436817679	-0.009713563135511208	0.07769116976933561	-0.25946853136382036	0.14300076506329112	-0.6278385021668583	0.1089014394392176	548	0.007297598852639808	0.07767268211530776
K00121	0.12872953300913928	0.03130865474923291	0.0480784383751153	0.20938062764316326	-0.9810471950390544	0.26348429243719357	-1.659782732357265	-0.3023116577208437	758	0.02187263896929359	2.118187975197472e-05
K00122	0.2688298728532597	0.04988390674372664	0.1403289290814199	0.3973308166250995	-1.5781847153266138	0.4174345971301097	-2.6534962375337763	-0.502873193119451	1052	0.026915074221689483	9.339289785970095e-09
K00123	0.2688298728532597	0.04988390674372664	0.1403289290814199	0.3973308166250995	-1.5781847153266138	0.4174345971301097	-2.6534962375337763	-0.502873193119451	1052	0.026915074221689483	9.339289785970095e-09
K00124	0.2688298728532597	0.04988390674372664	0.1403289290814199	0.3973308166250995	-1.5781847153266138	0.4174345971301097	-2.6534962375337763	-0.502873193119451	1052	0.026915074221689483	9.339289785970095e-09
K00126	0.2688298728532597	0.04988390674372664	0.1403289290814199	0.3973308166250995	-1.5781847153266138	0.4174345971301097	-2.6534962375337763	-0.502873193119451	1052	0.026915074221689483	9.339289785970095e-09
K00127	0.2688298728532597	0.04988390674372664	0.1403289290814199	0.3973308166250995	-1.5781847153266138	0.4174345971301097	-2.6534962375337763	-0.502873193119451	1052	0.026915074221689483	9.339289785970095e-09
K00133	0.19696346403893064	0.011195357436610993	0.1681242232822207	0.22580270479564057	-1.5397737056045404	0.09242504560457895	-1.7778606230819358	-1.301686788127145	2129	0.12703534968265606	0.0
K00147	0.026793621954186612	0.00642005956809959	0.01025554850676207	0.04333169540161115	-0.20289026512337258	0.05322298636748921	-0.3399926780060248	-0.06578785224072037	1864	0.009267476193109081	1.5290219004260308e-05
K00148	-0.05504921708932141	0.03203735613287043	-0.13757744648759565	0.027479012308952833	0.5001111052440691	0.27554242683774804	-0.20968618628996993	1.2099083967781081	284	0.01036135357519763	1.8473512523464835
K00156	0.034579611336176985	0.02889071168952413	-0.039842861976037175	0.10900208464839115	-0.26604720027352785	0.24563412303286647	-0.8988007012061918	0.3667063006591362	289	0.004966831146006601	0.4017123714848587
K00158	0.25763783322841066	0.21089982514961395	-0.2856401163569949	0.8009157828138163	-1.7925966509953946	1.627051721108109	-5.983881884569884	2.3986885825790947	69	0.02178837560399771	0.38672126613146296
K00169	-0.2353273106791152	0.2317372890735191	-0.8322825673325004	0.36162794597427006	1.8828884434403788	1.7982084113481744	-2.7492964241925186	6.515073311073277	12	0.09348224503012548	1.481335114302596
K00170	-0.2353273106791152	0.2317372890735191	-0.8322825673325004	0.36162794597427006	1.8828884434403788	1.7982084113481744	-2.7492964241925186	6.515073311073277	12	0.09348224503012548	1.481335114302596
K00171	-0.2353273106791152	0.2317372890735191	-0.8322825673325004	0.36162794597427006	1.8828884434403788	1.7982084113481744	-2.7492964241925186	6.515073311073277	12	0.09348224503012548	1.481335114302596
K00172	-0.2353273106791152	0.2317372890735191	-0.8322825673325004	0.36162794597427006	1.8828884434403788	1.7982084113481744	-2.7492964241925186	6.515073311073277	12	0.09348224503012548	1.481335114302596
K00174	-0.2353273106791152	0.2317372890735191	-0.8322825673325004	0.36162794597427006	1.8828884434403788	1.7982084113481744	-2.7492964241925186	6.515073311073277	12	0.09348224503012548	1.481335114302596
K00175	-0.2353273106791152	0.2317372890735191	-0.8322825673325004	0.36162794597427006	1.8828884434403788	1.7982084113481744	-2.7492964241925186	6.515073311073277	12	0.09348224503012548	1.481335114302596
K00189	-0.2353273106791152	0.2317372890735191	-0.8322825673325004	0.36162794597427006	1.8828884434403788	1.7982084113481744	-2.7492964241925186	6.515073311073277	12	0.09348224503012548	1.481335114302596
K00200	-0.09427099226142827	0.10752892670141155	-0.37126550744426445	0.18272352292140792	0.9745893229810756	0.9183320422724605	-1.3910340179127827	3.340212663874934	57	0.01378211030792531	1.3869518295812506
K00201	-0.09427099226142827	0.10752892670141155	-0.37126550744426445	0.18272352292140792	0.9745893229810756	0.9183320422724605	-1.3910340179127827	3.340212663874934	57	0.01378211030792531	1.3869518295812506
K00202	-0.09427099226142827	0.10752892670141155	-0.37126550744426445	0.18272352292140792	0.9745893229810756	0.9183320422724605	-1.3910340179127827	3.340212663874934	57	0.01378211030792531	1.3869518295812506
K00203	-0.09427099226142827	0.10752892670141155	-0.37126550744426445	0.18272352292140792	0.9745893229810756	0.9183320422724605	-1.3910340179127827	3.340212663874934	57	0.01378211030792531	1.3869518295812506
K00204	-0.09427099226142827	0.10752892670141155	-0.37126550744426445	0.18272352292140792	0.9745893229810756	0.9183320422724605	-1.3910340179127827	3.340212663874934	57	0.01378211030792531	1.3869518295812506
K00205	-0.09427099226142827	0.10752892670141155	-0.37126550744426445	0.18272352292140792	0.9745893229810756	0.9183320422724605	-1.3910340179127827	3.340212663874934	57	0.01378211030792531	1.3869518295812506
K00211	-0.0033113045047331153	0.00371902774650067	-0.012891519979718841	0.00626891097025261	0.02920855332272576	0.030600360860746474	-0.04961797625455716	0.10803508290000868	696	0.0011409959982112694	1.3963036791852974
K00216	0.18948457750556855	0.0479614006197606	0.06593600950906524	0.31303314550207184	-1.576306618190497	0.41218701339455144	-2.6381003646948615	-0.5145128716861325	165	0.08738998169078405	4.8364476413320645e-05
K00220	0.024809923685901097	0.006270585744878496	0.008656894807094091	0.040962952564708104	-0.19680860101329328	0.05182632550179825	-0.3303132155059256	-0.063303986520661	1034	0.014942271409652652	4.6976670406984056e-05
K00228	0.44689870887068145	0.025333923585514055	0.38163852171439727	0.5121588960269656	-3.1648883256336013	0.21049073770258	-3.7071124659554475	-2.622664185311755	1127	0.216672634460353	0.0
K00231	0.02211727876121805	0.010525391846679558	-0.004996130635828492	0.04923068815826459	-0.16287016924608078	0.08811270169096579	-0.3898484888020086	0.0641081503098471	630	0.0069820713613668595	0.060142437101922575
K00233	0.025358898893290075	0.01029413437629109	-0.0011587912600357735	0.05187658904661592	-0.1895695637049753	0.0866451483308201	-0.4127674658051679	0.03362833839521728	1060	0.005703107169547028	0.020998065383283082
K00234	0.025358898893290075	0.01029413437629109	-0.0011587912600357735	0.05187658904661592	-0.1895695637049753	0.0866451483308201	-0.4127674658051679	0.03362833839521728	1060	0.005703107169547028	0.020998065383283082
K00235	0.025358898893290075	0.01029413437629109	-0.0011587912600357735	0.05187658904661592	-0.1895695637049753	0.0866451483308201	-0.4127674658051679	0.03362833839521728	1060	0.005703107169547028	0.020998065383283082
K00236	0.025358898893290075	0.01029413437629109	-0.0011587912600357735	0.05187658904661592	-0.1895695637049753	0.0866451483308201	-0.4127674658051679	0.03362833839521728	1060	0.005703107169547028	0.020998065383283082
K00237	0.025358898893290075	0.01029413437629109	-0.0011587912600357735	0.05187658904661592	-0.1895695637049753	0.0866451483308201	-0.4127674658051679	0.03362833839521728	1060	0.005703107169547028	0.020998065383283082
K00239	0.025358898893290075	0.01029413437629109	-0.0011587912600357735	0.05187658904661592	-0.1895695637049753	0.0866451483308201	-0.4127674658051679	0.03362833839521728	1060	0.005703107169547028	0.020998065383283082
K00240	0.025358898893290075	0.01029413437629109	-0.0011587912600357735	0.05187658904661592	-0.1895695637049753	0.0866451483308201	-0.4127674658051679	0.03362833839521728	1060	0.005703107169547028	0.020998065383283082
K00241	0.025358898893290075	0.01029413437629109	-0.0011587912600357735	0.05187658904661592	-0.1895695637049753	0.0866451483308201	-0.4127674658051679	0.03362833839521728	1060	0.005703107169547028	0.020998065383283082
K00242	0.025358898893290075	0.01029413437629109	-0.0011587912600357735	0.05187658904661592	-0.1895695637049753	0.0866451483308201	-0.4127674658051679	0.03362833839521728	1060	0.005703107169547028	0.020998065383283082
K00244	0.025358898893290075	0.01029413437629109	-0.0011587912600357735	0.05187658904661592	-0.1895695637049753	0.0866451483308201	-0.4127674658051679	0.03362833839521728	1060	0.005703107169547028	0.020998065383283082
K00245	0.025358898893290075	0.01029413437629109	-0.0011587912600357735	0.05187658904661592	-0.1895695637049753	0.0866451483308201	-0.4127674658051679	0.03362833839521728	1060	0.005703107169547028	0.020998065383283082
K00246	0.025358898893290075	0.01029413437629109	-0.0011587912600357735	0.05187658904661592	-0.1895695637049753	0.0866451483308201	-0.4127674658051679	0.03362833839521728	1060	0.005703107169547028	0.020998065383283082
K00247	0.025358898893290075	0.01029413437629109	-0.0011587912600357735	0.05187658904661592	-0.1895695637049753	0.0866451483308201	-0.4127674658051679	0.03362833839521728	1060	0.005703107169547028	0.020998065383283082
K00254	-0.0005136624664041668	0.009811981975303986	-0.025789328034787236	0.024762003101978902	0.05744159322527425	0.08101893217052862	-0.15126317604600747	0.266146362496556	2066	1.3277977012338127e-06	1.001743185087391
K00265	0.12494508750832148	0.05873330906618784	-0.02635191664617839	0.2762420916628213	-0.910105996395296	0.47138135476622484	-2.124384366273091	0.30417237348249926	230	0.019462507308346755	0.0560763139902003
K00266	0.12494508750832148	0.05873330906618784	-0.02635191664617839	0.2762420916628213	-0.910105996395296	0.47138135476622484	-2.124384366273091	0.30417237348249926	230	0.019462507308346755	0.0560763139902003
K00274	-0.09301565513585247	0.08799622807220996	-0.3196939386498653	0.13366262837816037	1.5005780675671363	0.7484278317963443	-0.4273720271402468	3.428528162274519	42	0.02717434038615285	1.5090036116234997
K00276	-0.09301565513585246	0.08799622807220996	-0.3196939386498653	0.1336626283781604	0.807430887007191	0.7484278317963443	-1.120519207700192	2.7353809817145742	42	0.02717434038615274	1.5090036116234997
K00288	0.1597503342643313	0.011926458489643138	0.12902777719501057	0.19047289133365203	-1.248962684099761	0.09863521627064602	-1.503047001212945	-0.9948783669865768	1794	0.09100857803175944	0.0
K00297	0.1356825825019833	0.014995739706528063	0.09705355701796703	0.1743116079859996	-1.0404488822338405	0.12468415646939013	-1.3616352692989895	-0.7192624951686915	1610	0.048446200123805516	0.0
K00299	0.43501169552998126	0.03205586060521415	0.3524357986109496	0.5175875924490129	-3.162600477956059	0.26740694155584044	-3.851440759403904	-2.473760196508214	1506	0.10908732367262297	0.0
K00300	0.1597503342643313	0.011926458489643138	0.12902777719501057	0.19047289133365203	-1.248962684099761	0.09863521627064602	-1.503047001212945	-0.9948783669865768	1794	0.09100857803175944	0.0
K00301	-0.09991743108915611	0.10588084177754485	-0.37266647950811166	0.1728316173297994	1.5543782570449602	0.9113519117076002	-0.793264267513818	3.9020207816037384	346	0.0025820608981906856	1.4327345697323843
K00302	-0.09991743108915611	0.10588084177754485	-0.37266647950811166	0.1728316173297994	1.5543782570449602	0.9113519117076002	-0.793264267513818	3.9020207816037384	346	0.0025820608981906856	1.4327345697323843
K00303	-0.09991743108915611	0.10588084177754485	-0.37266647950811166	0.1728316173297994	1.5543782570449602	0.9113519117076002	-0.793264267513818	3.9020207816037384	346	0.0025820608981906856	1.4327345697323843
K00304	-0.09991743108915611	0.10588084177754485	-0.37266647950811166	0.1728316173297994	1.5543782570449602	0.9113519117076002	-0.793264267513818	3.9020207816037384	346	0.0025820608981906856	1.4327345697323843
K00305	-0.09991743108915611	0.10588084177754485	-0.37266647950811166	0.1728316173297994	1.5543782570449602	0.9113519117076002	-0.793264267513818	3.9020207816037384	346	0.0025820608981906856	1.4327345697323843
K00306	-0.03768206478368751	0.1022249055228757	-0.3010134214106153	0.22564929184324028	1.0581812574648881	0.8793993914594519	-1.2071515749346602	3.323514089864436	348	0.00039256296743128694	1.0828680980213223
K00361	0.07063251758838694	0.027767978750290412	-0.0008977956723611596	0.14216283084913506	0.7863624127756687	0.23609339478882543	0.1781858277996543	1.3945389977516829	965	0.00667400228443471	0.01625935337301887
K00362	0.07063251758838694	0.027767978750290412	-0.0008977956723611596	0.14216283084913506	0.09321523221572359	0.23609339478882543	-0.5149613527602908	0.7013918171917379	965	0.00667400228443471	0.01625935337301887
K00363	0.07063251758838694	0.027767978750290412	-0.0008977956723611596	0.14216283084913506	0.09321523221572359	0.23609339478882543	-0.5149613527602908	0.7013918171917379	965	0.00667400228443471	0.01625935337301887
K00364	0.0	0.0	0.0	0.0	0.0	0.0	0.0	0.0	414	0.0	
K00376	0.016308525357886978	0.022941593236649484	-0.042789018819722094	0.07540606953549606	-0.11639761802469971	0.18954239661171746	-0.6046588316964838	0.37186359564708443	228	0.002231021697058244	0.72490956561892
K00384	0.0707438125000444	0.011649855784231644	0.04073378399986369	0.10075384100022511	-0.5138549467402432	0.09616968256822128	-0.7615880490359812	-0.2661218444445052	2075	0.01747748874106514	6.378142458629554e-11
K00390	0.012056386427261995	0.008130017355953003	-0.008886538281672941	0.03299931113619693	-0.08443209639772783	0.06847038580702444	-0.2608118102366228	0.09194761744116714	1385	0.0015875929529145516	0.24659421297857453
K00450	0.05649739594707836	0.061349352304878264	-0.10153853559028805	0.21453332748444479	-0.4550871258159781	0.5311451387561487	-1.8233170032518171	0.9131427516198609	82	0.010489799480717266	0.5828038541564291
K00451	-0.003980628541933195	0.018814432335413873	-0.05244660623795933	0.04448534915409295	0.050966380935384144	0.16231190809321916	-0.36714909431274845	0.4690818561835167	458	9.815526353718074e-05	1.0280949206901748
K00452	0.04456503087557793	0.028360709820279544	-0.028492157621462184	0.11762221937261805	-0.35121597948649513	0.23798726602274597	-0.9642711767610888	0.26183921778809854	185	0.01331320009217718	0.2076431770185967
K00455	0.07087260146896543	0.02517800814698983	0.0060140524823196345	0.13573115045561124	-0.5574054907559793	0.21354737013095149	-1.1075035162133102	-0.007307465298648341	315	0.024689515337846024	0.006446478238404829
K00456	0.2074976061602148	0.06969594438977109	0.027960853412164477	0.3870343589082651	-1.7063325382797605	0.608846883135731	-3.2747221092374037	-0.13794296732211753	133	0.063373311315995	0.0035430893158379106
K00469	0.0	0.0	0.0	0.0	0.0	0.0	0.0	0.0	64	0.0	
K00471	0.0	0.0	0.0	0.0	0.0	0.0	0.0	0.0	51	0.0	
K00544	-0.014756282039619656	0.007605722819319565	-0.03434862402218686	0.004836059942947545	0.13061350667069996	0.06440564015630286	-0.035295422371936225	0.29652243571333614	357	0.01049213342608002	1.9089517178901718
K00548	0.02726130495092356	0.009724174922901905	0.0022118303495282515	0.052310779552318866	-0.20613559484297922	0.08172827730640407	-0.41666763718427613	0.004396447498317663	1476	0.005303722171529079	0.006714871445001158
K00549	0.029985740151807588	0.02172225162125403	-0.025970780024542794	0.08594226032815797	-0.07984703641377258	0.17994788365381637	-0.5433927847060035	0.3836987118784584	1288	0.0014795711424536728	0.2972714871936506
K00560	0.025448693494583608	0.00865682304329759	0.003148717335049015	0.0477486696541182	-0.18776359762988948	0.07132949365837643	-0.37150837329386716	-0.004018821965911801	1430	0.006015411550573724	0.004079978691814423
K00564	-0.05984411859099822	0.06250703265494374	-0.2208622347101333	0.10117399752813686	0.8586796631876542	0.5185825509586899	-0.477188988081931	2.1945483144572395	599	0.0015330085099907187	1.4420761790053906
K00587	0.08241759372748628	0.0431079742591508	-0.028628547964086176	0.19346373541905873	-0.642621163639566	0.36583750250016656	-1.585018570079995	0.299776242800863	87	0.04123061963854813	0.09758369540005463
K00603	0.020657869830185846	0.0065275632605348586	0.00384286687104805	0.03747287278932364	-0.149231331446904	0.05385240620519245	-0.28795512983147975	-0.01050753306232824	2014	0.0049531836691451	0.0017018993167439156
K00608	0.003619714209243205	0.003580006057447184	-0.005602381394740741	0.012841809813227151	-0.02351374410835163	0.029573354659784	-0.09969470571195521	0.05266721749525196	2029	0.0005040902700481631	0.5216176599542939
K00609	0.003619714209243205	0.003580006057447184	-0.005602381394740741	0.012841809813227151	-0.02351374410835163	0.029573354659784	-0.09969470571195521	0.05266721749525196	2029	0.0005040902700481631	0.5216176599542939
K00610	0.003619714209243205	0.003580006057447184	-0.005602381394740741	0.012841809813227151	-0.02351374410835163	0.029573354659784	-0.09969470571195521	0.05266721749525196	2029	0.0005040902700481631	0.5216176599542939
K00618	-0.0012373549164584861	0.0028928364448731476	-0.008689301598451715	0.006214591765534743	0.011294014905537896	0.02413233549094309	-0.050870881319131506	0.07345891113020729	707	0.0002594412395422463	1.1099448400595908
K00619	-0.0012373549164584861	0.0028928364448731476	-0.008689301598451715	0.006214591765534743	0.011294014905537896	0.02413233549094309	-0.050870881319131506	0.07345891113020729	707	0.0002594412395422463	1.1099448400595908
K00620	0.06689894297284867	0.02035843894213963	0.014455604257896978	0.11934228168780035	-0.30589567140320695	0.16930903909669023	-0.7420357561162809	0.13024441330986708	1635	0.006569027429176089	0.0010340014651821772
K00634	-0.0014206688493290565	0.034417460918683196	-0.09008004817585696	0.08723871047719886	0.020451093621154312	0.28302947657737715	-0.7086328380421693	0.7495350252844778	79	2.2127264378779543e-05	1.0010841082898199
K00639	0.013650992087117926	0.006756767022152013	-0.0037544397619456594	0.031056423936181514	-0.10590189431033659	0.056696641781520576	-0.2519524435395336	0.04014865491886041	894	0.004555152171147658	0.07438153716248941
K00640	0.4498241702593126	0.022569694016126258	0.39168463847377133	0.5079637020448539	-3.4665165260565804	0.18581893471846203	-3.9451861018913386	-2.9878469502218223	1789	0.18186004101822673	0.0
K00641	-0.012224149233674283	0.016758966465611192	-0.05539524684908872	0.03094694838174015	0.1542893670135702	0.13905676559891986	-0.20392086116924735	0.5124995951963878	1033	0.0005157747785238254	1.2873080810755022
K00643	0.15283303003803916	0.046566205431183685	0.032878484847309986	0.27278757522876834	-1.12667509157601	0.3926592285737882	-2.1381652643820885	-0.11518491876993142	262	0.039782231259580025	0.001051422379631628
K00651	-0.012224149233674283	0.016758966465611192	-0.05539524684908872	0.03094694838174015	0.1542893670135702	0.13905676559891986	-0.20392086116924735	0.5124995951963878	1033	0.0005157747785238254	1.2873080810755022
K00652	0.02986483714078931	0.008087612550492939	0.009031147210719497	0.05069852707085912	-0.2431594113330252	0.06859704260425899	-0.41986539308159637	-0.06645342958445405	920	0.01463637311938959	0.00016981516449332545
K00654	0.01911541938685606	0.022390186572614	-0.03856170122419761	0.07679253999790972	-0.1511315146250128	0.18553077831307213	-0.6290587995594866	0.32679577030946105	97	0.007613937151414785	0.628753895007832
K00672	0.25400941283850453	0.07416852894366502	0.06295128227962343	0.44506754339738563	-2.084766656101904	0.6337545896308453	-3.7173184789909612	-0.4522148332128466	58	0.17317521983499373	0.0005716970451730141
K00674	0.012217713908200825	0.003792530960605121	0.0024481541536820334	0.021987273662719617	-0.09823641816037822	0.03177208926800263	-0.18008132011475297	-0.016391516206003445	1212	0.008504077226479057	0.0013509311344583885
K00681	0.21825941873655152	0.03203593338359517	0.13573485434041035	0.3007839831326927	-1.6167881891208378	0.27098388953669406	-2.314842688567362	-0.9187336896743139	1127	0.03962414770563327	1.467714838554457e-13
K00748	-0.020414697158306256	0.01134562410382535	-0.04964102484976036	0.008811630533147846	0.20081064736719487	0.09399337744222248	-0.041316292923970266	0.44293758765836	1222	0.002646782560938754	1.8726922922271223
K00761	0.04917909739484367	0.007022006887270044	0.031090407653236035	0.0672677871364513	-0.38192792359385863	0.05816173364673189	-0.53175254946784	-0.23210329771987728	1866	0.025639661933898772	2.7533531010703882e-14
K00763	0.02443307381878359	0.009100120106258852	0.0009911644250607844	0.0478749832125064	-0.16657002715661928	0.0755562863094547	-0.3612030206897746	0.02806296637653602	1543	0.0046562087072659075	0.010160435935599343
K00764	-0.0017936552070838593	0.0061794586116592515	-0.01771194059071809	0.014124630176550374	0.033753013591556275	0.051037851182191486	-0.09772049105376901	0.16522651823688156	1944	4.338194337871748e-05	1.0522230603169263
K00766	0.03792618971770222	0.006752893584242878	0.020530735844692567	0.05532164359071188	-0.29437498329150347	0.05609395361428162	-0.4388730078018929	-0.149876958781114	1911	0.01625456738054598	1.90136284494713e-09
K00767	0.22586476900121719	0.01980123136753682	0.17485679699844234	0.27687274100399206	-1.6015979829137748	0.16447921207006	-2.0252964332062495	-1.1778995326213002	1869	0.06514940893077636	0.0
K00768	0.19952521425390327	0.017089702879018634	0.15550213963755127	0.24354828887025526	-1.5841008628594373	0.14374881085302066	-1.9543977996168185	-1.2138039261020561	1226	0.10020485731198292	0.0
K00787	0.8624794545541902	0.1130949909935633	0.5711467577547711	1.1538121513536093	-6.755217089528647	0.9628624957122683	-9.23555087848345	-4.274883300573844	71	0.457368749173954	0.0
K00788	-0.04257329655962035	0.015712133645628932	-0.08304775283076048	-0.0020988402884802165	0.4640816674961141	0.13058560621457352	0.12769314588737274	0.8004701891048556	1642	0.0044567729038770265	1.990664707233754
K00790	-0.01290923498927548	0.016185491664079323	-0.05460306151594382	0.028784591537392858	0.25635079453381476	0.1334931416282115	-0.08752753830045806	0.6002291273680875	2107	0.00030211055243567486	1.3330072166229128
K00793	0.0	0.0	0.0	0.0	0.0	0.0	0.0	0.0	185	0.0	
K00795	0.8624794545541902	0.1130949909935633	0.5711467577547711	1.1538121513536093	-6.755217089528647	0.9628624957122683	-9.23555087848345	-4.274883300573844	71	0.457368749173954	0.0
K00800	0.09787444479577466	0.008216282582999201	0.07670930086196871	0.1190395887295806	-0.7729019798383989	0.06781116929783822	-0.9475835519496302	-0.5982204077271677	1831	0.07199840954609693	0.0
K00804	-0.02216630985437616	0.05316443761890493	-0.15911790116067526	0.11478528145192295	0.35992064649239025	0.4558657941026224	-0.8143896391159651	1.5342309321007457	425	0.00041079537080401796	1.1047646324791525
K00820	0.24452038659416006	0.01119376758048452	0.21568524130683192	0.2733555318814882	-1.9332106911363878	0.09240004893356561	-2.1712332171892528	-1.6951881650835228	2103	0.1850824345812524	0.0
K00821	0.010123154960879278	0.006580154407680454	-0.006827322793305571	0.027073632715064126	-0.08302953033168138	0.05534507445670011	-0.22559844213214086	0.059539381468778116	337	0.007015478084351434	0.22163023893536948
K00833	0.0154646752642972	0.0050622423891241615	0.002424338869913358	0.02850501165868104	-0.1211601362525996	0.04224394023788243	-0.22998052630538474	-0.012339746199814455	1345	0.0069010038196837264	0.0026288123993136736
K00849	0.0022804225264048787	0.009939793542536053	-0.023324485639167995	0.027885330691977753	0.008366335298674244	0.08217492394110913	-0.20331626877362288	0.2200489393709714	1009	5.226653948708915e-05	0.9670466127409645
K00851	0.062126148231077	0.017838377639101455	0.01617448743275165	0.10807780902940234	-0.4284202680388317	0.15013635780856477	-0.8151715257536946	-0.04166901032396886	1132	0.010619959268505785	0.0004430645496982244
K00854	-0.06030368507828576	0.03248332827271997	-0.1439807387088124	0.023373368552240884	0.793180720558742	0.27318787664435157	0.08944875032289235	1.4969126907945918	1092	0.003151876265736875	1.888535746593167
K00855	0.05568543401419498	0.020915478463205784	0.0018071614929768762	0.10956370653541309	-0.44934838287718964	0.17576910470127344	-0.9021295965876701	0.0034328308332907675	340	0.020540795622797647	0.010969799442055006
K00858	-0.09226606870308024	0.017065252346294506	-0.1362261587471349	-0.04830597865902559	0.8738010128629856	0.14183403587155022	0.5084365364578722	1.239165489268099	1489	0.019279374701653973	1.9999999917220654
K00859	-0.007917940887493839	0.0025909445690356285	-0.01459221409732962	-0.0012436676776580594	0.06903973672846273	0.021358988113414183	0.014018983348307791	0.12406049010861767	2158	0.004313028567396016	1.9973824070022104
K00861	-0.018882749575780164	0.09603707753340598	-0.26627426130183396	0.22850876215027366	0.2440927138725792	0.8031161450501828	-1.824734475776692	2.31291990352185	16	0.002753765565643107	1.0243108098194582
K00863	0.01086184147611414	0.026237156462667638	-0.056725073571717695	0.07844875652394598	0.08831707978760345	0.2189630909043029	-0.4757318423818809	0.6523660019570878	744	0.00023092405979419084	0.8966342701155969
K00864	0.210503818336505	0.020195383564675436	0.1584805102739011	0.2625271263991089	-1.5831833467577194	0.168052296569237	-2.016086062720074	-1.1502806307953648	1761	0.058172946990330154	0.0
K00869	0.05277072059030899	0.014628567865353341	0.01508752976915878	0.0904539114114592	-0.4065059450395434	0.11523479562121668	-0.7033507785597976	-0.10966111151928926	208	0.059417207428635876	0.0002524169105639906
K00872	0.0012106692345954058	0.003647219484315855	-0.008184568157002237	0.010605906626193047	-0.004316582295575113	0.03023013796715213	-0.082189417698959	0.07355625310780876	1772	6.224821649303269e-05	0.9322570338834151
K00877	-0.0361650683229679	0.022853815840901633	-0.0950364979291305	0.022706361283194712	0.5570341054358721	0.18970428258273023	0.06835587350275896	1.0457123373689852	1668	0.001500838080692457	1.7969279251070949
K00878	-0.00727967660725621	0.01463472406405478	-0.044978725796261325	0.030419372581748906	0.08705227113459556	0.11980955584608138	-0.22157714472491008	0.3956816869941012	655	0.0003787715802477942	1.1457401219559942
K00879	0.0	0.0	0.0	0.0	0.0	0.0	0.0	0.0	36	0.0	
K00883	0.2160272191141961	0.22061963551559824	-0.35228896197398496	0.7843434002023771	-1.7709313799483468	1.8594596478749066	-6.560899432874106	3.019036672977413	28	0.03556542857798184	0.5431379824545
K00884	0.4387940350630979	0.044011887734650264	0.3254194122586388	0.552168657867557	-3.508658562669165	0.37168536292112153	-4.466120057553974	-2.551197067784356	360	0.21731332268948167	0.0
K00891	-0.0006433116994339848	0.009486034622478504	-0.02507933688693861	0.023792713488070643	0.03204328377410266	0.07870621564073141	-0.17070392771642146	0.23479049526462675	1105	4.1696170046678915e-06	1.0029236002141195
K00899	-0.00045196513651806717	0.026631766945403625	-0.06905539678787781	0.06815146651484166	0.03282035953817527	0.22517654377485782	-0.5472344172258584	0.612875136302209	239	1.215237140361758e-06	1.0001833370406508
K00912	0.0	0.0	0.0	0.0	0.0	0.0	0.0	0.0	1198	0.0	
K00919	0.0034340012301440183	0.0012160780255069837	0.00030138423643802847	0.006566618223850008	-0.027666803811373236	0.010064453784881936	-0.053592836761229105	-0.001740770861517367	1932	0.004114623077199897	0.006242173323371958
K00927	0.007106551714984139	0.00601471019461441	-0.008387341746342581	0.02260044517631086	-0.04526483511596022	0.04963605242782398	-0.1731273061700348	0.08259763593811437	1459	0.0009572226377083659	0.4111787017029842
K00928	0.10221997625697934	0.02075977972512403	0.04874278368505985	0.15569716882889884	-0.5925135047708635	0.17133251295892593	-1.0338660581530568	-0.1511609513886703	2062	0.0116326123552275	1.9800287009985595e-07
K00929	-0.004550538472447712	0.0862077557034513	-0.22662171716453824	0.21752064021964282	0.2847534826279739	0.6993549589948616	-1.5167848917427895	2.0862918569987374	233	1.2061898915671776e-05	1.0017722618937621
K00931	-0.00010430443110570644	0.007720534937415608	-0.019992402429888312	0.0197837935676769	0.027013611214929567	0.06402757621336651	-0.13792142511070257	0.1919486475405617	1880	9.718854976359381e-08	1.0001161891631685
K00938	0.05275391459796246	0.01779131466420486	0.006923488022970742	0.09858434117295418	-0.40734473613978817	0.1395510374196256	-0.7668282085327438	-0.04786126374683258	181	0.04681833358361165	0.003708108002331567
K00941	-0.026358380705229608	0.015392080370097238	-0.06600837973860009	0.013291618328140877	0.33470457254454183	0.1277859954565602	0.005527848248442768	0.6638812968406409	1659	0.0017666575406606322	1.8453990597993015
K00945	0.008667227476056017	0.01051869731845069	-0.018428936816272962	0.035763391768385	-0.06765696577530977	0.0868686313188444	-0.29143056005265294	0.1561166285020334	180	0.0037998205478217972	0.6490589842172425
K00946	0.00320988978891804	0.004548151924734332	-0.0085061495691976	0.014925929147033678	-0.02015200764046303	0.037908635916759005	-0.11780465376203422	0.07750063848110816	1538	0.00032417408252705116	0.7282610114224859
K00948	0.09865087323601276	0.013520756380209413	0.06382140480059331	0.13348034167143222	-0.6927320526788996	0.11137786834660537	-0.979641441539755	-0.40582266381804416	1980	0.026208348328517816	1.7763568394002505e-15
K00950	0.055637732448052625	0.01462128958090651	0.017973290487637454	0.0933021744084678	-0.34504322694515754	0.1209862055947828	-0.6567036925573181	-0.033382761332997	1956	0.007355911364393286	9.921399510615103e-05
K00953	0.0025811828876502745	0.0014841086986992988	-0.0012418811201991191	0.006404246895499668	-0.02014126855673577	0.012224862234475928	-0.05163251367274575	0.011349976559274218	1904	0.0015878354159100105	0.14577521416152361
K00954	0.020512505930217632	0.0036531088199852554	0.011102097609935614	0.02992291425049965	-0.1611761989153774	0.03011782647514476	-0.2387597199153503	-0.0835926779154045	2157	0.014419724059028916	1.9178170163058894e-09
K00963	0.22761441554193912	0.019031792378921795	0.17858851837383657	0.27664031271004164	-1.694360260185976	0.1573321716801994	-2.0996479344341696	-1.2890725859377823	1624	0.0810376800842818	0.0
K00965	-0.026015634613622402	0.013029499543750881	-0.05957962543832468	0.0075483562110798715	0.25014777160569596	0.10882484657371412	-0.0301850331681916	0.5304805763795835	690	0.005761235555884703	1.9209765795730949
K00966	0.10575820538002141	0.049420152008004536	-0.021548106192598268	0.23306451695264108	-0.7883298107908397	0.4069921367364895	-1.8367415550240365	0.2600819334423571	211	0.021441757732283406	0.05418163904111695
K00971	0.10575820538002141	0.049420152008004536	-0.021548106192598268	0.23306451695264108	-0.7883298107908397	0.4069921367364895	-1.8367415550240365	0.2600819334423571	211	0.021441757732283406	0.05418163904111695
K00972	0.003115012892321585	0.0027743263455977823	-0.004031651773938302	0.010261677558581473	-0.02210480307087059	0.022922636232871767	-0.08115351400674826	0.03694390786500708	1734	0.0007273454393883494	0.4481741755701254
K00973	0.13807649370470176	0.01580599140453468	0.09736025984662043	0.17879272756278308	-1.0340541867090074	0.13121774037763684	-1.3720710859218	-0.6960372874962149	1697	0.04308249194025848	0.0
K00974	-0.03635062634308381	0.014500827588232394	-0.07370475821037045	0.0010035055242028426	0.31998099707469635	0.11974946020540173	0.011506387585581479	0.6284556065638112	398	0.015620877525140853	1.9816942024903637
K00975	-0.1181575214288453	0.025612247218924904	-0.18413467026479585	-0.052180372592894736	1.2058229993262275	0.2122133244879767	0.6591614754451995	1.7524845232072555	1214	0.017256977131792972	1.9999986946089912
K00978	0.02889727433727002	0.01813069765626155	-0.017807402825259732	0.07560195149979977	-0.21881944459574054	0.15219505412611298	-0.6108739040246076	0.17323501483312648	412	0.006157697526636419	0.1984527637435165
K00980	0.012281267506706297	0.06075196093040196	-0.14421578385000913	0.16877831886342173	-0.0034267874771483353	0.4818805786220407	-1.2447511580075252	1.2378975830532286	155	0.00026702896089136896	0.9743191863439145
K00991	-0.019987243318886537	0.004820682129336371	-0.03240532048405703	-0.007569166153716044	0.17511640685363308	0.04001216660263689	0.07204506568524047	0.2781877480220257	1618	0.01052572355766046	1.9999823331355424
K00995	0.035731991636484384	0.010995578959722047	0.00740738023624039	0.06405660303672837	-0.22389396411175816	0.09074245113709793	-0.45764651824092245	0.009858590017406132	1872	0.005615532814588042	0.001203012369151324
K01003	0.08448496022096026	0.04057220549477003	-0.020029041133567335	0.18899896157548784	-0.5801841774479841	0.33490973392654344	-1.44291165204276	0.2825432971467918	366	0.011772189991627435	0.06326256457250645
K01004	0.0	0.0	0.0	0.0	0.0	0.0	0.0	0.0	161	0.0	
K01006	0.07258517627870555	0.009929299773566838	0.04700730006199737	0.09816305249541372	-0.5728976168628208	0.08207829357258727	-0.7843313011058056	-0.361463932619836	800	0.06276319860092816	1.7763568394002505e-15
K01007	0.037775323413726296	0.01561272926969983	-0.0024430671850204713	0.07799371401247307	-0.27681310983693375	0.1301971858657912	-0.6122010606272119	0.05857484095334442	844	0.006904585465048796	0.024069165664594383
K01008	0.015892165991833386	0.010300894317288667	-0.01064293776950222	0.04242726975316899	-0.11275434995894609	0.08578412926384388	-0.33373426694260794	0.10822556702471575	876	0.0027159624251994474	0.219743922303961
K01011	0.012463605637400227	0.04251603739285582	-0.09705770668659636	0.12198491796139682	0.02252952184369944	0.3579239881816564	-0.8994826717122475	0.9445417153996463	506	0.00017048149898934994	0.9467602355092066
K01012	0.020116908743475468	0.00727759242466107	0.0013698306575485528	0.03886398682940238	-0.14904717540534054	0.06065272501954899	-0.3052885950556987	0.007194244245017661	1512	0.0050347510082888736	0.007716640294791022
K01057	0.004634403838627861	0.005322073892084727	-0.009075258507382396	0.01834406618463812	-0.03099489282252683	0.04461533918061046	-0.14592400655177937	0.08393422090672571	1294	0.0005865548422595568	0.6170951933934501
K01067	0.1409485950045906	0.029500092422538815	0.0649563569241306	0.21694083308505058	-1.0809102512398776	0.2456278934077784	-1.7136477046583147	-0.44817279782144037	342	0.06291779890018367	4.879823682912843e-07
K01070	0.022607362303560016	0.019986229806789584	-0.028877165678729957	0.07409189028584999	-0.1539250930637585	0.16823717078290848	-0.5873040450005307	0.2794538588730137	733	0.0017472745965906311	0.4428382192235758
K01079	0.011035961656453108	0.004914354759716233	-0.001623416204575909	0.023695339517482122	-0.08448946955969816	0.040944250797003666	-0.18996185961277962	0.02098292049338328	1338	0.0037604919179711205	0.04033798885012363
K01089	0.17196752943174562	0.021384453844011806	0.11688117632957121	0.22705388253392003	-0.9650405615534126	0.17780586757379954	-1.4230684764235202	-0.5070126466833049	1860	0.03363504705676601	0.0
K01091	0.21494604147476765	0.032476593513921605	0.1312863365829056	0.29860574636662973	-1.6969760540593575	0.2716857037029627	-2.3968384267981895	-0.9971136813205256	556	0.07327550829190677	7.744915819785092e-13
K01117	-0.03908120251054813	0.04708907981340232	-0.1603826721098725	0.08222026708877625	0.37950992172273595	0.40646243916255204	-0.667537321559998	1.42655716500547	91	0.007679928875670372	1.355000677095414
K01129	0.014969448318221674	0.012892161202561613	-0.018240758939577037	0.048179655576020386	-0.0828959132847949	0.10727427568161117	-0.35923444744062527	0.19344262087103548	1081	0.0012479476741887874	0.423881109343476
K01230	0.0	0.0	0.0	0.0	0.0	0.0	0.0	0.0	10	0.0	
K01241	0.0	0.0	0.0	0.0	0.0	0.0	0.0	0.0	647	0.0	
K01433	0.31384553233567664	0.02490671902994971	0.24968582411452617	0.3780052405568271	-2.4478008749768083	0.20908537568573216	-2.9864048027432544	-1.9091969472103623	1322	0.10737296885549319	0.0
K01439	0.01111415514158782	0.00695767232700177	-0.006808808772768739	0.02903711905594438	-0.07793468366526819	0.058144664980745914	-0.22771534065566967	0.07184597332513327	1270	0.0020083187080417453	0.19702093448149327
K01455	0.10469311312530992	0.03601840374474184	0.011909705078854929	0.1974765211717649	-0.802807301099692	0.3047504367082035	-1.5878444260600242	-0.017770176139359717	245	0.03359990089650999	0.0046143814251473625
K01457	0.08890548569717799	0.02760902115615571	0.01778464719892088	0.1600263241954351	-0.7122044829501625	0.236487719819607	-1.3213968492054702	-0.10301211669485477	378	0.026838135160107468	0.0013584819354006683
K01458	0.10680373486716395	0.03486801445606265	0.01698372962834656	0.19662374010598133	-0.8444878415507933	0.2981747075836298	-1.6125858882862236	-0.0763897948153629	452	0.020424150451211043	0.00254637816711778
K01465	0.1285495323807947	0.020267213067964522	0.0763411915177181	0.1807578732438713	-0.8902617111055092	0.16694551503133895	-1.3203133578262385	-0.46021006438478007	1427	0.027456618795779097	7.535749801945713e-12
K01468	0.0034841968298824004	0.005956001212277578	-0.011858462292944641	0.018826855952709443	-0.02084271333442709	0.050129468791434026	-0.14997622494116114	0.10829079827230698	1148	0.00029852556061771285	0.8042386599971347
K01469	0.3525327018069655	0.04065030736377153	0.24781751003789004	0.45724789357604095	-2.4757289030676746	0.3407853255229461	-3.3535919016147835	-1.5978659045205654	1091	0.06460112970449339	0.0
K01470	0.04213540984547175	0.04352137567693608	-0.06997565389831559	0.15424647358925908	-0.32094676283693513	0.36088375374971987	-1.2505833124962136	0.6086897868223433	74	0.012851073196839202	0.550615643277609
K01477	0.20454839661473304	0.039295041950767155	0.10332436854955684	0.3057724246799092	-1.6422956655031802	0.3389388392538719	-2.5154021154211543	-0.7691892155852061	524	0.04934780046028475	3.223204725344431e-08
K01479	0.05849911486072419	0.03957765981904805	-0.04345293683314359	0.16045116655459196	-0.32439231426026716	0.32672742244452074	-1.1660421544773527	0.5172575259568183	504	0.00433319942006527	0.24886511890270357
K01480	0.3249756816741581	0.035995791947910034	0.23225052161634183	0.4177008417319743	-2.49025718404838	0.30323362898098105	-3.271387012303387	-1.7091273557933726	910	0.08237190574617537	0.0
K01483	0.14841280814212499	0.06048083145964613	-0.00738581369792346	0.30421142998217343	-1.2242737522943015	0.5159976273907902	-2.5534836404529773	0.10493613586437434	51	0.10943961384572154	0.02163530885716014
K01484	0.0011085300465121092	0.02057621586846803	-0.051895802030661534	0.054112862123685754	0.002435031998369707	0.17419685634223103	-0.44629606993921744	0.45116613393595684	352	8.292629786632588e-06	0.9981539524924394
K01491	0.1597503342643313	0.011926458489643138	0.12902777719501057	0.19047289133365203	-1.248962684099761	0.09863521627064602	-1.503047001212945	-0.9948783669865768	1794	0.09100857803175944	0.0
K01495	0.1550547976537718	0.01568672226525835	0.1146458010984663	0.19546379420907734	-1.156731603121214	0.13021797294833493	-1.4921731014361248	-0.8212901048063033	1783	0.05200534384107702	0.0
K01496	0.02002199696907518	0.006430153414484119	0.0034579217733640907	0.03658607216478627	-0.14893251729943555	0.05341870299655403	-0.2865390962185588	-0.011325938380312345	1939	0.004980513008245646	0.002086277207471232
K01497	0.42738376716542714	0.02128773854261761	0.3725465526796442	0.4822209816512101	-3.2902257741438374	0.1770772292574796	-3.746376716711105	-2.83407483157657	1624	0.1990387539710009	0.0
K01498	0.039051612173409085	0.005754428813055678	0.024228203550977656	0.053875020795840514	-0.30811884169790726	0.047564272055175244	-0.4306444065120387	-0.18559327688377583	1889	0.023824805241045133	1.8474111129762605e-13
K01499	0.10482490320909396	0.0660362505865221	-0.06528447830178696	0.2749342847199749	-0.8371259993630634	0.5636752492581466	-2.289153441452049	0.6149014427259222	61	0.040958994926858616	0.2010609229863891
K01501	-0.058632753530054205	0.03240658935283784	-0.1421121277029645	0.024846620642856074	0.5144325817973322	0.27845793548697706	-0.20287506001712075	1.2317402236117851	63	0.05093096417211185	1.875566323257348
K01505	0.02250132175323399	0.02368248455487315	-0.03850475846011925	0.08350740196658724	-0.18163812958735726	0.20672142053974163	-0.7141525088977317	0.35087624972301723	217	0.004181223522904287	0.5628733629774452
K01513	0.0	0.0	0.0	0.0	0.0	0.0	0.0	0.0	28	0.0	
K01519	-0.004646129998996197	0.002881951204115705	-0.012070036300798254	0.0027777763028058594	0.7348160380703149	0.023974204876560073	0.6730584863082962	0.7965735898323336	1354	0.0019186630465878318	1.8088289946709761
K01520	-0.027785533840350148	0.006169364815695056	-0.043677817605580614	-0.011893250075119682	0.2447799949705558	0.051271857438225286	0.11270369020968746	0.37685629973142415	1662	0.012071850762546243	1.9999975349148018
K01521	-0.029723329188185328	0.08034530966369632	-0.23669284688186706	0.17724618850549642	0.28842034384487225	0.6886468976202882	-1.4855340644249901	2.0623747521147346	41	0.0034969375419372506	1.0834395369746823
K01523	0.029819104501435323	0.00513709444884953	0.016585949201198935	0.04305225980167171	-0.2368793481471121	0.04269220472271026	-0.34685446751281374	-0.12690422878141044	1858	0.01783046139913058	4.833200506482171e-10
K01525	0.00524388947193935	0.0062573740400767965	-0.010875106055298477	0.021362884999177177	-0.04015620850283875	0.05213359565180395	-0.1744523509018857	0.09413993389620823	594	0.0011849123162164243	0.6394810897673644
K01555	0.07730622689817851	0.024370105169175107	0.014528835982383428	0.1400836178139736	-0.6083357376236893	0.2087634410569225	-1.1461103617863215	-0.07056111346105698	576	0.017228786218077885	0.001651439065839977
K01577	0.013644385135114451	0.028794485640884993	-0.0605302098758053	0.0878189801460342	-0.09518752886657056	0.24601926363297977	-0.7289331519851264	0.5385580942519853	117	0.0019486969912704266	0.8668016153005125
K01581	0.15968564606084779	0.12572068954974297	-0.16417085021929012	0.4835421423409857	-1.2305304314990726	1.0497656181561672	-3.934726663869359	1.473665800871214	65	0.024968718352081254	0.3580559392401579
K01583	-0.02312822485715018	0.014469544311503928	-0.0604017710035843	0.01414532128928394	0.2105828469819802	0.11983289379453914	-0.09810668743275264	0.5192723813967131	620	0.0041171309497984865	1.803384169744283
K01584	-0.02312822485715018	0.014469544311503928	-0.0604017710035843	0.01414532128928394	0.2105828469819802	0.11983289379453914	-0.09810668743275264	0.5192723813967131	620	0.0041171309497984865	1.803384169744283
K01585	-0.02312822485715018	0.014469544311503928	-0.0604017710035843	0.01414532128928394	0.2105828469819802	0.11983289379453914	-0.09810668743275264	0.5192723813967131	620	0.0041171309497984865	1.803384169744283
K01586	0.17769031156920057	0.010867816287037183	0.1496948168137928	0.20568580632460834	-1.4009768739240724	0.08993758009118832	-1.6326560802389736	-1.1692976676091713	2011	0.11743789549768924	0.0
K01587	0.12458812960008638	0.01127975541421892	0.09553147965305844	0.1536447795471143	-0.04743115895282346	0.09314744441760933	-0.2873789757725851	0.1925166578669382	2116	0.05456102082783476	0.0
K01589	0.0	0.0	0.0	0.0	0.0	0.0	0.0	0.0	53	0.0	
K01591	0.0087773606154369	0.007069468852703193	-0.009433591149126525	0.026988312380000327	-0.04511197588657742	0.05833090968429038	-0.19537239923330946	0.10514844746015461	2133	0.0007228643605505791	0.3747958707118646
K01595	0.014331320822237797	0.008546208204592317	-0.007683711512792013	0.03634635315726761	-0.10072094616119137	0.07152533279941517	-0.28497020345248486	0.08352831113010212	1277	0.0022006881952715274	0.16692398133761133
K01597	0.024816922974655747	0.011068253013448662	-0.0036948967879880078	0.0533287427372995	-0.19122329750297304	0.08745384941802303	-0.4165044136038004	0.03405781859785431	239	0.020771759836669568	0.040741827852840196
K01598	0.0	0.0	0.0	0.0	0.0	0.0	0.0	0.0	2064	0.0	
K01607	0.07543118230600385	0.02112846434951943	0.021004258141641793	0.12985810647036589	-0.6168758284200153	0.18167947987736743	-1.084882168584114	-0.14886948825591678	443	0.02809010597111361	0.0002992572232680679
K01608	0.010716134252052154	0.012087264663452203	-0.020420659521000722	0.041852928025105034	-0.08894407887216174	0.10550011182893049	-0.36071236694348663	0.18282420919916317	305	0.0025873339014880203	0.6062999363196693
K01610	0.049233437020129174	0.014639842414551879	0.011521202960243532	0.08694567108001482	-0.3663789000988916	0.12019860029273348	-0.676010494452973	-0.056747305744810184	899	0.012451268518315461	0.0007466460495759719
K01611	-0.0031811224604686634	0.026327126553482315	-0.0709998004622391	0.06463755554130178	0.11510253994944603	0.21909860660149186	-0.449295470655997	0.679500550554889	619	2.3662379388667e-05	1.0092516081110832
K01613	-0.01663685173117306	0.01947140646277389	-0.0667951947792786	0.03352149131693248	0.23230224722848825	0.16172880809149953	-0.18431116241521456	0.648915656872191	1178	0.0006203985953909807	1.3717134699918474
K01619	0.00889748259260437	0.015557724203113002	-0.031179214954614728	0.048974180139823464	0.011670436151093908	0.12911726160282927	-0.32093562973779427	0.3442765020399821	1510	0.00021684361140905661	0.8120284338262387
K01626	0.1844190369366049	0.018827364526070544	0.13591974591744718	0.23291832795576264	-1.3909157973650514	0.15649878237839396	-1.7940566607717943	-0.9877749339583086	1465	0.06154616864260665	0.0
K01627	0.041311942475902474	0.008815337064990188	0.01860363419648775	0.0640202507553172	-0.3214484506482835	0.07296898912746361	-0.5094165666406297	-0.13348033465593723	1224	0.017654939997054142	8.470622070433365e-07
K01628	0.0	0.0	0.0	0.0	0.0	0.0	0.0	0.0	31	0.0	
K01631	0.013527865211569293	0.03766339257793198	-0.08349303406918349	0.11054876449232207	-0.07269622768297684	0.3221466016045404	-0.902545873416273	0.7571534180503192	316	0.00041068762487850297	0.9211525563525926
K01635	-0.21387105288921965	0.07607499372175974	-0.40984023671647274	-0.017901869061966558	1.8959713585229954	0.6091664786759075	0.32675850945385765	3.465184207592133	142	0.05343695164601969	1.9934712028816488
K01637	0.09732007720404533	0.03188523207179297	0.015183719387106637	0.17945643502098402	-0.4724468113607398	0.26709861241980554	-1.160492836954159	0.2155992142326793	1130	0.00819114486664585	0.0026566256261473242
K01638	0.15905445799818824	0.019996657610945937	0.1075430679923915	0.21056584800398498	-1.2516271546875883	0.16888274459927138	-1.6866691047753115	-0.8165852045998652	1167	0.05150911716302298	0.0
K01639	-0.01670457069164305	0.020231289273744995	-0.06882037186081016	0.03541123047752406	0.14104843573590875	0.16206471234392616	-0.27643026326204506	0.5585271347338625	94	0.0073557896991842675	1.3520967517715836
K01640	0.0	0.0	0.0	0.0	0.0	0.0	0.0	0.0	13	0.0	
K01641	0.035392682555164354	0.016228297373036958	-0.00641141147777885	0.07719677658810756	-0.2682487699665244	0.1272898194373339	-0.5961473448370965	0.0596498049040477	199	0.023575106534299617	0.0484105773982213
K01643	0.15642201053492596	0.0774574532256484	-0.043108388974344325	0.35595241004419625	-0.240961316059356	0.6326317327924454	-1.8706206597326955	1.3886980276139835	203	0.019886107742638326	0.07455132833381395
K01644	0.15642201053492596	0.0774574532256484	-0.043108388974344325	0.35595241004419625	-0.240961316059356	0.6326317327924454	-1.8706206597326955	1.3886980276139835	203	0.019886107742638326	0.07455132833381395
K01646	0.15642201053492596	0.0774574532256484	-0.043108388974344325	0.35595241004419625	-0.240961316059356	0.6326317327924454	-1.8706206597326955	1.3886980276139835	203	0.019886107742638326	0.07455132833381395
K01647	0.31933735541172636	0.08958415870384713	0.08856856259061616	0.5501061482328365	-2.3536742541655724	0.7483158482651868	-4.281335879296694	-0.42601262903445103	125	0.09363437662155083	0.000306769069498003
K01649	0.2007402223791116	0.017534593127236188	0.15557111048335118	0.24590933427487202	-1.4910066854993467	0.14555761018988256	-1.8659630893484842	-1.1160502816502091	1900	0.0645924946661478	0.0
K01655	0.10000656703458272	0.03587589295237724	0.007590266789258948	0.19242286727990648	-0.7923677930033766	0.2974813577119208	-1.5586797704692845	-0.026055815537468607	184	0.04094706613671084	0.0071055155786798885
K01659	0.1257383669364104	0.04550525691091437	0.008516825133894984	0.24295990873892584	-0.8899090052438905	0.3802124501667627	-1.8693362768734714	0.08951826638569027	597	0.012669459716079357	0.007745598313537716
K01662	0.16853166984307713	0.012907740013788211	0.1352813315675587	0.20178200811859556	-1.3071266072387735	0.10693563177119696	-1.582592794681377	-1.03166041979617	1967	0.07983034084563179	0.0
K01664	0.05778617419076296	0.024985246298556543	-0.006575820274318703	0.12214816865584462	-0.33438692670686176	0.20809302701498514	-0.8704345642974635	0.20166071088373994	840	0.006342686260837338	0.03319546451787869
K01665	0.05778617419076296	0.024985246298556543	-0.006575820274318703	0.12214816865584462	-0.33438692670686176	0.20809302701498514	-0.8704345642974635	0.20166071088373994	840	0.006342686260837338	0.03319546451787869
K01666	0.2471529407350585	0.06497447710612506	0.07977868770968036	0.4145271937604367	-1.8429495389496036	0.5556582521013078	-3.2743251963625726	-0.41157388153663454	355	0.039375399845466896	9.989311971114745e-05
K01667	0.0	0.0	0.0	0.0	0.0	0.0	0.0	0.0	49	0.0	
K01668	0.08823367173759925	0.06025914766111895	-0.06699389263744318	0.24346123611264167	-0.688170409390228	0.4919833201941955	-1.9555194422104756	0.5791786234300197	44	0.048568104213495444	0.2554045901005051
K01675	0.24876534285334226	0.01680910882562462	0.20546507851853324	0.2920656071881513	-1.9067166590133975	0.1396169635437238	-2.26636995710203	-1.547063360924765	1633	0.11838949527477627	0.0
K01676	0.24876534285334226	0.01680910882562462	0.20546507851853324	0.2920656071881513	-1.9067166590133975	0.1396169635437238	-2.26636995710203	-1.547063360924765	1633	0.11838949527477627	0.0
K01677	0.24876534285334226	0.01680910882562462	0.20546507851853324	0.2920656071881513	-1.9067166590133975	0.1396169635437238	-2.26636995710203	-1.547063360924765	1633	0.11838949527477627	0.0
K01678	0.24876534285334226	0.01680910882562462	0.20546507851853324	0.2920656071881513	-1.9067166590133975	0.1396169635437238	-2.26636995710203	-1.547063360924765	1633	0.11838949527477627	0.0
K01679	0.24876534285334226	0.01680910882562462	0.20546507851853324	0.2920656071881513	-1.9067166590133975	0.1396169635437238	-2.26636995710203	-1.547063360924765	1633	0.11838949527477627	0.0
K01682	0.019878144585690316	0.00950169819494939	-0.004598229964499313	0.04435451913587994	-0.16316911802122577	0.07998864077085578	-0.3692198566469503	0.04288162060449874	341	0.012746130868242722	0.061648309974752014
K01684	0.07764265935314453	0.027650324333933808	0.006415423868931042	0.14886989483735802	-0.6205688380755167	0.2372153429836921	-1.2316355616015076	-0.009502114549525764	381	0.020380671080335477	0.006606301825372807
K01686	0.27862929806343656	0.03959452757453189	0.1766337950314424	0.38062480109543073	-2.0480170556664428	0.33163211817985155	-2.9023013920977405	-1.193732719235145	693	0.06687230064212302	2.042810365310288e-14
K01690	0.014778773901076814	0.017167460601386488	-0.029444604608094782	0.05900215241024841	-0.0998683908494909	0.14482955409792617	-0.4729493222057487	0.2732125405067669	661	0.0011232881168183884	0.6238871698260537
K01693	0.0020614001345270164	0.0014360518271084514	-0.0016378693721043544	0.005760669641158387	-0.01637251138454004	0.011953409906447107	-0.047164495303547785	0.014419472534467705	1804	0.0011421766072828854	0.2693373645071335
K01694	0.10335667220817515	0.013882840215381918	0.06759447581335133	0.139118868602999	-0.07450411329805795	0.11503909020666454	-0.3708448096704258	0.22183658307430992	2001	0.026979239152359447	4.440892098500626e-16
K01695	0.10335667220817515	0.013882840215381918	0.06759447581335133	0.139118868602999	-0.07450411329805795	0.11503909020666454	-0.3708448096704258	0.22183658307430992	2001	0.026979239152359447	4.440892098500626e-16
K01696	0.10335667220817515	0.013882840215381918	0.06759447581335133	0.139118868602999	-0.07450411329805795	0.11503909020666454	-0.3708448096704258	0.22183658307430992	2001	0.026979239152359447	4.440892098500626e-16
K01698	0.04965112361209895	0.007460827674521608	0.03043203152253129	0.06887021570166661	-0.38633993613554496	0.061963776852253696	-0.5459586253069505	-0.22672124696413942	1915	0.022627129068955698	5.693223670277803e-13
K01707	0.15052651352362145	0.04529986580357252	0.033834059213618636	0.26721896783362425	-1.2536538299274196	0.39164337224307955	-2.2625271568255925	-0.2447805030292467	264	0.04043927375849388	0.0008855483158194399
K01708	0.07004666071955494	0.05416926961558236	-0.06949337781018523	0.20958669924929513	-0.4985462004542831	0.46426803334050387	-1.6945006543394212	0.697408253430855	304	0.00550635216120432	0.3448974127516822
K01709	0.028485131625587582	0.01694328182910847	-0.015160762366195842	0.072131025617371	-0.2234663982512673	0.14216898740721307	-0.5896937098122481	0.14276091330971358	316	0.008921131882833944	0.1654023472205961
K01710	0.14393239670640798	0.015410281100480587	0.10423551259156999	0.18362928082124597	-1.081206345003894	0.12788147828831675	-1.4106290330745979	-0.75178365693319	1793	0.04644573294983256	0.0
K01711	0.2137188010485633	0.03103557126376534	0.1337711694731038	0.2936664326240228	-1.5926431259637668	0.26028670923063707	-2.263141688941888	-0.9221445629856456	866	0.05202920456765869	7.749356711883593e-14
K01712	0.06389949474789369	0.014273224603220993	0.02713166816999641	0.10066732132579098	-0.48891176151463234	0.12010698854315316	-0.7983073640017948	-0.1795161590274698	1159	0.017027799407514088	2.8751225742418285e-06
K01719	0.25544165240501876	0.01909056785795339	0.20626434960293083	0.3046189552071067	-1.937980629543176	0.15883206539152814	-2.3471320299917524	-1.5288292290945995	1490	0.10739898593304964	0.0
K01720	0.0012216989181611188	0.010308958957059244	-0.025334179355223495	0.027777577191545735	-0.0028821836748574546	0.08645586589785688	-0.22559249422773678	0.21982812687802186	377	3.7449948525947185e-05	0.9910989990839956
K01724	0.02956954390055838	0.01798819231483685	-0.01676803950246135	0.07590712730357811	-0.19460695102463754	0.1523709030666953	-0.5871143973244446	0.1979004952751695	983	0.0027469488570539546	0.17901942709708174
K01734	-0.01519862797863927	0.01745427422760608	-0.06016083838895253	0.02976358243167399	0.16216797862674825	0.14534514407069124	-0.2122411124993524	0.5365770697528489	775	0.0009799409221218358	1.3828905596938572
K01735	0.0380738103849884	0.006454053838930482	0.02144816769590348	0.054699453074073326	-0.2947424431328235	0.05340470480225015	-0.4323129627034199	-0.1571719235622271	2030	0.01687058938684627	2.3894441980587544e-10
K01736	0.03310383366603137	0.005524122265838461	0.018873694709231493	0.04733397262283125	-0.2584767812076235	0.04565479780572322	-0.37608354035516656	-0.14087002206008048	2080	0.01698804005443999	1.1782930187109741e-10
K01746	0.023008545430266956	0.04982368463605401	-0.10533726619220818	0.15135435705274208	-0.1172998080131862	0.40332107807467515	-1.1562549051335493	0.921655289107177	147	0.001468589344384208	0.8730480630700166
K01749	0.1459198055623167	0.008842789218251714	0.1231407805361003	0.16869883058853313	-1.1732072283495594	0.07343623767467565	-1.3623789765995238	-0.984035480099595	1908	0.12500631696768438	0.0
K01756	0.005062785678076978	0.005778495682042201	-0.009822619198863732	0.01994819055501769	-0.02365667238066305	0.047666141417211295	-0.14644465267139936	0.09913130791007325	2141	0.0003587425469305794	0.6134321041233077
K01759	0.023829657291802572	0.023917031322746026	-0.037780615395591195	0.08543992997919633	-0.13248731318512794	0.19995862653311244	-0.6475807351344256	0.3826061087641697	552	0.0018016697965964612	0.5315399856687792
K01770	0.004106313742664415	0.0018681110830730218	-0.0007059404073316896	0.008918567892660519	-0.032496098002712914	0.01551051071503888	-0.07245117360465307	0.007458977599227243	1783	0.002705567280835375	0.04614586242823515
K01772	0.00858928390026236	0.014638565747724904	-0.029119661465876995	0.046298229266401716	0.028225194643250087	0.12145469279332996	-0.2846420939923679	0.34109248327886804	1875	0.00018378042878008927	0.8031787301769566
K01774	0.24876534285334226	0.01680910882562462	0.20546507851853324	0.2920656071881513	-1.9067166590133975	0.1396169635437238	-2.26636995710203	-1.547063360924765	1633	0.11838949527477627	0.0
K01775	0.09693430859619545	0.01610699084101358	0.05544270018974447	0.13842591700264645	-0.6463516415722986	0.13304617495775892	-0.9890785882634856	-0.30362469488111166	2088	0.017066174694632674	9.691492053320871e-11
K01776	0.023488011387015967	0.00656688138756466	0.006571724932649403	0.04040429784138253	-0.1727692511155775	0.05408014892803208	-0.31207971475418816	-0.033458787476966845	1927	0.006601866822168789	0.00029038305330564285
K01778	0.06558189672375682	0.008715249813657596	0.04313141320377485	0.08803238024373879	-0.508052728729461	0.07234945489432959	-0.694424924537254	-0.3216805329216679	1927	0.028575036338618354	2.220446049250313e-16
K01783	0.06368986202566983	0.010241213872728087	0.037308495089522276	0.09007122896181738	-0.46816974432030983	0.08443309648505921	-0.6856694008658224	-0.25067008777479727	2161	0.01759843895336577	2.0273782652679984e-11
K01790	0.16455457270724577	0.022245140376161553	0.1072510910982536	0.22185805431623795	-1.2136284210535537	0.18561382889661174	-1.6917696442912256	-0.7354871978158819	1361	0.03870669324464093	8.881784197001252e-16
K01798	0.09693430859619545	0.01610699084101358	0.05544270018974447	0.13842591700264645	-0.6463516415722986	0.13304617495775892	-0.9890785882634856	-0.30362469488111166	2088	0.017066174694632674	9.691492053320871e-11
K01803	0.025033906619403648	0.010733034276644734	-0.002614389677233188	0.052682202916040484	-0.14671620337524272	0.08864503651047302	-0.37506581742622125	0.08163341067573579	2105	0.0025801855698635023	0.031325656854339856
K01804	0.03864164753423019	0.01558860758399224	-0.0015146056021338242	0.0787979006705942	-0.3021437313748621	0.1299190269473917	-0.6368151447913432	0.03252768204161893	445	0.013680765437294573	0.020004442390407995
K01807	0.1404206620897129	0.017898183685265804	0.09431494091646819	0.18652638326295762	-1.0157074288062686	0.14695115889745425	-1.3942536141261108	-0.6371612434864264	1720	0.03458863002870838	0.0
K01808	0.1404206620897129	0.017898183685265804	0.09431494091646819	0.18652638326295762	-1.0157074288062686	0.14695115889745425	-1.3942536141261108	-0.6371612434864264	1720	0.03458863002870838	0.0
K01813	0.01496553685001849	0.016072235454525286	-0.02643654168083865	0.056367615380875626	-0.10196747018232336	0.13635011531837657	-0.4532053672424614	0.24927042687781467	446	0.0019489550045312942	0.5758167692585889
K01814	0.0022675736042001276	0.0013820109468845614	-0.0012924865949745026	0.005827633803374758	-0.01808731831371722	0.011496192892411739	-0.04770151120456986	0.011526874577135419	1836	0.001465761968354795	0.18016572589021518
K01815	-0.010314602770154826	0.030724724874991467	-0.08946149404813285	0.0688322885078232	0.14787289679827711	0.257967201253177	-0.5166506136299069	0.8123964072264611	470	0.00024075681219826173	1.0692344782641874
K01817	-0.01171655451479789	0.011725102458797165	-0.04192041844865939	0.018487309419063604	0.14950644738209756	0.09779316274550068	-0.10240873985031218	0.4014216346145073	1565	0.000638454861457638	1.4704310375402019
K01819	1.1421881491886257	0.5995987041999219	-0.40237811283037317	2.6867544112076245	-8.498900532845406	4.625091867049687	-20.413137182365404	3.41533611667459	37	0.09393848820975537	0.09924959892171237
K01820	0.01496553685001849	0.016072235454525286	-0.02643654168083865	0.056367615380875626	-0.10196747018232336	0.13635011531837657	-0.4532053672424614	0.24927042687781467	446	0.0019489550045312942	0.5758167692585889
K01823	0.04971082024839102	0.009403841073208682	0.025486525643805453	0.07393511485297659	-0.3889405744694015	0.07789703921170905	-0.5896033474787641	-0.18827780146003897	1033	0.026388714280379477	1.879237743196427e-08
K01837	0.04818541509600035	0.017312353578670725	0.0035887922773445574	0.09278203791465614	-0.2761834442084423	0.14365826774090804	-0.6462471419090214	0.0938802534921368	1629	0.004738801339554177	0.007214027519039767
K01838	0.1442758405008577	0.04520466664119513	0.02782861923313905	0.26072306176857635	-1.06316743018366	0.3705521617409563	-2.0177097988283634	-0.10862506153895657	329	0.03020999378556022	0.001526369827321794
K01841	0.014572803262519828	0.047579652496158864	-0.10799238156758542	0.13713798809262506	-0.07628640342038981	0.40618139641540063	-1.1226096805864618	0.9700368737456821	124	0.0007683339612764017	0.9420277469364371
K01843	0.09446844667279584	0.044209590542952926	-0.01941545856585089	0.20835235191144258	-0.7281175509988063	0.36029801359093294	-1.6562452340090497	0.20001013201143703	118	0.03787176402857939	0.05464830682848998
K01845	-0.012570761360701824	0.012123577646067113	-0.04380109737697071	0.018659574655567057	0.16195852203554345	0.10060149259055519	-0.09719092287772674	0.42110796694881364	1665	0.0006460834807194837	1.4956324147547093
K01846	-0.047266257497459226	0.08197618699861182	-0.2584369152058833	0.16390440021096483	0.9596455505465976	0.6776069959761912	-0.7858700710880709	2.705161172181266	84	0.004037903759518624	1.190747720135085
K01847	0.15295700500216158	0.028946236410203895	0.07839150000947635	0.2275225099948468	-1.0813450012234176	0.24407834063410386	-1.7100908066968692	-0.452599195749966	841	0.03220877820118173	1.9053307154237586e-08
K01848	0.15295700500216158	0.028946236410203895	0.07839150000947635	0.2275225099948468	-1.0813450012234176	0.24407834063410386	-1.7100908066968692	-0.452599195749966	841	0.03220877820118173	1.9053307154237586e-08
K01849	0.15295700500216158	0.028946236410203895	0.07839150000947635	0.2275225099948468	-1.0813450012234176	0.24407834063410386	-1.7100908066968692	-0.452599195749966	841	0.03220877820118173	1.9053307154237586e-08
K01850	-0.03850471174385924	0.03145009076679094	-0.11952014555911272	0.04251072207139423	0.5135119604402161	0.2634642436171886	-0.16517193111766182	1.192195851998094	576	0.002604590303273313	1.614900746618741
K01851	0.2435933428093223	0.029784329641095512	0.16686890965386025	0.32031777596478433	-1.8622952540483473	0.24667744433743236	-2.4977363506615733	-1.2268541574351215	631	0.09612030811238337	0.0
K01857	0.1945411848372712	0.03763957972049585	0.09758162747727389	0.2915007421972685	-1.631727674258734	0.32733880989397424	-2.474952448545612	-0.7885028999718564	378	0.06633415612891747	4.113314844289562e-08
K01858	0.32602702361979424	0.03422121283702953	0.23787317935160618	0.4141808678879823	-2.6048742517285164	0.292391534224145	-3.3580748438899137	-1.8516736595671188	389	0.1899776250344366	0.0
K01866	0.04403962462454685	0.0077010905497756415	0.024201615368324797	0.0638776338807689	-0.3263358009942196	0.06348015096661122	-0.4898606698842101	-0.1628109321042291	2164	0.014900713763161821	9.085741048409091e-10
K01869	0.013509751891547106	0.003010469078603259	0.0057547835450651105	0.0212647202380291	-0.10604915034946706	0.024816938946296628	-0.16997758507512717	-0.04212071562380694	2145	0.009309837153718359	2.7046279600373424e-06
K01870	0.027851283673816306	0.004467285126909764	0.016343557186896757	0.039359010160735855	-0.2177304731603435	0.03683423186134486	-0.31261545443516786	-0.12284549188551913	2150	0.017773801486052676	1.7926105044807628e-11
K01873	0.02363226055570465	0.0034357501735045627	0.014781768108756897	0.03248275300265241	-0.18781309194522142	0.02832520443335681	-0.2607788185655486	-0.11484736532489427	2153	0.021521777257696773	8.304468224196171e-14
K01893	-0.010448545194841721	0.0042698380140532895	-0.021447647919042995	0.0005505575293595528	0.08886140105261378	0.03490107643868922	-0.001043771853449657	0.17876657395867723	978	0.006097932723469035	1.9778991934073966
K01899	0.028314600607154062	0.04820236849714976	-0.09585470064150373	0.15248390185581184	-0.21401640688859258	0.4030376596977523	-1.2522414182700026	0.8242086044928174	31	0.0117584274716932	0.8027863138110967
K01900	0.028314600607154062	0.04820236849714976	-0.09585470064150373	0.15248390185581184	-0.21401640688859258	0.4030376596977523	-1.2522414182700026	0.8242086044928174	31	0.0117584274716932	0.8027863138110967
K01902	0.028314600607154062	0.04820236849714976	-0.09585470064150373	0.15248390185581184	-0.21401640688859258	0.4030376596977523	-1.2522414182700026	0.8242086044928174	31	0.0117584274716932	0.8027863138110967
K01903	0.028314600607154062	0.04820236849714976	-0.09585470064150373	0.15248390185581184	-0.21401640688859258	0.4030376596977523	-1.2522414182700026	0.8242086044928174	31	0.0117584274716932	0.8027863138110967
K01906	-0.07915922528018728	0.19100151315980665	-0.5711791231798492	0.4128606726194747	0.6860616823173126	1.5277302893398073	-3.2493715430220314	4.621494907656657	13	0.015374738690902001	1.103581304549516
K01907	0.13519884784344144	0.03496987660640307	0.04511644570534713	0.22528124998153576	-1.0518250417947326	0.30033748836300556	-1.825494411817835	-0.27815567177163025	546	0.026741579270421534	7.369041406857235e-05
K01910	0.15240551451935594	0.04487464504985845	0.036808428870920576	0.2680026001677913	-1.1603150639354753	0.3669394180171839	-2.105551004747741	-0.21507912312320965	185	0.059292893596539	0.0006470416839046145
K01911	0.0	0.0	0.0	0.0	0.0	0.0	0.0	0.0	309	0.0	
K01912	-0.07642615310631432	0.047722896709451214	-0.19936033502986064	0.04650802881723201	0.967244697296872	0.40500982308370215	-0.07606060696674466	2.010550001560489	734	0.003491406159035315	1.8046017609209284
K01915	0.7787916359918338	0.02844981259139272	0.7055049187564061	0.8520783532272614	-5.733679782645858	0.23485151900876375	-6.338657295612434	-5.128702269679282	2108	0.262436745178663	0.0
K01919	0.504333775962053	0.027502263359302174	0.43348794554849057	0.5751796063756154	-3.865498080308949	0.22965455012737743	-4.457088201437073	-3.273907959180825	1493	0.18403247500505804	0.0
K01920	0.0011760312648600418	0.011547039336621098	-0.028569142066275907	0.03092120459599599	0.010644835969064265	0.09663623381707402	-0.23829010234371842	0.259579774281847	866	1.2005423598027143e-05	0.9934182191603398
K01921	0.21702982428072284	0.016155103213050068	0.17541427840390586	0.2586453701575398	-1.6405188320557715	0.13345496690415828	-1.9842988268008832	-1.2967388373106599	2075	0.08008781292296341	0.0
K01923	0.07488175837267468	0.007513570294482457	0.055526801294087866	0.09423671545126149	-0.5859422864265982	0.06208444541105262	-0.7458718178054697	-0.4260127550477266	2078	0.04565992283596487	0.0
K01924	0.009212641057448836	0.007683144064931956	-0.010579138053815882	0.029004420168713553	-0.04248605078757292	0.06335587837189419	-0.20569079347357236	0.12071869189842652	2130	0.0006751890559705265	0.4003905750118899
K01925	-0.0011960131987718574	0.002557340382782143	-0.007783722024818658	0.005391695627274943	0.013422205521486737	0.021087356088276665	-0.040898823761913956	0.06774323480488743	2134	0.00010258010020725017	1.1299838639723165
K01928	0.02912474936179269	0.0423860197983371	-0.08006163763872368	0.13831113636230907	-0.192587094690686	0.3422171682869035	-1.0741385201977494	0.6889643308163774	108	0.00443448407883118	0.7403890996710856
K01933	0.006241102764651712	0.0024248709932029144	-5.364913838995684e-06	0.012487570443142419	-0.04854264994352752	0.02002076414235435	-0.10011613837423233	0.0030308384871772856	1900	0.0034780518389708748	0.014739670088580903
K01934	0.020657869830185846	0.0065275632605348586	0.00384286687104805	0.03747287278932364	-0.149231331446904	0.05385240620519245	-0.28795512983147975	-0.01050753306232824	2014	0.0049531836691451	0.0017018993167439156
K01935	0.006306312625033007	0.013169406713950439	-0.027618079070103323	0.040230704320169335	0.011957114371473225	0.10988903625209413	-0.27111704301392126	0.2950312717568677	1386	0.00016565728222439624	0.8641734365740952
K01939	0.1016236115553979	0.009009741245319716	0.07841451810745431	0.12483270500334148	-0.7901947607941243	0.07433674651679055	-0.9816862198213767	-0.5987033017668719	2137	0.05623792094709357	0.0
K01941	-0.1000098941264426	0.03861177301165904	-0.19947382140447628	-0.0005459668484089075	0.9228996677162451	0.3284393382103365	0.0768399324864183	1.7689594029460718	276	0.02389958612818588	1.9860317792328184
K01945	0.003586825389361957	0.0038751498732653637	-0.006395560684169621	0.013569211462893534	-0.022310254962816366	0.03201218074712697	-0.10477363256741545	0.060153122641782714	2110	0.00040625281877137986	0.5796037405177539
K01952	0.05540196679582034	0.019010784376621147	0.0064301862416442646	0.10437374734999641	-0.08864128914001546	0.1570473478646735	-0.49319525723941443	0.3159126789593835	2065	0.004099839615567813	0.004486524688653848
K01958	0.022330538278835868	0.01280012380351557	-0.010642580639020238	0.055303657196691974	-0.15956477157432508	0.10662854812209419	-0.4342399115368397	0.11511036838818955	707	0.0042984325591911565	0.14405822495404186
K01959	0.022330538278835868	0.01280012380351557	-0.010642580639020238	0.055303657196691974	-0.15956477157432508	0.10662854812209419	-0.4342399115368397	0.11511036838818955	707	0.0042984325591911565	0.14405822495404186
K01960	0.022330538278835868	0.01280012380351557	-0.010642580639020238	0.055303657196691974	-0.15956477157432508	0.10662854812209419	-0.4342399115368397	0.11511036838818955	707	0.0042984325591911565	0.14405822495404186
K02164	0.0	0.0	0.0	0.0	0.0	0.0	0.0	0.0	83	0.0	
K02201	0.020512505930217632	0.0036531088199852554	0.011102097609935614	0.02992291425049965	-0.1611761989153774	0.03011782647514476	-0.2387597199153503	-0.0835926779154045	2157	0.014419724059028916	1.9178170163058894e-09
K02203	0.17542808946556396	0.018479787078540557	0.12782415795124347	0.22303202097988445	-1.0080326444670942	0.15302999166760423	-1.4022379030028427	-0.6138273859313457	1910	0.04510072610663085	0.0
K02204	0.0012106692345954058	0.003647219484315855	-0.008184568157002237	0.010605906626193047	-0.004316582295575113	0.03023013796715213	-0.082189417698959	0.07355625310780876	1772	6.224821649303269e-05	0.9322570338834151
K02226	-0.04206023405320019	0.022244762307991543	-0.0993627417585864	0.015242273652186028	0.3770325536710815	0.18781811832421394	-0.1067869191320936	0.8608520264742566	313	0.011364844343671243	1.8973035208944329
K02228	-0.00900150745606132	0.009401371200577213	-0.03321943966874822	0.01521642475662558	0.08152188069686822	0.08077751421072951	-0.126560995909971	0.28960475730370744	423	0.0021728078869234224	1.4421233370063105
K02230	-0.20968936412213268	0.036945165117138905	-0.30486010946388253	-0.11451861878038286	2.047950406334853	0.3148871501180054	1.2368011076308711	2.859099705038835	756	0.04097293724225648	1.9999999987594803
K02231	0.013708241253799769	0.02316383125038698	-0.0459617880471971	0.07337827055479663	-0.09878943655513131	0.19221982245718752	-0.5939476992048464	0.3963688260945838	140	0.0025314120014344743	0.8001485549440734
K02232	0.0	0.0	0.0	0.0	0.0	0.0	0.0	0.0	24	0.0	
K02302	0.3709901638933401	0.04511718642240647	0.25476829166922105	0.48721203611745917	-2.5493319861982022	0.3755917087832168	-3.5168562280237685	-1.5818077443726357	756	0.08229483930449444	0.0
K02304	0.3709901638933401	0.04511718642240647	0.25476829166922105	0.48721203611745917	-2.5493319861982022	0.3755917087832168	-3.5168562280237685	-1.5818077443726357	756	0.08229483930449444	0.0
K02305	0.0	0.0	0.0	0.0	0.0	0.0	0.0	0.0	83	0.0	
K02318	0.015675219206945888	0.0037552373408988437	0.006001727816790467	0.02534871059710131	0.5666912921793044	0.03095445142151447	0.48695262531748307	0.6464299590411257	2164	0.007994856966156427	1.5224867465857272e-05
K02361	0.2435933428093223	0.029784329641095512	0.16686890965386025	0.32031777596478433	-1.8622952540483473	0.24667744433743236	-2.4977363506615733	-1.2268541574351215	631	0.09612030811238337	0.0
K02439	0.012463605637400227	0.04251603739285582	-0.09705770668659636	0.12198491796139682	0.02252952184369944	0.3579239881816564	-0.8994826717122475	0.9445417153996463	506	0.00017048149898934994	0.9467602355092066
K02448	0.0	0.0	0.0	0.0	0.0	0.0	0.0	0.0	83	0.0	
K02488	0.2945940817216791	0.08429499456646265	0.07745017571847132	0.5117379877248869	-0.7480390058622031	0.7076818732164222	-2.5710275112677063	1.0749494995433004	1098	0.011020999370505824	0.00041992559399428586
K02492	0.023125489711428155	0.006896203457496486	0.005360869604917207	0.0408901098179391	-0.1737718003592351	0.057257782193584995	-0.32126784728991004	-0.026275753428560145	1654	0.0067609154161686336	0.0007779665702347671
K02551	0.009615099398881803	0.005008448644466633	-0.0032866643092642443	0.02251686310702785	-0.07489267359767365	0.041206624826204956	-0.18104093914997763	0.03125559195463032	838	0.004389190517387065	0.0957238769048594
K02552	0.2435933428093223	0.029784329641095512	0.16686890965386025	0.32031777596478433	-1.8622952540483473	0.24667744433743236	-2.4977363506615733	-1.2268541574351215	631	0.09612030811238337	0.0
K02564	0.025343724839716072	0.021066613275906882	-0.028923870959020055	0.0796113206384522	-0.11462269317843124	0.1739941259563391	-0.5628315616419608	0.33358617528509826	866	0.0016722870560681447	0.397975555253701
K02594	0.10000656703458272	0.03587589295237724	0.007590266789258948	0.19242286727990648	-0.7923677930033766	0.2974813577119208	-1.5586797704692845	-0.026055815537468607	184	0.04094706613671084	0.0071055155786798885
K02609	0.07027086447900545	0.015064271675945453	0.03146530064176996	0.10907642831624094	-0.5742646138361619	0.1286060831445061	-0.9055538840164097	-0.24297534365591417	579	0.03634140390616891	9.634933511026844e-07
K02610	0.07027086447900545	0.015064271675945453	0.03146530064176996	0.10907642831624094	-0.5742646138361619	0.1286060831445061	-0.9055538840164097	-0.24297534365591417	579	0.03634140390616891	9.634933511026844e-07
K02611	0.07027086447900545	0.015064271675945453	0.03146530064176996	0.10907642831624094	-0.5742646138361619	0.1286060831445061	-0.9055538840164097	-0.24297534365591417	579	0.03634140390616891	9.634933511026844e-07
K02612	0.07027086447900545	0.015064271675945453	0.03146530064176996	0.10907642831624094	-0.5742646138361619	0.1286060831445061	-0.9055538840164097	-0.24297534365591417	579	0.03634140390616891	9.634933511026844e-07
K02613	0.07027086447900545	0.015064271675945453	0.03146530064176996	0.10907642831624094	-0.5742646138361619	0.1286060831445061	-0.9055538840164097	-0.24297534365591417	579	0.03634140390616891	9.634933511026844e-07
K02619	0.003322062048951011	0.008521253220740495	-0.018628686247676506	0.025272810345578527	-0.025933866577238028	0.07135159110757285	-0.2097355652703457	0.15786783211586963	370	0.00041283963724325634	0.9077753017601977
K02626	-0.02312822485715018	0.014469544311503928	-0.0604017710035843	0.01414532128928394	0.2105828469819802	0.11983289379453914	-0.09810668743275264	0.5192723813967131	620	0.0041171309497984865	1.803384169744283
K02636	0.06146737617673985	0.2404563782951816	-0.557948254311648	0.6808830066651276	-0.2641767498773356	2.0515164415943237	-5.548883103424314	5.020529603669643	24	0.002961460959349349	0.9592530799986174
K02805	-0.0384229419994327	0.014775977279125021	-0.07648585947045874	-0.0003600245284066453	0.3313348059062312	0.12374499250173397	0.01256770522176448	0.6501019065906979	283	0.023498249324864773	1.9864958712575633
K02825	0.04917909739484367	0.007022006887270044	0.031090407653236035	0.0672677871364513	-0.38192792359385863	0.05816173364673189	-0.53175254946784	-0.23210329771987728	1866	0.025639661933898772	2.7533531010703882e-14
K02851	0.17189560267348003	0.07814738111785692	-0.029412051086119412	0.3732032564330795	-1.3119060880766107	0.6496328224610963	-2.985360238736395	0.3615480625831735	149	0.03186537935430134	0.04594945191363409
K02858	0.19638783395464082	0.018641979941027002	0.14836609362655526	0.2444095742827264	-1.4836632261202927	0.15515330800182434	-1.8833381475329922	-1.083988304707593	1792	0.05838046078421355	0.0
K03077	0.14256019104212506	0.04553174689902834	0.02527041103022805	0.2598499710540221	-1.0330606527994537	0.37684763215459344	-2.0038201532296864	-0.06230115236922096	370	0.02594790372881739	0.001948078753702731
K03181	0.02659414693213101	0.017291624215344147	-0.017949077046595513	0.07113737091085753	-0.2023973376255904	0.14439503795958888	-0.5743589554094913	0.16956428015831057	391	0.006043912202581714	0.22182945933457576
K03274	0.010493569038484757	0.0043572278473844595	-0.0007306498963776109	0.021717787973347124	-0.08412330600713842	0.036016539977256234	-0.17690191298855049	0.008655300974273639	552	0.010435358809772644	0.024912715560748033
K03335	0.1440827262809647	0.04181769010165909	0.03636035657909087	0.2518050959828385	-1.137875331635047	0.3542904129958388	-2.0505274355123277	-0.22522322775776615	364	0.03175275798252375	0.000522127065782918
K03340	0.0	0.0	0.0	0.0	0.0	0.0	0.0	0.0	211	0.0	
K03342	0.11464115365088379	0.03340456405290301	0.02859099665060562	0.20069131065116197	-0.6663512636340896	0.2783679602568947	-1.3834271292558502	0.05072460198767115	958	0.012170089126733341	0.0005541517892941883
K03394	0.0013583864709390437	0.005262962318458199	-0.012199004461409278	0.014915777403287367	-0.008341247903514627	0.044845273875285294	-0.12386267340624954	0.1071801775992203	771	8.662080459753696e-05	0.9584769094616878
K03396	0.05166549431318321	0.08984012441893822	-0.17976266619000167	0.28309365481636806	-0.3506958357431685	0.7739091379379341	-2.344285775071287	1.64289410358495	97	0.003469186239957067	0.8101442949916815
K03403	0.05903772883931075	0.15940666171947304	-0.3515938317500518	0.4696692894286733	-0.051946593207355285	1.3286755402687664	-3.4746147849396976	3.370721598524987	89	0.0015741384213131537	0.9163814574030544
K03404	0.05903772883931075	0.15940666171947304	-0.3515938317500518	0.4696692894286733	-0.051946593207355285	1.3286755402687664	-3.4746147849396976	3.370721598524987	89	0.0015741384213131537	0.9163814574030544
K03405	0.05903772883931075	0.15940666171947304	-0.3515938317500518	0.4696692894286733	-0.051946593207355285	1.3286755402687664	-3.4746147849396976	3.370721598524987	89	0.0015741384213131537	0.9163814574030544
K03417	0.04100559601511024	0.012883114406031099	0.007818693305174124	0.07419249872504635	-0.32510465640856434	0.10748880880317536	-0.6019958278855441	-0.048213484931584616	645	0.015511162718736982	0.0015813453542268263
K03426	0.0	0.0	0.0	0.0	0.0	0.0	0.0	0.0	28	0.0	
K03428	0.0	0.0	0.0	0.0	0.0	0.0	0.0	0.0	87	0.0	
K03430	0.4059009716233534	0.049540757705224946	0.278283979774694	0.5335179634720129	-3.3182234478980193	0.4201394082545663	-4.400502563561782	-2.2359443322342565	313	0.17753094683490533	0.0
K03431	-0.0037279476237367694	0.004406171647073447	-0.01507824578659797	0.007622350539124431	0.04123168459428448	0.03636095285637505	-0.05243412996373765	0.13489749915230662	2111	0.0003393069982446928	1.366007882018429
K03465	-0.005274913146195639	0.014136265183976756	-0.041689932260119765	0.03114010596772849	0.08061885546140066	0.11696674615614318	-0.22068748263682417	0.3819251935596255	682	0.0002047214872877845	1.0848271960036937
K03472	0.0	0.0	0.0	0.0	0.0	0.0	0.0	0.0	258	0.0	
K03473	0.0	0.0	0.0	0.0	0.0	0.0	0.0	0.0	376	0.0	
K03474	0.01598041176804345	0.00597635754350981	0.0005853147359621801	0.03137550880012473	-0.12636339150522446	0.04983567614245583	-0.2547400932481907	0.002013310237741761	1124	0.006332149637656714	0.01054822937438904
K03526	0.13299997859901636	0.00823307058635914	0.11179158876855522	0.1542083684294775	-1.0684260546843742	0.06828234056447172	-1.2443213639784534	-0.8925307453902951	1828	0.12504451572243536	0.0
K03527	0.1510442232305293	0.010413857718977277	0.12421812574644384	0.17787032071461475	-1.1958253714000582	0.08632503982989138	-1.4181986740018584	-0.973452068798258	1746	0.10764108060432931	0.0
K03707	-0.044106382824322055	0.02505805565376884	-0.10865593418843059	0.020443168539786477	0.4251891981471149	0.20710036029860715	-0.10830132998209713	0.9586797262763269	381	0.008108362661954471	1.860873190043498
K03737	-0.2353273106791152	0.2317372890735191	-0.8322825673325004	0.36162794597427006	1.8828884434403788	1.7982084113481744	-2.7492964241925186	6.515073311073277	12	0.09348224503012548	1.481335114302596
K03777	0.002086018076803841	0.03114887636306538	-0.07815348743445258	0.08232552358806025	0.10474847567631121	0.2633223338439084	-0.5735698563055969	0.7830668076582192	617	7.2924436586019326e-06	0.9971489052907612
K03778	0.002086018076803841	0.03114887636306538	-0.07815348743445258	0.08232552358806025	0.10474847567631121	0.2633223338439084	-0.5735698563055969	0.7830668076582192	617	7.2924436586019326e-06	0.9971489052907612
K03779	0.0	0.0	0.0	0.0	0.0	0.0	0.0	0.0	65	0.0	
K03780	0.0	0.0	0.0	0.0	0.0	0.0	0.0	0.0	65	0.0	
K03785	0.21173248413317838	0.014221813247823593	0.1750970932067848	0.24836787505957197	-1.6453513325054085	0.11765210327074786	-1.9484231505308551	-1.342279514479962	1988	0.10040031873996436	0.0
K03786	0.21173248413317838	0.014221813247823593	0.1750970932067848	0.24836787505957197	-1.6453513325054085	0.11765210327074786	-1.9484231505308551	-1.342279514479962	1988	0.10040031873996436	0.0
K03794	0.08169695178829364	0.039897178694674476	-0.021078180529187807	0.1844720841057751	-0.5606215968461845	0.33507230505079516	-1.423767854657033	0.3025246609646638	491	0.008501790693857592	0.06929642955930548
K03852	-0.030418735888865688	0.059580651973535174	-0.1838984953726923	0.12306102359496092	0.30939066477550936	0.5063077474080028	-0.9948580925475059	1.6136394220985246	95	0.0027949455032615367	1.1529032195207667
K03856	0.1844190369366049	0.018827364526070544	0.13591974591744718	0.23291832795576264	-1.3909157973650514	0.15649878237839396	-1.7940566607717943	-0.9877749339583086	1465	0.06154616864260665	0.0
K03918	0.0	0.0	0.0	0.0	0.0	0.0	0.0	0.0	105	0.0	
K03921	0.17751682496396923	0.05446956577615498	0.03720322352459399	0.31783042640334447	-1.474298804644838	0.46585972356820243	-2.6743534525565273	-0.2742441567331484	122	0.08131257983436746	0.0011573422945261314
K03922	0.17751682496396923	0.05446956577615498	0.03720322352459399	0.31783042640334447	-1.474298804644838	0.46585972356820243	-2.6743534525565273	-0.2742441567331484	122	0.08131257983436746	0.0011573422945261314
K04040	0.0	0.0	0.0	0.0	0.0	0.0	0.0	0.0	28	0.0	
K04042	0.0027277775481366804	0.00245168997882109	-0.003587775837306448	0.00904333093357981	0.6737397963122826	0.020256880604355768	0.6215580718754622	0.7259215207491031	1734	0.0007142144280168905	0.4547198082485493
K04092	-0.03850471174385924	0.03145009076679094	-0.11952014555911272	0.04251072207139423	0.5135119604402161	0.2634642436171886	-0.16517193111766182	1.192195851998094	576	0.002604590303273313	1.614900746618741
K04093	-0.03850471174385924	0.03145009076679094	-0.11952014555911272	0.04251072207139423	0.5135119604402161	0.2634642436171886	-0.16517193111766182	1.192195851998094	576	0.002604590303273313	1.614900746618741
K04118	0.719835843401579	0.19967716849738884	0.20546745735230532	1.2342042294508526	-5.873023570302714	1.762984528906576	-10.414471716766055	-1.3315754238393742	24	0.37135694917517625	0.0002551858502113369
K04486	-0.012935396090694681	0.014036041860849807	-0.04909223992424379	0.023221447742854423	0.15779372192703092	0.11729008401112946	-0.14434553448563855	0.45993297833970037	1242	0.000684464782607086	1.41765511124169
K04516	-0.03850471174385924	0.03145009076679094	-0.11952014555911272	0.04251072207139423	0.5135119604402161	0.2634642436171886	-0.16517193111766182	1.192195851998094	576	0.002604590303273313	1.614900746618741
K04517	0.024809923685901097	0.006270585744878496	0.008656894807094091	0.040962952564708104	-0.19680860101329328	0.05182632550179825	-0.3303132155059256	-0.063303986520661	1034	0.014942271409652652	4.6976670406984056e-05
K04561	0.0	0.0	0.0	0.0	0.0	0.0	0.0	0.0	83	0.0	
K04720	-0.006340656677091397	0.012015993599399814	-0.03729385618914532	0.024612542834962524	0.08657854940373413	0.10134438557858064	-0.1744845878466896	0.34764168665415784	1129	0.00024701191062814765	1.1624443268862255
K04747	0.0	0.0	0.0	0.0	0.0	0.0	0.0	0.0	83	0.0	
K04748	0.0	0.0	0.0	0.0	0.0	0.0	0.0	0.0	83	0.0	
K04765	0.0	0.0	0.0	0.0	0.0	0.0	0.0	0.0	28	0.0	
K04835	0.0159814464156206	0.03965895203158768	-0.08618001401774926	0.11814290684899047	-0.10720307777118843	0.3308698313702657	-0.9595237633809929	0.745117607838616	80	0.002077551926465304	0.901785670062929
K05306	0.05175189911971521	0.03798820831283221	-0.046105725494140555	0.14960952373357098	-0.38687172628036115	0.32122261872844793	-1.214341192124843	0.44059773956412074	269	0.006902960484420406	0.3068170321231698
K05308	0.07764265935314453	0.027650324333933808	0.006415423868931042	0.14886989483735802	-0.6205688380755167	0.2372153429836921	-1.2316355616015076	-0.009502114549525764	381	0.020380671080335477	0.006606301825372807
K05356	0.0	0.0	0.0	0.0	0.0	0.0	0.0	0.0	89	0.0	
K05526	0.010515199525353023	0.02256563197364563	-0.04761386843875812	0.06864426748946416	-0.07785489984047472	0.19169036868326755	-0.571649289568572	0.4159394898876225	303	0.0007208756450750586	0.8708934143979947
K05602	-0.012935396090694681	0.014036041860849807	-0.04909223992424379	0.023221447742854423	0.15779372192703092	0.11729008401112946	-0.14434553448563855	0.45993297833970037	1242	0.000684464782607086	1.41765511124169
K05712	0.36612209615102403	0.12719238680071088	0.038474507752392806	0.6937696845496553	-3.132211477359707	1.0963650389621993	-5.956447817726333	-0.30797513699308166	30	0.22834633199203747	0.005118745909765465
K05774	-0.0006817590023331862	0.02955581689260788	-0.07681754331769107	0.07545402531302471	0.031800045489037754	0.25292967772093394	-0.619746804320088	0.6833468952981636	347	1.5422545603938076e-06	1.000338674422092
K05822	0.02601026537926051	0.01431576922452118	-0.01086715614310605	0.06288768690162708	-0.199217614048304	0.11410609468197892	-0.49315491394908173	0.09471968585247373	262	0.012537400419296518	0.122266421849611
K05878	-0.21275084340273198	0.03414872813852547	-0.3007179670875736	-0.12478371971789036	2.3338042030364696	0.285950655453761	1.5971953145875812	3.0704130914853582	606	0.0603820535623073	1.9999999999814406
K05879	-0.21275084340273198	0.03414872813852547	-0.3007179670875736	-0.12478371971789036	2.3338042030364696	0.285950655453761	1.5971953145875812	3.0704130914853582	606	0.0603820535623073	1.9999999999814406
K05881	-0.21275084340273198	0.03414872813852547	-0.3007179670875736	-0.12478371971789036	2.3338042030364696	0.285950655453761	1.5971953145875812	3.0704130914853582	606	0.0603820535623073	1.9999999999814406
K05887	0.25954594107450035	0.02089713665069863	0.20571491706230066	0.31337696508670004	-1.9598133202568666	0.17346877892560306	-2.4066688947692203	-1.5129577457445131	1673	0.08451427043754023	0.0
K05942	0.31933735541172636	0.08958415870384713	0.08856856259061616	0.5501061482328365	-2.3536742541655724	0.7483158482651868	-4.281335879296694	-0.42601262903445103	125	0.09363437662155083	0.000306769069498003
K05953	0.0	0.0	0.0	0.0	0.0	0.0	0.0	0.0	17	0.0	
K05979	0.034582327605967675	0.019336814401941085	-0.015229306293432561	0.0843939615053679	-0.28332768928965496	0.165635756203215	-0.7100053972691368	0.14335001868982689	111	0.028507015665738433	0.1305248165243773
K06001	0.10335667220817515	0.013882840215381918	0.06759447581335133	0.139118868602999	-0.07450411329805795	0.11503909020666454	-0.3708448096704258	0.22183658307430992	2001	0.026979239152359447	4.440892098500626e-16
K06048	0.504333775962053	0.027502263359302174	0.43348794554849057	0.5751796063756154	-3.865498080308949	0.22965455012737743	-4.457088201437073	-3.273907959180825	1493	0.18403247500505804	0.0
K06153	0.18366578720609153	0.013285141497202826	0.14944326270929706	0.217888311702886	-1.4197685607097146	0.10987081743326683	-1.70279578641781	-1.1367413350016191	1938	0.08985257961941728	0.0
K06208	-0.03850471174385924	0.03145009076679094	-0.11952014555911272	0.04251072207139423	0.5135119604402161	0.2634642436171886	-0.16517193111766182	1.192195851998094	576	0.002604590303273313	1.614900746618741
K06209	-0.03850471174385924	0.03145009076679094	-0.11952014555911272	0.04251072207139423	0.5135119604402161	0.2634642436171886	-0.16517193111766182	1.192195851998094	576	0.002604590303273313	1.614900746618741
K06211	-0.12651343272499968	0.03448337210764153	-0.21534259927428429	-0.03768426617571509	1.0688913486990814	0.28408173036007417	0.33709681129153035	1.8006858861066326	126	0.09792117691964897	1.9998101117893938
K06447	-0.02704713811506133	0.026573239906928788	-0.0954998041153099	0.04140552788518723	0.25533624923341264	0.22415801038150662	-0.3220947855093484	0.8327672839761737	381	0.002726019128832635	1.482905051081019
K06718	0.02423741708625473	0.011074930778681163	-0.004291604599627949	0.05276643877213741	-0.19807233670051747	0.09438879166773413	-0.44121786403660057	0.04507319063556567	334	0.014221063718707905	0.04740187047471389
K06720	0.04222835743899462	0.08963397194628797	-0.18866875429464322	0.2731254691726325	-0.2670628175329284	0.7579298035610439	-2.2194899915061774	1.6853643564403207	31	0.007595455799849327	0.8682285057972832
K06879	0.013289471038094552	0.006217500710659369	-0.002726810792563983	0.029305752868753088	-0.10089664344177822	0.05149081389289941	-0.2335369800298871	0.03174369314633067	1194	0.0038180894490535966	0.05455942019904736
K06966	0.0	0.0	0.0	0.0	0.0	0.0	0.0	0.0	647	0.0	
K07024	0.0016803457422686523	0.18263809018771696	-0.4687953745812902	0.47215606606582755	0.7653619261613274	1.5690228048541754	-3.276440819143028	4.807164671465683	24	3.84760281313401e-06	0.9999461131240106
K07026	0.13430493473728228	0.09289989880691242	-0.10500520458932414	0.3736150740638887	-1.1129347850051483	0.7799460604862883	-3.122075836817827	0.8962062668075303	48	0.04346086538392724	0.26432990969096926
K07127	-0.00598303091279197	0.028743209192621105	-0.08002553779298394	0.0680594759674	0.15784475908218926	0.24537469216748206	-0.4742404479412446	0.7899299661056232	774	5.612163407697768e-05	1.027206717964364
K07142	0.055637732448052625	0.01462128958090651	0.017973290487637454	0.0933021744084678	-0.34504322694515754	0.1209862055947828	-0.6567036925573181	-0.033382761332997	1956	0.007355911364393286	9.921399510615103e-05
K07160	0.3525327018069655	0.04065030736377153	0.24781751003789004	0.45724789357604095	-2.4757289030676746	0.3407853255229461	-3.3535919016147835	-1.5978659045205654	1091	0.06460112970449339	0.0
K07173	-0.01112252235164312	0.018772046724123748	-0.0594793147129859	0.03723427000969966	0.10130464698951056	0.1498115833417181	-0.2846099916987552	0.4872192856777764	275	0.0012842883897363766	1.200279312196013
K07251	0.0	0.0	0.0	0.0	0.0	0.0	0.0	0.0	75	0.0	
K07404	0.004634403838627861	0.005322073892084727	-0.009075258507382396	0.01834406618463812	-0.03099489282252683	0.04461533918061046	-0.14592400655177937	0.08393422090672571	1294	0.0005865548422595568	0.6170951933934501
K07518	-0.001202777981323043	0.042966774837030174	-0.11188518996151277	0.10947963399886669	0.023203489419825106	0.37058182356320485	-0.9314152880789907	0.9778222669186408	54	1.5069385325361395e-05	1.0004987434738137
K07558	-0.03635062634308381	0.014500827588232394	-0.07370475821037045	0.0010035055242028426	0.31998099707469635	0.11974946020540173	0.011506387585581479	0.6284556065638112	398	0.015620877525140853	1.9816942024903637
K07749	-0.20783087115689494	0.06742048441443786	-0.3815060390084869	-0.034155703305303015	2.0963082986380788	0.5882028046570825	0.5810978738414341	3.6115187234347235	154	0.058837907296140024	1.997640860868319
K08302	-0.21387105288921965	0.07607499372175974	-0.40984023671647274	-0.017901869061966558	1.8959713585229954	0.6091664786759075	0.32675850945385765	3.465184207592133	142	0.05343695164601969	1.9934712028816488
K08316	-0.05984411859099822	0.06250703265494374	-0.2208622347101333	0.10117399752813686	0.8586796631876542	0.5185825509586899	-0.477188988081931	2.1945483144572395	599	0.0015330085099907187	1.4420761790053906
K08323	0.27862929806343656	0.03959452757453189	0.1766337950314424	0.38062480109543073	-2.0480170556664428	0.33163211817985155	-2.9023013920977405	-1.193732719235145	693	0.06687230064212302	2.042810365310288e-14
K08678	0.20615837149702182	0.032718707998069335	0.12187497969399522	0.29044176330004845	-1.6293516499208192	0.27545700886263674	-2.338928904750971	-0.9197743950906669	529	0.07005757556074121	1.0549783269198088e-11
K08680	0.0	0.0	0.0	0.0	0.0	0.0	0.0	0.0	315	0.0	
K08685	-0.2867188918511375	0.4346765337396872	-1.4064456427645715	0.8330078590622966	2.667621726564216	3.5683303707626703	-6.524397308520424	11.859640761648855	11	0.04611414166382766	1.2419361146743362
K08963	0.060440362025148214	0.011899237440421416	0.029787926378622646	0.09109279767167378	-0.483104501531369	0.10028515971734848	-0.7414390729632587	-0.22476993009947932	781	0.03205737876786163	7.359826392772106e-08
K08967	-0.012066823141400286	0.025765272044488297	-0.07843816392800214	0.05430451764520157	0.8124860339304284	0.2184918527090752	0.2496510213518507	1.375321046509006	203	0.0010900507339137722	1.1303250239616593
K09007	0.1550547976537718	0.01568672226525835	0.1146458010984663	0.19546379420907734	-1.156731603121214	0.13021797294833493	-1.4921731014361248	-0.8212901048063033	1783	0.05200534384107702	0.0
K09065	0.0	0.0	0.0	0.0	0.0	0.0	0.0	0.0	137	0.0	
K09457	0.013289471038094552	0.006217500710659369	-0.002726810792563983	0.029305752868753088	-0.10089664344177822	0.05149081389289941	-0.2335369800298871	0.03174369314633067	1194	0.0038180894490535966	0.05455942019904736
K09459	0.0014964317420517624	0.02673447253728921	-0.06737156951400525	0.07036443299810877	0.005979976156442447	0.22810575036589492	-0.5816204367861029	0.5935803890989877	111	2.874296741395277e-05	0.9980074113063289
K09834	0.008053565030246944	0.022437615512188553	-0.04974573252915077	0.06585286258964466	1.3276409653706989	0.18552491166471669	0.8497287929223887	1.805553137819009	88	0.0014958029302225562	0.9212564399655241
K09882	-0.20968936412213268	0.036945165117138905	-0.30486010946388253	-0.11451861878038286	2.047950406334853	0.3148871501180054	1.2368011076308711	2.859099705038835	756	0.04097293724225648	1.9999999987594803
K09883	-0.20968936412213268	0.036945165117138905	-0.30486010946388253	-0.11451861878038286	2.047950406334853	0.3148871501180054	1.2368011076308711	2.859099705038835	756	0.04097293724225648	1.9999999987594803
K10156	0.0	0.0	0.0	0.0	0.0	0.0	0.0	0.0	41	0.0	
K10206	0.0	0.0	0.0	0.0	0.0	0.0	0.0	0.0	36	0.0	
K10524	-0.12651343272499968	0.03448337210764153	-0.21534259927428429	-0.03768426617571509	1.0688913486990814	0.28408173036007417	0.33709681129153035	1.8006858861066326	126	0.09792117691964897	1.9998101117893938
K10811	0.0	0.0	0.0	0.0	0.0	0.0	0.0	0.0	10	0.0	
K10977	0.10000656703458272	0.03587589295237724	0.007590266789258948	0.19242286727990648	-0.7923677930033766	0.2974813577119208	-1.5586797704692845	-0.026055815537468607	184	0.04094706613671084	0.0071055155786798885
K11067	-0.0012373549164584861	0.0028928364448731476	-0.008689301598451715	0.006214591765534743	0.011294014905537896	0.02413233549094309	-0.050870881319131506	0.07345891113020729	707	0.0002594412395422463	1.1099448400595908
K11182	-0.09301565513585246	0.08799622807220996	-0.3196939386498653	0.1336626283781604	0.807430887007191	0.7484278317963443	-1.120519207700192	2.7353809817145742	42	0.02717434038615274	1.5090036116234997
K11204	0.504333775962053	0.027502263359302174	0.43348794554849057	0.5751796063756154	-3.865498080308949	0.22965455012737743	-4.457088201437073	-3.273907959180825	1493	0.18403247500505804	0.0
K11205	0.504333775962053	0.027502263359302174	0.43348794554849057	0.5751796063756154	-3.865498080308949	0.22965455012737743	-4.457088201437073	-3.273907959180825	1493	0.18403247500505804	0.0
K11214	0.0	0.0	0.0	0.0	0.0	0.0	0.0	0.0	19	0.0	
K11260	-0.09427099226142827	0.10752892670141155	-0.37126550744426445	0.18272352292140792	0.9745893229810756	0.9183320422724605	-1.3910340179127827	3.340212663874934	57	0.01378211030792531	1.3869518295812506
K11261	-0.09427099226142827	0.10752892670141155	-0.37126550744426445	0.18272352292140792	0.9745893229810756	0.9183320422724605	-1.3910340179127827	3.340212663874934	57	0.01378211030792531	1.3869518295812506
K11391	-0.05984411859099822	0.06250703265494374	-0.2208622347101333	0.10117399752813686	0.8586796631876542	0.5185825509586899	-0.477188988081931	2.1945483144572395	599	0.0015330085099907187	1.4420761790053906
K11395	0.013527865211569293	0.03766339257793198	-0.08349303406918349	0.11054876449232207	-0.07269622768297684	0.3221466016045404	-0.902545873416273	0.7571534180503192	316	0.00041068762487850297	0.9211525563525926
K11528	0.003115012892321585	0.0027743263455977823	-0.004031651773938302	0.010261677558581473	-0.02210480307087059	0.022922636232871767	-0.08115351400674826	0.03694390786500708	1734	0.0007273454393883494	0.4481741755701254
K11540	-0.002612989374045779	0.02154034549125624	-0.05810091935952185	0.0528749406114303	0.543166171712367	0.17788741231747607	0.08492819758254866	1.0014041458421854	2097	7.023973751185686e-06	1.0093243253423325
K11541	0.003619714209243205	0.003580006057447184	-0.005602381394740741	0.012841809813227151	-0.02351374410835163	0.029573354659784	-0.09969470571195521	0.05266721749525196	2029	0.0005040902700481631	0.5216176599542939
K11752	-0.015222015714064244	0.011795475432126171	-0.045607160427221266	0.015163128999092775	0.8503160192396092	0.09771747688020363	0.5985957987962047	1.1020362396830137	1964	0.0008480978213886159	1.6536183396381023
K11753	0.008953002259188972	0.003658816907482103	-0.00047211009448492464	0.01837811461286287	-0.06725222630319633	0.0301361737526681	-0.14488300989006936	0.010378557283676704	1907	0.0031332724085790797	0.02210717398814066
K11755	0.06697707387562338	0.010240301420603495	0.040598057416148775	0.09335609033509798	0.11703634697765641	0.08504378312186035	-0.10203643834425585	0.3361091322995687	1950	0.021488390600512663	1.4876988529977098e-12
K11787	0.01245479538119537	0.011675227369717035	-0.01762059032319571	0.042530181085586455	0.5210473320743979	0.0964105774479566	0.27269368456846166	0.7694009795803342	2120	0.0005370110973499376	0.4845795371964501
K11788	0.01245479538119537	0.011675227369717035	-0.01762059032319571	0.042530181085586455	0.5210473320743979	0.0964105774479566	0.27269368456846166	0.7694009795803342	2120	0.0005370110973499376	0.4845795371964501
K11808	0.10315235998721319	0.016982882951554153	0.059404453504009684	0.14690026647041668	-0.36229261917179284	0.14026268444672924	-0.7236092943065673	-0.0009759440370183392	2098	0.017296832578000965	6.309663902470675e-11
K12251	0.09582050209965721	0.03170443374349505	0.014149880776413964	0.17749112342290047	-0.7582156138322189	0.26550606151122164	-1.4421592282851259	-0.07427199937931195	270	0.03295995038481847	0.002982189355865472
K12297	-0.05984411859099822	0.06250703265494374	-0.2208622347101333	0.10117399752813686	0.8586796631876542	0.5185825509586899	-0.477188988081931	2.1945483144572395	599	0.0015330085099907187	1.4420761790053906
K12350	-0.03908120251054813	0.04708907981340232	-0.1603826721098725	0.08222026708877625	0.37950992172273595	0.40646243916255204	-0.667537321559998	1.42655716500547	91	0.007679928875670372	1.355000677095414
K12351	-0.03908120251054813	0.04708907981340232	-0.1603826721098725	0.08222026708877625	0.37950992172273595	0.40646243916255204	-0.667537321559998	1.42655716500547	91	0.007679928875670372	1.355000677095414
K12352	-0.03908120251054813	0.04708907981340232	-0.1603826721098725	0.08222026708877625	0.37950992172273595	0.40646243916255204	-0.667537321559998	1.42655716500547	91	0.007679928875670372	1.355000677095414
K12353	-0.03908120251054813	0.04708907981340232	-0.1603826721098725	0.08222026708877625	0.37950992172273595	0.40646243916255204	-0.667537321559998	1.42655716500547	91	0.007679928875670372	1.355000677095414
K12354	-0.03908120251054813	0.04708907981340232	-0.1603826721098725	0.08222026708877625	0.37950992172273595	0.40646243916255204	-0.667537321559998	1.42655716500547	91	0.007679928875670372	1.355000677095414
K12447	0.1503368606817203	0.021571207890088106	0.09476942915685335	0.20590429220658726	-1.0136879683727305	0.17827721678095557	-1.472930078800472	-0.5544458579449889	1653	0.0285787066908757	3.730349362740526e-14
K12449	0.20615837149702182	0.032718707998069335	0.12187497969399522	0.29044176330004845	-1.6293516499208192	0.27545700886263674	-2.338928904750971	-0.9197743950906669	529	0.07005757556074121	1.0549783269198088e-11
K12450	0.0	0.0	0.0	0.0	0.0	0.0	0.0	0.0	32	0.0	
K12506	0.08029752365484302	0.014929032203438188	0.04184033669878625	0.11875471061089979	-0.08855077695566749	0.12375498968709259	-0.407343630389618	0.23024207647828304	1866	0.015282927532946244	1.0035926534257555e-08
K12524	0.10221997625697934	0.02075977972512403	0.04874278368505985	0.15569716882889884	-0.5925135047708635	0.17133251295892593	-1.0338660581530568	-0.1511609513886703	2062	0.0116326123552275	1.9800287009985595e-07
K12525	0.10221997625697934	0.02075977972512403	0.04874278368505985	0.15569716882889884	-0.5925135047708635	0.17133251295892593	-1.0338660581530568	-0.1511609513886703	2062	0.0116326123552275	1.9800287009985595e-07
K12526	0.22100377604604807	0.017311964983265354	0.1764081542491565	0.2655993978429396	-1.0018329301019429	0.14292538006550345	-1.3700087091506798	-0.633657151053206	2125	0.07129124569432266	0.0
K12657	-0.003692953349761132	0.0077391110906658706	-0.023628903519316416	0.016242996819794152	0.7399701221061012	0.06418686838399404	0.5746247491489326	0.9053154950632699	1884	0.00012097435656310829	1.1349423615879175
K12661	0.0	0.0	0.0	0.0	0.0	0.0	0.0	0.0	72	0.0	
K13038	0.0	0.0	0.0	0.0	0.0	0.0	0.0	0.0	2064	0.0	
K13069	0.2945940817216791	0.08429499456646265	0.07745017571847132	0.5117379877248869	-0.7480390058622031	0.7076818732164222	-2.5710275112677063	1.0749494995433004	1098	0.011020999370505824	0.00041992559399428586
K13243	0.5744830668048077	0.08124088266242617	0.3652065530663978	0.7837595805432175	-3.257091874653836	0.6831294384319402	-5.0168333080545136	-1.497350441253158	929	0.051181007753891006	1.509903313490213e-14
K13244	0.5744830668048077	0.08124088266242617	0.3652065530663978	0.7837595805432175	-3.257091874653836	0.6831294384319402	-5.0168333080545136	-1.497350441253158	929	0.051181007753891006	1.509903313490213e-14
K13245	0.5744830668048077	0.08124088266242617	0.3652065530663978	0.7837595805432175	-3.257091874653836	0.6831294384319402	-5.0168333080545136	-1.497350441253158	929	0.051181007753891006	1.509903313490213e-14
K13246	0.5744830668048077	0.08124088266242617	0.3652065530663978	0.7837595805432175	-3.257091874653836	0.6831294384319402	-5.0168333080545136	-1.497350441253158	929	0.051181007753891006	1.509903313490213e-14
K13273	0.05275391459796246	0.01779131466420486	0.006923488022970742	0.09858434117295418	-0.40734473613978817	0.1395510374196256	-0.7668282085327438	-0.04786126374683258	181	0.04681833358361165	0.003708108002331567
K13421	0.0087773606154369	0.007069468852703193	-0.009433591149126525	0.026988312380000327	-0.04511197588657742	0.05833090968429038	-0.19537239923330946	0.10514844746015461	2133	0.0007228643605505791	0.3747958707118646
K13484	0.0020837518338942262	0.028924721270359034	-0.07242633015855064	0.0765938338263391	0.09082166399925162	0.2469242223504603	-0.5452551327755342	0.7268984607740374	774	6.7225401538806295e-06	0.9967014999022323
K13497	0.03792618971770222	0.006752893584242878	0.020530735844692567	0.05532164359071188	-0.29437498329150347	0.05609395361428162	-0.4388730078018929	-0.149876958781114	1911	0.01625456738054598	1.90136284494713e-09
K13498	-0.01171655451479789	0.011725102458797165	-0.04192041844865939	0.018487309419063604	0.14950644738209756	0.09779316274550068	-0.10240873985031218	0.4014216346145073	1565	0.000638454861457638	1.4704310375402019
K13501	-0.01171655451479789	0.011725102458797165	-0.04192041844865939	0.018487309419063604	0.14950644738209756	0.09779316274550068	-0.10240873985031218	0.4014216346145073	1565	0.000638454861457638	1.4704310375402019
K13540	0.0013583864709390437	0.005262962318458199	-0.012199004461409278	0.014915777403287367	-0.008341247903514627	0.044845273875285294	-0.12386267340624954	0.1071801775992203	771	8.662080459753696e-05	0.9584769094616878
K13542	0.25544165240501876	0.01909056785795339	0.20626434960293083	0.3046189552071067	-1.937980629543176	0.15883206539152814	-2.3471320299917524	-1.5288292290945995	1490	0.10739898593304964	0.0
K13543	0.25544165240501876	0.01909056785795339	0.20626434960293083	0.3046189552071067	-1.937980629543176	0.15883206539152814	-2.3471320299917524	-1.5288292290945995	1490	0.10739898593304964	0.0
K13562	0.43501169552998126	0.03205586060521415	0.3524357986109496	0.5175875924490129	-3.162600477956059	0.26740694155584044	-3.851440759403904	-2.473760196508214	1506	0.10908732367262297	0.0
K13713	0.07394304771886771	0.007256573031111886	0.05525011559072349	0.09263597984701194	0.08978850229020963	0.05992750739820084	-0.06458475676755573	0.244161761347975	2119	0.046753683325676976	0.0
K13786	0.33103056529858704	0.023996177564144724	0.2692164118933502	0.39284471870382387	-2.3899657206921727	0.20107572800178966	-2.907936796024783	-1.8719946453595626	1635	0.10437405119613363	0.0
K13787	-0.02216630985437616	0.05316443761890493	-0.15911790116067526	0.11478528145192295	0.35992064649239025	0.4558657941026224	-0.8143896391159651	1.5342309321007457	425	0.00041079537080401796	1.1047646324791525
K13789	-0.02216630985437616	0.05316443761890493	-0.15911790116067526	0.11478528145192295	0.35992064649239025	0.4558657941026224	-0.8143896391159651	1.5342309321007457	425	0.00041079537080401796	1.1047646324791525
K13799	0.008667227476056017	0.01051869731845069	-0.018428936816272962	0.035763391768385	-0.06765696577530977	0.0868686313188444	-0.29143056005265294	0.1561166285020334	180	0.0037998205478217972	0.6490589842172425
K13800	0.008667227476056017	0.01051869731845069	-0.018428936816272962	0.035763391768385	-0.06765696577530977	0.0868686313188444	-0.29143056005265294	0.1561166285020334	180	0.0037998205478217972	0.6490589842172425
K13809	0.008667227476056017	0.01051869731845069	-0.018428936816272962	0.035763391768385	-0.06765696577530977	0.0868686313188444	-0.29143056005265294	0.1561166285020334	180	0.0037998205478217972	0.6490589842172425
K13829	0.10491957400534514	0.01982349125974578	0.05385426052024001	0.15598488749045028	-0.48106247215845144	0.16393652515612706	-0.9033629609606347	-0.058761983356268144	2058	0.013441644913264272	1.7991840017828054e-08
K13830	0.3015185479177597	0.016548062868488048	0.2588907379685345	0.34414635786698494	-1.0178881996462836	0.13668117081561235	-1.369978895667301	-0.6657975036252662	2114	0.13584170683495123	0.0
K13832	0.36350747602242145	0.022533237108131543	0.3054618572318746	0.4215530948129683	-2.319679527823781	0.18630306837121394	-2.799596231948028	-1.8397628236995338	2059	0.11230727505966875	0.0
K13853	0.2343625335348043	0.0264128090927953	0.1663231373117636	0.30240192975784497	-1.6090019309519739	0.21950885984782664	-2.1744567539199755	-1.0435471079839724	1610	0.04667682323174982	0.0
K13937	0.004634403838627861	0.005322073892084727	-0.009075258507382396	0.01834406618463812	-0.03099489282252683	0.04461533918061046	-0.14592400655177937	0.08393422090672571	1294	0.0005865548422595568	0.6170951933934501
K13939	0.055637732448052625	0.01462128958090651	0.017973290487637454	0.0933021744084678	-0.34504322694515754	0.1209862055947828	-0.6567036925573181	-0.033382761332997	1956	0.007355911364393286	9.921399510615103e-05
K13940	0.055637732448052625	0.01462128958090651	0.017973290487637454	0.0933021744084678	-0.34504322694515754	0.1209862055947828	-0.6567036925573181	-0.033382761332997	1956	0.007355911364393286	9.921399510615103e-05
K13941	0.055637732448052625	0.01462128958090651	0.017973290487637454	0.0933021744084678	-0.34504322694515754	0.1209862055947828	-0.6567036925573181	-0.033382761332997	1956	0.007355911364393286	9.921399510615103e-05
K13950	0.05778617419076296	0.024985246298556543	-0.006575820274318703	0.12214816865584462	-0.33438692670686176	0.20809302701498514	-0.8704345642974635	0.20166071088373994	840	0.006342686260837338	0.03319546451787869
K13990	0.023008545430266956	0.04982368463605401	-0.10533726619220818	0.15135435705274208	-0.1172998080131862	0.40332107807467515	-1.1562549051335493	0.921655289107177	147	0.001468589344384208	0.8730480630700166
K13998	0.025448693494583608	0.00865682304329759	0.003148717335049015	0.0477486696541182	-0.18776359762988948	0.07132949365837643	-0.37150837329386716	-0.004018821965911801	1430	0.006015411550573724	0.004079978691814423
K14152	0.06697707387562338	0.010240301420603495	0.040598057416148775	0.09335609033509798	0.11703634697765641	0.08504378312186035	-0.10203643834425585	0.3361091322995687	1950	0.021488390600512663	1.4876988529977098e-12
K14153	0.11276482060210512	0.02064959875284281	0.059571454214782035	0.1659581869894282	-0.26196051408815846	0.1711207066213065	-0.702767454344644	0.17884642616832708	1846	0.015914606371303375	5.6890747668347785e-09
K14154	-0.190654122455756	0.023745177966838126	-0.251821700898331	-0.129486544013181	1.9243637104612468	0.19716126815984145	1.416476283681495	2.4322511372409985	1683	0.03693428955850764	2.0
K14170	-0.03850471174385924	0.03145009076679094	-0.11952014555911272	0.04251072207139423	0.5135119604402161	0.2634642436171886	-0.16517193111766182	1.192195851998094	576	0.002604590303273313	1.614900746618741
K14187	0.01431761913118201	0.027438711265943664	-0.05636450108988887	0.0849997393522529	0.09149435403039782	0.22797261858479834	-0.4957631114440427	0.6787518195048384	1318	0.0002068561590504725	0.8408531794688001
K14267	0.010123154960879278	0.006580154407680454	-0.006827322793305571	0.027073632715064126	-0.08302953033168138	0.05534507445670011	-0.22559844213214086	0.059539381468778116	337	0.007015478084351434	0.22163023893536948
K14275	0.03161994079153527	0.05142862726257192	-0.10086020303685	0.16410008461992054	-0.2535081507737661	0.4382309467910573	-1.3823910697075297	0.8753747681599976	44	0.00892013857647933	0.7861138888882793
K14541	-0.20287999853856592	0.055982491244771934	-0.34709089598509846	-0.05866910109203341	2.261430073707933	0.4793249992945309	1.0266888755252213	3.4961712718906446	392	0.0325780695107718	1.9997661712455816
K14584	0.1153260249891512	0.0879707384704754	-0.11128659731079343	0.34193864728909584	-0.9085977294421338	0.7603325279769081	-2.867214321510649	1.0500188626263816	87	0.019818274819572657	0.33483975176077885
K14652	0.49902907182841594	0.02353700352049633	0.4383977507596174	0.5596603928972145	-3.383626950896181	0.1953313934952848	-3.8868006205400345	-2.8804532812523274	1911	0.19059421869009952	0.0
K14656	0.0025811828876502745	0.0014841086986992988	-0.0012418811201991191	0.006404246895499668	-0.02014126855673577	0.012224862234475928	-0.05163251367274575	0.011349976559274218	1904	0.0015878354159100105	0.14577521416152361
K14681	-0.0012373549164584861	0.0028928364448731476	-0.008689301598451715	0.006214591765534743	0.011294014905537896	0.02413233549094309	-0.050870881319131506	0.07345891113020729	707	0.0002594412395422463	1.1099448400595908
K14682	-0.0012373549164584861	0.0028928364448731476	-0.008689301598451715	0.006214591765534743	0.011294014905537896	0.02413233549094309	-0.050870881319131506	0.07345891113020729	707	0.0002594412395422463	1.1099448400595908
K14727	0.07543118230600385	0.02112846434951943	0.021004258141641793	0.12985810647036589	-0.6168758284200153	0.18167947987736743	-1.084882168584114	-0.14886948825591678	443	0.02809010597111361	0.0002992572232680679
K14759	0.05693971420572041	0.042255448014778804	-0.051910319880349796	0.1657897482917906	0.1718375638079963	0.3488107290084588	-0.7266988741177935	1.0703740017337862	913	0.0019892162648552647	0.3147531648208306
K14760	0.0	0.0	0.0	0.0	0.0	0.0	0.0	0.0	309	0.0	
K15228	-0.2867188918511375	0.4346765337396872	-1.4064456427645715	0.8330078590622966	2.667621726564216	3.5683303707626703	-6.524397308520424	11.859640761648855	11	0.04611414166382766	1.2419361146743362
K15229	-0.2867188918511375	0.4346765337396872	-1.4064456427645715	0.8330078590622966	2.667621726564216	3.5683303707626703	-6.524397308520424	11.859640761648855	11	0.04611414166382766	1.2419361146743362
K15461	-0.06675698502797653	0.0262795493532946	-0.1344531041620634	0.0009391341061103647	0.6765855250413149	0.2182885997421416	0.11427409210555806	1.2388969579770717	820	0.007826935059341067	1.9835605106394674
K15789	0.019838796788278542	0.011201260692803913	-0.009015650756384337	0.04869324433294142	-0.1524923685177303	0.09477041005832738	-0.3966209448279816	0.09163620779252105	593	0.00527971332740762	0.1357425815038713
K15792	0.02912474936179269	0.0423860197983371	-0.08006163763872368	0.13831113636230907	-0.192587094690686	0.3422171682869035	-1.0741385201977494	0.6889643308163774	108	0.00443448407883118	0.7403890996710856
K15918	0.10661359070109279	0.023367370902078376	0.04641924325733889	0.16680793814484668	-0.7097052850023199	0.19467979244694	-1.2112004303456374	-0.20821013965900237	1225	0.01673590343035669	1.7566076102593087e-06
K16011	0.10575820538002141	0.049420152008004536	-0.021548106192598268	0.23306451695264108	-0.7883298107908397	0.4069921367364895	-1.8367415550240365	0.2600819334423571	211	0.021441757732283406	0.05418163904111695
K16047	0.26336368019907214	0.12139752116413627	-0.0493563343197429	0.5760836947178871	-2.1258237034680048	1.0505261999348823	-4.831979194500262	0.5803317875642522	118	0.03899076004911761	0.049976119151035725
K16048	0.26336368019907214	0.12139752116413627	-0.0493563343197429	0.5760836947178871	-2.1258237034680048	1.0505261999348823	-4.831979194500262	0.5803317875642522	118	0.03899076004911761	0.049976119151035725
K16049	0.004093113023845578	0.02631249126231209	-0.06368786446787036	0.07187409051556151	-0.02890655000193828	0.22717483072882957	-0.6141089139594033	0.5562958139555266	108	0.00022823305276242767	0.9847129817087499
K16171	0.07730622689817851	0.024370105169175107	0.014528835982383428	0.1400836178139736	-0.6083357376236893	0.2087634410569225	-1.1461103617863215	-0.07056111346105698	576	0.017228786218077885	0.001651439065839977
K16329	0.0	0.0	0.0	0.0	0.0	0.0	0.0	0.0	128	0.0	
K16330	0.0	0.0	0.0	0.0	0.0	0.0	0.0	0.0	128	0.0	
K16371	-0.21387105288921965	0.07607499372175974	-0.40984023671647274	-0.017901869061966558	1.8959713585229954	0.6091664786759075	0.32675850945385765	3.465184207592133	142	0.05343695164601969	1.9934712028816488
K16856	0.14841280814212499	0.06048083145964613	-0.00738581369792346	0.30421142998217343	-1.2242737522943015	0.5159976273907902	-2.5534836404529773	0.10493613586437434	51	0.10943961384572154	0.02163530885716014
K16881	0.10575820538002141	0.049420152008004536	-0.021548106192598268	0.23306451695264108	-0.7883298107908397	0.4069921367364895	-1.8367415550240365	0.2600819334423571	211	0.021441757732283406	0.05418163904111695
K16953	-0.049586513660185357	0.09471521563098277	-0.29357290912559697	0.19439988180522627	0.5462464383965601	0.8135980285911731	-1.5495820832543021	2.642074960047422	92	0.0030361592195896625	1.1601138106975526
K17104	0.0	0.0	0.0	0.0	0.0	0.0	0.0	0.0	119	0.0	
K17877	0.07063251758838694	0.027767978750290412	-0.0008977956723611596	0.14216283084913506	0.7863624127756687	0.23609339478882543	0.1781858277996543	1.3945389977516829	965	0.00667400228443471	0.01625935337301887
K18126	0.2160272191141961	0.22061963551559824	-0.35228896197398496	0.7843434002023771	-1.7709313799483468	1.8594596478749066	-6.560899432874106	3.019036672977413	28	0.03556542857798184	0.5431379824545
K18240	0.02659414693213101	0.017291624215344147	-0.017949077046595513	0.07113737091085753	-0.2023973376255904	0.14439503795958888	-0.5743589554094913	0.16956428015831057	391	0.006043912202581714	0.22182945933457576
K18365	0.2471529407350585	0.06497447710612506	0.07977868770968036	0.4145271937604367	-1.8429495389496036	0.5556582521013078	-3.2743251963625726	-0.41157388153663454	355	0.039375399845466896	9.989311971114745e-05
K18384	0.0885168179635683	0.037057479862395104	-0.006943250161961484	0.1839768860890981	-0.7426771876655786	0.31762136900431703	-1.5608698342206992	0.07551545888954214	89	0.061545165978106775	0.026455657487131523
K18482	0.003322062048951011	0.008521253220740495	-0.018628686247676506	0.025272810345578527	-0.025933866577238028	0.07135159110757285	-0.2097355652703457	0.15786783211586963	370	0.00041283963724325634	0.9077753017601977
K18592	0.21825941873655152	0.03203593338359517	0.13573485434041035	0.3007839831326927	-1.6167881891208378	0.27098388953669406	-2.314842688567362	-0.9187336896743139	1127	0.03962414770563327	1.467714838554457e-13
K18608	0.0	0.0	0.0	0.0	0.0	0.0	0.0	0.0	12	0.0	
K18649	-0.012935396090694681	0.014036041860849807	-0.04909223992424379	0.023221447742854423	0.15779372192703092	0.11729008401112946	-0.14434553448563855	0.45993297833970037	1242	0.000684464782607086	1.41765511124169
K18859	0.025358898893290075	0.01029413437629109	-0.0011587912600357735	0.05187658904661592	-0.1895695637049753	0.0866451483308201	-0.4127674658051679	0.03362833839521728	1060	0.005703107169547028	0.020998065383283082
K18860	0.025358898893290075	0.01029413437629109	-0.0011587912600357735	0.05187658904661592	-0.1895695637049753	0.0866451483308201	-0.4127674658051679	0.03362833839521728	1060	0.005703107169547028	0.020998065383283082
K18911	0.029796317563735762	0.011735094548833456	-0.00043328599405922236	0.06002592112153075	-0.24170439101683128	0.1006772864461757	-0.5010490809021799	0.017640298868517312	556	0.011503169491365872	0.016502653218606778
K19107	0.02601026537926051	0.01431576922452118	-0.01086715614310605	0.06288768690162708	-0.199217614048304	0.11410609468197892	-0.49315491394908173	0.09471968585247373	262	0.012537400419296518	0.122266421849611
K19268	-0.047266257497459226	0.08197618699861182	-0.2584369152058833	0.16390440021096483	0.9596455505465976	0.6776069959761912	-0.7858700710880709	2.705161172181266	84	0.004037903759518624	1.190747720135085
K19269	0.21494604147476765	0.032476593513921605	0.1312863365829056	0.29860574636662973	-1.6969760540593575	0.2716857037029627	-2.3968384267981895	-0.9971136813205256	556	0.07327550829190677	7.744915819785092e-13
K19270	0.0	0.0	0.0	0.0	0.0	0.0	0.0	0.0	22	0.0	
K19285	0.43501169552998126	0.03205586060521415	0.3524357986109496	0.5175875924490129	-3.162600477956059	0.26740694155584044	-3.851440759403904	-2.473760196508214	1506	0.10908732367262297	0.0
K19286	0.43501169552998126	0.03205586060521415	0.3524357986109496	0.5175875924490129	-3.162600477956059	0.26740694155584044	-3.851440759403904	-2.473760196508214	1506	0.10908732367262297	0.0
K19302	0.18366578720609153	0.013285141497202826	0.14944326270929706	0.217888311702886	-1.4197685607097146	0.10987081743326683	-1.70279578641781	-1.1367413350016191	1938	0.08985257961941728	0.0
K19562	0.028238867627420675	0.013270504272297519	-0.005945951378017737	0.06242368663285909	0.4636056658397284	0.11070726671101487	0.17842374679215406	0.7487875848873027	1401	0.0032262541705849745	0.05598326300994705
K19670	0.5656041924284132	0.12757730643677437	0.23696505104728244	0.8942433338095439	-4.770206423583397	1.1107368378549147	-7.631464517897657	-1.9089483292691365	80	0.2012717509176951	3.678831717923714e-06
K19712	0.013708241253799769	0.02316383125038698	-0.0459617880471971	0.07337827055479663	-0.09878943655513131	0.19221982245718752	-0.5939476992048464	0.3963688260945838	140	0.0025314120014344743	0.8001485549440734
K19726	0.37751076803147343	0.02506007140927354	0.3129560240811848	0.4420655119817621	-2.7301727666485576	0.20657581186409166	-3.2623120580104574	-2.1980334752866577	1845	0.10963221355617403	0.0
K19964	-0.00598303091279197	0.028743209192621105	-0.08002553779298394	0.0680594759674	0.15784475908218926	0.24537469216748206	-0.4742404479412446	0.7899299661056232	774	5.612163407697768e-05	1.027206717964364
K20023	0.07004666071955494	0.05416926961558236	-0.06949337781018523	0.20958669924929513	-0.4985462004542831	0.46426803334050387	-1.6945006543394212	0.697408253430855	304	0.00550635216120432	0.3448974127516822
K20246	0.029796317563735762	0.011735094548833456	-0.00043328599405922236	0.06002592112153075	-0.24170439101683128	0.1006772864461757	-0.5010490809021799	0.017640298868517312	556	0.011503169491365872	0.016502653218606778
K20884	-0.018882749575780164	0.09603707753340598	-0.26627426130183396	0.22850876215027366	0.2440927138725792	0.8031161450501828	-1.824734475776692	2.31291990352185	16	0.002753765565643107	1.0243108098194582
K21219	0.11276482060210512	0.02064959875284281	0.059571454214782035	0.1659581869894282	-0.26196051408815846	0.1711207066213065	-0.702767454344644	0.17884642616832708	1846	0.015914606371303375	5.6890747668347785e-09
K21220	-0.04257329655962035	0.015712133645628932	-0.08304775283076048	-0.0020988402884802165	0.4640816674961141	0.13058560621457352	0.12769314588737274	0.8004701891048556	1642	0.0044567729038770265	1.990664707233754
K21456	0.0011760312648600418	0.011547039336621098	-0.028569142066275907	0.03092120459599599	0.010644835969064265	0.09663623381707402	-0.23829010234371842	0.259579774281847	866	1.2005423598027143e-05	0.9934182191603398
K21621	0.0	0.0	0.0	0.0	0.0	0.0	0.0	0.0	25	0.0	
K22186	0.03161994079153527	0.05142862726257192	-0.10086020303685	0.16410008461992054	-0.2535081507737661	0.4382309467910573	-1.3823910697075297	0.8753747681599976	44	0.00892013857647933	0.7861138888882793
K22223	0.21494604147476765	0.032476593513921605	0.1312863365829056	0.29860574636662973	-1.6969760540593575	0.2716857037029627	-2.3968384267981895	-0.9971136813205256	556	0.07327550829190677	7.744915819785092e-13
K22251	0.22204899981227777	0.042706876100396945	0.11203608697765524	0.3320619126469003	-1.6975843112289166	0.35277190051453494	-2.606324726954359	-0.7888438955034746	285	0.08719537116791654	3.355597399945509e-08
K22305	0.011035961656453108	0.004914354759716233	-0.001623416204575909	0.023695339517482122	-0.08448946955969816	0.040944250797003666	-0.18996185961277962	0.02098292049338328	1338	0.0037604919179711205	0.04033798885012363
K22316	-0.04206023405320019	0.022244762307991543	-0.0993627417585864	0.015242273652186028	0.3770325536710815	0.18781811832421394	-0.1067869191320936	0.8608520264742566	313	0.011364844343671243	1.8973035208944329
K22373	0.20218758721931793	0.07540456379891122	0.007945430873322612	0.39642974356531324	-1.3387760124079886	0.6198256218948697	-2.9354468144091728	0.2578947895931958	274	0.025752194719468435	0.010284306073098604
K22391	0.1550547976537718	0.01568672226525835	0.1146458010984663	0.19546379420907734	-1.156731603121214	0.13021797294833493	-1.4921731014361248	-0.8212901048063033	1783	0.05200534384107702	0.0
K22396	0.03161994079153527	0.05142862726257192	-0.10086020303685	0.16410008461992054	-0.2535081507737661	0.4382309467910573	-1.3823910697075297	0.8753747681599976	44	0.00892013857647933	0.7861138888882793
K22476	-0.0012373549164584861	0.0028928364448731476	-0.008689301598451715	0.006214591765534743	0.011294014905537896	0.02413233549094309	-0.050870881319131506	0.07345891113020729	707	0.0002594412395422463	1.1099448400595908
K22477	-0.0012373549164584861	0.0028928364448731476	-0.008689301598451715	0.006214591765534743	0.011294014905537896	0.02413233549094309	-0.050870881319131506	0.07345891113020729	707	0.0002594412395422463	1.1099448400595908
K22478	-0.0012373549164584861	0.0028928364448731476	-0.008689301598451715	0.006214591765534743	0.011294014905537896	0.02413233549094309	-0.050870881319131506	0.07345891113020729	707	0.0002594412395422463	1.1099448400595908
K22515	0.2688298728532597	0.04988390674372664	0.1403289290814199	0.3973308166250995	-1.5781847153266138	0.4174345971301097	-2.6534962375337763	-0.502873193119451	1052	0.026915074221689483	9.339289785970095e-09
K22548	0.0885168179635683	0.037057479862395104	-0.006943250161961484	0.1839768860890981	-0.7426771876655786	0.31762136900431703	-1.5608698342206992	0.07551545888954214	89	0.061545165978106775	0.026455657487131523
K22920	0.22761441554193912	0.019031792378921795	0.17858851837383657	0.27664031271004164	-1.694360260185976	0.1573321716801994	-2.0996479344341696	-1.2890725859377823	1624	0.0810376800842818	0.0
K22949	0.0025811828876502745	0.0014841086986992988	-0.0012418811201991191	0.006404246895499668	-0.02014126855673577	0.012224862234475928	-0.05163251367274575	0.011349976559274218	1904	0.0015878354159100105	0.14577521416152361
K23123	0.3525327018069655	0.04065030736377153	0.24781751003789004	0.45724789357604095	-2.4757289030676746	0.3407853255229461	-3.3535919016147835	-1.5978659045205654	1091	0.06460112970449339	0.0
K23124	0.3525327018069655	0.04065030736377153	0.24781751003789004	0.45724789357604095	-2.4757289030676746	0.3407853255229461	-3.3535919016147835	-1.5978659045205654	1091	0.06460112970449339	0.0
K23144	0.19824315516238894	0.02223521782956626	0.14096523403342626	0.2555210762913516	-0.7619352244749396	0.18348746678544875	-1.2345989389142555	-0.28927151003562357	2108	0.03637179718866146	0.0
K23264	0.05540196679582034	0.019010784376621147	0.0064301862416442646	0.10437374734999641	-0.08864128914001546	0.1570473478646735	-0.49319525723941443	0.3159126789593835	2065	0.004099839615567813	0.004486524688653848
K23265	0.05540196679582034	0.019010784376621147	0.0064301862416442646	0.10437374734999641	-0.08864128914001546	0.1570473478646735	-0.49319525723941443	0.3159126789593835	2065	0.004099839615567813	0.004486524688653848
K23269	0.05540196679582034	0.019010784376621147	0.0064301862416442646	0.10437374734999641	-0.08864128914001546	0.1570473478646735	-0.49319525723941443	0.3159126789593835	2065	0.004099839615567813	0.004486524688653848
K23270	0.05540196679582034	0.019010784376621147	0.0064301862416442646	0.10437374734999641	-0.08864128914001546	0.1570473478646735	-0.49319525723941443	0.3159126789593835	2065	0.004099839615567813	0.004486524688653848
K23304	0.4498241702593126	0.022569694016126258	0.39168463847377133	0.5079637020448539	-3.4665165260565804	0.18581893471846203	-3.9451861018913386	-2.9878469502218223	1789	0.18186004101822673	0.0
K23987	0.1283626179027858	0.026351934919496774	0.06048003355016211	0.19624520225540948	-0.4622830232212536	0.21932624859796743	-1.0272674396096177	0.10270139316711047	1533	0.015261521420909308	2.753011623113366e-07
K23999	0.014572803262519828	0.047579652496158864	-0.10799238156758542	0.13713798809262506	-0.07628640342038981	0.40618139641540063	-1.1226096805864618	0.9700368737456821	124	0.0007683339612764017	0.9420277469364371
K24017	0.16970574263894747	0.018087829594252786	0.1231114936041523	0.21629999167374264	-0.8437414902412457	0.15026835423620982	-1.230832770753722	-0.4566502097287692	1913	0.044035335936209896	0.0
K24018	0.06043896198368576	0.01919960388730362	0.010980782369991636	0.10989714159737987	-0.1777531816542971	0.15865659463135584	-0.5864525694246698	0.23094620611607558	2018	0.004891357734044699	0.0018206705127647993
K24042	0.32919115009907207	0.0204871573154455	0.27641623285448447	0.3819660673436597	-2.184937365094245	0.1705907030147056	-2.624379016060127	-1.7454957141283636	1810	0.12495782498132202	0.0
K24204	0.0	0.0	0.0	0.0	0.0	0.0	0.0	0.0	22	0.0	
K24263	0.344030596911485	0.03564627632587585	0.2522057890960288	0.43585540472694123	-2.6845146664802706	0.3020628167574929	-3.462628482447572	-1.9064008505129688	675	0.12157774038190772	0.0
K24866	0.08700140361352336	0.02433212182888149	0.024321857782324638	0.1496809494447221	-0.6363895914587724	0.2025601315309935	-1.1581844902826117	-0.11459469263493316	756	0.01667320468694644	0.0002919200722886206
K25004	0.1356825825019833	0.014995739706528063	0.09705355701796703	0.1743116079859996	-1.0404488822338405	0.12468415646939013	-1.3616352692989895	-0.7192624951686915	1610	0.048446200123805516	0.0
K25009	0.13568258250198328	0.014995739706528063	0.097053557017967	0.17431160798599957	-0.34730170167389496	0.12468415646939013	-0.6684880887390439	-0.026115314608746	1610	0.048446200123805294	0.0
K25031	0.062126148231077	0.017838377639101455	0.01617448743275165	0.10807780902940234	-0.4284202680388317	0.15013635780856477	-0.8151715257536946	-0.04166901032396886	1132	0.010619959268505785	0.0004430645496982244
K25528	0.011035961656453108	0.004914354759716233	-0.001623416204575909	0.023695339517482122	-0.08448946955969816	0.040944250797003666	-0.18996185961277962	0.02098292049338328	1338	0.0037604919179711205	0.04033798885012363
K25801	0.025358898893290075	0.01029413437629109	-0.0011587912600357735	0.05187658904661592	-0.1895695637049753	0.0866451483308201	-0.4127674658051679	0.03362833839521728	1060	0.005703107169547028	0.020998065383283082
K25995	0.025358898893290075	0.01029413437629109	-0.0011587912600357735	0.05187658904661592	-0.1895695637049753	0.0866451483308201	-0.4127674658051679	0.03362833839521728	1060	0.005703107169547028	0.020998065383283082
K25996	0.025358898893290075	0.01029413437629109	-0.0011587912600357735	0.05187658904661592	-0.1895695637049753	0.0866451483308201	-0.4127674658051679	0.03362833839521728	1060	0.005703107169547028	0.020998065383283082
K26110	0.0	0.0	0.0	0.0	0.0	0.0	0.0	0.0	414	0.0	
K26138	0.07063251758838694	0.027767978750290412	-0.0008977956723611596	0.14216283084913506	0.7863624127756687	0.23609339478882543	0.1781858277996543	1.3945389977516829	965	0.00667400228443471	0.01625935337301887
K26139	0.07063251758838694	0.027767978750290412	-0.0008977956723611596	0.14216283084913506	0.7863624127756687	0.23609339478882543	0.1781858277996543	1.3945389977516829	965	0.00667400228443471	0.01625935337301887
K26956	0.0	0.0	0.0	0.0	0.0	0.0	0.0	0.0	28	0.0	
K27797	0.1257383669364104	0.04550525691091437	0.008516825133894984	0.24295990873892584	-0.8899090052438905	0.3802124501667627	-1.8693362768734714	0.08951826638569027	597	0.012669459716079357	0.007745598313537716
K27802	0.019878144585690316	0.00950169819494939	-0.004598229964499313	0.04435451913587994	-0.16316911802122577	0.07998864077085578	-0.3692198566469503	0.04288162060449874	341	0.012746130868242722	0.061648309974752014
K28067	-0.049586513660185357	0.09471521563098277	-0.29357290912559697	0.19439988180522627	0.5462464383965601	0.8135980285911731	-1.5495820832543021	2.642074960047422	92	0.0030361592195896625	1.1601138106975526
K28068	-0.049586513660185357	0.09471521563098277	-0.29357290912559697	0.19439988180522627	0.5462464383965601	0.8135980285911731	-1.5495820832543021	2.642074960047422	92	0.0030361592195896625	1.1601138106975526
K28069	-0.049586513660185357	0.09471521563098277	-0.29357290912559697	0.19439988180522627	0.5462464383965601	0.8135980285911731	-1.5495820832543021	2.642074960047422	92	0.0030361592195896625	1.1601138106975526
K28126	-0.0037279476237367694	0.004406171647073447	-0.01507824578659797	0.007622350539124431	0.04123168459428448	0.03636095285637505	-0.05243412996373765	0.13489749915230662	2111	0.0003393069982446928	1.366007882018429
K28179	0.0	0.0	0.0	0.0	0.0	0.0	0.0	0.0	32	0.0	
K28192	0.0021819999841921913	0.0022674157536782627	-0.0036588629972830133	0.008022862965667395	-0.015605585944960174	0.018734330441233845	-0.06386522116157856	0.032654049271658214	1734	0.0005344008370364861	0.5545717847908493
K28203	0.21494604147476765	0.032476593513921605	0.1312863365829056	0.29860574636662973	-1.6969760540593575	0.2716857037029627	-2.3968384267981895	-0.9971136813205256	556	0.07327550829190677	7.744915819785092e-13
K28207	0.4387940350630979	0.044011887734650264	0.3254194122586388	0.552168657867557	-3.508658562669165	0.37168536292112153	-4.466120057553974	-2.551197067784356	360	0.21731332268948167	0.0
K28208	0.4387940350630979	0.044011887734650264	0.3254194122586388	0.552168657867557	-3.508658562669165	0.37168536292112153	-4.466120057553974	-2.551197067784356	360	0.21731332268948167	0.0
K28462	0.05568543401419498	0.020915478463205784	0.0018071614929768762	0.10956370653541309	-0.44934838287718964	0.17576910470127344	-0.9021295965876701	0.0034328308332907675	340	0.020540795622797647	0.010969799442055006
K28556	0.719835843401579	0.19967716849738884	0.20546745735230532	1.2342042294508526	-5.873023570302714	1.762984528906576	-10.414471716766055	-1.3315754238393742	24	0.37135694917517625	0.0002551858502113369
K28660	0.22761441554193912	0.019031792378921795	0.17858851837383657	0.27664031271004164	-1.694360260185976	0.1573321716801994	-2.0996479344341696	-1.2890725859377823	1624	0.0810376800842818	0.0
