environment	category	alpha_env	alpha_env_se	alpha_env_ci99_low	alpha_env_ci99_high	beta_env_log	beta_env_log_se	n_genomes_used	r_squared	p_value
Aquatic	K00005	0.22100866178270853	0.1327483304015343	-0.12095103733164383	0.5629683608970609	-1.7460468042410704	1.097150831259166	40	0.06798305346609879	0.1712592392828971
Aquatic	K00010	-0.14834007329390925	0.10647160139003525	-0.42261091847464005	0.12593077188682156	1.3083556443217776	0.886235941781691	56	0.03469911133732495	1.7093823806398896
Aquatic	K00014	0.23309595636253325	0.0351818089728159	0.1424676164485595	0.323724296276507	-1.825505059579128	0.2881715093468925	443	0.09052818287396036	7.300826609935029e-13
Aquatic	K00019	0.0740131065004407	0.05498364969263849	-0.06762477510779606	0.21565098810867744	-0.5633337140932161	0.4555265340304677	140	0.012960023648948216	0.3155198663139738
Aquatic	K00021	0.1624395252834253	0.06602980857167173	-0.007653261597201089	0.3325323121640517	-1.3009723769057737	0.5406230878058682	97	0.05989053164166269	0.021218917910905244
Aquatic	K00027	-0.04065161883477141	0.046756999210762144	-0.1610976488016947	0.07979441113215188	0.43004670450165583	0.3846101218303073	364	0.002083761198435785	1.3819702978051396
Aquatic	K00028	-0.04065161883477141	0.046756999210762144	-0.1610976488016947	0.07979441113215188	0.43004670450165583	0.3846101218303073	364	0.002083761198435785	1.3819702978051396
Aquatic	K00029	0.012644673673718203	0.11010536426068486	-0.270986744661806	0.2962760920092424	0.06250060925153522	0.8976100431005517	66	0.00020602922789858535	0.9916390331638829
Aquatic	K00060	0.013436559528541716	0.021024698137604884	-0.04072306287392846	0.0675961819310119	-0.10243708973875401	0.17337552420386018	167	0.0024692154507872655	0.7710407849808185
Aquatic	K00067	0.016240502722684944	0.027338170590868738	-0.05418262471939293	0.08666363016476282	-0.09083715709891527	0.2246376990590847	375	0.000945236540313088	0.7987818070769113
Aquatic	K00077	0.1880352579635123	0.06868290694365559	0.011108089676655525	0.3649624262503691	-1.466399089401928	0.573505801528828	139	0.05187139487543768	0.008467070081532135
Aquatic	K00082	0.03150078095913973	0.02085625204208706	-0.02222492430127653	0.085226486219556	-0.22414196443993664	0.1708344423009656	571	0.003993191604660273	0.23403617484429207
Aquatic	K00099	0.010721597503948247	0.008949364342977943	-0.012331965043562935	0.03377516005145943	-0.08279915986273008	0.0733285753827979	499	0.00287955813905294	0.4010282552485511
Aquatic	K00107	-0.07130735423239691	0.07035266648162228	-0.2525358230890559	0.10992111462426209	0.6453229062260096	0.58681496549948	68	0.015326946385535445	1.480045983530458
Aquatic	K00108	0.1426244833990247	0.06997007888001196	-0.03761843979588611	0.32286740659393554	-1.1538982449354647	0.5830913769876268	133	0.030741960348899977	0.07099761826052897
Aquatic	K00121	0.06293386919863224	0.06575885651557135	-0.10646094518547956	0.23232868358274406	-0.44231193420248394	0.5460857892412777	230	0.004001145577119614	0.5581672856977853
Aquatic	K00122	0.25465530091586963	0.1021385726279664	-0.008453662173771803	0.5177642640055111	-1.5220747330922264	0.8409015971124378	300	0.020433535543830317	0.01911343140892363
Aquatic	K00123	0.25465530091586963	0.1021385726279664	-0.008453662173771803	0.5177642640055111	-1.5220747330922264	0.8409015971124378	300	0.020433535543830317	0.01911343140892363
Aquatic	K00124	0.25465530091586963	0.1021385726279664	-0.008453662173771803	0.5177642640055111	-1.5220747330922264	0.8409015971124378	300	0.020433535543830317	0.01911343140892363
Aquatic	K00126	0.25465530091586963	0.1021385726279664	-0.008453662173771803	0.5177642640055111	-1.5220747330922264	0.8409015971124378	300	0.020433535543830317	0.01911343140892363
Aquatic	K00127	0.25465530091586963	0.1021385726279664	-0.008453662173771803	0.5177642640055111	-1.5220747330922264	0.8409015971124378	300	0.020433535543830317	0.01911343140892363
Aquatic	K00133	0.09315897366842846	0.027517251183459598	0.022274534619836528	0.1640434127170204	-0.6917189340831664	0.22536677891713858	594	0.018992833776020346	0.0006778522908024165
Aquatic	K00147	0.07699282891594408	0.022071394688302732	0.020136916198876247	0.13384874163301191	-0.5901080478395251	0.18092288596543893	530	0.02252743038386129	0.00043213253557161657
Aquatic	K00148	0.010126765364989208	0.06636435467102093	-0.1608278122675607	0.18108134299753914	-0.07201673578240425	0.5611871199231707	51	0.00047497345251734657	0.9852857899057295
Aquatic	K00156	-0.017741771625501418	0.1065486227979215	-0.2922110239529472	0.2567274807019444	0.1803632347024248	0.8945434200406365	22	0.001384416069339145	1.0174964968503377
Aquatic	K00200	-0.19953134844078804	0.18513535892670227	-0.6764400330359731	0.27737733615439697	1.917593135254168	1.5491906435106089	25	0.048074908747097744	1.5226356616841075
Aquatic	K00201	-0.19953134844078804	0.18513535892670227	-0.6764400330359731	0.27737733615439697	1.917593135254168	1.5491906435106089	25	0.048074908747097744	1.5226356616841075
Aquatic	K00202	-0.19953134844078804	0.18513535892670227	-0.6764400330359731	0.27737733615439697	1.917593135254168	1.5491906435106089	25	0.048074908747097744	1.5226356616841075
Aquatic	K00203	-0.19953134844078804	0.18513535892670227	-0.6764400330359731	0.27737733615439697	1.917593135254168	1.5491906435106089	25	0.048074908747097744	1.5226356616841075
Aquatic	K00204	-0.19953134844078804	0.18513535892670227	-0.6764400330359731	0.27737733615439697	1.917593135254168	1.5491906435106089	25	0.048074908747097744	1.5226356616841075
Aquatic	K00205	-0.19953134844078804	0.18513535892670227	-0.6764400330359731	0.27737733615439697	1.917593135254168	1.5491906435106089	25	0.048074908747097744	1.5226356616841075
Aquatic	K00211	0.0	0.0	0.0	0.0	0.0	0.0	174	0.0	
Aquatic	K00216	0.0	0.0	0.0	0.0	0.0	0.0	28	0.0	
Aquatic	K00220	0.04115167617517352	0.011415193554189056	0.01174613757958251	0.07055721477076453	-0.33320304408017626	0.09383782602558793	285	0.04390588242674853	0.00025519371373450284
Aquatic	K00228	0.4000801975545569	0.05563820201372138	0.25675618916721066	0.5434042059419032	-2.729323743460553	0.45700297927958544	410	0.11247784291327723	5.10702591327572e-15
Aquatic	K00231	0.010686346089479479	0.026884535178997894	-0.0585682165316191	0.07994090871057806	-0.07054475565226398	0.22242282020642054	117	0.001372016383823338	0.9043081782592934
Aquatic	K00233	0.08068263612236182	0.02948680493136549	0.004724626619164313	0.15664064562555932	-0.6327126414871271	0.24262761331819072	297	0.02475130418170768	0.008511491164060025
Aquatic	K00234	0.08068263612236182	0.02948680493136549	0.004724626619164313	0.15664064562555932	-0.6327126414871271	0.24262761331819072	297	0.02475130418170768	0.008511491164060025
Aquatic	K00235	0.08068263612236182	0.02948680493136549	0.004724626619164313	0.15664064562555932	-0.6327126414871271	0.24262761331819072	297	0.02475130418170768	0.008511491164060025
Aquatic	K00236	0.08068263612236182	0.02948680493136549	0.004724626619164313	0.15664064562555932	-0.6327126414871271	0.24262761331819072	297	0.02475130418170768	0.008511491164060025
Aquatic	K00237	0.08068263612236182	0.02948680493136549	0.004724626619164313	0.15664064562555932	-0.6327126414871271	0.24262761331819072	297	0.02475130418170768	0.008511491164060025
Aquatic	K00239	0.08068263612236182	0.02948680493136549	0.004724626619164313	0.15664064562555932	-0.6327126414871271	0.24262761331819072	297	0.02475130418170768	0.008511491164060025
Aquatic	K00240	0.08068263612236182	0.02948680493136549	0.004724626619164313	0.15664064562555932	-0.6327126414871271	0.24262761331819072	297	0.02475130418170768	0.008511491164060025
Aquatic	K00241	0.08068263612236182	0.02948680493136549	0.004724626619164313	0.15664064562555932	-0.6327126414871271	0.24262761331819072	297	0.02475130418170768	0.008511491164060025
Aquatic	K00242	0.08068263612236182	0.02948680493136549	0.004724626619164313	0.15664064562555932	-0.6327126414871271	0.24262761331819072	297	0.02475130418170768	0.008511491164060025
Aquatic	K00244	0.08068263612236182	0.02948680493136549	0.004724626619164313	0.15664064562555932	-0.6327126414871271	0.24262761331819072	297	0.02475130418170768	0.008511491164060025
Aquatic	K00245	0.08068263612236182	0.02948680493136549	0.004724626619164313	0.15664064562555932	-0.6327126414871271	0.24262761331819072	297	0.02475130418170768	0.008511491164060025
Aquatic	K00246	0.08068263612236182	0.02948680493136549	0.004724626619164313	0.15664064562555932	-0.6327126414871271	0.24262761331819072	297	0.02475130418170768	0.008511491164060025
Aquatic	K00247	0.08068263612236182	0.02948680493136549	0.004724626619164313	0.15664064562555932	-0.6327126414871271	0.24262761331819072	297	0.02475130418170768	0.008511491164060025
Aquatic	K00254	0.09649148020208433	0.020850192295146373	0.04278138484978727	0.15020157555438138	-0.751411868574395	0.17063619032744812	570	0.03633583797717166	1.1984761960626145e-06
Aquatic	K00265	-0.03340958939043789	0.10999017300285902	-0.3167442750458027	0.24992509626492695	0.3886836882309071	0.8807589674000078	90	0.0010473618047290856	1.0570456320941815
Aquatic	K00266	-0.03340958939043789	0.10999017300285902	-0.3167442750458027	0.24992509626492695	0.3886836882309071	0.8807589674000078	90	0.0010473618047290856	1.0570456320941815
Aquatic	K00288	0.08850954616173598	0.025376454406170715	0.02313979961144022	0.15387929271203174	-0.6806916113339513	0.20777568853838654	500	0.023845560431039692	0.0004330789041333549
Aquatic	K00297	0.15499224401290157	0.033868048277848464	0.06774815164916392	0.24223633637663922	-1.2021022448554826	0.2779714112078269	493	0.04090891434667998	1.6205428741145056e-06
Aquatic	K00299	0.4578975146808195	0.08540543421635394	0.23789311613949177	0.6779019132221473	-3.471041028488685	0.7081971158006902	375	0.07155085860989818	1.1285216094947259e-08
Aquatic	K00300	0.08850954616173598	0.025376454406170715	0.02313979961144022	0.15387929271203174	-0.6806916113339513	0.20777568853838654	500	0.023845560431039692	0.0004330789041333549
Aquatic	K00301	-0.2503753853053258	0.3507466584630122	-1.1538987775060452	0.6531480068953937	2.930276086770783	2.947512377467377	83	0.006251548758338554	1.277036545072617
Aquatic	K00302	-0.2503753853053258	0.3507466584630122	-1.1538987775060452	0.6531480068953937	2.930276086770783	2.947512377467377	83	0.006251548758338554	1.277036545072617
Aquatic	K00303	-0.2503753853053258	0.3507466584630122	-1.1538987775060452	0.6531480068953937	2.930276086770783	2.947512377467377	83	0.006251548758338554	1.277036545072617
Aquatic	K00304	-0.2503753853053258	0.3507466584630122	-1.1538987775060452	0.6531480068953937	2.930276086770783	2.947512377467377	83	0.006251548758338554	1.277036545072617
Aquatic	K00305	-0.2503753853053258	0.3507466584630122	-1.1538987775060452	0.6531480068953937	2.930276086770783	2.947512377467377	83	0.006251548758338554	1.277036545072617
Aquatic	K00306	-0.2503753853053258	0.3507466584630122	-1.1538987775060452	0.6531480068953937	2.930276086770783	2.947512377467377	83	0.006251548758338554	1.277036545072617
Aquatic	K00361	0.006429516182639724	0.060242140341367004	-0.14875423733672166	0.16161326970200113	1.3305996884692142	0.5023200390013345	235	4.888534092706287e-05	0.9927745948791031
Aquatic	K00362	0.006429516182639747	0.06024214034136701	-0.14875423733672166	0.16161326970200118	0.6374525079092688	0.5023200390013345	235	4.8885340926840826e-05	0.9927745948791031
Aquatic	K00363	0.006429516182639747	0.06024214034136701	-0.14875423733672166	0.16161326970200118	0.6374525079092688	0.5023200390013345	235	4.8885340926840826e-05	0.9927745948791031
Aquatic	K00364	0.0	0.0	0.0	0.0	0.0	0.0	93	0.0	
Aquatic	K00376	-0.05533179998845354	0.03626304934191431	-0.1487454150932248	0.038081815116317724	0.4671559976334111	0.2979597276486831	109	0.02129554420328883	1.7728581214114705
Aquatic	K00384	0.018690344497673032	0.025919816926488027	-0.048079103904960126	0.0854597929003062	-0.1028186324895333	0.2121211803485736	567	0.0009194387736010112	0.7181926434172636
Aquatic	K00390	0.0007121773599776667	0.01934452155616665	-0.049119310168707624	0.05054366488866296	0.010518043721376547	0.16031244903035743	380	3.5856424761560035e-06	0.999137511903871
Aquatic	K00450	-0.4068492098855348	0.243868628880928	-1.0350547978828053	0.22135637811173575	3.4475620524947024	2.0351442593825717	13	0.20193094105975917	1.8299875590334571
Aquatic	K00451	-0.0022321398603269344	0.04955803519265816	-0.12989363851661437	0.12542935879596048	0.034442830345595796	0.4150939943480312	88	2.358880555741738e-05	1.001290667438477
Aquatic	K00452	0.02923351665562429	0.05964432433177571	-0.12441026282302994	0.18287729613427853	-0.2145593830675754	0.4903581442963071	81	0.003031643714390575	0.8581863743790441
Aquatic	K00455	0.07966477836603572	0.08614886012693024	-0.14225468532093657	0.30158424205300804	-0.6115613571323893	0.7162714378464432	55	0.01587839243221878	0.5801929637956866
Aquatic	K00456	0.5939882387845538	0.22547142817171673	0.013173839814211497	1.1748026377548961	-4.861195981998415	1.9176552875975856	17	0.31632379680979406	0.01205500438128193
Aquatic	K00469	0.0	0.0	0.0	0.0	0.0	0.0	21	0.0	
Aquatic	K00544	-0.06560915208826826	0.09748872051421907	-0.31674009613289655	0.18552179195636007	0.5811714570669201	0.8258248648764954	27	0.017794366095157166	1.2504909634681831
Aquatic	K00548	0.035301417794044165	0.015090383783979242	-0.0035714108334863603	0.07417424642157469	-0.27849808864642217	0.12444076421039287	446	0.012175326756961313	0.030687947031053042
Aquatic	K00549	0.1926840272503649	0.05051238984143201	0.06256411101883605	0.3228039434818938	-1.4727261338309463	0.4155904552759808	292	0.047778821732701426	9.482162153151563e-05
Aquatic	K00560	0.06748482701816834	0.02223210045634133	0.010214936242633067	0.12475471779370362	-0.5391468518512762	0.18289224179566332	353	0.025579415649607973	0.0028345951582942064
Aquatic	K00564	-0.15671094715309236	0.09767513000249979	-0.40832208203953185	0.09490018773334713	1.536293488103337	0.8046798623966454	186	0.013796827905812159	1.8057759337209798
Aquatic	K00587	-0.2916734911855874	0.2657460396320196	-0.9762352892776699	0.3928883069064951	2.5029966653450324	2.2239631686923715	11	0.11804898871295277	1.5355507608686263
Aquatic	K00603	0.043317873156182324	0.01853673116593673	-0.004432746327270698	0.09106849263963535	-0.33202201536996406	0.15200850414270348	549	0.009884765346898305	0.030913981454511852
Aquatic	K00608	0.014897569853916133	0.011624404660761435	-0.015046896552205322	0.04484203626003759	-0.11210449317258142	0.09515804398087419	539	0.0030492206528143218	0.35147750847595405
Aquatic	K00609	0.014897569853916133	0.011624404660761435	-0.015046896552205322	0.04484203626003759	-0.11210449317258142	0.09515804398087419	539	0.0030492206528143218	0.35147750847595405
Aquatic	K00610	0.014897569853916133	0.011624404660761435	-0.015046896552205322	0.04484203626003759	-0.11210449317258142	0.09515804398087419	539	0.0030492206528143218	0.35147750847595405
Aquatic	K00618	-0.0032175437046703466	0.01083372572177188	-0.031125221163954712	0.02469013375461402	0.029705424704026512	0.08970085382644526	225	0.0003953817576546337	1.0546055689616667
Aquatic	K00619	-0.0032175437046703466	0.01083372572177188	-0.031125221163954712	0.02469013375461402	0.029705424704026512	0.08970085382644526	225	0.0003953817576546337	1.0546055689616667
Aquatic	K00620	0.18727345715245447	0.04945525895023276	0.05987671009665488	0.3146702042082541	-1.2373951144148825	0.40586178340065576	447	0.03121719701509018	0.00010850955502617055
Aquatic	K00634	0.0	0.0	0.0	0.0	0.0	0.0	35	0.0	
Aquatic	K00639	0.015129366203897763	0.012717689806370192	-0.017631402737311848	0.04789013514510738	-0.119797820303175	0.10501522093696675	274	0.005176095995251928	0.40617985445699234
Aquatic	K00640	0.3279597498113006	0.05068553238972512	0.1973938183753687	0.4585256812472325	-2.480124837558356	0.415407477175457	541	0.07207692915017161	2.6578739209526248e-12
Aquatic	K00641	0.0900398832922029	0.054715842407670086	-0.05090812674995525	0.23098789333436104	-0.6673308213990341	0.452039907969068	242	0.01115731336667436	0.17836085196872853
Aquatic	K00643	0.08533596886088067	0.14118163976059112	-0.278347935162402	0.4490198728841634	-0.5579314875007992	1.1643918315748845	77	0.004847703952259641	0.7924797438426019
Aquatic	K00651	0.0900398832922029	0.054715842407670086	-0.05090812674995525	0.23098789333436104	-0.6673308213990341	0.452039907969068	242	0.01115731336667436	0.17836085196872853
Aquatic	K00652	0.0030209694307217977	0.01042033714298794	-0.023821819049615136	0.02986375791105873	-0.021872865734101323	0.0862246398166493	223	0.0003801646331531572	0.9478994643486467
Aquatic	K00654	0.0	0.0	0.0	0.0	0.0	0.0	10	0.0	
Aquatic	K00672	0.4001555995481115	0.11204414226131211	0.11152988908297146	0.6887813100132515	-3.245324381582238	0.9394603770972823	26	0.34702710478945586	0.00029750875554768186
Aquatic	K00674	0.00033089486522687266	0.008993030430071648	-0.022835151522637695	0.023496941253091437	-0.0002973556387369258	0.07422076959580218	285	4.783870521940514e-06	0.9991384888335801
Aquatic	K00681	0.055830042845204784	0.07051801456799402	-0.1258243626819478	0.23748444837235738	-0.264180012775557	0.5846504179586939	329	0.0019131822228729556	0.6709641945929419
Aquatic	K00748	-0.007558824347164746	0.02888421886778481	-0.08196457215057841	0.06684692345624892	0.11047040120890561	0.236925212524341	437	0.00015740902468275308	1.042661347368457
Aquatic	K00761	0.05194625256282619	0.016039706905378513	0.010627967574571136	0.09326453755108124	-0.4123363676684795	0.13226197454587682	441	0.023334416896027332	0.001259273376668535
Aquatic	K00763	0.055824979673549234	0.029925802121389275	-0.021263886591149535	0.132913845938248	-0.4401443040547439	0.2486747396316494	236	0.014653410221518448	0.10911346885017092
Aquatic	K00764	0.034855380867680794	0.010905273965333395	0.006763395132981968	0.06294736660237962	-0.27558547295708935	0.08927602456653715	509	0.01975126141495165	0.00149819795951589
Aquatic	K00766	0.005357007568250497	0.01446561419111014	-0.03190641458804922	0.04262042972455022	-0.026752551578060776	0.11862385117630121	566	0.00024310062191590376	0.9163953833982101
Aquatic	K00767	0.14185196573391376	0.04453984772467564	0.027117317995149312	0.2565866134726782	-0.946516499449537	0.3649320133153488	557	0.017947947303642797	0.0015689699049690198
Aquatic	K00768	0.1289967319229437	0.03943538781457442	0.027411172912599993	0.23058229093328741	-1.0037334839281524	0.3263281467963086	325	0.03206482925154275	0.0011006508288415873
Aquatic	K00787	0.8649007266193807	0.3872863122638584	-0.13274881377231862	1.86255026701108	-6.921059210820805	3.241515358124619	11	0.3565606090211426	0.041792692173241
Aquatic	K00788	-0.0705026541813667	0.04325787533800219	-0.18193494105206034	0.04092963268932695	0.717570663043112	0.35402899120451997	454	0.005842481300618152	1.8156771620466454
Aquatic	K00790	0.003367165073232799	0.04122786485560411	-0.10283581479480339	0.10957014494126899	0.09613995025084258	0.33726146274905927	586	1.1421662442834268e-05	0.9957625413812778
Aquatic	K00793	0.0	0.0	0.0	0.0	0.0	0.0	47	0.0	
Aquatic	K00795	0.8649007266193807	0.3872863122638584	-0.13274881377231862	1.86255026701108	-6.921059210820805	3.241515358124619	11	0.3565606090211426	0.041792692173241
Aquatic	K00800	0.03944399194051508	0.013140174756022189	0.005594901769001924	0.07329308211202823	-0.3101162679809397	0.1073745787271948	498	0.017842628962930762	0.003226356484606452
Aquatic	K00804	0.0757103653450154	0.09809539520333733	-0.17698337269878156	0.3284041033888124	-0.546970494367993	0.8219206029608186	103	0.005863247100309499	0.6843936364780341
Aquatic	K00820	0.10909952513920636	0.02246576297438643	0.05122771971718691	0.16697133056122582	-0.8487897643695606	0.18384610306406116	585	0.038878810817090104	3.017842162833517e-07
Aquatic	K00821	0.0	0.0	0.0	0.0	0.0	0.0	106	0.0	
Aquatic	K00833	0.00028813744203109667	0.00995602869635057	-0.02535859247976797	0.025934867363830164	0.0030680273986470694	0.08165098700493376	383	2.1983719945550817e-06	0.9994669211477945
Aquatic	K00849	-0.02327357045006165	0.03512714953119678	-0.11376110764242454	0.06721396674230125	0.23206711996216312	0.288932381666477	221	0.0020004442066061667	1.2438083551682868
Aquatic	K00851	0.03088429941338355	0.048249873605008556	-0.09340737499311849	0.1551759738198856	-0.18197923068712835	0.40252971373637697	202	0.0020443929527589333	0.7704092272947101
Aquatic	K00854	-0.03996075203569423	0.08475163563211133	-0.258280965424013	0.17835946135262454	0.5307306121721753	0.7034598826134417	224	0.00100042251856447	1.13197164216172
Aquatic	K00855	0.0356601660535117	0.04427819119046449	-0.07840045445312484	0.14972078656014826	-0.2766636404784711	0.36499691772744464	121	0.005420998713321246	0.6617144728692641
Aquatic	K00858	0.08220507482931787	0.05547231662745593	-0.060691612803008596	0.22510176246164432	-0.5958231934437932	0.45836872407540735	323	0.006794829924827717	0.2470766501608499
Aquatic	K00859	-0.01157069282169003	0.007324407806224871	-0.030438367330525302	0.007296981687145239	0.09929166841583112	0.059962557206321765	598	0.0041697761214566365	1.7958180176876244
Aquatic	K00863	0.14746580878333387	0.05939315452010741	-0.005530957260462821	0.30046257482713057	-1.1534643319670563	0.49207143083937777	103	0.05752521562735391	0.01975099679426595
Aquatic	K00864	0.09975124700271865	0.04556692511945724	-0.017629152105003196	0.2171316461104405	-0.7191935461249425	0.37619665077290637	434	0.01097140688002396	0.04731985368748326
Aquatic	K00869	0.0	0.0	0.0	0.0	0.0	0.0	14	0.0	
Aquatic	K00872	0.009641099876910928	0.008674017671295997	-0.01270316964434756	0.031985369398169414	-0.07418741849200935	0.07105981290469165	439	0.0028190649922524846	0.45544102115103735
Aquatic	K00877	0.2503813773664627	0.05804714335179615	0.10085193609223583	0.39991081864068956	-1.8431105195877913	0.4764494876627919	393	0.0454230737975283	7.176803843877977e-06
Aquatic	K00878	-0.01897927998997023	0.05287511700844194	-0.1551855814037167	0.11722702142377622	0.2024316989967783	0.43452615337752737	134	0.0009751224483280918	1.078749448838517
Aquatic	K00883	0.3304775361659705	0.36196148990480187	-0.6019352618287992	1.26289033416074	-2.7261835235129737	3.0555790910572234	11	0.08477084116671962	0.5882001419084635
Aquatic	K00884	0.28364335712303895	0.1204099265228722	-0.02653261359987985	0.5938193278459578	-2.26016924994698	1.009063444656822	79	0.0672215366715413	0.029227322001537992
Aquatic	K00891	0.0002852410187957117	0.026200277428861385	-0.06720667363795123	0.06777715567554264	0.030029077412731447	0.21474325950505854	257	4.6480607540644314e-07	0.9999245471035396
Aquatic	K00899	-0.01031395597579357	0.0997548905291942	-0.2672825539789978	0.2466546420274107	0.11395817081833172	0.8287932676185266	49	0.00022739741703636795	1.0067824298693098
Aquatic	K00912	0.0	0.0	0.0	0.0	0.0	0.0	419	0.0	
Aquatic	K00919	0.0	0.0	0.0	0.0	0.0	0.0	510	0.0	
Aquatic	K00927	-0.0016273744643122638	0.015950455870357316	-0.04271574878635271	0.039460999857728184	0.030376488477917317	0.13064502743475095	447	2.339152974295544e-05	1.006604967787665
Aquatic	K00928	0.2306788100770845	0.05940970788207129	0.07763940257286883	0.38371821758130015	-1.5610351174660482	0.48591196655417984	562	0.026216514359543974	6.786440680128791e-05
Aquatic	K00929	-0.25130832305648565	0.1785884363718385	-0.7113521351503416	0.20873548903737033	2.376463244726444	1.445014945846064	75	0.026409521500406097	1.716524256873994
Aquatic	K00931	-0.008783866750460473	0.026023301158091105	-0.07581989053370317	0.05825215703278222	0.1266959053709606	0.21334629798180813	534	0.00021411252470382447	1.0699635758165233
Aquatic	K00941	0.1519429596737188	0.03580435716525436	0.05971093561602356	0.24417498373141402	-1.1663018285186626	0.2938662204017081	392	0.04413871317351614	1.0492180410048846e-05
Aquatic	K00945	0.050401118692925906	0.0402858686477568	-0.05337527894369562	0.15417751632954743	-0.40299079172596886	0.3310880039949944	63	0.025017385678823723	0.36918815855003495
Aquatic	K00946	-0.00010720264396358346	0.005171566136851297	-0.013429157012492523	0.013214751724565358	0.002413323314047132	0.04247078755387184	452	9.548912168755308e-07	1.0002735190311056
Aquatic	K00948	0.15745256720361833	0.03162853358639636	0.0759774646850613	0.23892766972217538	-1.1922597230844463	0.2587322184881913	557	0.04274412540883976	1.4066371911702902e-07
Aquatic	K00950	0.1613861927502839	0.04012429543769985	0.058026007702769083	0.26474637779779875	-1.1697591548383108	0.328736290670872	580	0.027227109274501116	3.366436722807009e-05
Aquatic	K00953	0.018389393316367547	0.00585006139807928	0.0033196351549153215	0.033459151477819776	-0.14771951238188877	0.0478685253487588	525	0.018543148543765264	0.0018535935269992088
Aquatic	K00954	0.0053931267441030845	0.007344200202701841	-0.01352553297805686	0.02431178646626303	-0.03947630809877684	0.06012666901290653	597	0.0009054862244554096	0.7094261602934746
Aquatic	K00963	0.22790647544567652	0.04959844813910362	0.1001408730393456	0.35567207785200744	-1.7131170013795491	0.40623460698684916	420	0.048083885065260956	1.4531233849535141e-06
Aquatic	K00965	-0.038040396005136735	0.03773983555689841	-0.13525821239970703	0.05917742038943357	0.3656515438451171	0.3085761340250812	202	0.005054281697874585	1.47628112851404
Aquatic	K00966	0.13621331109212553	0.09344622733655805	-0.10450417052684802	0.3769307927110991	-1.0274199593807185	0.7677707716515285	82	0.025872672712643596	0.25854593642859647
Aquatic	K00971	0.13621331109212553	0.09344622733655805	-0.10450417052684802	0.3769307927110991	-1.0274199593807185	0.7677707716515285	82	0.025872672712643596	0.25854593642859647
Aquatic	K00972	0.006483542144497871	0.00771293848002711	-0.013384987380051967	0.026352071669047707	-0.049651441490847	0.0630940968899066	414	0.0017121566941272759	0.6377255602182981
Aquatic	K00973	0.07114253034902712	0.03802634177114733	-0.02681332605344841	0.16909838675150266	-0.49048679824196423	0.31198599637005586	452	0.007718129551067654	0.10771360344694614
Aquatic	K00974	-0.12114854102513084	0.04807505533226071	-0.24498988356103443	0.002692801510772752	1.0343258265328195	0.39250365063458803	160	0.03863902788793916	1.9824508587884928
Aquatic	K00975	0.06994970886963416	0.06919193138154466	-0.10828870636922487	0.24818812410849317	-0.34561528400232666	0.5698998178951687	308	0.0033288282313407302	0.5217115559228946
Aquatic	K00978	0.0460363819643013	0.02779491365573946	-0.025563315612883546	0.11763607954148614	-0.3638833689006204	0.2299366930541772	125	0.021816591104427907	0.17439496861171166
Aquatic	K00980	0.10331232634816981	0.23089118053047836	-0.49146335469834246	0.698088007394682	-0.7693379141641287	1.902491943170973	17	0.013171643111638653	0.8803297128449885
Aquatic	K00991	-0.006970920915882848	0.010390411944903118	-0.03373662208595328	0.019794780254187586	0.0646344577564054	0.08510337825166837	457	0.0009882662669863373	1.249147734792191
Aquatic	K00995	0.007307784361657912	0.035980457200344824	-0.08537787338643037	0.09999344210974619	0.047565063056461576	0.29497949801212575	471	8.794821965196764e-05	0.9740804116454997
Aquatic	K01003	0.1731477265429836	0.08839624507521687	-0.05456100077077505	0.4008564538567423	-1.2633153984621497	0.7239850132431667	144	0.026308671040807585	0.08693759686578884
Aquatic	K01004	0.0	0.0	0.0	0.0	0.0	0.0	22	0.0	
Aquatic	K01006	0.07008062365857506	0.02536942752523035	0.0047289783535816865	0.13543226896356844	-0.5491120159008432	0.20639187482085378	222	0.03352304080315338	0.0077662441241233005
Aquatic	K01007	0.04233447410211876	0.032505907464708224	-0.04140074352696963	0.12606969173120716	-0.30521982893860616	0.2667718412515366	274	0.006197193599255302	0.33966298815742535
Aquatic	K01008	0.0448155679065735	0.0289575088080703	-0.029778974783015597	0.11941011059616259	-0.3332192137237906	0.23806339732732976	258	0.00926938736042826	0.2176625573075459
Aquatic	K01011	0.07460238389458232	0.04842369248813434	-0.05013704795485176	0.19934181574401638	-0.5993725558600052	0.4010673201807078	151	0.015679772116837576	0.22068513690503444
Aquatic	K01012	0.004117462001645776	0.016090759947162192	-0.03733233562224403	0.04556725962553558	-0.01931101610970061	0.1323808120624385	429	0.00015332452226646254	0.9591712824133833
Aquatic	K01057	-0.0016143128650173172	0.02068839151095486	-0.05490760939723703	0.0516789836672024	0.02596480227700891	0.17124877740047795	307	1.996243219781757e-05	1.0038686608606004
Aquatic	K01067	0.1422872329826828	0.07030514988448988	-0.03881883311976314	0.32339329908512876	-1.1229555880270685	0.5758523592566893	99	0.040515734247409285	0.07371268080844384
Aquatic	K01070	0.0031522654228765545	0.0459045352162132	-0.11509781729408866	0.12140234813984177	0.005920083924155935	0.3812288380817303	216	2.203489697949479e-05	0.9970024752906324
Aquatic	K01079	0.0045613560018060465	0.006967529433395766	-0.013386999818621449	0.022509711822233543	-0.03533769740497271	0.057235850086057125	329	0.0013089218925418367	0.7612134262485368
Aquatic	K01089	0.18214003411243845	0.053814132777623785	0.04351482807727958	0.32076524014759733	-1.0798134672243598	0.4422740151649386	510	0.022053102509679512	0.0006803750218034033
Aquatic	K01091	0.10169405287346442	0.07156131751233119	-0.08264790103830072	0.28603600678522956	-0.7503417630273392	0.590515420059558	177	0.011408103529403801	0.27647750990398734
Aquatic	K01117	-0.26213245977723937	0.511306840783485	-1.5792588816354969	1.054993962081018	2.3247424097392364	4.30242942109674	15	0.019817192480741097	1.1540746055062876
Aquatic	K01129	0.031994289031236516	0.04460464206463769	-0.08290726892727018	0.1468958469897432	-0.20646492587518436	0.36765318093785	262	0.001974935473907591	0.7206941429897333
Aquatic	K01241	0.0	0.0	0.0	0.0	0.0	0.0	127	0.0	
Aquatic	K01433	0.25077564125744234	0.05305830790098815	0.11409744010449685	0.3874538424103878	-1.9436796467302924	0.4379096293073643	362	0.058427230046863565	6.663471985302039e-07
Aquatic	K01439	-0.0015858565266549324	0.030567995955927046	-0.080329014109123	0.07715730105581313	0.04773332132845129	0.2513361374461999	303	8.941769579662306e-06	1.0017119928884815
Aquatic	K01455	0.2510433344550339	0.12907731062226988	-0.08145981770793331	0.5835464866180011	-1.9670969582219224	1.0701099354068457	43	0.08446711569093346	0.08998451990530865
Aquatic	K01457	-0.009089835803090966	0.03332375961085705	-0.09493184056065873	0.07675216895447678	0.08557179894495359	0.2775876891365	70	0.0010930001825354418	1.046263555183435
Aquatic	K01458	0.21036738059055607	0.07936230881512361	0.005930073082797638	0.4148046880983145	-1.7005929103632134	0.6622964289747242	97	0.06886776184105492	0.01141191625609217
Aquatic	K01465	0.12187814071192227	0.04135819541925851	0.015339429311912345	0.2284168521119322	-0.8767053596178028	0.3389671064194642	446	0.019183735054688844	0.003971877424684189
Aquatic	K01468	0.009103346739694755	0.014531778700601919	-0.028330515193055787	0.0465372086724453	-0.06845917414640819	0.1203023825146338	303	0.0013020638328350431	0.7789331214735711
Aquatic	K01469	0.26753111611674607	0.09004856034207415	0.03556602467556305	0.4994962075579291	-1.8075428478671796	0.7423639613599069	305	0.028306218193746346	0.0036275096870779233
Aquatic	K01470	0.0	0.0	0.0	0.0	0.0	0.0	12	0.0	
Aquatic	K01477	0.24501795719728264	0.09368783490029586	0.0036780944941204874	0.4863578199004448	-1.9798326159476718	0.7858166641466953	104	0.06284092476153647	0.012852566420651357
Aquatic	K01479	-0.15536456038209948	0.10336163552548455	-0.4216241334957477	0.11089501273154875	1.5286695818933944	0.8523005956366674	176	0.012818375514443203	1.7626815544420316
Aquatic	K01480	0.42007014605770054	0.0805370882498235	0.2126066067261552	0.6275336853892459	-3.234010403401102	0.6626452983479019	272	0.09153673049100841	3.008127880121947e-08
Aquatic	K01483	0.0	0.0	0.0	0.0	0.0	0.0	17	0.0	
Aquatic	K01484	-0.008432680187531317	0.06082395855364173	-0.1651151974217124	0.14824983704664976	0.08269905425874263	0.5049248770859802	109	0.00017960569784192248	1.0121620722076405
Aquatic	K01491	0.08850954616173598	0.025376454406170715	0.02313979961144022	0.15387929271203174	-0.6806916113339513	0.20777568853838654	500	0.023845560431039692	0.0004330789041333549
Aquatic	K01495	0.038308443619304224	0.046940410546481896	-0.08261005394843315	0.1592269411870416	-0.16263014131519107	0.38549420697108094	469	0.0014241620915134146	0.6544178026149989
Aquatic	K01496	0.047497772616498464	0.015674813012155064	0.007119454297187015	0.08787609093580992	-0.36856813140571737	0.12851107047369312	573	0.015826228406936038	0.0028928797772072024
Aquatic	K01497	0.36389984163260714	0.0509317258741614	0.23269971578076737	0.4950999674844469	-2.7548027714982495	0.41856879887668685	466	0.09911478150211595	7.549516567451064e-15
Aquatic	K01498	0.025836063969067256	0.011530566802040574	-0.0038666761129892632	0.055538804051123776	-0.20050950405565496	0.09442279603575436	572	0.008731081122919204	0.040918128073284876
Aquatic	K01499	0.0	0.0	0.0	0.0	0.0	0.0	27	0.0	
Aquatic	K01501	0.0	0.0	0.0	0.0	0.0	0.0	16	0.0	
Aquatic	K01505	0.0	0.0	0.0	0.0	0.0	0.0	27	0.0	
Aquatic	K01519	-0.010442822632762088	0.012246617567316128	-0.041990109486168437	0.021104464220644256	0.7877759963138756	0.10030480679965885	378	0.0019300857790782722	1.3705420322878938
Aquatic	K01520	0.005824500872708141	0.014009518815588448	-0.030264019596247704	0.041913021341663984	-0.03727507445431635	0.11468847980840693	440	0.0003944804878879271	0.8957981816913074
Aquatic	K01523	0.0073107316381122375	0.006152202419427156	-0.008537341794332118	0.023158805070556593	-0.057280118478088386	0.05044222365717417	529	0.0026723153816484713	0.4069925376867549
Aquatic	K01525	0.0336580157932954	0.018786845741768962	-0.014736898837501448	0.08205293042409226	-0.2695757009359928	0.15462588473464234	190	0.016786466171977876	0.12958979381457025
Aquatic	K01555	0.05828038109250928	0.045329696322880274	-0.05848891663523031	0.17504967882024886	-0.44930672410637584	0.3769563281430971	158	0.01048520295623423	0.34911715251270214
Aquatic	K01577	0.0	0.0	0.0	0.0	0.0	0.0	14	0.0	
Aquatic	K01583	-0.011941818029543968	0.03329992179032524	-0.09772241656142179	0.07383878050233385	0.13394139196536234	0.2732785928848288	231	0.0005612743066324422	1.0786099710306358
Aquatic	K01584	-0.011941818029543968	0.03329992179032524	-0.09772241656142179	0.07383878050233385	0.13394139196536234	0.2732785928848288	231	0.0005612743066324422	1.0786099710306358
Aquatic	K01585	-0.011941818029543968	0.03329992179032524	-0.09772241656142179	0.07383878050233385	0.13394139196536234	0.2732785928848288	231	0.0005612743066324422	1.0786099710306358
Aquatic	K01586	0.04760637874587812	0.017574431266154038	0.0023346438042653184	0.09287811368749092	-0.36512932743187043	0.14408872362225233	573	0.012687794431320842	0.009359076753899576
Aquatic	K01587	0.08466673162956867	0.03254382341019793	0.0008338425248987924	0.16849962073423855	0.24136421248289364	0.2665113512341519	594	0.011303932125215299	0.013448047935256335
Aquatic	K01589	0.0	0.0	0.0	0.0	0.0	0.0	16	0.0	
Aquatic	K01591	0.05836278169011274	0.01405471341996671	0.02215783992027849	0.09456772345994699	-0.4600031667253924	0.11507584856636485	594	0.0283032951433545	1.7079739176750763e-05
Aquatic	K01595	0.031371849851298775	0.028082811727783125	-0.040969473159470554	0.1037131728620681	-0.23250285431717663	0.23213890770868678	353	0.0035428323185662247	0.45181923189755024
Aquatic	K01597	0.0	0.0	0.0	0.0	0.0	0.0	32	0.0	
Aquatic	K01598	0.0	0.0	0.0	0.0	0.0	0.0	564	0.0	
Aquatic	K01607	0.046197591306073114	0.05265769159543613	-0.08944862224377034	0.18184380485591659	-0.36673958644635624	0.44221126556853907	66	0.011883468599837133	0.6126270337633679
Aquatic	K01608	0.0	0.0	0.0	0.0	0.0	0.0	38	0.0	
Aquatic	K01610	0.02449239959000113	0.041564780756319794	-0.08257847563827866	0.13156327481828092	-0.1460863005866418	0.3401042830483937	276	0.0012656426805371934	0.8016760698277499
Aquatic	K01611	-0.08332326593926101	0.05241055321258496	-0.21833285101487987	0.05168631913635785	0.7867115623533197	0.4280060416729762	231	0.010916727145358074	1.7999266010710455
Aquatic	K01613	-0.04691816897176713	0.0362613488210633	-0.1403274035348262	0.04649106559129194	0.45121129515948	0.2981555630852686	380	0.004409437306666764	1.6555466404291235
Aquatic	K01619	0.012532834117979907	0.03160852309962152	-0.06889072138664512	0.09395638962260494	-0.053912731772977125	0.2603458565369624	387	0.0004081803922934002	0.9047602381516269
Aquatic	K01626	0.057941290272406965	0.048261270237372256	-0.06637974185906396	0.1822623224038779	-0.3346019094069177	0.3961109998204711	376	0.0038391642133718262	0.3994719547692924
Aquatic	K01627	0.014922500902304986	0.015830749454294538	-0.025857509691957742	0.055702511496567714	-0.10756267543774975	0.12969804121468423	427	0.0020863363057554984	0.567981505452313
Aquatic	K01631	0.04702222871118891	0.06729714842768456	-0.1263352256385265	0.22037968306090433	-0.3803959608072236	0.5625932707043151	55	0.00912756577913132	0.7328540309426093
Aquatic	K01637	0.14800992876881378	0.07233417383720578	-0.038322903035828304	0.33434276057345585	-0.8911610213267613	0.5967625066332495	316	0.013158679998785727	0.06956623441621312
Aquatic	K01638	0.1324988987014349	0.0402764302362103	0.028746814412957136	0.23625098298991265	-1.0414769061711273	0.3332299598868379	327	0.032226486948808475	0.001018180404138036
Aquatic	K01641	0.0	0.0	0.0	0.0	0.0	0.0	12	0.0	
Aquatic	K01643	1.6421949649632976	0.6168249186801039	0.053253974443350005	3.2311359554832455	-12.779693780262555	5.129333158436424	18	0.30700023936692866	0.010972307046733132
Aquatic	K01644	1.6421949649632976	0.6168249186801039	0.053253974443350005	3.2311359554832455	-12.779693780262555	5.129333158436424	18	0.30700023936692866	0.010972307046733132
Aquatic	K01646	1.6421949649632976	0.6168249186801039	0.053253974443350005	3.2311359554832455	-12.779693780262555	5.129333158436424	18	0.30700023936692866	0.010972307046733132
Aquatic	K01647	-0.059797086290793534	0.2222170888982848	-0.6322283072927751	0.5126341347111881	0.6751989399227095	1.8399798504917588	33	0.0023303984546722	1.0450519493821389
Aquatic	K01649	0.1953303903130063	0.043335487468574796	0.08369817459395763	0.306962606032055	-1.4094249339837277	0.35558565159463373	542	0.03625924272215242	2.4145780768147773e-06
Aquatic	K01655	0.1955626006931167	0.06772792977918861	0.021095453581926854	0.37002974780430653	-1.539879435244606	0.5506632003624606	79	0.09770033999488514	0.004952715324070489
Aquatic	K01659	0.03456700355900721	0.09204116611660745	-0.2025310403573736	0.271665047475388	-0.1835967963552008	0.7604019969339548	169	0.0008438711305396307	0.9141209772735608
Aquatic	K01662	0.07802664140892075	0.022579250590105848	0.019862491888808086	0.1361907909290334	-0.5939390495415406	0.18495525405542007	567	0.020698307618876477	0.0004992851177967328
Aquatic	K01664	0.1276087355767757	0.06270740740983051	-0.03392554591094768	0.2891430170644991	-0.8728413054405185	0.515791855333489	288	0.014272950540846652	0.07162213746047397
Aquatic	K01665	0.1276087355767757	0.06270740740983051	-0.03392554591094768	0.2891430170644991	-0.8728413054405185	0.515791855333489	288	0.014272950540846652	0.07162213746047397
Aquatic	K01666	0.3407775310069881	0.15534059310385595	-0.05937983682854486	0.7409348988425211	-2.623687588783113	1.2918463258910367	77	0.06029773468607147	0.046712596072237655
Aquatic	K01675	0.17410527416537205	0.043819483721992736	0.06122628409751876	0.2869842642332253	-1.31244904931607	0.3609532468028522	396	0.03852401653852677	4.318234823030842e-05
Aquatic	K01676	0.17410527416537205	0.043819483721992736	0.06122628409751876	0.2869842642332253	-1.31244904931607	0.3609532468028522	396	0.03852401653852677	4.318234823030842e-05
Aquatic	K01677	0.17410527416537205	0.043819483721992736	0.06122628409751876	0.2869842642332253	-1.31244904931607	0.3609532468028522	396	0.03852401653852677	4.318234823030842e-05
Aquatic	K01678	0.17410527416537205	0.043819483721992736	0.06122628409751876	0.2869842642332253	-1.31244904931607	0.3609532468028522	396	0.03852401653852677	4.318234823030842e-05
Aquatic	K01679	0.17410527416537205	0.043819483721992736	0.06122628409751876	0.2869842642332253	-1.31244904931607	0.3609532468028522	396	0.03852401653852677	4.318234823030842e-05
Aquatic	K01682	0.0	0.0	0.0	0.0	0.0	0.0	113	0.0	
Aquatic	K01684	0.09712298627241421	0.06726268710319946	-0.0761456957054276	0.270391668250256	-0.7870909008023333	0.565162121923875	63	0.03304987838732287	0.2651869194056906
Aquatic	K01686	0.3695835931564227	0.10257877341830139	0.10534067283087828	0.6338265134819672	-2.8148332911658884	0.8482796306759874	160	0.07592107391894198	0.00025762554952613037
Aquatic	K01690	0.014491710604711473	0.044509343683368806	-0.10016435872364657	0.12914777993306953	-0.09375466477610517	0.3704811467083619	196	0.0005461324065920703	0.9347403188490171
Aquatic	K01693	0.0	0.0	0.0	0.0	0.0	0.0	496	0.0	
Aquatic	K01694	0.035836435739113846	0.03228392993285572	-0.047326967767922494	0.11899983924615018	0.5310155627233141	0.2644693671020527	584	0.0021126878810835414	0.4563774944541348
Aquatic	K01695	0.035836435739113846	0.03228392993285572	-0.047326967767922494	0.11899983924615018	0.5310155627233141	0.2644693671020527	584	0.0021126878810835414	0.4563774944541348
Aquatic	K01696	0.035836435739113846	0.03228392993285572	-0.047326967767922494	0.11899983924615018	0.5310155627233141	0.2644693671020527	584	0.0021126878810835414	0.4563774944541348
Aquatic	K01698	0.044152102141664686	0.014631103700592837	0.0064623790089375355	0.08184182527439184	-0.34535108368908685	0.12000303853468537	570	0.015779479534539065	0.003035620944815687
Aquatic	K01707	0.0	0.0	0.0	0.0	0.0	0.0	37	0.0	
Aquatic	K01708	0.027357946290004362	0.10782076639917916	-0.25038834795428117	0.3051042405342899	-0.204078437475621	0.9129635169133968	40	0.0016913885136911055	0.959841956798634
Aquatic	K01709	0.02125518994885921	0.0234742292652804	-0.03921442463850311	0.08172480453622152	-0.1665505493743232	0.19311704572325172	85	0.009781383611935368	0.5933634192436579
Aquatic	K01710	0.04502386919401875	0.03182370894117862	-0.03695400503845738	0.12700174342649487	-0.2974911963146979	0.261459428516321	478	0.0041874984757319655	0.2796328080456676
Aquatic	K01711	0.22315656374296883	0.058552757352832746	0.07232466080207167	0.373988466683866	-1.6808456866962525	0.4825472090710362	276	0.05034319224905248	9.63924299279828e-05
Aquatic	K01712	0.06319962016752649	0.027556145470849794	-0.007785010565382583	0.13418425090043556	-0.49870354004798856	0.22809232952770345	304	0.01711929459589845	0.03513110953897436
Aquatic	K01719	0.08299835599788069	0.04578263162437552	-0.03493770306651066	0.20093441506227205	-0.5462361994854823	0.37574032173704736	412	0.007952180424462663	0.12340676181220278
Aquatic	K01720	-0.021105512546129232	0.02985410175073549	-0.09800967865602385	0.055798653563765385	0.18256317904305594	0.24598522967897377	79	0.006448865038500617	1.2725233902285311
Aquatic	K01724	-0.042749084737212346	0.031193498969224107	-0.12310353808193364	0.03760536860750895	0.3896202851193468	0.25767834440825776	340	0.005525890035252945	1.6974939987538413
Aquatic	K01734	-0.002620706165660511	0.02885767424133444	-0.07695807501133803	0.071716662680017	0.04713317947074187	0.23762357911545579	244	3.407876449312841e-05	1.0052366616599417
Aquatic	K01735	0.015029444327020306	0.013545819279807872	-0.019864586137764772	0.04992347479180538	-0.10856028269275644	0.1110742062948715	570	0.002162652356785033	0.4567084525836427
Aquatic	K01736	0.0382937139718528	0.01303616817073624	0.004712544764036243	0.07187488317966936	-0.29976706709316314	0.1067522045465836	591	0.014438546766584737	0.004114147163526427
Aquatic	K01746	0.12727929681359412	0.07241557046607004	-0.0592632127070023	0.31382180633419055	-0.986334219506053	0.584347985220996	52	0.05818956564202016	0.13992186194876233
Aquatic	K01749	0.016291272770386632	0.011113899154792026	-0.01233813145235763	0.04492067699313089	-0.12370883654507281	0.0911667509903287	564	0.0038087593222210225	0.25463881858271886
Aquatic	K01756	-0.004077491749613074	0.010429046210190893	-0.030942714787064812	0.022787731287838668	0.042745639788630115	0.08539653839640154	591	0.00025945915972924727	1.0927292870683774
Aquatic	K01759	0.0661684100419335	0.061483423924700686	-0.09221288998809549	0.22454971007196248	-0.4459973260755664	0.5072606921839781	181	0.006428819960058618	0.47838664708771583
Aquatic	K01770	0.0	0.0	0.0	0.0	0.0	0.0	480	0.0	
Aquatic	K01772	-0.005276302669731278	0.041797293235128194	-0.11294613004342151	0.10239352470395895	0.18608748078595885	0.34308592435536445	534	2.995287015961079e-05	1.0100935085718596
Aquatic	K01774	0.17410527416537205	0.043819483721992736	0.06122628409751876	0.2869842642332253	-1.31244904931607	0.3609532468028522	396	0.03852401653852677	4.318234823030842e-05
Aquatic	K01775	0.14686468300812552	0.03426940642656018	0.05858669205330651	0.23514267396294453	-1.1096694711712285	0.28063523325762946	569	0.03137573201442412	8.357533578973175e-06
Aquatic	K01776	0.019365514876004138	0.009665135928317277	-0.005531875275341169	0.04426290502734945	-0.1516110900400995	0.07912365784990529	509	0.007856133528790221	0.07763219503656815
Aquatic	K01778	0.04895639918051494	0.01283153746526171	0.015902358670000775	0.08201043969102911	-0.38763425118552297	0.1052250628331545	563	0.025291434526935497	9.448651950338949e-05
Aquatic	K01783	0.018277556276107835	0.019711245565903018	-0.03249861230165833	0.06905372485387401	-0.11686939924432531	0.16136959070586032	598	0.0014405746829628807	0.5784638964047435
Aquatic	K01790	0.1213280436653144	0.047592302448775235	-0.0012697274427306143	0.2439258147733594	-0.8465830225325578	0.39107981942162306	419	0.015346047277514097	0.01596406585438892
Aquatic	K01798	0.14686468300812552	0.03426940642656018	0.05858669205330651	0.23514267396294453	-1.1096694711712285	0.28063523325762946	569	0.03137573201442412	8.357533578973175e-06
Aquatic	K01803	0.019649421575849285	0.024890137126934244	-0.04446757166313332	0.0837664148148319	-0.11343176929133923	0.20406239780122362	582	0.0010733727329620413	0.672497123069105
Aquatic	K01804	0.0	0.0	0.0	0.0	0.0	0.0	75	0.0	
Aquatic	K01807	0.1785821517976999	0.034483539462471825	0.08975255414237247	0.2674117494530273	-1.3650158247831008	0.2820648570474423	557	0.04609608873713111	3.8450546524515516e-08
Aquatic	K01808	0.1785821517976999	0.034483539462471825	0.08975255414237247	0.2674117494530273	-1.3650158247831008	0.2820648570474423	557	0.04609608873713111	3.8450546524515516e-08
Aquatic	K01813	-0.013063675358216365	0.025345660478043933	-0.07835409674965754	0.05222674603322481	0.1168864325905484	0.2107431349029244	83	0.0032690116975298	1.1555952877367437
Aquatic	K01814	0.0025403559321580988	0.004130515930682687	-0.008099853105280504	0.0131805649695967	-0.01956795434517158	0.03391241938160448	544	0.0006973941036103604	0.7859969895638081
Aquatic	K01815	-0.019281975757786472	0.08884247343465507	-0.24814018732545795	0.209576235809885	0.23387219908442267	0.7343928402581137	117	0.00040943606083587714	1.0295424460242257
Aquatic	K01817	0.03832006635724615	0.017122244581665384	-0.005786835685123885	0.08242696839961619	-0.2943196001959428	0.1405010128216186	453	0.010983934051847721	0.041226163717012376
Aquatic	K01820	-0.013063675358216365	0.025345660478043933	-0.07835409674965754	0.05222674603322481	0.1168864325905484	0.2107431349029244	83	0.0032690116975298	1.1555952877367437
Aquatic	K01823	0.06641368430197361	0.035952217143904036	-0.026199227060723182	0.15902659566467042	-0.5277327046123221	0.29648879880088835	232	0.014619745416204366	0.11390157212446095
Aquatic	K01837	-0.016843127162966633	0.033814706505498594	-0.10394981112113102	0.07026355679519775	0.2115589076214774	0.2773572897664563	422	0.0005903756644662916	1.1461058795101782
Aquatic	K01838	0.1237698169076959	0.05390511711136186	-0.01508976477117227	0.2626293985865641	-0.9823858339137043	0.44187334219870417	110	0.04654223285829684	0.034867019265842014
Aquatic	K01841	0.20515026608385595	0.10014184714541514	-0.05281513216273348	0.4631156643304454	-1.6682432931724822	0.8302332760371789	22	0.1734426729646995	0.0691322973534223
Aquatic	K01843	0.05415340870501996	0.07286418087652155	-0.13354472123289957	0.24185153864293946	-0.3999883042842285	0.5904096223136955	54	0.010510689017104946	0.70353034364866
Aquatic	K01845	0.04825995037358102	0.0224750589201303	-0.009635801404674633	0.10615570215183667	-0.3560264564341574	0.18427914685585098	493	0.009303178239783882	0.05311489288129945
Aquatic	K01846	0.029771758523993583	0.22064277656739398	-0.5386040339136133	0.5981475509616005	0.23372440511807344	1.7718138716588316	22	0.000909503510767462	0.9884762132487113
Aquatic	K01847	0.3209761943634124	0.06162332339167271	0.1622345133064635	0.4797178754203613	-2.514348526255114	0.5079906619466839	248	0.09933114719262204	3.154918903902626e-08
Aquatic	K01848	0.3209761943634124	0.06162332339167271	0.1622345133064635	0.4797178754203613	-2.514348526255114	0.5079906619466839	248	0.09933114719262204	3.154918903902626e-08
Aquatic	K01849	0.3209761943634124	0.06162332339167271	0.1622345133064635	0.4797178754203613	-2.514348526255114	0.5079906619466839	248	0.09933114719262204	3.154918903902626e-08
Aquatic	K01850	0.11832150585921655	0.06506094592686305	-0.049275490848382675	0.2859185025668158	-0.8374274616470316	0.5345580252899255	181	0.018141881850961994	0.12177797264510781
Aquatic	K01851	0.24900247849901072	0.06322817167611801	0.08612670826133073	0.4118782487366907	-1.9812692633629305	0.5235017652410708	128	0.10959778541419374	5.152784304418567e-05
Aquatic	K01857	-0.045264745062239556	0.06681647447500787	-0.2173839833098598	0.12685449318538072	0.40041985802745483	0.5680375740740116	44	0.010808960441094806	1.2533571714976577
Aquatic	K01858	0.23399464822758004	0.11271010205907322	-0.0563465746765926	0.5243358711317527	-1.8536475757369082	0.9536859770820161	39	0.1043350047979007	0.06431982308257078
Aquatic	K01866	0.0890107751755155	0.021105240998791797	0.03464367436262784	0.14337787598840318	-0.6864337983316433	0.17278178034648975	598	0.02897922696078592	1.2084298337100563e-05
Aquatic	K01869	-0.0045626758838255305	0.0037108038374872687	-0.014121706569192734	0.004996354801541673	0.038495999849622375	0.03038045251492666	593	0.0025515625404485265	1.6180484467809204
Aquatic	K01870	0.021569200262446034	0.009751464050128765	-0.003550571130685666	0.046688971655577734	-0.16820781260545453	0.07980509575314075	593	0.008210328573868275	0.04439426225850829
Aquatic	K01873	0.004430944678906151	0.0037047934676324927	-0.00511260329371515	0.013974492651527452	-0.03508798315660488	0.030334101275067218	595	0.0024063767466068198	0.4022683346288982
Aquatic	K01893	-0.002934523022957018	0.008386289225111053	-0.02453760406684309	0.018668558020929052	0.026492419682599876	0.06914592046834947	300	0.00041071512628210183	1.0749892200318412
Aquatic	K01899	0.0	0.0	0.0	0.0	0.0	0.0	21	0.0	
Aquatic	K01900	0.0	0.0	0.0	0.0	0.0	0.0	21	0.0	
Aquatic	K01902	0.0	0.0	0.0	0.0	0.0	0.0	21	0.0	
Aquatic	K01903	0.0	0.0	0.0	0.0	0.0	0.0	21	0.0	
Aquatic	K01907	0.10128917231549864	0.08489889232276952	-0.11741037430795567	0.319988718938953	-0.7510527019953543	0.7088030879542789	129	0.01108352455913697	0.4040752222761703
Aquatic	K01910	0.16466417648835457	0.48185653636724035	-1.0765982611936566	1.4059266141703657	-1.3266895106373302	4.038696846952972	13	0.0105047033607083	0.9283527715693802
Aquatic	K01911	0.0	0.0	0.0	0.0	0.0	0.0	72	0.0	
Aquatic	K01912	-0.043205848769455886	0.12450654139495125	-0.3639346994028503	0.2775230018639385	0.7674380108694416	1.031539046720095	198	0.0006140135114202083	1.0737972607161597
Aquatic	K01915	0.6529129551666257	0.07275752952394944	0.465489559112932	0.8403363512203195	-4.783963893336604	0.5956715679007167	593	0.11991944946678634	0.0
Aquatic	K01919	0.3894936883996003	0.06279943460144817	0.2277223448662698	0.5512650319329309	-3.0149262430947212	0.5184115446485037	385	0.09126950781384657	2.3152590955533014e-11
Aquatic	K01920	0.005634772455692106	0.03237400473736505	-0.07776066374776026	0.08903020865914447	-0.013518126012611896	0.26680146550539735	295	0.00010338258637765385	0.9808988776484224
Aquatic	K01921	0.09492246583241747	0.03167458876472914	0.013328725174475212	0.1765162064903597	-0.6960148517769216	0.2592899191456713	583	0.015222225763092068	0.00328835320750831
Aquatic	K01923	0.0155508995807013	0.010017499778298135	-0.010254179848194697	0.041355979009597296	-0.1189200165903834	0.08206385600699356	579	0.004159168039823746	0.21563536465998467
Aquatic	K01924	0.004386111755392513	0.0267493707743029	-0.06452026735921176	0.07329249086999678	0.026948602711317327	0.21878792113436663	585	4.6115153880421644e-05	0.9830292556644358
Aquatic	K01925	-0.004131969793743484	0.007743816176425169	-0.02408004026421472	0.015816100676727753	0.038542300344233615	0.06334947247306773	582	0.0004906401423278028	1.165775422203005
Aquatic	K01928	-0.001434595507727739	0.10371692456236718	-0.2686093931803856	0.26574020216493016	0.0593213231121725	0.833407400792577	29	7.085864293654431e-06	1.0001217904814532
Aquatic	K01933	0.005737764408344438	0.00428924850173439	-0.005311339732123351	0.016786868548812228	-0.04552433869880768	0.03509962830044422	498	0.003594821310164642	0.320072330801203
Aquatic	K01934	0.043317873156182324	0.01853673116593673	-0.004432746327270698	0.09106849263963535	-0.33202201536996406	0.15200850414270348	549	0.009884765346898305	0.030913981454511852
Aquatic	K01935	0.030833438868956016	0.015657942406420707	-0.009501420769983726	0.07116829850789576	-0.23877831256703902	0.12851697293336786	393	0.009820010104327759	0.08470146148225899
Aquatic	K01939	0.11655163525750878	0.021092634909431557	0.06221700773081309	0.17088626278420446	-0.9151990372937634	0.1727921378314753	591	0.04928449957519232	3.6150438198490065e-09
Aquatic	K01941	-0.045669135079055026	0.08028979277785246	-0.25249564127480295	0.16115737111669293	0.42566613805207487	0.666133676715595	59	0.005644063799847832	1.186142914876044
Aquatic	K01945	0.013573156671518554	0.012681151246770614	-0.01909348894016255	0.046239802283199655	-0.09867673250746399	0.10388545685702213	590	0.0019445615708540975	0.48223164985190015
Aquatic	K01952	-0.1388447422044565	0.048927194505883474	-0.26488119525161236	-0.012808289157300673	1.476439045044844	0.4008140131526469	564	0.014126774270453502	1.9940639153848594
Aquatic	K01958	-0.028770019770566552	0.033392204080777046	-0.11478833748264822	0.05724829794151512	0.2610709303594635	0.27740268196098966	156	0.004797125161596916	1.376604722540607
Aquatic	K01959	-0.028770019770566552	0.033392204080777046	-0.11478833748264822	0.05724829794151512	0.2610709303594635	0.27740268196098966	156	0.004797125161596916	1.376604722540607
Aquatic	K01960	-0.028770019770566552	0.033392204080777046	-0.11478833748264822	0.05724829794151512	0.2610709303594635	0.27740268196098966	156	0.004797125161596916	1.376604722540607
Aquatic	K02164	0.0	0.0	0.0	0.0	0.0	0.0	22	0.0	
Aquatic	K02201	0.0053931267441030845	0.007344200202701841	-0.01352553297805686	0.02431178646626303	-0.03947630809877684	0.06012666901290653	597	0.0009054862244554096	0.7094261602934746
Aquatic	K02203	0.03454714021111451	0.05135857723858298	-0.09775255475547526	0.1668468351777043	0.07076662283496776	0.42109874420672205	510	0.0008899136491991033	0.7497188936319124
Aquatic	K02204	0.009641099876910928	0.008674017671295997	-0.01270316964434756	0.031985369398169414	-0.07418741849200935	0.07105981290469165	439	0.0028190649922524846	0.45544102115103735
Aquatic	K02226	0.010512880633366452	0.05220493857674322	-0.12396704114032409	0.14499280240705698	-0.06177376538908397	0.4314069695492228	83	0.0005004006831060837	0.9745137199485072
Aquatic	K02228	-0.013263676281793011	0.08343090192913956	-0.22818167965125652	0.2016543270876705	0.13838792305782394	0.699996937600401	66	0.00039475033273939086	1.0159611755733937
Aquatic	K02230	-0.32509515063433003	0.1036932817762749	-0.5922090444900142	-0.05798125677864585	3.074654473035997	0.8636664108754575	171	0.054964366045104684	1.9980839427246644
Aquatic	K02231	0.040016062478100835	0.054652845402770725	-0.10076966727943656	0.18080179223563822	-0.3128061278494392	0.4485268209119959	45	0.01231384436924532	0.710852893448763
Aquatic	K02232	0.0	0.0	0.0	0.0	0.0	0.0	17	0.0	
Aquatic	K02302	0.38206340059568544	0.09303250401069338	0.14241167026413928	0.6217151309272316	-2.704343533115541	0.7606663105164461	235	0.0674986375872233	2.1726758344442487e-05
Aquatic	K02304	0.38206340059568544	0.09303250401069338	0.14241167026413928	0.6217151309272316	-2.704343533115541	0.7606663105164461	235	0.0674986375872233	2.1726758344442487e-05
Aquatic	K02305	0.0	0.0	0.0	0.0	0.0	0.0	22	0.0	
Aquatic	K02318	-0.0016884416501011944	0.007096671750648792	-0.01996946807977248	0.016592584779570093	0.7112248230245002	0.058098155793716494	598	9.496753644921974e-05	1.035394930982907
Aquatic	K02361	0.24900247849901072	0.06322817167611801	0.08612670826133073	0.4118782487366907	-1.9812692633629305	0.5235017652410708	128	0.10959778541419374	5.152784304418567e-05
Aquatic	K02439	0.07460238389458232	0.04842369248813434	-0.05013704795485176	0.19934181574401638	-0.5993725558600052	0.4010673201807078	151	0.015679772116837576	0.22068513690503444
Aquatic	K02448	0.0	0.0	0.0	0.0	0.0	0.0	22	0.0	
Aquatic	K02488	0.32198471145074103	0.17439227949718145	-0.12724980053399837	0.7712192234354804	-0.8052048012554325	1.4296918463388328	332	0.010224422482264961	0.11415686188824936
Aquatic	K02492	0.019812289985129718	0.01913541462924643	-0.029480538099809085	0.06910511807006853	-0.13547440336633776	0.15697511791772534	489	0.0021963912605150737	0.5053750106443018
Aquatic	K02551	0.033915951337718804	0.011616735303326471	0.003991241196349814	0.06384066147908779	-0.2763262358389046	0.09579707003086192	216	0.038305673285946695	0.004398456089399705
Aquatic	K02552	0.24900247849901072	0.06322817167611801	0.08612670826133073	0.4118782487366907	-1.9812692633629305	0.5235017652410708	128	0.10959778541419374	5.152784304418567e-05
Aquatic	K02564	0.08838216154012818	0.10023615366432874	-0.16982617029918268	0.34659049337943904	-0.557296489928143	0.8310012395440428	175	0.004473907444734304	0.6096019108000432
Aquatic	K02594	0.1955626006931167	0.06772792977918861	0.021095453581926854	0.37002974780430653	-1.539879435244606	0.5506632003624606	79	0.09770033999488514	0.004952715324070489
Aquatic	K02609	0.013859535394910413	0.02012253558420817	-0.037976116270009824	0.06569518705983066	-0.11011639481895083	0.16758367829264945	132	0.003635855993690096	0.7393354347710166
Aquatic	K02610	0.013859535394910413	0.02012253558420817	-0.037976116270009824	0.06569518705983066	-0.11011639481895083	0.16758367829264945	132	0.003635855993690096	0.7393354347710166
Aquatic	K02611	0.013859535394910413	0.02012253558420817	-0.037976116270009824	0.06569518705983066	-0.11011639481895083	0.16758367829264945	132	0.003635855993690096	0.7393354347710166
Aquatic	K02612	0.013859535394910413	0.02012253558420817	-0.037976116270009824	0.06569518705983066	-0.11011639481895083	0.16758367829264945	132	0.003635855993690096	0.7393354347710166
Aquatic	K02613	0.013859535394910413	0.02012253558420817	-0.037976116270009824	0.06569518705983066	-0.11011639481895083	0.16758367829264945	132	0.003635855993690096	0.7393354347710166
Aquatic	K02619	0.0	0.0	0.0	0.0	0.0	0.0	129	0.0	
Aquatic	K02626	-0.011941818029543968	0.03329992179032524	-0.09772241656142179	0.07383878050233385	0.13394139196536234	0.2732785928848288	231	0.0005612743066324422	1.0786099710306358
Aquatic	K02636	0.4839278866838143	0.3252502988389894	-0.3539168831254225	1.3217726564930512	-3.785257625895402	2.737153219333551	17	0.12860289467088615	0.24431221272444015
Aquatic	K02805	-0.12537218118834767	0.061071572056448184	-0.28269255080575817	0.03194818842906286	1.0553934065313444	0.5029154925330878	59	0.0688448352971357	1.9316353073405754
Aquatic	K02825	0.05194625256282619	0.016039706905378513	0.010627967574571136	0.09326453755108124	-0.4123363676684795	0.13226197454587682	441	0.023334416896027332	0.001259273376668535
Aquatic	K02851	0.28139997148903306	0.34860852902084627	-0.6166155992686669	1.179415542246733	-2.2129907481456175	2.902950319000204	32	0.02125783948080029	0.6604638729839318
Aquatic	K02858	0.27622854492184995	0.04406361434005641	0.16272067438186466	0.38973641546183524	-2.124997236211799	0.3615067059806683	535	0.06866796969944333	1.3636647366865873e-11
Aquatic	K03077	0.15316200031862617	0.12672931056052447	-0.17329270368528485	0.4796167043225372	-1.1885060659985511	1.053791072185303	67	0.021977753190219662	0.39460010412933433
Aquatic	K03181	0.048578592734826995	0.04256593801595298	-0.061071263594267886	0.15822844906392186	-0.37504356238811876	0.35033163418848223	113	0.011597814573066412	0.43640970346313246
Aquatic	K03274	0.0	0.0	0.0	0.0	0.0	0.0	169	0.0	
Aquatic	K03335	0.0	0.0	0.0	0.0	0.0	0.0	57	0.0	
Aquatic	K03340	0.0	0.0	0.0	0.0	0.0	0.0	19	0.0	
Aquatic	K03342	0.1975686682299551	0.08794532689390047	-0.028978493848732495	0.42411583030864275	-1.2380085841300876	0.7231665822529357	301	0.016598554309434133	0.040241676485243794
Aquatic	K03394	0.0013797495076669699	0.019737858200976517	-0.04946497321804854	0.05222447223338248	-0.005617452046586659	0.16406068939471175	188	2.6270969038177938e-05	0.9968939729791662
Aquatic	K03396	0.03761937170713228	0.41507719243050945	-1.0316194759938602	1.1068582194081247	-0.2281582083129003	3.4739357431228877	16	0.0005863846066148648	0.9947843262252682
Aquatic	K03403	0.1760566442336105	0.2344479730024777	-0.42788133422077207	0.779994622687993	-0.9425852516366094	1.9307070937841484	58	0.009969478278278876	0.6983757662145371
Aquatic	K03404	0.1760566442336105	0.2344479730024777	-0.42788133422077207	0.779994622687993	-0.9425852516366094	1.9307070937841484	58	0.009969478278278876	0.6983757662145371
Aquatic	K03405	0.1760566442336105	0.2344479730024777	-0.42788133422077207	0.779994622687993	-0.9425852516366094	1.9307070937841484	58	0.009969478278278876	0.6983757662145371
Aquatic	K03417	-0.012287743296218071	0.014643842659482334	-0.05001028198704456	0.025434795394608422	0.10544402669045175	0.12095388666057759	173	0.004100657406134078	1.3612510511682179
Aquatic	K03428	0.0	0.0	0.0	0.0	0.0	0.0	58	0.0	
Aquatic	K03430	0.2885451658915024	0.11833375908309603	-0.016282597506552976	0.5933729292895578	-2.3690439198829614	0.9943739175390973	58	0.09598390595367845	0.022704009710311723
Aquatic	K03431	-0.02742023535800457	0.019539041745466276	-0.0777528068943257	0.022912336178316554	0.25589829052304797	0.16012622054065723	575	0.0034252407032893117	1.7145717138643657
Aquatic	K03465	0.02592974161302188	0.021280156791725045	-0.028887942282461835	0.0807474255085056	-0.19455049031222332	0.17269603784665855	203	0.007332540314133551	0.38859918608873634
Aquatic	K03472	0.0	0.0	0.0	0.0	0.0	0.0	64	0.0	
Aquatic	K03473	0.0	0.0	0.0	0.0	0.0	0.0	120	0.0	
Aquatic	K03474	0.009896858267837972	0.011222488347454356	-0.019012271715204452	0.0388059882508804	-0.07490318444606082	0.09232084332096004	429	0.0018180181994994493	0.609507471262666
Aquatic	K03526	0.015903824765391202	0.008211374782040395	-0.0052486766731448566	0.037056326203927265	-0.12473352653339713	0.06726869253021138	509	0.00734449619410138	0.09180443598636856
Aquatic	K03527	0.06456651346996416	0.02120110704752872	0.009952461715530173	0.11918056522439814	-0.4954978433738586	0.17361650076830684	456	0.02001976869865374	0.0027273456277376873
Aquatic	K03707	-0.03817874231096409	0.08362542197537244	-0.2535978293195235	0.1772403446975953	0.37713034773010967	0.6935606883054567	80	0.002665096913244125	1.124265751256904
Aquatic	K03777	0.05285838157688857	0.08503047308740336	-0.1661801170962625	0.2718968802500396	-0.30547071866620445	0.7089921529718417	166	0.002350783050114602	0.7819117948495911
Aquatic	K03778	0.05285838157688857	0.08503047308740336	-0.1661801170962625	0.2718968802500396	-0.30547071866620445	0.7089921529718417	166	0.002350783050114602	0.7819117948495911
Aquatic	K03785	0.13222184129723516	0.022257848591699176	0.07488562332501808	0.18955805926945224	-1.0421442485419785	0.1823247821710064	555	0.05998591186681912	1.750919409460039e-10
Aquatic	K03786	0.13222184129723516	0.022257848591699176	0.07488562332501808	0.18955805926945224	-1.0421442485419785	0.1823247821710064	555	0.05998591186681912	1.750919409460039e-10
Aquatic	K03794	0.11325385552016554	0.09610716505458686	-0.13431820166045022	0.3608259127007813	-0.8489649839170138	0.7924287732713489	123	0.011346274722801253	0.4131083280727701
Aquatic	K03852	0.0314561712554728	0.10403335326390949	-0.23653374675235805	0.2994460892633036	-0.2120209643941975	0.8694226227114696	41	0.0023387565733192783	0.943458244168841
Aquatic	K03856	0.057941290272406965	0.048261270237372256	-0.06637974185906396	0.1822623224038779	-0.3346019094069177	0.3961109998204711	376	0.0038391642133718262	0.3994719547692924
Aquatic	K03918	0.0	0.0	0.0	0.0	0.0	0.0	14	0.0	
Aquatic	K03921	0.4452314405348875	0.21022514398015843	-0.09630853035800058	0.9867714114277756	-3.599552289641356	1.788380903754315	15	0.2565230913327773	0.057526940263446624
Aquatic	K03922	0.4452314405348875	0.21022514398015843	-0.09630853035800058	0.9867714114277756	-3.599552289641356	1.788380903754315	15	0.2565230913327773	0.057526940263446624
Aquatic	K04040	0.0	0.0	0.0	0.0	0.0	0.0	18	0.0	
Aquatic	K04042	0.006483542144497871	0.00771293848002711	-0.013384987380051967	0.026352071669047707	0.6434957390690983	0.0630940968899066	414	0.0017121566941272759	0.6377255602182981
Aquatic	K04092	0.11832150585921655	0.06506094592686305	-0.049275490848382675	0.2859185025668158	-0.8374274616470316	0.5345580252899255	181	0.018141881850961994	0.12177797264510781
Aquatic	K04093	0.11832150585921655	0.06506094592686305	-0.049275490848382675	0.2859185025668158	-0.8374274616470316	0.5345580252899255	181	0.018141881850961994	0.12177797264510781
Aquatic	K04486	0.006022618748595893	0.033767120873688446	-0.08096148462202556	0.09300672211921733	-0.01120916955841187	0.2782589356017892	310	0.00010327307509905292	0.9799519281953559
Aquatic	K04516	0.11832150585921655	0.06506094592686305	-0.049275490848382675	0.2859185025668158	-0.8374274616470316	0.5345580252899255	181	0.018141881850961994	0.12177797264510781
Aquatic	K04517	0.04115167617517352	0.011415193554189056	0.01174613757958251	0.07055721477076453	-0.33320304408017626	0.09383782602558793	285	0.04390588242674853	0.00025519371373450284
Aquatic	K04561	0.0	0.0	0.0	0.0	0.0	0.0	22	0.0	
Aquatic	K04720	0.10382159407732838	0.03982175552011475	0.0012407518575127813	0.206402436297144	-0.7904830699800852	0.3285668899099036	317	0.02112283591214348	0.0132034504512768
Aquatic	K04747	0.0	0.0	0.0	0.0	0.0	0.0	22	0.0	
Aquatic	K04748	0.0	0.0	0.0	0.0	0.0	0.0	22	0.0	
Aquatic	K04835	-0.06241029533588339	0.12351672488686669	-0.38058937864445197	0.2557687879726852	0.5441776994952374	0.9922438226255704	16	0.017909538609319098	1.1500118045188858
Aquatic	K05306	0.0009078409381965111	0.08870154378274998	-0.22758733584616744	0.22940301772256047	0.03082529403312581	0.7509868831463425	54	2.0144335708405237e-06	0.9999333158205987
Aquatic	K05308	0.09712298627241421	0.06726268710319946	-0.0761456957054276	0.270391668250256	-0.7870909008023333	0.565162121923875	63	0.03304987838732287	0.2651869194056906
Aquatic	K05356	0.0	0.0	0.0	0.0	0.0	0.0	23	0.0	
Aquatic	K05526	0.008660418137874	0.04233279464157093	-0.10038886085881271	0.11770969713456073	-0.06396239917846186	0.3526092292086111	85	0.0005039956779215871	0.9737075485944193
Aquatic	K05602	0.006022618748595893	0.033767120873688446	-0.08096148462202556	0.09300672211921733	-0.01120916955841187	0.2782589356017892	310	0.00010327307509905292	0.9799519281953559
Aquatic	K05774	-0.04767438232583766	0.13566468587298472	-0.3971466131346463	0.301797848482971	0.458057689844912	1.1366024116917242	59	0.0021618311956740355	1.0756061303612787
Aquatic	K05822	0.051848420709658526	0.06847456199900212	-0.12454205099977095	0.228238892419088	-0.3922452685640101	0.5549848629734532	50	0.01180360229023869	0.6941967690463049
Aquatic	K05878	-0.17094859326534745	0.14389972398020956	-0.5416342822383673	0.1997370957076724	1.9118517361354121	1.1927760762984145	82	0.01733510966003582	1.5927974369866857
Aquatic	K05879	-0.17094859326534745	0.14389972398020956	-0.5416342822383673	0.1997370957076724	1.9118517361354121	1.1927760762984145	82	0.01733510966003582	1.5927974369866857
Aquatic	K05881	-0.17094859326534745	0.14389972398020956	-0.5416342822383673	0.1997370957076724	1.9118517361354121	1.1927760762984145	82	0.01733510966003582	1.5927974369866857
Aquatic	K05887	0.23309595636253325	0.0351818089728159	0.1424676164485595	0.323724296276507	-1.825505059579128	0.2881715093468925	443	0.09052818287396036	7.300826609935029e-13
Aquatic	K05942	-0.059797086290793534	0.2222170888982848	-0.6322283072927751	0.5126341347111881	0.6751989399227095	1.8399798504917588	33	0.0023303984546722	1.0450519493821389
Aquatic	K05979	0.0	0.0	0.0	0.0	0.0	0.0	31	0.0	
Aquatic	K06001	0.035836435739113846	0.03228392993285572	-0.047326967767922494	0.11899983924615018	0.5310155627233141	0.2644693671020527	584	0.0021126878810835414	0.4563774944541348
Aquatic	K06048	0.3894936883996003	0.06279943460144817	0.2277223448662698	0.5512650319329309	-3.0149262430947212	0.5184115446485037	385	0.09126950781384657	2.3152590955533014e-11
Aquatic	K06153	0.05284455546998509	0.021204293057702286	-0.0017777034466560024	0.10746681438662617	-0.3995974965375667	0.1736764102067648	530	0.011626263887460131	0.019178472325503293
Aquatic	K06208	0.11832150585921655	0.06506094592686305	-0.049275490848382675	0.2859185025668158	-0.8374274616470316	0.5345580252899255	181	0.018141881850961994	0.12177797264510781
Aquatic	K06209	0.11832150585921655	0.06506094592686305	-0.049275490848382675	0.2859185025668158	-0.8374274616470316	0.5345580252899255	181	0.018141881850961994	0.12177797264510781
Aquatic	K06447	-0.031227506206032866	0.06146143342727642	-0.18955215871469694	0.1270971463026312	0.2908865954583097	0.5097147893726365	130	0.002012724214555228	1.1515484525703559
Aquatic	K06718	0.0	0.0	0.0	0.0	0.0	0.0	116	0.0	
Aquatic	K06879	0.01890757040008008	0.014636328847663894	-0.018795612711502117	0.056610753511662275	-0.14462462966527886	0.11992910085633113	380	0.004395438550472863	0.3456259931963397
Aquatic	K06966	0.0	0.0	0.0	0.0	0.0	0.0	127	0.0	
Aquatic	K07024	-0.002636450418490252	0.1919013616221598	-0.4969743579571739	0.49170145712019336	0.7618125637595814	1.635194376576333	15	1.451889105108517e-05	1.0001201536960767
Aquatic	K07127	0.003093570932199522	0.06179965235306757	-0.15610233352930253	0.1622894753937016	0.02139471052846547	0.5184164072410681	155	1.6377573197390305e-05	0.9984060237066248
Aquatic	K07142	0.1613861927502839	0.04012429543769985	0.058026007702769083	0.26474637779779875	-1.1697591548383108	0.328736290670872	580	0.027227109274501116	3.366436722807009e-05
Aquatic	K07160	0.26753111611674607	0.09004856034207415	0.03556602467556305	0.4994962075579291	-1.8075428478671796	0.7423639613599069	305	0.028306218193746346	0.0036275096870779233
Aquatic	K07173	0.15288634082355218	0.13052863061140085	-0.18335541163141644	0.4891280932785208	-1.2153743000319133	1.072823362293944	34	0.041109740729726174	0.4175356250588642
Aquatic	K07404	-0.0016143128650173172	0.02068839151095486	-0.05490760939723703	0.0516789836672024	0.02596480227700891	0.17124877740047795	307	1.996243219781757e-05	1.0038686608606004
Aquatic	K07558	-0.12114854102513084	0.04807505533226071	-0.24498988356103443	0.002692801510772752	1.0343258265328195	0.39250365063458803	160	0.03863902788793916	1.9824508587884928
Aquatic	K07749	-0.41009605909847535	0.1365045726833904	-0.7617318383308891	-0.05846027986606167	3.8035917849863283	1.1240404509662851	16	0.39198148881028394	1.9968040944629162
Aquatic	K08316	-0.15671094715309236	0.09767513000249979	-0.40832208203953185	0.09490018773334713	1.536293488103337	0.8046798623966454	186	0.013796827905812159	1.8057759337209798
Aquatic	K08323	0.3695835931564227	0.10257877341830139	0.10534067283087828	0.6338265134819672	-2.8148332911658884	0.8482796306759874	160	0.07592107391894198	0.00025762554952613037
Aquatic	K08678	0.13262172607424033	0.040160695499492326	0.02916777446754809	0.23607567768093257	-1.0458942821881583	0.3318102051258056	220	0.04763997924243102	0.0009659888145439055
Aquatic	K08680	0.0	0.0	0.0	0.0	0.0	0.0	86	0.0	
Aquatic	K08963	0.018822526960866726	0.01777061477559399	-0.02695457670106339	0.06459963062279683	-0.1408993066896351	0.14572987979430713	260	0.004329590730703492	0.4895745822241955
Aquatic	K08967	0.0	0.0	0.0	0.0	0.6931471805599453	0.0	49	0.0	
Aquatic	K09007	0.038308443619304224	0.046940410546481896	-0.08261005394843315	0.1592269411870416	-0.16263014131519107	0.38549420697108094	469	0.0014241620915134146	0.6544178026149989
Aquatic	K09065	0.0	0.0	0.0	0.0	0.0	0.0	58	0.0	
Aquatic	K09457	0.01890757040008008	0.014636328847663894	-0.018795612711502117	0.056610753511662275	-0.14462462966527886	0.11992910085633113	380	0.004395438550472863	0.3456259931963397
Aquatic	K09459	0.0	0.0	0.0	0.0	0.0	0.0	22	0.0	
Aquatic	K09834	0.06504982608378884	0.11602739794116886	-0.23383675101266216	0.36393640318023984	0.8948049635059494	0.9502952266993605	17	0.020524541949984765	0.8186472967346201
Aquatic	K09882	-0.32509515063433003	0.1036932817762749	-0.5922090444900142	-0.05798125677864585	3.074654473035997	0.8636664108754575	171	0.054964366045104684	1.9980839427246644
Aquatic	K09883	-0.32509515063433003	0.1036932817762749	-0.5922090444900142	-0.05798125677864585	3.074654473035997	0.8636664108754575	171	0.054964366045104684	1.9980839427246644
Aquatic	K10206	0.0	0.0	0.0	0.0	0.0	0.0	24	0.0	
Aquatic	K10977	0.1955626006931167	0.06772792977918861	0.021095453581926854	0.37002974780430653	-1.539879435244606	0.5506632003624606	79	0.09770033999488514	0.004952715324070489
Aquatic	K11067	-0.0032175437046703466	0.01083372572177188	-0.031125221163954712	0.02469013375461402	0.029705424704026512	0.08970085382644526	225	0.0003953817576546337	1.0546055689616667
Aquatic	K11204	0.3894936883996003	0.06279943460144817	0.2277223448662698	0.5512650319329309	-3.0149262430947212	0.5184115446485037	385	0.09126950781384657	2.3152590955533014e-11
Aquatic	K11205	0.3894936883996003	0.06279943460144817	0.2277223448662698	0.5512650319329309	-3.0149262430947212	0.5184115446485037	385	0.09126950781384657	2.3152590955533014e-11
Aquatic	K11260	-0.19953134844078804	0.18513535892670227	-0.6764400330359731	0.27737733615439697	1.917593135254168	1.5491906435106089	25	0.048074908747097744	1.5226356616841075
Aquatic	K11261	-0.19953134844078804	0.18513535892670227	-0.6764400330359731	0.27737733615439697	1.917593135254168	1.5491906435106089	25	0.048074908747097744	1.5226356616841075
Aquatic	K11391	-0.15671094715309236	0.09767513000249979	-0.40832208203953185	0.09490018773334713	1.536293488103337	0.8046798623966454	186	0.013796827905812159	1.8057759337209798
Aquatic	K11395	0.04702222871118891	0.06729714842768456	-0.1263352256385265	0.22037968306090433	-0.3803959608072236	0.5625932707043151	55	0.00912756577913132	0.7328540309426093
Aquatic	K11528	0.006483542144497871	0.00771293848002711	-0.013384987380051967	0.026352071669047707	-0.049651441490847	0.0630940968899066	414	0.0017121566941272759	0.6377255602182981
Aquatic	K11540	0.09904803637732117	0.05063043346221657	-0.03137596022134874	0.22947203297599106	-0.2824222268601033	0.41453689224277734	589	0.00647750938176217	0.08747520519919139
Aquatic	K11541	0.014897569853916133	0.011624404660761435	-0.015046896552205322	0.04484203626003759	-0.11210449317258142	0.09515804398087419	539	0.0030492206528143218	0.35147750847595405
Aquatic	K11752	0.018871735877738577	0.018832133785510213	-0.029639840753735734	0.0673833125092129	0.5531714367513817	0.1542519310524181	576	0.0017464397723239156	0.5276616141979913
Aquatic	K11753	0.027868850499178224	0.010527910954961585	0.000748951879197178	0.05498874911915927	-0.22053166344124742	0.08615410547630054	526	0.013196330216671992	0.01155061623520326
Aquatic	K11755	0.06507574990020117	0.027932610936302095	-0.0068786558717130325	0.13703015567211535	0.11362828332391262	0.22895549519423863	576	0.009367334959827112	0.03157540243350043
Aquatic	K11787	-0.005906069637462362	0.0350240835685527	-0.09612810891005412	0.0843159696351294	0.634933575576901	0.28681985779278285	593	4.811219705624925e-05	1.017939844090923
Aquatic	K11788	-0.005906069637462362	0.0350240835685527	-0.09612810891005412	0.0843159696351294	0.634933575576901	0.28681985779278285	593	4.811219705624925e-05	1.017939844090923
Aquatic	K11808	0.11939332303471413	0.04573073930644752	0.0015909385813053234	0.23719570748812294	-0.5225229201852661	0.3744874705944771	582	0.011615596708971943	0.0130451249570942
Aquatic	K12251	0.13003613410296283	0.06419704446474885	-0.03533545243823019	0.2954077206441559	-1.0300602014694364	0.5289444976266966	85	0.04710479107004251	0.0733854230546136
Aquatic	K12297	-0.15671094715309236	0.09767513000249979	-0.40832208203953185	0.09490018773334713	1.536293488103337	0.8046798623966454	186	0.013796827905812159	1.8057759337209798
Aquatic	K12350	-0.26213245977723937	0.511306840783485	-1.5792588816354969	1.054993962081018	2.3247424097392364	4.30242942109674	15	0.019817192480741097	1.1540746055062876
Aquatic	K12351	-0.26213245977723937	0.511306840783485	-1.5792588816354969	1.054993962081018	2.3247424097392364	4.30242942109674	15	0.019817192480741097	1.1540746055062876
Aquatic	K12352	-0.26213245977723937	0.511306840783485	-1.5792588816354969	1.054993962081018	2.3247424097392364	4.30242942109674	15	0.019817192480741097	1.1540746055062876
Aquatic	K12353	-0.26213245977723937	0.511306840783485	-1.5792588816354969	1.054993962081018	2.3247424097392364	4.30242942109674	15	0.019817192480741097	1.1540746055062876
Aquatic	K12354	-0.26213245977723937	0.511306840783485	-1.5792588816354969	1.054993962081018	2.3247424097392364	4.30242942109674	15	0.019817192480741097	1.1540746055062876
Aquatic	K12447	0.22841114698766563	0.054976363490202663	0.08679203463690355	0.3700302593384277	-1.695973398172724	0.4502822619242592	420	0.03965812307545724	1.6884502313629923e-05
Aquatic	K12449	0.13262172607424033	0.040160695499492326	0.02916777446754809	0.23607567768093257	-1.0458942821881583	0.3318102051258056	220	0.04763997924243102	0.0009659888145439055
Aquatic	K12450	0.0	0.0	0.0	0.0	0.0	0.0	10	0.0	
Aquatic	K12506	0.0302400364701957	0.034357456882533464	-0.05826477245921051	0.11874484539960191	0.3422804481745283	0.2815739904069027	508	0.0015286487039559704	0.6106832313960526
Aquatic	K12524	0.2306788100770845	0.05940970788207129	0.07763940257286883	0.38371821758130015	-1.5610351174660482	0.48591196655417984	562	0.026216514359543974	6.786440680128791e-05
Aquatic	K12525	0.2306788100770845	0.05940970788207129	0.07763940257286883	0.38371821758130015	-1.5610351174660482	0.48591196655417984	562	0.026216514359543974	6.786440680128791e-05
Aquatic	K12526	0.11334160490817564	0.047525303848211145	-0.009083577804816265	0.23576678762116754	-0.09106550751024423	0.3892577886769291	593	0.009531953172025487	0.026760255393326826
Aquatic	K12657	0.015625102959608932	0.023628443892676643	-0.045241768507926106	0.07649197442714396	0.6101369354882296	0.19373605321358778	535	0.0008197702560039932	0.7570005505503814
Aquatic	K12661	0.0	0.0	0.0	0.0	0.0	0.0	13	0.0	
Aquatic	K13038	0.0	0.0	0.0	0.0	0.0	0.0	564	0.0	
Aquatic	K13069	0.32198471145074103	0.17439227949718145	-0.12724980053399837	0.7712192234354804	-0.8052048012554325	1.4296918463388328	332	0.010224422482264961	0.11415686188824936
Aquatic	K13243	0.3016112718703227	0.1644529454503107	-0.12201951560967766	0.725242059350323	-0.9571556674524933	1.3528190998371863	296	0.011311597229871406	0.11749363168740246
Aquatic	K13244	0.3016112718703227	0.1644529454503107	-0.12201951560967766	0.725242059350323	-0.9571556674524933	1.3528190998371863	296	0.011311597229871406	0.11749363168740246
Aquatic	K13245	0.3016112718703227	0.1644529454503107	-0.12201951560967766	0.725242059350323	-0.9571556674524933	1.3528190998371863	296	0.011311597229871406	0.11749363168740246
Aquatic	K13246	0.3016112718703227	0.1644529454503107	-0.12201951560967766	0.725242059350323	-0.9571556674524933	1.3528190998371863	296	0.011311597229871406	0.11749363168740246
Aquatic	K13421	0.05836278169011274	0.01405471341996671	0.02215783992027849	0.09456772345994699	-0.4600031667253924	0.11507584856636485	594	0.0283032951433545	1.7079739176750763e-05
Aquatic	K13484	0.003093570932199522	0.06179965235306757	-0.15610233352930253	0.1622894753937016	0.02139471052846547	0.5184164072410681	155	1.6377573197390305e-05	0.9984060237066248
Aquatic	K13497	0.005357007568250497	0.01446561419111014	-0.03190641458804922	0.04262042972455022	-0.026752551578060776	0.11862385117630121	566	0.00024310062191590376	0.9163953833982101
Aquatic	K13498	0.03832006635724615	0.017122244581665384	-0.005786835685123885	0.08242696839961619	-0.2943196001959428	0.1405010128216186	453	0.010983934051847721	0.041226163717012376
Aquatic	K13501	0.03832006635724615	0.017122244581665384	-0.005786835685123885	0.08242696839961619	-0.2943196001959428	0.1405010128216186	453	0.010983934051847721	0.041226163717012376
Aquatic	K13540	0.0013797495076669699	0.019737858200976517	-0.04946497321804854	0.05222447223338248	-0.005617452046586659	0.16406068939471175	188	2.6270969038177938e-05	0.9968939729791662
Aquatic	K13542	0.08299835599788069	0.04578263162437552	-0.03493770306651066	0.20093441506227205	-0.5462361994854823	0.37574032173704736	412	0.007952180424462663	0.12340676181220278
Aquatic	K13543	0.08299835599788069	0.04578263162437552	-0.03493770306651066	0.20093441506227205	-0.5462361994854823	0.37574032173704736	412	0.007952180424462663	0.12340676181220278
Aquatic	K13562	0.4578975146808195	0.08540543421635394	0.23789311613949177	0.6779019132221473	-3.471041028488685	0.7081971158006902	375	0.07155085860989818	1.1285216094947259e-08
Aquatic	K13713	0.05788902168996279	0.01756683719152043	0.012636849084606161	0.10314119429531941	0.21031077794960357	0.14386021758449524	594	0.01801313238781077	0.000994470822660798
Aquatic	K13786	0.23098909166314466	0.05256389018440822	0.09558451054810907	0.36639367277818025	-1.6226794999010337	0.43278639989674506	511	0.036552591591132	4.5798036492072924e-06
Aquatic	K13787	0.0757103653450154	0.09809539520333733	-0.17698337269878156	0.3284041033888124	-0.546970494367993	0.8219206029608186	103	0.005863247100309499	0.6843936364780341
Aquatic	K13789	0.0757103653450154	0.09809539520333733	-0.17698337269878156	0.3284041033888124	-0.546970494367993	0.8219206029608186	103	0.005863247100309499	0.6843936364780341
Aquatic	K13799	0.050401118692925906	0.0402858686477568	-0.05337527894369562	0.15417751632954743	-0.40299079172596886	0.3310880039949944	63	0.025017385678823723	0.36918815855003495
Aquatic	K13800	0.050401118692925906	0.0402858686477568	-0.05337527894369562	0.15417751632954743	-0.40299079172596886	0.3310880039949944	63	0.025017385678823723	0.36918815855003495
Aquatic	K13809	0.050401118692925906	0.0402858686477568	-0.05337527894369562	0.15417751632954743	-0.40299079172596886	0.3310880039949944	63	0.025017385678823723	0.36918815855003495
Aquatic	K13829	0.05743716066381063	0.04861785877669217	-0.06780244354494841	0.18267676487256967	-0.1651292657929176	0.39834651302565155	585	0.0023882910623546083	0.41125792743504386
Aquatic	K13830	0.12312598847171247	0.03685896196019427	0.02817730246225203	0.2180746744811729	0.3706326661448951	0.30184639852800027	594	0.0185004234751992	0.0008219397535471629
Aquatic	K13832	0.17778884401812203	0.04980827890292512	0.04948271756418693	0.30609497047205714	-0.9009627269600041	0.4079703259016652	582	0.021495171836213744	0.00030015311387110444
Aquatic	K13853	0.03804859335458795	0.07178815505690543	-0.14687769407200046	0.22297488078117633	0.08751284927461783	0.5895132644006942	403	0.0007000404320607334	0.8362441330975781
Aquatic	K13937	-0.0016143128650173172	0.02068839151095486	-0.05490760939723703	0.0516789836672024	0.02596480227700891	0.17124877740047795	307	1.996243219781757e-05	1.0038686608606004
Aquatic	K13939	0.1613861927502839	0.04012429543769985	0.058026007702769083	0.26474637779779875	-1.1697591548383108	0.328736290670872	580	0.027227109274501116	3.366436722807009e-05
Aquatic	K13940	0.1613861927502839	0.04012429543769985	0.058026007702769083	0.26474637779779875	-1.1697591548383108	0.328736290670872	580	0.027227109274501116	3.366436722807009e-05
Aquatic	K13941	0.1613861927502839	0.04012429543769985	0.058026007702769083	0.26474637779779875	-1.1697591548383108	0.328736290670872	580	0.027227109274501116	3.366436722807009e-05
Aquatic	K13950	0.1276087355767757	0.06270740740983051	-0.03392554591094768	0.2891430170644991	-0.8728413054405185	0.515791855333489	288	0.014272950540846652	0.07162213746047397
Aquatic	K13990	0.12727929681359412	0.07241557046607004	-0.0592632127070023	0.31382180633419055	-0.986334219506053	0.584347985220996	52	0.05818956564202016	0.13992186194876233
Aquatic	K13998	0.06748482701816834	0.02223210045634133	0.010214936242633067	0.12475471779370362	-0.5391468518512762	0.18289224179566332	353	0.025579415649607973	0.0028345951582942064
Aquatic	K14152	0.06507574990020117	0.027932610936302095	-0.0068786558717130325	0.13703015567211535	0.11362828332391262	0.22895549519423863	576	0.009367334959827112	0.03157540243350043
Aquatic	K14153	0.01850256699422764	0.05765218859894913	-0.13000947083666534	0.16701460482512062	0.4558894977376523	0.4724373222030864	497	0.00020803519607071053	0.9365324531088497
Aquatic	K14154	-0.021360936195009814	0.06227049562904022	-0.18176973293541743	0.1390478605453978	0.4983188366353618	0.5096892187754487	456	0.000259123927281113	1.0721756131224593
Aquatic	K14170	0.11832150585921655	0.06506094592686305	-0.049275490848382675	0.2859185025668158	-0.8374274616470316	0.5345580252899255	181	0.018141881850961994	0.12177797264510781
Aquatic	K14187	0.05856477213296404	0.06426229838236612	-0.1069749085000111	0.22410445276593918	-0.2632168775071074	0.5281798803065025	372	0.0022396745438525434	0.5893482536929124
Aquatic	K14267	0.0	0.0	0.0	0.0	0.0	0.0	106	0.0	
Aquatic	K14275	0.0	0.0	0.0	0.0	0.0	0.0	11	0.0	
Aquatic	K14541	-0.26119638418854024	0.11857440911893097	-0.5666440620789064	0.044251293701825956	2.7677300768183013	0.9878251052011663	71	0.06570343062581763	1.9544572498100161
Aquatic	K14584	0.06919018156600883	0.20900335343712145	-0.46920245688801604	0.6075828200200337	-0.4936018501770403	1.7538137341421711	16	0.0077672618852490105	0.9326092192970872
Aquatic	K14652	0.47029473235902847	0.060064729785774366	0.3155679884308737	0.6250214762871833	-3.1392916214977706	0.49250287144048627	567	0.09788469187999049	0.0
Aquatic	K14656	0.018389393316367547	0.00585006139807928	0.0033196351549153215	0.033459151477819776	-0.14771951238188877	0.0478685253487588	525	0.018543148543765264	0.0018535935269992088
Aquatic	K14681	-0.0032175437046703466	0.01083372572177188	-0.031125221163954712	0.02469013375461402	0.029705424704026512	0.08970085382644526	225	0.0003953817576546337	1.0546055689616667
Aquatic	K14682	-0.0032175437046703466	0.01083372572177188	-0.031125221163954712	0.02469013375461402	0.029705424704026512	0.08970085382644526	225	0.0003953817576546337	1.0546055689616667
Aquatic	K14727	0.046197591306073114	0.05265769159543613	-0.08944862224377034	0.18184380485591659	-0.36673958644635624	0.44221126556853907	66	0.011883468599837133	0.6126270337633679
Aquatic	K14759	0.2226040437688408	0.10898646032301286	-0.058145078023240315	0.5033531655609219	-1.2666031632062262	0.9003471654905766	228	0.018124621008493214	0.0702401480695869
Aquatic	K14760	0.0	0.0	0.0	0.0	0.0	0.0	72	0.0	
Aquatic	K15461	0.028540599241386338	0.06682797045910013	-0.14360825266125563	0.20068945114402828	-0.11474863225342392	0.5509200509835476	282	0.0006509817142749119	0.8903724847666865
Aquatic	K15789	0.013436559528541716	0.021024698137604884	-0.04072306287392846	0.0675961819310119	-0.10243708973875401	0.17337552420386018	167	0.0024692154507872655	0.7710407849808185
Aquatic	K15792	-0.001434595507727739	0.10371692456236718	-0.2686093931803856	0.26574020216493016	0.0593213231121725	0.833407400792577	29	7.085864293654431e-06	1.0001217904814532
Aquatic	K15918	0.22084754790441768	0.05226338978700501	0.08621705581309277	0.35547803999574257	-1.7183159158753345	0.43099837456470025	245	0.06845241650152845	1.156374904320856e-05
Aquatic	K16011	0.13621331109212553	0.09344622733655805	-0.10450417052684802	0.3769307927110991	-1.0274199593807185	0.7677707716515285	82	0.025872672712643596	0.25854593642859647
Aquatic	K16047	0.22920980526404863	0.25511867962680856	-0.42797591345461017	0.8863955239827075	-1.9196461789267123	2.214892958583088	10	0.09165242137630547	0.5981699756711194
Aquatic	K16048	0.22920980526404863	0.25511867962680856	-0.42797591345461017	0.8863955239827075	-1.9196461789267123	2.214892958583088	10	0.09165242137630547	0.5981699756711194
Aquatic	K16171	0.05828038109250928	0.045329696322880274	-0.05848891663523031	0.17504967882024886	-0.44930672410637584	0.3769563281430971	158	0.01048520295623423	0.34911715251270214
Aquatic	K16329	0.0	0.0	0.0	0.0	0.0	0.0	67	0.0	
Aquatic	K16330	0.0	0.0	0.0	0.0	0.0	0.0	67	0.0	
Aquatic	K16856	0.0	0.0	0.0	0.0	0.0	0.0	17	0.0	
Aquatic	K16881	0.13621331109212553	0.09344622733655805	-0.10450417052684802	0.3769307927110991	-1.0274199593807185	0.7677707716515285	82	0.025872672712643596	0.25854593642859647
Aquatic	K16953	0.35786873471513686	0.27602848458140383	-0.35318064156655943	1.068918110996833	-2.7924066120469835	2.288186447265091	28	0.06072389748017182	0.34297804458709336
Aquatic	K17104	0.0	0.0	0.0	0.0	0.0	0.0	67	0.0	
Aquatic	K17877	0.006429516182639724	0.060242140341367004	-0.14875423733672166	0.16161326970200113	1.3305996884692142	0.5023200390013345	235	4.888534092706287e-05	0.9927745948791031
Aquatic	K18126	0.3304775361659705	0.36196148990480187	-0.6019352618287992	1.26289033416074	-2.7261835235129737	3.0555790910572234	11	0.08477084116671962	0.5882001419084635
Aquatic	K18240	0.048578592734826995	0.04256593801595298	-0.061071263594267886	0.15822844906392186	-0.37504356238811876	0.35033163418848223	113	0.011597814573066412	0.43640970346313246
Aquatic	K18365	0.3407775310069881	0.15534059310385595	-0.05937983682854486	0.7409348988425211	-2.623687588783113	1.2918463258910367	77	0.06029773468607147	0.046712596072237655
Aquatic	K18384	0.0	0.0	0.0	0.0	0.0	0.0	20	0.0	
Aquatic	K18482	0.0	0.0	0.0	0.0	0.0	0.0	129	0.0	
Aquatic	K18592	0.055830042845204784	0.07051801456799402	-0.1258243626819478	0.23748444837235738	-0.264180012775557	0.5846504179586939	329	0.0019131822228729556	0.6709641945929419
Aquatic	K18649	0.006022618748595893	0.033767120873688446	-0.08096148462202556	0.09300672211921733	-0.01120916955841187	0.2782589356017892	310	0.00010327307509905292	0.9799519281953559
Aquatic	K18859	0.08068263612236182	0.02948680493136549	0.004724626619164313	0.15664064562555932	-0.6327126414871271	0.24262761331819072	297	0.02475130418170768	0.008511491164060025
Aquatic	K18860	0.08068263612236182	0.02948680493136549	0.004724626619164313	0.15664064562555932	-0.6327126414871271	0.24262761331819072	297	0.02475130418170768	0.008511491164060025
Aquatic	K18911	0.036205727379054926	0.022548524762977914	-0.021879272410376183	0.09429072716848604	-0.29176396921743847	0.18782417395611453	144	0.017832631841283475	0.1937203881831353
Aquatic	K19107	0.051848420709658526	0.06847456199900212	-0.12454205099977095	0.228238892419088	-0.3922452685640101	0.5549848629734532	50	0.01180360229023869	0.6941967690463049
Aquatic	K19268	0.029771758523993583	0.22064277656739398	-0.5386040339136133	0.5981475509616005	0.23372440511807344	1.7718138716588316	22	0.000909503510767462	0.9884762132487113
Aquatic	K19269	0.10169405287346442	0.07156131751233119	-0.08264790103830072	0.28603600678522956	-0.7503417630273392	0.590515420059558	177	0.011408103529403801	0.27647750990398734
Aquatic	K19285	0.4578975146808195	0.08540543421635394	0.23789311613949177	0.6779019132221473	-3.471041028488685	0.7081971158006902	375	0.07155085860989818	1.1285216094947259e-08
Aquatic	K19286	0.4578975146808195	0.08540543421635394	0.23789311613949177	0.6779019132221473	-3.471041028488685	0.7081971158006902	375	0.07155085860989818	1.1285216094947259e-08
Aquatic	K19302	0.05284455546998509	0.021204293057702286	-0.0017777034466560024	0.10746681438662617	-0.3995974965375667	0.1736764102067648	530	0.011626263887460131	0.019178472325503293
Aquatic	K19562	-0.07477743633721234	0.028817776357076563	-0.14901202823304158	-0.0005428444413831113	1.275396655316011	0.23663351515762857	400	0.016636095361700298	1.9862466847594635
Aquatic	K19670	0.41160095479339737	0.2257913540978565	-0.17003757336268094	0.9932394829494757	-3.451421495565879	1.9210426852937443	14	0.21686658465550324	0.12056991972119091
Aquatic	K19712	0.040016062478100835	0.054652845402770725	-0.10076966727943656	0.18080179223563822	-0.3128061278494392	0.4485268209119959	45	0.01231384436924532	0.710852893448763
Aquatic	K19726	0.40733890094267844	0.05410196368770722	0.26797224248314466	0.5467055594022122	-3.0323894396793922	0.4434848190662781	550	0.09374645957234684	2.220446049250313e-16
Aquatic	K19964	0.003093570932199522	0.06179965235306757	-0.15610233352930253	0.1622894753937016	0.02139471052846547	0.5184164072410681	155	1.6377573197390305e-05	0.9984060237066248
Aquatic	K20023	0.027357946290004362	0.10782076639917916	-0.25038834795428117	0.3051042405342899	-0.204078437475621	0.9129635169133968	40	0.0016913885136911055	0.959841956798634
Aquatic	K20246	0.036205727379054926	0.022548524762977914	-0.021879272410376183	0.09429072716848604	-0.29176396921743847	0.18782417395611453	144	0.017832631841283475	0.1937203881831353
Aquatic	K21219	0.01850256699422764	0.05765218859894913	-0.13000947083666534	0.16701460482512062	0.4558894977376523	0.4724373222030864	497	0.00020803519607071053	0.9365324531088497
Aquatic	K21220	-0.0705026541813667	0.04325787533800219	-0.18193494105206034	0.04092963268932695	0.717570663043112	0.35402899120451997	454	0.005842481300618152	1.8156771620466454
Aquatic	K21456	0.005634772455692106	0.03237400473736505	-0.07776066374776026	0.08903020865914447	-0.013518126012611896	0.26680146550539735	295	0.00010338258637765385	0.9808988776484224
Aquatic	K22186	0.0	0.0	0.0	0.0	0.0	0.0	11	0.0	
Aquatic	K22223	0.10169405287346442	0.07156131751233119	-0.08264790103830072	0.28603600678522956	-0.7503417630273392	0.590515420059558	177	0.011408103529403801	0.27647750990398734
Aquatic	K22251	0.22100866178270853	0.1327483304015343	-0.12095103733164383	0.5629683608970609	-1.7460468042410704	1.097150831259166	40	0.06798305346609879	0.1712592392828971
Aquatic	K22305	0.0045613560018060465	0.006967529433395766	-0.013386999818621449	0.022509711822233543	-0.03533769740497271	0.057235850086057125	329	0.0013089218925418367	0.7612134262485368
Aquatic	K22316	0.010512880633366452	0.05220493857674322	-0.12396704114032409	0.14499280240705698	-0.06177376538908397	0.4314069695492228	83	0.0005004006831060837	0.9745137199485072
Aquatic	K22373	0.47912636525924834	0.13897571493468927	0.12112492358748878	0.837127806931008	-3.5857782994370657	1.1443353831171388	87	0.12267693758128184	0.0005174338873015216
Aquatic	K22391	0.038308443619304224	0.046940410546481896	-0.08261005394843315	0.1592269411870416	-0.16263014131519107	0.38549420697108094	469	0.0014241620915134146	0.6544178026149989
Aquatic	K22396	0.0	0.0	0.0	0.0	0.0	0.0	11	0.0	
Aquatic	K22476	-0.0032175437046703466	0.01083372572177188	-0.031125221163954712	0.02469013375461402	0.029705424704026512	0.08970085382644526	225	0.0003953817576546337	1.0546055689616667
Aquatic	K22477	-0.0032175437046703466	0.01083372572177188	-0.031125221163954712	0.02469013375461402	0.029705424704026512	0.08970085382644526	225	0.0003953817576546337	1.0546055689616667
Aquatic	K22478	-0.0032175437046703466	0.01083372572177188	-0.031125221163954712	0.02469013375461402	0.029705424704026512	0.08970085382644526	225	0.0003953817576546337	1.0546055689616667
Aquatic	K22515	0.25465530091586963	0.1021385726279664	-0.008453662173771803	0.5177642640055111	-1.5220747330922264	0.8409015971124378	300	0.020433535543830317	0.01911343140892363
Aquatic	K22548	0.0	0.0	0.0	0.0	0.0	0.0	20	0.0	
Aquatic	K22920	0.22790647544567652	0.04959844813910362	0.1001408730393456	0.35567207785200744	-1.7131170013795491	0.40623460698684916	420	0.048083885065260956	1.4531233849535141e-06
Aquatic	K22949	0.018389393316367547	0.00585006139807928	0.0033196351549153215	0.033459151477819776	-0.14771951238188877	0.0478685253487588	525	0.018543148543765264	0.0018535935269992088
Aquatic	K23123	0.26753111611674607	0.09004856034207415	0.03556602467556305	0.4994962075579291	-1.8075428478671796	0.7423639613599069	305	0.028306218193746346	0.0036275096870779233
Aquatic	K23124	0.26753111611674607	0.09004856034207415	0.03556602467556305	0.4994962075579291	-1.8075428478671796	0.7423639613599069	305	0.028306218193746346	0.0036275096870779233
Aquatic	K23144	0.054422086147826856	0.06595215129092302	-0.11547065557759086	0.22431482787324458	0.2945227600766481	0.5397824223326849	578	0.0011807470247270357	0.6482469951151466
Aquatic	K23264	-0.1388447422044565	0.048927194505883474	-0.26488119525161236	-0.012808289157300673	1.476439045044844	0.4008140131526469	564	0.014126774270453502	1.9940639153848594
Aquatic	K23265	-0.1388447422044565	0.048927194505883474	-0.26488119525161236	-0.012808289157300673	1.476439045044844	0.4008140131526469	564	0.014126774270453502	1.9940639153848594
Aquatic	K23269	-0.1388447422044565	0.048927194505883474	-0.26488119525161236	-0.012808289157300673	1.476439045044844	0.4008140131526469	564	0.014126774270453502	1.9940639153848594
Aquatic	K23270	-0.1388447422044565	0.048927194505883474	-0.26488119525161236	-0.012808289157300673	1.476439045044844	0.4008140131526469	564	0.014126774270453502	1.9940639153848594
Aquatic	K23304	0.3279597498113006	0.05068553238972512	0.1973938183753687	0.4585256812472325	-2.480124837558356	0.415407477175457	541	0.07207692915017161	2.6578739209526248e-12
Aquatic	K23987	0.06218501255670047	0.055640405149168	-0.0811446711075563	0.20551469622095725	0.15858141654381452	0.45726527525860317	438	0.002856682532135113	0.4514953612648598
Aquatic	K23999	0.20515026608385595	0.10014184714541514	-0.05281513216273348	0.4631156643304454	-1.6682432931724822	0.8302332760371789	22	0.1734426729646995	0.0691322973534223
Aquatic	K24017	0.09582085653177815	0.04126760381275685	-0.0104844908898835	0.20212620395343978	-0.24751825074049494	0.3384833648851458	566	0.009468707233633689	0.032313436598420786
Aquatic	K24018	0.07979832648543626	0.04690126646593509	-0.04101933593081254	0.20061598890168508	-0.3685850905014091	0.38388790992811067	561	0.005151852431034998	0.15835968662874844
Aquatic	K24042	0.25539066483178346	0.04503513237402302	0.13938016383630017	0.3714011658272668	-1.5183916195133802	0.3699938301043795	535	0.05690314097317917	1.2840164487215588e-09
Aquatic	K24263	0.1880352579635123	0.06868290694365559	0.011108089676655525	0.3649624262503691	-1.466399089401928	0.573505801528828	139	0.05187139487543768	0.008467070081532135
Aquatic	K24866	0.07105256619695655	0.042860138281835804	-0.03935515001705249	0.18146028241096557	-0.524550623237202	0.3504394899584917	235	0.011657460891998483	0.17384784204101655
Aquatic	K25004	0.15499224401290157	0.033868048277848464	0.06774815164916392	0.24223633637663922	-1.2021022448554826	0.2779714112078269	493	0.04090891434667998	1.6205428741145056e-06
Aquatic	K25009	0.15499224401290154	0.033868048277848464	0.0677481516491639	0.2422363363766392	-0.508955064295537	0.27797141120782687	493	0.0409089143466802	1.6205428741145056e-06
Aquatic	K25031	0.03088429941338355	0.048249873605008556	-0.09340737499311849	0.1551759738198856	-0.18197923068712835	0.40252971373637697	202	0.0020443929527589333	0.7704092272947101
Aquatic	K25528	0.0045613560018060465	0.006967529433395766	-0.013386999818621449	0.022509711822233543	-0.03533769740497271	0.057235850086057125	329	0.0013089218925418367	0.7612134262485368
Aquatic	K25801	0.08068263612236182	0.02948680493136549	0.004724626619164313	0.15664064562555932	-0.6327126414871271	0.24262761331819072	297	0.02475130418170768	0.008511491164060025
Aquatic	K25995	0.08068263612236182	0.02948680493136549	0.004724626619164313	0.15664064562555932	-0.6327126414871271	0.24262761331819072	297	0.02475130418170768	0.008511491164060025
Aquatic	K25996	0.08068263612236182	0.02948680493136549	0.004724626619164313	0.15664064562555932	-0.6327126414871271	0.24262761331819072	297	0.02475130418170768	0.008511491164060025
Aquatic	K26110	0.0	0.0	0.0	0.0	0.0	0.0	93	0.0	
Aquatic	K26138	0.006429516182639724	0.060242140341367004	-0.14875423733672166	0.16161326970200113	1.3305996884692142	0.5023200390013345	235	4.888534092706287e-05	0.9927745948791031
Aquatic	K26139	0.006429516182639724	0.060242140341367004	-0.14875423733672166	0.16161326970200113	1.3305996884692142	0.5023200390013345	235	4.888534092706287e-05	0.9927745948791031
Aquatic	K27797	0.03456700355900721	0.09204116611660745	-0.2025310403573736	0.271665047475388	-0.1835967963552008	0.7604019969339548	169	0.0008438711305396307	0.9141209772735608
Aquatic	K27802	0.0	0.0	0.0	0.0	0.0	0.0	113	0.0	
Aquatic	K28067	0.35786873471513686	0.27602848458140383	-0.35318064156655943	1.068918110996833	-2.7924066120469835	2.288186447265091	28	0.06072389748017182	0.34297804458709336
Aquatic	K28068	0.35786873471513686	0.27602848458140383	-0.35318064156655943	1.068918110996833	-2.7924066120469835	2.288186447265091	28	0.06072389748017182	0.34297804458709336
Aquatic	K28069	0.35786873471513686	0.27602848458140383	-0.35318064156655943	1.068918110996833	-2.7924066120469835	2.288186447265091	28	0.06072389748017182	0.34297804458709336
Aquatic	K28126	-0.02742023535800457	0.019539041745466276	-0.0777528068943257	0.022912336178316554	0.25589829052304797	0.16012622054065723	575	0.0034252407032893117	1.7145717138643657
Aquatic	K28179	0.0	0.0	0.0	0.0	0.0	0.0	16	0.0	
Aquatic	K28192	0.006483542144497871	0.00771293848002711	-0.013384987380051967	0.026352071669047707	-0.049651441490847	0.0630940968899066	414	0.0017121566941272759	0.6377255602182981
Aquatic	K28203	0.10169405287346442	0.07156131751233119	-0.08264790103830072	0.28603600678522956	-0.7503417630273392	0.590515420059558	177	0.011408103529403801	0.27647750990398734
Aquatic	K28207	0.28364335712303895	0.1204099265228722	-0.02653261359987985	0.5938193278459578	-2.26016924994698	1.009063444656822	79	0.0672215366715413	0.029227322001537992
Aquatic	K28208	0.28364335712303895	0.1204099265228722	-0.02653261359987985	0.5938193278459578	-2.26016924994698	1.009063444656822	79	0.0672215366715413	0.029227322001537992
Aquatic	K28462	0.0356601660535117	0.04427819119046449	-0.07840045445312484	0.14972078656014826	-0.2766636404784711	0.36499691772744464	121	0.005420998713321246	0.6617144728692641
Aquatic	K28660	0.22790647544567652	0.04959844813910362	0.1001408730393456	0.35567207785200744	-1.7131170013795491	0.40623460698684916	420	0.048083885065260956	1.4531233849535141e-06
Terrestrial	K00005	0.2594751771725553	0.1566679830711176	-0.14410154721864366	0.6630519015637543	-2.013131302059825	1.3255654664049386	52	0.05200750555216416	0.1744234292295661
Terrestrial	K00010	0.10696944054105699	0.11561851416401436	-0.19086385194544403	0.40480273302755804	-0.8291742746614856	0.9914458973436977	60	0.01454367195688766	0.5798794004602779
Terrestrial	K00014	0.1918657237478598	0.05053070717249684	0.06169862207150795	0.32203282542421163	-1.4163806736336921	0.4315783350654872	401	0.034873488241168094	0.0001032517420558321
Terrestrial	K00019	-0.014030475415865077	0.02937750488136609	-0.08970692799026413	0.06164597715853397	0.1532800678983579	0.25417390042062116	195	0.0011804420964823814	1.135158925409343
Terrestrial	K00021	0.20489986181255218	0.07098885304395351	0.02203257637132794	0.3877671472537764	-1.6486308207519609	0.5980254483043945	46	0.15919999240048155	0.00497290499263392
Terrestrial	K00027	0.0021364278845206757	0.05623193084580357	-0.14271702597426933	0.14698988174331068	0.1304206010244461	0.4802246071596906	298	4.876594607239326e-06	0.9990814748029739
Terrestrial	K00028	0.0021364278845206757	0.05623193084580357	-0.14271702597426933	0.14698988174331068	0.1304206010244461	0.4802246071596906	298	4.876594607239326e-06	0.9990814748029739
Terrestrial	K00029	-0.11917462089451308	0.07595766542158223	-0.3148415670205089	0.07649232523148275	1.1246131026034774	0.6588964668159579	106	0.023122308669381586	1.7913564489891929
Terrestrial	K00060	-0.00043286962522581584	0.025595961001692577	-0.0663680651655859	0.06550232591513426	0.025990673038698533	0.2219613737676746	187	1.5459624634894809e-06	1.0001820589069725
Terrestrial	K00067	-0.031644979706082974	0.03422500973666447	-0.11980860478773066	0.05651864537556471	0.32783322037068036	0.2923171856821518	290	0.002959666126207461	1.4197262028082334
Terrestrial	K00077	0.16690817456438312	0.09170888018261013	-0.06933390078602059	0.4031502499147868	-1.154059491320883	0.7945278042868683	181	0.018168388729115748	0.12139699936830395
Terrestrial	K00082	0.143887187591028	0.03887945616176115	0.04373370851833128	0.24404066666372473	-1.0909947779644296	0.3313646767990489	461	0.02897488120188374	0.00016339369953000116
Terrestrial	K00099	0.0290836904071974	0.009846245187384393	0.0037197628044952046	0.0544476180098996	-0.24003760522355552	0.08395907167703578	447	0.019229375153465678	0.0038703551457341945
Terrestrial	K00107	0.10867688103081843	0.0664308454721723	-0.062448976905497416	0.27980273896713426	-0.7871579452097545	0.5799224267054922	186	0.014336580847311375	0.18199329904231343
Terrestrial	K00108	0.025045510100583562	0.045817391262259574	-0.0929800897909971	0.1430711099921642	-0.17745967603464402	0.39538414591823623	108	0.00281106335280501	0.8267688964891393
Terrestrial	K00121	0.09732463204020432	0.05696394253939694	-0.049414483941282214	0.24406374802169084	-0.74524283060652	0.48319966513619556	158	0.018368319677477207	0.15593098833176788
Terrestrial	K00122	0.1023003705115455	0.10959809944467418	-0.1800243336579352	0.3846250746810262	-0.25073044475518746	0.9389454376466082	274	0.0031929386135808313	0.5742662740552316
Terrestrial	K00123	0.1023003705115455	0.10959809944467418	-0.1800243336579352	0.3846250746810262	-0.25073044475518746	0.9389454376466082	274	0.0031929386135808313	0.5742662740552316
Terrestrial	K00124	0.1023003705115455	0.10959809944467418	-0.1800243336579352	0.3846250746810262	-0.25073044475518746	0.9389454376466082	274	0.0031929386135808313	0.5742662740552316
Terrestrial	K00126	0.1023003705115455	0.10959809944467418	-0.1800243336579352	0.3846250746810262	-0.25073044475518746	0.9389454376466082	274	0.0031929386135808313	0.5742662740552316
Terrestrial	K00127	0.1023003705115455	0.10959809944467418	-0.1800243336579352	0.3846250746810262	-0.25073044475518746	0.9389454376466082	274	0.0031929386135808313	0.5742662740552316
Terrestrial	K00133	0.4032707320643866	0.03427227851883573	0.31498534259986577	0.4915561215289074	-3.2617529228802917	0.29179293290453306	479	0.2249631655258324	0.0
Terrestrial	K00147	0.04326988068065138	0.016483929117723357	0.0008072792733960082	0.08573248208790675	-0.34782858837983505	0.14074161166878743	423	0.01610338911960285	0.012442711195165046
Terrestrial	K00148	-0.1070122984593008	0.0698912243028066	-0.2870520922633306	0.07302749534472902	0.9784890677605026	0.6052863645442075	93	0.025115050811103767	1.77518070170904
Terrestrial	K00156	0.1447953799191122	0.10390993038484232	-0.12287660075224163	0.41246736059046607	-1.1899197039701426	0.8991517643803153	62	0.03134813933588043	0.2904969791647851
Terrestrial	K00200	0.543211644366835	0.3175307604981827	-0.2747475946764836	1.3611708834101535	-4.584318873686863	2.774338907995491	13	0.21014582559384332	0.1551838073666476
Terrestrial	K00201	0.543211644366835	0.3175307604981827	-0.2747475946764836	1.3611708834101535	-4.584318873686863	2.774338907995491	13	0.21014582559384332	0.1551838073666476
Terrestrial	K00202	0.543211644366835	0.3175307604981827	-0.2747475946764836	1.3611708834101535	-4.584318873686863	2.774338907995491	13	0.21014582559384332	0.1551838073666476
Terrestrial	K00203	0.543211644366835	0.3175307604981827	-0.2747475946764836	1.3611708834101535	-4.584318873686863	2.774338907995491	13	0.21014582559384332	0.1551838073666476
Terrestrial	K00204	0.543211644366835	0.3175307604981827	-0.2747475946764836	1.3611708834101535	-4.584318873686863	2.774338907995491	13	0.21014582559384332	0.1551838073666476
Terrestrial	K00205	0.543211644366835	0.3175307604981827	-0.2747475946764836	1.3611708834101535	-4.584318873686863	2.774338907995491	13	0.21014582559384332	0.1551838073666476
Terrestrial	K00211	-0.007775473354205458	0.015727644838104057	-0.04828988645716151	0.0327389397487506	0.0712379322994128	0.13290625900909614	124	0.001999388844737493	1.1440975418673676
Terrestrial	K00216	0.2110728703371943	0.11547649928194094	-0.08639459181308556	0.5085403324874742	-1.7665827925608029	1.0123277355601101	60	0.05446615269926158	0.11920003515402122
Terrestrial	K00220	0.06445259609008858	0.023573766415428302	0.0037265738039452684	0.1251786183762319	-0.5244714718423026	0.199335445090877	207	0.03518152245336281	0.008575372941487691
Terrestrial	K00228	0.28302986467435276	0.06883699910910157	0.10570575496930712	0.4603539743793984	-1.8440211310036012	0.5820154456311388	214	0.07385246302279624	2.1185503926268723e-05
Terrestrial	K00231	0.00932064718243476	0.02822142105472385	-0.06337773345453387	0.0820190278194034	-0.041601051591477686	0.24378961905872537	232	0.00047402432661158844	0.9329153919086122
Terrestrial	K00233	0.0026757635830070765	0.02131590647723783	-0.052234011502357576	0.05758553866837173	0.0013239111396988919	0.1833578889327434	285	5.5677182329572084e-05	0.9900185994039545
Terrestrial	K00234	0.0026757635830070765	0.02131590647723783	-0.052234011502357576	0.05758553866837173	0.0013239111396988919	0.1833578889327434	285	5.5677182329572084e-05	0.9900185994039545
Terrestrial	K00235	0.0026757635830070765	0.02131590647723783	-0.052234011502357576	0.05758553866837173	0.0013239111396988919	0.1833578889327434	285	5.5677182329572084e-05	0.9900185994039545
Terrestrial	K00236	0.0026757635830070765	0.02131590647723783	-0.052234011502357576	0.05758553866837173	0.0013239111396988919	0.1833578889327434	285	5.5677182329572084e-05	0.9900185994039545
Terrestrial	K00237	0.0026757635830070765	0.02131590647723783	-0.052234011502357576	0.05758553866837173	0.0013239111396988919	0.1833578889327434	285	5.5677182329572084e-05	0.9900185994039545
Terrestrial	K00239	0.0026757635830070765	0.02131590647723783	-0.052234011502357576	0.05758553866837173	0.0013239111396988919	0.1833578889327434	285	5.5677182329572084e-05	0.9900185994039545
Terrestrial	K00240	0.0026757635830070765	0.02131590647723783	-0.052234011502357576	0.05758553866837173	0.0013239111396988919	0.1833578889327434	285	5.5677182329572084e-05	0.9900185994039545
Terrestrial	K00241	0.0026757635830070765	0.02131590647723783	-0.052234011502357576	0.05758553866837173	0.0013239111396988919	0.1833578889327434	285	5.5677182329572084e-05	0.9900185994039545
Terrestrial	K00242	0.0026757635830070765	0.02131590647723783	-0.052234011502357576	0.05758553866837173	0.0013239111396988919	0.1833578889327434	285	5.5677182329572084e-05	0.9900185994039545
Terrestrial	K00244	0.0026757635830070765	0.02131590647723783	-0.052234011502357576	0.05758553866837173	0.0013239111396988919	0.1833578889327434	285	5.5677182329572084e-05	0.9900185994039545
Terrestrial	K00245	0.0026757635830070765	0.02131590647723783	-0.052234011502357576	0.05758553866837173	0.0013239111396988919	0.1833578889327434	285	5.5677182329572084e-05	0.9900185994039545
Terrestrial	K00246	0.0026757635830070765	0.02131590647723783	-0.052234011502357576	0.05758553866837173	0.0013239111396988919	0.1833578889327434	285	5.5677182329572084e-05	0.9900185994039545
Terrestrial	K00247	0.0026757635830070765	0.02131590647723783	-0.052234011502357576	0.05758553866837173	0.0013239111396988919	0.1833578889327434	285	5.5677182329572084e-05	0.9900185994039545
Terrestrial	K00254	0.06913720499451437	0.025698286116795623	0.0029384199576488468	0.1353359900313799	-0.5254251138380063	0.21878913372833378	471	0.015198170783021325	0.009973543917424887
Terrestrial	K00265	0.37126652295883567	0.23444056126190127	-0.232652362851822	0.9751854087694933	-2.910625301225776	1.9288859782604297	30	0.08220421806763345	0.2025915265262601
Terrestrial	K00266	0.37126652295883567	0.23444056126190127	-0.232652362851822	0.9751854087694933	-2.910625301225776	1.9288859782604297	30	0.08220421806763345	0.2025915265262601
Terrestrial	K00288	0.23698032967042157	0.037743996477504184	0.13975179474437077	0.33420886459647237	-1.8857732746407894	0.32232107043841934	416	0.08694149387697803	1.2613465827371328e-11
Terrestrial	K00297	0.1288525555724888	0.04056807683686729	0.024349189640718666	0.23335592150425896	-0.9665253927941448	0.3467158836597303	384	0.025729619819236715	0.0016247520290777473
Terrestrial	K00299	0.5293203480610169	0.0751091623027186	0.3358391459692138	0.72280155015282	-3.8937981002773334	0.643121527017934	407	0.10923447356843663	1.865174681370263e-14
Terrestrial	K00300	0.23698032967042157	0.037743996477504184	0.13975179474437077	0.33420886459647237	-1.8857732746407894	0.32232107043841934	416	0.08694149387697803	1.2613465827371328e-11
Terrestrial	K00301	-0.4668163536446655	0.16586519754412962	-0.8940851025183434	-0.039547604770987566	4.765308202429362	1.450193801643892	100	0.07478239909600737	1.993543600356282
Terrestrial	K00302	-0.4668163536446655	0.16586519754412962	-0.8940851025183434	-0.039547604770987566	4.765308202429362	1.450193801643892	100	0.07478239909600737	1.993543600356282
Terrestrial	K00303	-0.4668163536446655	0.16586519754412962	-0.8940851025183434	-0.039547604770987566	4.765308202429362	1.450193801643892	100	0.07478239909600737	1.993543600356282
Terrestrial	K00304	-0.4668163536446655	0.16586519754412962	-0.8940851025183434	-0.039547604770987566	4.765308202429362	1.450193801643892	100	0.07478239909600737	1.993543600356282
Terrestrial	K00305	-0.4668163536446655	0.16586519754412962	-0.8940851025183434	-0.039547604770987566	4.765308202429362	1.450193801643892	100	0.07478239909600737	1.993543600356282
Terrestrial	K00306	-0.4713542083541125	0.16425246963421405	-0.894468570131848	-0.04823984657637709	4.811889289575868	1.4360933872512016	100	0.07751803743165175	1.9947137842481775
Terrestrial	K00361	-0.020860204712984876	0.048756691791734565	-0.14645744276849312	0.10473703334252336	1.6148649798025483	0.42126541341598545	297	0.0006201221671270352	1.1099992418238442
Terrestrial	K00362	-0.02086020471298488	0.048756691791734565	-0.14645744276849312	0.10473703334252335	0.9217177992426032	0.42126541341598545	297	0.0006201221671271462	1.1099992418238442
Terrestrial	K00363	-0.02086020471298488	0.048756691791734565	-0.14645744276849312	0.10473703334252335	0.9217177992426032	0.42126541341598545	297	0.0006201221671271462	1.1099992418238442
Terrestrial	K00364	0.0	0.0	0.0	0.0	0.0	0.0	54	0.0	
Terrestrial	K00376	0.05284678276235447	0.08351401700296493	-0.1622853250372832	0.26797889056199214	-0.400392319734349	0.7016358169996029	48	0.008629714441246383	0.7749809627698898
Terrestrial	K00384	0.060247199038146085	0.03702035933569915	-0.03511724661061494	0.1556116446869071	-0.40230940183058417	0.31531837482843894	473	0.005591603109192822	0.18524828174268992
Terrestrial	K00390	-0.003753904461172524	0.017097786609789892	-0.04779780276799129	0.04028999384564624	0.05134842973290349	0.14673087222954456	398	0.00012171345681732948	1.030221778857213
Terrestrial	K00450	0.4940800105707469	0.17407030646992164	0.04567490110422878	0.942485120037265	-4.259977679721982	1.5225074983941644	23	0.2772695775843034	0.005922997372328709
Terrestrial	K00451	0.015943149130747944	0.03569481963183675	-0.07600670624086353	0.10789300450235942	-0.12304364974857926	0.31156754502746165	173	0.0011652935626471628	0.880730006201276
Terrestrial	K00452	0.10380603015070428	0.06305782414554863	-0.05863092484822899	0.2662429851496375	-0.8513452017815493	0.5409747727263772	54	0.04953367973795164	0.17813184689372452
Terrestrial	K00455	0.08859597652263371	0.061503449661424216	-0.06983690980519508	0.2470288628504625	-0.6975038474596041	0.5311991788104542	93	0.022294398452515574	0.266863143232112
Terrestrial	K00456	0.1898899557909498	0.10926510915109043	-0.09157696538225918	0.4713568769641588	-1.5682672004723388	0.9644777168369183	75	0.03972937760188111	0.1462054589687649
Terrestrial	K00469	0.0	0.0	0.0	0.0	0.0	0.0	29	0.0	
Terrestrial	K00471	0.0	0.0	0.0	0.0	0.0	0.0	15	0.0	
Terrestrial	K00544	0.0	0.0	0.0	0.0	0.0	0.0	130	0.0	
Terrestrial	K00548	0.0762228673932382	0.020987592191969426	0.022158829906724964	0.13028690487975145	-0.6230456391577504	0.18002244374694654	403	0.03184532639238569	0.00022553726752017056
Terrestrial	K00549	-0.018325602822049227	0.04859513541752915	-0.1435066716576043	0.10685546601350585	0.28555867852980443	0.41522576549854706	289	0.0004952607454363767	1.0865566018429034
Terrestrial	K00560	-0.0018541770444440314	0.02482694347175697	-0.06580838342768999	0.06210002933880193	0.04420355087780541	0.20930693520516516	291	1.9299660289129328e-05	1.0035445832145322
Terrestrial	K00564	-0.21757555783409926	0.11799969389525443	-0.5215427693082747	0.08639165364007617	1.968118326635762	0.9950225738009292	101	0.03320161221677609	1.8851817942721132
Terrestrial	K00587	0.0	0.0	0.0	0.0	0.0	0.0	21	0.0	
Terrestrial	K00603	0.00509377466764367	0.013482096590347638	-0.029636106149091845	0.03982365548437919	-0.02876559377574079	0.11488835096529527	455	0.00031501378410092595	0.9131317900070444
Terrestrial	K00608	0.004668125124892705	0.007026403769147957	-0.01343189098443243	0.02276814123421784	-0.03530201603052095	0.05983563303546396	471	0.0009402371284528144	0.755031963013542
Terrestrial	K00609	0.004668125124892705	0.007026403769147957	-0.01343189098443243	0.02276814123421784	-0.03530201603052095	0.05983563303546396	471	0.0009402371284528144	0.755031963013542
Terrestrial	K00610	0.004668125124892705	0.007026403769147957	-0.01343189098443243	0.02276814123421784	-0.03530201603052095	0.05983563303546396	471	0.0009402371284528144	0.755031963013542
Terrestrial	K00618	0.0	0.0	0.0	0.0	0.0	0.0	135	0.0	
Terrestrial	K00619	0.0	0.0	0.0	0.0	0.0	0.0	135	0.0	
Terrestrial	K00620	0.05952724938172674	0.0458713589259419	-0.0586373712114996	0.17769186997495307	-0.25901814874241635	0.39167772804146256	410	0.004110544829899587	0.34229466303648337
Terrestrial	K00634	0.0	0.0	0.0	0.0	0.0	0.0	21	0.0	
Terrestrial	K00639	0.003588282191036051	0.018584518562948533	-0.04428543762711937	0.051462002009191474	-0.01661938066189481	0.16037464508328877	242	0.00015530729411883382	0.9765465178173991
Terrestrial	K00640	0.6450442110814446	0.06783475742238801	0.4703018759613731	0.8197865462015161	-5.120517999069166	0.5707692831296637	339	0.21155216552486766	0.0
Terrestrial	K00641	-0.05623590310551675	0.05128726981444555	-0.1883519101475285	0.07588010393649498	0.5294277770492424	0.4349115696661015	210	0.005747007424797612	1.5348520435822508
Terrestrial	K00643	0.024941867216319993	0.1328822463097841	-0.31736279927768385	0.3672465337103238	-0.052969538256709164	1.136988777398668	67	0.0005417205577487039	0.9778209521010128
Terrestrial	K00651	-0.05623590310551675	0.05128726981444555	-0.1883519101475285	0.07588010393649498	0.5294277770492424	0.4349115696661015	210	0.005747007424797612	1.5348520435822508
Terrestrial	K00652	0.039702015226591454	0.018545814629955366	-0.008072003260173571	0.08747603371335648	-0.32946971890905835	0.16058012571153069	276	0.01645049368893592	0.05406777043543398
Terrestrial	K00654	0.04692705308779883	0.1026161353282216	-0.2174121115177	0.31126621769329765	-0.36302915315746853	0.8633354301474165	22	0.010348267566366864	0.8753460707394183
Terrestrial	K00672	0.5975948298195652	0.24727599516251356	-0.039388133719069685	1.2345777933582003	-5.112607155299319	2.160506948417656	13	0.3468125959630386	0.024278226340804565
Terrestrial	K00674	0.01040320760297294	0.010737912028346763	-0.017257653782048323	0.03806406898799421	-0.08256033635474738	0.09219833890676139	311	0.003028441137409188	0.550157328509727
Terrestrial	K00681	0.12155777214524649	0.06276094431987464	-0.040114420422750596	0.2832299647132436	-0.8481604848107186	0.5413472685502633	324	0.011515964379728905	0.09179680827622994
Terrestrial	K00748	-0.0056716849708509645	0.022895239542462944	-0.0646498220322355	0.05330645209053358	0.06353242005150518	0.19356983066173192	222	0.00027886243230312857	1.038314061442449
Terrestrial	K00761	0.0577111163301163	0.022917229960807438	-0.0013236680489236569	0.11674590070915626	-0.44888462997983414	0.19590971008594257	425	0.014770384321326269	0.01764770625848655
Terrestrial	K00763	-0.004964697106465872	0.01729974481638354	-0.049528839753469875	0.039599445540538125	0.06289909200867669	0.14826106405199868	374	0.00022134363724390926	1.0510799884285946
Terrestrial	K00764	-0.0034093980684850047	0.013143655559153061	-0.03726745478886329	0.030448658651893286	0.042582034428978864	0.11200736397944623	439	0.00015394825889292196	1.0419309605334206
Terrestrial	K00766	0.07856408694043626	0.017149199448804518	0.03438774916031582	0.12274042472055671	-0.6423527103389362	0.14618480482157134	466	0.04327428482168705	1.5753249935634983e-06
Terrestrial	K00767	0.37017535403094326	0.04526208268455613	0.2535802290355267	0.48677047902635984	-2.7683227636932988	0.3860057581661576	463	0.12670811565105844	0.0
Terrestrial	K00768	0.47790163579665423	0.04461865567684998	0.36296397877308867	0.5928392928202197	-3.9345610839345064	0.3847078085531321	328	0.2603035123205262	0.0
Terrestrial	K00787	1.0353403551049243	0.10017043929857064	0.7773013034718064	1.2933794067380422	-8.269769713125356	0.8590434362409171	16	0.8841332956655399	0.0
Terrestrial	K00788	-0.1301940451765168	0.03564890904432915	-0.22202563487470872	-0.03836245547832491	1.2208178340662852	0.3049472527578064	396	0.032744235786224096	1.999794736446344
Terrestrial	K00790	0.009571824381652182	0.04124643584482173	-0.09667899435460861	0.11582264311791296	0.07437434398688171	0.35139229526495536	466	0.00011605081820975638	0.966296638580395
Terrestrial	K00793	0.0	0.0	0.0	0.0	0.0	0.0	41	0.0	
Terrestrial	K00795	1.0353403551049243	0.10017043929857064	0.7773013034718064	1.2933794067380422	-8.269769713125356	0.8590434362409171	16	0.8841332956655399	0.0
Terrestrial	K00800	0.17424172222240208	0.02866544389148948	0.10039953875792518	0.248083905686879	-1.4133558566538658	0.244595541106118	421	0.08103487637765516	6.091083193382474e-11
Terrestrial	K00804	-0.16806394509275766	0.08750116944901586	-0.39346695759342254	0.0573390674079072	1.5790092329686667	0.7669171512914377	157	0.023247393854093024	1.9044933329283043
Terrestrial	K00820	0.4960392479395148	0.03484889977479228	0.4062684821196499	0.5858100137593797	-4.039736582703217	0.29676738680821063	477	0.29900345458377	0.0
Terrestrial	K00821	0.030854699937979384	0.0249598167742905	-0.033441788072592946	0.09515118794855172	-0.25404706632903523	0.21210443415940855	87	0.017660482235371422	0.37800917830899494
Terrestrial	K00833	0.029471189953226864	0.015508148260254772	-0.010477799965189428	0.06942017987164316	-0.2387301876863612	0.1334488251234733	331	0.010857712203544811	0.10035033051052888
Terrestrial	K00849	0.025937971305382633	0.024620739564860085	-0.03748505381369694	0.08936099642446221	-0.1934861718837705	0.2121139607757112	256	0.004350534038754406	0.4933376450314646
Terrestrial	K00851	0.04495646944776385	0.04289155806446739	-0.06553218412630415	0.15544512302183186	-0.26342554300107124	0.3691699563936732	354	0.0031113205024030366	0.49688714925810284
Terrestrial	K00854	0.09361095286442656	0.06919489677558958	-0.08463510122949222	0.27185700695834536	-0.5538115294746693	0.596765547849151	307	0.005964953431789488	0.3118729622077736
Terrestrial	K00855	0.17029798012655778	0.06367974544861829	0.0062589558509170695	0.3343370044021985	-1.402474196674835	0.5381821478889712	58	0.11324799193291757	0.01053567960627766
Terrestrial	K00858	-0.1209218918546058	0.04329533554384427	-0.23245067621554866	-0.009393107493662955	1.144989396585711	0.3706904648339187	359	0.02138317107660881	1.9930291078098803
Terrestrial	K00859	0.0	0.0	0.0	0.0	0.0	0.0	478	0.0	
Terrestrial	K00863	-0.04678175114314084	0.06463087708956321	-0.21327089052585568	0.119707388239574	0.5920202935761094	0.5612959992625207	185	0.0028548293296367655	1.2836195345843566
Terrestrial	K00864	0.4688459956553444	0.058916900026872984	0.3170760611861196	0.6206159301245693	-3.7166149261806884	0.5043076612401236	429	0.1291504446631495	0.0
Terrestrial	K00869	0.05325080838454642	0.09162478054020096	-0.18277462628701124	0.2892762430561041	-0.401587670944198	0.7785608062291097	22	0.016608220161732135	0.8065142160592305
Terrestrial	K00872	0.0016442155938814946	0.004622863046661324	-0.010264279614318075	0.013552710802081066	-0.012435517275182693	0.039539458488334976	429	0.0002961685587828944	0.9226241629324932
Terrestrial	K00877	-0.008999365841187407	0.05243867937295917	-0.14408140390593024	0.12608267222355543	0.32168811852511936	0.448888145978321	399	7.418183940166578e-05	1.018575277230304
Terrestrial	K00878	-0.01320557800629868	0.04526230358576587	-0.12980127204323155	0.10339011603063421	0.14283851470716016	0.377790982891483	106	0.000817810850083367	1.0527481834493888
Terrestrial	K00884	0.7629682294157245	0.10614695104257474	0.489533683530052	1.0364027753013971	-6.249465025701035	0.9215371951913394	108	0.32768917682326126	5.329070518200751e-15
Terrestrial	K00891	0.013900097805763062	0.01711737255272491	-0.03019425389005631	0.05799444950158243	-0.10046711881669708	0.14678005963622126	298	0.002222815232413078	0.6571787537516762
Terrestrial	K00899	0.04220831706046923	0.04203123954782501	-0.06606415601472801	0.15048079013566645	-0.3480764596416399	0.3604065806269324	51	0.020165469450742046	0.5262414047477528
Terrestrial	K00912	0.0	0.0	0.0	0.0	0.0	0.0	218	0.0	
Terrestrial	K00919	0.01444805001371579	0.006110412169844394	-0.0012923717358033701	0.03018847176323495	-0.11997488009156379	0.05206972182351603	456	0.012164831327826864	0.028460374100002017
Terrestrial	K00927	0.01019824296013798	0.014125432037981198	-0.026188869969701586	0.046585355889977545	-0.0743993330934961	0.12004400309105778	341	0.0015352540994290065	0.717602888382546
Terrestrial	K00928	-0.02991398748995551	0.053347106754958705	-0.16733613449072915	0.10750815951081812	0.4812786470739493	0.4547727888526596	456	0.0006921023769512757	1.1814114406289995
Terrestrial	K00929	0.07264563057576798	0.24170677383829986	-0.5499910188316924	0.6952822799832284	-0.3699707258340348	2.0051535213420904	44	0.0021461447068790163	0.9441151861435411
Terrestrial	K00931	-0.02734488204760729	0.019683407928846746	-0.0780493408723165	0.023359576777101928	0.2601584840415415	0.16819237164805817	435	0.004437436827339325	1.7073154262999615
Terrestrial	K00938	0.13998309190463845	0.13376542264791186	-0.2045966368363825	0.48456282064565936	-1.0893452705791262	1.1086877858326205	16	0.07254821590852167	0.4979887423693954
Terrestrial	K00941	0.048485000493924665	0.037821395323499894	-0.04894291385941106	0.14591291484726038	-0.28904795667428435	0.3238073911707503	398	0.004132814865745571	0.3512657080532253
Terrestrial	K00945	0.0	0.0	0.0	0.0	0.0	0.0	43	0.0	
Terrestrial	K00946	0.019892681734240622	0.009615286198093114	-0.004876295512047241	0.044661658980528485	-0.16309419445003015	0.08223780260748906	402	0.010587167524790275	0.06555613375915481
Terrestrial	K00948	0.20692663626204916	0.037618342817102204	0.11002178516519387	0.3038314873589044	-1.6029938268463229	0.32038921413491017	461	0.06184377018832854	4.309077317188326e-09
Terrestrial	K00950	-0.08286332041998773	0.026406220283294018	-0.15088574386975312	-0.01484089697022234	0.7731760503169826	0.22496826382240506	470	0.020607397410582484	1.998105715095984
Terrestrial	K00953	0.0	0.0	0.0	0.0	0.0	0.0	404	0.0	
Terrestrial	K00954	0.05827172729123422	0.014105066045794281	0.02193707715726815	0.09460637742520028	-0.4767686966803819	0.1200855637149744	477	0.03468494460489491	1.9108095295816696e-05
Terrestrial	K00963	0.21041801303306903	0.05603117360715269	0.0660817098210437	0.35475431624509435	-1.5299968880743195	0.4785638698396764	396	0.03455705957203081	0.00012613687447671218
Terrestrial	K00965	-0.00977602103721308	0.02755313229863684	-0.08075288983850157	0.06120084776407542	0.11404000110435414	0.23894102414091942	189	0.0006727418218444026	1.0770151094604234
Terrestrial	K00966	0.0668228445589544	0.10597972123557199	-0.20618091734387903	0.33982660646178786	-0.4915475706039769	0.8854590600800247	54	0.007587405515511847	0.7763937001804284
Terrestrial	K00971	0.0668228445589544	0.10597972123557199	-0.20618091734387903	0.33982660646178786	-0.4915475706039769	0.8854590600800247	54	0.007587405515511847	0.7763937001804284
Terrestrial	K00972	0.004655549346492487	0.010202434598981954	-0.02162592218048503	0.03093702087347	-0.031241420654637544	0.08707009129512666	410	0.0005100966576655486	0.8758498850029008
Terrestrial	K00973	0.25337733564822223	0.041553235883827866	0.14633620001148165	0.36041847128496285	-1.9973991161266378	0.35443867049108224	411	0.08333249057106062	5.2488902113623226e-11
Terrestrial	K00974	0.0	0.0	0.0	0.0	0.0	0.0	81	0.0	
Terrestrial	K00975	-0.10236576968862149	0.058939295750178616	-0.2541933955410816	0.049461856163838636	1.0552733116304187	0.5027051490487191	281	0.010696092476530694	1.8534439273296752
Terrestrial	K00978	0.10437561750552062	0.06305449693109183	-0.058052766588971946	0.26680400160001316	-0.8454844483556425	0.5353966006500059	103	0.02641309750123544	0.1747497859936773
Terrestrial	K00980	0.0	0.0	0.0	0.0	0.0	0.0	16	0.0	
Terrestrial	K00991	-0.0016444436494182078	0.007075909397839006	-0.019871986258251487	0.01658309895941507	0.017599473916708158	0.06032893173024836	386	0.0001406310311575787	1.0337993726082484
Terrestrial	K00995	0.02285989265756957	0.020529145770955853	-0.030023186848412705	0.07574297216355184	-0.15889940793139673	0.17523311165742186	423	0.0029366168599582743	0.4541257539609811
Terrestrial	K01003	-0.08273331620352961	0.160436840304027	-0.4960186168267031	0.33055198441964395	0.814666602535252	1.3452522625228396	40	0.006949290931479335	1.1557364565814776
Terrestrial	K01004	0.0	0.0	0.0	0.0	0.0	0.0	24	0.0	
Terrestrial	K01006	0.12800874281006552	0.034329346699380515	0.03957634571246131	0.21644113990766972	-1.0599143783044906	0.2971524188756572	191	0.06852625547261115	0.00014313345735716965
Terrestrial	K01007	0.005414480110435225	0.047022007412373584	-0.11571421098383913	0.1265431712047096	0.026149300792533095	0.39903488091743633	198	6.764344921950105e-05	0.9915945749973336
Terrestrial	K01008	0.005954524330474323	0.024915328955938284	-0.05822736306002269	0.07013641172097133	-0.035370151414289105	0.21238316710638483	207	0.00027853902522056995	0.9642917012375889
Terrestrial	K01011	-0.04775637349546385	0.08610210606311236	-0.26955539871404127	0.1740426517231136	0.44805914300679156	0.7279760308538166	78	0.004031504417907006	1.1778613690030657
Terrestrial	K01012	0.029238659044536503	0.0185309090856186	-0.018496962760017017	0.07697428084909003	-0.22901708279796565	0.15903553446533353	370	0.006719631918202684	0.20496850680247647
Terrestrial	K01057	0.0025654420751531743	0.010723153028323192	-0.02505740012580737	0.030188284276113714	-0.014161924865977846	0.09192222144659086	355	0.0001621191433860414	0.9642174682158124
Terrestrial	K01067	0.0018129424309331116	0.061326321995008815	-0.1561636630282096	0.15978954789007582	0.08442603150937289	0.5288268257799577	97	9.199126451031603e-06	0.9994437967706147
Terrestrial	K01070	0.02835473149775467	0.03734431494038613	-0.06784422378868	0.12455368678418934	-0.21048737860128178	0.31674716516120033	153	0.003803384209322802	0.6928001938587922
Terrestrial	K01079	0.02654087007352405	0.015316536620721148	-0.012914528261453631	0.06599626840850173	-0.2163079371830123	0.1314368346052195	319	0.009383298843287702	0.14784868047305366
Terrestrial	K01089	0.25941477661364243	0.04683867499234768	0.1387583498333548	0.3800712033939301	-1.7477363687585266	0.39944643993478657	457	0.06315892727229777	3.304053475261526e-09
Terrestrial	K01091	0.5013375605862546	0.08197554727012833	0.290168550818404	0.7125065703541051	-4.091999822927632	0.6944906803556836	117	0.2454154525772856	4.561950817105753e-11
Terrestrial	K01117	0.03838861387756014	0.09115951700859573	-0.19643830193658246	0.27321552969170276	-0.3121546079877649	0.810096942972153	48	0.0038403600346129663	0.8932429954904073
Terrestrial	K01129	0.026723238284829913	0.02479701132393847	-0.037153862885635595	0.09060033945529541	-0.1948553443959642	0.21305129414597768	261	0.004464127984403876	0.4774163918175831
Terrestrial	K01241	0.0	0.0	0.0	0.0	0.0	0.0	146	0.0	
Terrestrial	K01433	0.19549599019262243	0.052587518564814674	0.06003054236965982	0.33096143801558503	-1.4945880429200713	0.4514757248699066	366	0.03657845209029509	0.0001510149049959164
Terrestrial	K01439	0.0397460077829171	0.012694012831108626	0.007046230729981277	0.07244578483585293	-0.3302925952093783	0.10899444334903483	325	0.029457849544861192	0.0019474839705362346
Terrestrial	K01455	0.01356468184398841	0.09690557441408003	-0.23606407784668176	0.26319344153465857	-0.028828821276498065	0.8352768726714292	63	0.0003211089350610985	0.9876035888546197
Terrestrial	K01457	0.030356877088087143	0.04143964950516076	-0.07639166003720699	0.13710541421338127	-0.2297298268351114	0.3580985942513065	107	0.005084857413640842	0.7106076391006875
Terrestrial	K01458	0.11517900598732463	0.07251607989714406	-0.07162241582771849	0.3019804278023677	-0.9134712733000236	0.628792947787505	121	0.020759665289409646	0.2006794172938906
Terrestrial	K01465	0.013736481908261445	0.06094290908346015	-0.14325245189073194	0.1707254157072548	0.05902022112359759	0.5149076318015822	273	0.00018743641684071388	0.9681741170609113
Terrestrial	K01468	0.014479728070512243	0.014037692072015624	-0.021681366707000004	0.050640822848024486	-0.11373356867060416	0.12102674340358355	315	0.0033877493637185507	0.5079641785829996
Terrestrial	K01469	0.13710816706432427	0.10188866606193114	-0.12535703671121035	0.3995733708398589	-0.6881914268054761	0.8749340362469943	283	0.0064029318372792465	0.3157505445400317
Terrestrial	K01470	-0.02921705736805869	0.17520596557879475	-0.480547624699034	0.42211350996291663	0.3158286279370581	1.4790813309592243	20	0.001542525085187818	1.017547559755279
Terrestrial	K01477	0.2297055162186319	0.07721162076138637	0.03080838113730061	0.42860265129996317	-1.8398518378528386	0.6758458191219975	203	0.042176165598821425	0.003572358681001697
Terrestrial	K01479	-0.035139999856449826	0.11437513581986306	-0.32977034972841707	0.2594903500155174	0.47359393993930965	0.9659653249590379	94	0.0010249603727335854	1.0583225907218328
Terrestrial	K01480	0.2162078481772062	0.07762822080328557	0.016237551387942556	0.4161781449664699	-1.6126646401051927	0.6704575199610122	261	0.029079540036950124	0.007166258368457523
Terrestrial	K01483	0.3506559970384806	0.2828581784310397	-0.3779866705998778	1.079298664676839	-2.973155612214231	2.501325149705347	11	0.1458529440704599	0.3759216130998646
Terrestrial	K01484	0.0	0.0	0.0	0.0	0.0	0.0	69	0.0	
Terrestrial	K01491	0.23698032967042157	0.037743996477504184	0.13975179474437077	0.33420886459647237	-1.8857732746407894	0.32232107043841934	416	0.08694149387697803	1.2613465827371328e-11
Terrestrial	K01495	0.22669685089165162	0.041235824947105634	0.1204733658279075	0.3329203359553957	-1.7764647027756681	0.352724369268771	423	0.0669807646961017	4.40406511259539e-09
Terrestrial	K01496	-0.0018622779663306436	0.011021784296604836	-0.030254394314384703	0.026529838381723417	0.026205022847874147	0.09394431960593334	469	6.112822230830428e-05	1.0180104567574366
Terrestrial	K01497	0.6059044803290297	0.051446638775666464	0.47337793884291285	0.7384310218151464	-4.825510751219928	0.44020502229473263	417	0.25050437782116663	0.0
Terrestrial	K01498	0.0875686916810442	0.019290615278027095	0.0378760667248464	0.137261316637242	-0.7144138292292667	0.1636440306364251	423	0.04666271926345078	2.0076503579602445e-06
Terrestrial	K01499	0.10104880141581607	0.30147982786860206	-0.6755632351737029	0.877660838005335	-0.6926122690880007	2.619251122695089	15	0.008567724957786793	0.9309778981051924
Terrestrial	K01501	0.0	0.0	0.0	0.0	0.0	0.0	14	0.0	
Terrestrial	K01505	0.0	0.0	0.0	0.0	0.0	0.0	85	0.0	
Terrestrial	K01519	-0.009939974061274144	0.005224718097419907	-0.023398847880227825	0.003518899757679536	0.780205212489991	0.0447680064855445	352	0.010235489326615888	1.9001638643996883
Terrestrial	K01520	0.0025608310789606544	0.010306127211895435	-0.02398775261888199	0.029109414776803295	-0.013645999532066992	0.0880467247204455	422	0.00014697982926714648	0.9614571424576601
Terrestrial	K01523	0.010996872582307063	0.010646916068818159	-0.016429583210968518	0.03842332837558264	-0.08439930855750924	0.0908410822750293	445	0.0024023838606058723	0.5070437218235244
Terrestrial	K01525	0.0	0.0	0.0	0.0	0.0	0.0	103	0.0	
Terrestrial	K01555	0.10355962016097145	0.052528109651263054	-0.03175279030068218	0.23887203062262508	-0.8285051879462187	0.4572700838825158	214	0.01800408985926294	0.08420987123123003
Terrestrial	K01577	0.0	0.0	0.0	0.0	0.0	0.0	30	0.0	
Terrestrial	K01583	0.0	0.0	0.0	0.0	0.0	0.0	106	0.0	
Terrestrial	K01584	0.0	0.0	0.0	0.0	0.0	0.0	106	0.0	
Terrestrial	K01585	0.0	0.0	0.0	0.0	0.0	0.0	106	0.0	
Terrestrial	K01586	0.3742529473935733	0.03255171025304261	0.2903997417817355	0.4581061530054111	-3.0543359736326634	0.2774861519632897	463	0.222839681253997	0.0
Terrestrial	K01587	0.12826361228293495	0.023269552644896725	0.06832124466968098	0.18820597989618892	-0.07521521898739136	0.19813883150471553	476	0.06023798169207195	3.978233298340683e-09
Terrestrial	K01589	0.0	0.0	0.0	0.0	0.0	0.0	26	0.0	
Terrestrial	K01591	0.018153053946914268	0.017410675622584807	-0.0266968464568642	0.06300295435069274	-0.1275219633815224	0.14823385906400666	479	0.0022738464060755303	0.5005402785329869
Terrestrial	K01595	0.01661410400538279	0.02121301423623867	-0.03803062066716802	0.0712588286779336	-0.11874067013422453	0.18190354689420846	340	0.0018115275061081348	0.6767134608406213
Terrestrial	K01597	0.05044479315164795	0.07199491928808684	-0.13501411893446374	0.23590370523775966	-0.3874047152493122	0.6081747278437378	29	0.017858270318784508	0.731584518027018
Terrestrial	K01598	0.0	0.0	0.0	0.0	0.0	0.0	468	0.0	
Terrestrial	K01607	0.07718662950263762	0.03512655407590761	-0.013299373796900396	0.16767263280217565	-0.6378102703625342	0.30625950594645995	160	0.02965395421281336	0.046239336713783
Terrestrial	K01608	0.0	0.0	0.0	0.0	0.0	0.0	127	0.0	
Terrestrial	K01610	0.05873853566513107	0.044826941083834525	-0.056735664566826674	0.1742127358970888	-0.4622167964249408	0.3751211812509211	143	0.012030740011598096	0.3351857482031757
Terrestrial	K01611	0.03172941686039276	0.06372164711513592	-0.13241754610819736	0.1958763798289829	-0.16426140732837738	0.5419104779224289	142	0.0017678837232313338	0.8539822978158962
Terrestrial	K01613	-0.07168051455723252	0.0312714423907195	-0.15223575015572596	0.008874721041260913	0.6421849785593169	0.26436292684917084	246	0.021079675481528448	1.9647371782639205
Terrestrial	K01619	0.0059077413152748065	0.031359243375775336	-0.07487366962072246	0.08668915225127206	0.014638498251512637	0.2688773300139121	363	9.830189582105131e-05	0.9776593945359697
Terrestrial	K01626	0.37497384125181143	0.05727097223760549	0.2274438167677397	0.5225038657358831	-2.9521828238700394	0.49125935267646387	369	0.10458968622981024	1.4055423491754482e-12
Terrestrial	K01627	0.11262868656107194	0.028330465328863835	0.0396494078739187	0.1856079652482252	-0.9235503377729606	0.23934838107793135	228	0.06536204021665215	4.268403123663944e-05
Terrestrial	K01631	0.002494147075424449	0.0721584815156306	-0.18338610130884	0.1883743954596889	0.01934357107970905	0.620312944397841	68	1.8101624473021438e-05	0.9992397011704701
Terrestrial	K01637	-0.029113165606535922	0.06975183915575975	-0.20879390327177305	0.1505675720587012	0.5882026528372103	0.5932475574261478	277	0.000633081773659061	1.1049754352166428
Terrestrial	K01638	0.2303158368178979	0.042225241244623	0.12154361537174907	0.33908805826404675	-1.8377488247557625	0.3627145208249784	330	0.08316150146819212	5.948353143381269e-09
Terrestrial	K01641	0.07474738002051033	0.10049188033136239	-0.18411970371307917	0.33361446375409987	-0.5721925771577329	0.8449475403564342	20	0.029820145075470927	0.7031276329239105
Terrestrial	K01643	-0.03831511084800448	0.4709377634756209	-1.251450789561204	1.174820567865195	1.177657245352932	3.9530279281931917	19	0.0003892200000331636	1.004205121293824
Terrestrial	K01644	-0.03831511084800448	0.4709377634756209	-1.251450789561204	1.174820567865195	1.177657245352932	3.9530279281931917	19	0.0003892200000331636	1.004205121293824
Terrestrial	K01646	-0.03831511084800448	0.4709377634756209	-1.251450789561204	1.174820567865195	1.177657245352932	3.9530279281931917	19	0.0003892200000331636	1.004205121293824
Terrestrial	K01647	-0.12231184580524407	0.315773491980774	-0.9357443611477179	0.6911206695372296	1.4040946372691752	2.662599772218183	26	0.0062125225622302604	1.0910941213572487
Terrestrial	K01649	0.2074335123738285	0.044217153936528523	0.09353012383333104	0.321336900914326	-1.5658257884308076	0.37727936026571995	451	0.04672487936449787	8.227700916130232e-07
Terrestrial	K01655	0.12538056960405367	0.06250259486685947	-0.035626114772976336	0.28638725398108367	-1.0197233689679122	0.5227914019747915	49	0.07886591997658898	0.0771660435413315
Terrestrial	K01659	0.1176182552898692	0.1171956340654492	-0.18427769806272792	0.4195142086424663	-0.8024191497680486	0.9950039031011597	127	0.007993392737041694	0.5266497815976314
Terrestrial	K01662	0.45043148383846865	0.03740411447011158	0.3540784849634612	0.546784482713476	-3.6707880554268146	0.3188757135580519	465	0.2385080527896758	0.0
Terrestrial	K01664	0.2504638995253795	0.049126419049626606	0.12391424405354137	0.37701355499721767	-2.007927321113058	0.4200878120635655	205	0.11351086615736261	6.50703464444291e-08
Terrestrial	K01665	0.2504638995253795	0.049126419049626606	0.12391424405354137	0.37701355499721767	-2.007927321113058	0.4200878120635655	205	0.11351086615736261	6.50703464444291e-08
Terrestrial	K01666	0.11905756164685198	0.13196969988121818	-0.22089638524716604	0.45901150854087003	-0.7352020814753051	1.1518737767103515	127	0.006468996562457585	0.5956284429024434
Terrestrial	K01675	0.3598957677421701	0.043484874117997424	0.2478787320142087	0.4719128034701314	-2.8456887279832	0.3714526545568943	414	0.1425560262830612	0.0
Terrestrial	K01676	0.3598957677421701	0.043484874117997424	0.2478787320142087	0.4719128034701314	-2.8456887279832	0.3714526545568943	414	0.1425560262830612	0.0
Terrestrial	K01677	0.3598957677421701	0.043484874117997424	0.2478787320142087	0.4719128034701314	-2.8456887279832	0.3714526545568943	414	0.1425560262830612	0.0
Terrestrial	K01678	0.3598957677421701	0.043484874117997424	0.2478787320142087	0.4719128034701314	-2.8456887279832	0.3714526545568943	414	0.1425560262830612	0.0
Terrestrial	K01679	0.3598957677421701	0.043484874117997424	0.2478787320142087	0.4719128034701314	-2.8456887279832	0.3714526545568943	414	0.1425560262830612	0.0
Terrestrial	K01682	0.046642714362661354	0.0351621562058794	-0.04393500002368398	0.1372204287490067	-0.38939893835185935	0.3016509411632743	66	0.026758231078354844	0.326213544651454
Terrestrial	K01684	0.020535092707993224	0.060966312470505095	-0.1365141282160279	0.17758431363201435	-0.10347659887654036	0.5312423195241603	125	0.0009215268011035782	0.9303206134230075
Terrestrial	K01686	0.05276766294402585	0.09427064118736825	-0.19007350875463477	0.2956088346426865	-0.16904941695602865	0.8042127345701935	172	0.0018396457128383448	0.8191703135642487
Terrestrial	K01690	0.0022488349452220615	0.03895796005862169	-0.09810687016578742	0.10260454005623154	0.014741815064875305	0.3326522035154739	143	2.3631613262242723e-05	0.9978809445769259
Terrestrial	K01693	0.0006297057580961456	0.004502846324251542	-0.010969626373175827	0.012229037889368119	-0.0038121986866872354	0.03840469816714634	446	4.404523984480324e-05	0.9876268451130248
Terrestrial	K01694	0.11080970590961652	0.02944668055047605	0.03495505681159021	0.18666435500764283	-0.12823488129295457	0.2509048886697261	469	0.02943017331924347	0.00012157926893285875
Terrestrial	K01695	0.11080970590961652	0.02944668055047605	0.03495505681159021	0.18666435500764283	-0.12823488129295457	0.2509048886697261	469	0.02943017331924347	0.00012157926893285875
Terrestrial	K01696	0.11080970590961652	0.02944668055047605	0.03495505681159021	0.18666435500764283	-0.12823488129295457	0.2509048886697261	469	0.02943017331924347	0.00012157926893285875
Terrestrial	K01698	0.04342623055515201	0.01801008063226486	-0.002967737153562272	0.0898201982638663	-0.34048049736449354	0.15346873865195013	474	0.012167857301957685	0.024691661628268857
Terrestrial	K01707	0.1252489678084779	0.0687445840232039	-0.051837080635295324	0.3023350162522511	-1.0463147873815903	0.5948415005587504	75	0.04349465355968407	0.1208442418534863
Terrestrial	K01708	0.07348968391626302	0.07019069971138843	-0.10732155854027357	0.2543009263727996	-0.6017895364200287	0.6063049113320215	76	0.014597403002187703	0.49764479030699427
Terrestrial	K01709	0.066585237680469	0.06077272947485454	-0.08996531344675629	0.2231357888076943	-0.540055881417242	0.516550053652199	81	0.014967928633686678	0.4656969116859724
Terrestrial	K01710	0.2733268208792439	0.04433009374720889	0.1591324993864338	0.38752114237205404	-2.146331262305523	0.37846145493978456	425	0.08246148241537421	3.08530978543331e-11
Terrestrial	K01711	0.023468801038732556	0.07770951912564691	-0.1767109202289339	0.223648522306399	0.047871531635438225	0.6649545177150892	225	0.0004088376732673815	0.9435887312878091
Terrestrial	K01712	0.0304309517397161	0.02984929139606052	-0.04646082289653581	0.10732272637596801	-0.21078728144924636	0.25723557300207167	319	0.003268000829427131	0.5159875783007712
Terrestrial	K01719	0.40255878761152525	0.04482833000165419	0.28708100952726406	0.5180365656957865	-3.145892322842426	0.38318229525113073	391	0.171706964508462	0.0
Terrestrial	K01720	0.027525665163569343	0.023459682261723205	-0.03290647634262964	0.08795780666976832	-0.22678734655887592	0.1997779620428208	93	0.01490284100110828	0.4162711366123202
Terrestrial	K01724	0.05861876641987544	0.037798509263908195	-0.03875019344395207	0.15598772628370294	-0.4215853041458065	0.32552881251741084	311	0.007723219096099632	0.21629717275461346
Terrestrial	K01734	-0.010752067641040699	0.022205944055455812	-0.06795457952789487	0.046450444245813474	0.10046383756533232	0.1886359505370528	151	0.0015710008178936308	1.1386495884027492
Terrestrial	K01735	0.08444852386260368	0.02039731404780811	0.031905042875449985	0.13699200484975738	-0.6831862217079805	0.17384995230266792	466	0.03562588996277194	1.823167847136986e-05
Terrestrial	K01736	0.016833539186198145	0.015714251608390694	-0.02364637295701628	0.05731345132941257	-0.12106538604828582	0.13387385155163675	468	0.0024564583674493434	0.48164916477296327
Terrestrial	K01746	-0.0055989467964999975	0.1620691545326345	-0.42308908887256647	0.4118911952795665	0.10984972511920976	1.3564738707812214	22	5.9669999948774866e-05	1.0007594988068669
Terrestrial	K01749	0.3694394766042542	0.029290715343471926	0.2939865938794705	0.44489235932903787	-3.041411733822801	0.24959405955811448	474	0.2520806086774615	0.0
Terrestrial	K01756	0.01722441633295169	0.011690575792550785	-0.012890506908659134	0.04733933957456252	-0.13554541553887692	0.09955139319056824	478	0.004539773492409971	0.2510844439086317
Terrestrial	K01759	-0.013578831801947982	0.058783472174147866	-0.1650050561225529	0.1378473925186569	0.18250127844062577	0.5008924792476134	114	0.0004762000806196598	1.033399416406525
Terrestrial	K01770	0.011220959570508249	0.00797348310743253	-0.009318732914237947	0.03176065205525445	-0.09097926525310839	0.06808517488942079	437	0.004532124491696488	0.28342903625597105
Terrestrial	K01772	-0.012592539217375706	0.0353221551677045	-0.10358241092938249	0.07839733249463109	0.21136925480706148	0.3010950097118444	465	0.00027443029038320965	1.0777250527569866
Terrestrial	K01774	0.3598957677421701	0.043484874117997424	0.2478787320142087	0.4719128034701314	-2.8456887279832	0.3714526545568943	414	0.1425560262830612	0.0
Terrestrial	K01775	-0.054459910231464854	0.0388875109144341	-0.1546341383470471	0.04571431788411739	0.616829147497103	0.3313810028238998	473	0.004146751282147476	1.7130858495461647
Terrestrial	K01776	0.0363199093345208	0.020405054266822358	-0.016243510456813597	0.0888833291258552	-0.2786424403037403	0.173311282836522	412	0.007668088282588803	0.13306130357947543
Terrestrial	K01778	0.08342629819141734	0.021954557811274943	0.026871357269573085	0.1399812391132616	-0.6702904844210891	0.1872823388184993	462	0.030435159672449807	0.00010179349051808728
Terrestrial	K01783	0.04624472698991296	0.025284486300963065	-0.018888109721367896	0.11137756370119381	-0.3364449891744384	0.2152711968271299	479	0.006964064046758867	0.11888585530064422
Terrestrial	K01790	0.1336276365199279	0.05235769591203585	-0.0012457881494764567	0.26850106118933226	-0.9933050835805121	0.4467510607473078	324	0.01982795665777437	0.01581516171651498
Terrestrial	K01798	-0.054459910231464854	0.0388875109144341	-0.1546341383470471	0.04571431788411739	0.616829147497103	0.3313810028238998	473	0.004146751282147476	1.7130858495461647
Terrestrial	K01803	-0.03770798665736536	0.023885433863585367	-0.09923686428996127	0.023820890975230546	0.3671629291732831	0.2034612421697621	476	0.005230515979852579	1.7953896491102852
Terrestrial	K01804	0.04781635083142332	0.045789537405564025	-0.07013749752530962	0.16577019918815625	-0.3698292908761942	0.39057903392323023	121	0.009080541379276386	0.49946120471263455
Terrestrial	K01807	0.18709661517458298	0.05977389331932625	0.03311906598399855	0.3410741643651674	-1.401712309328566	0.5031220169064988	316	0.030257669741047377	0.001955344512917234
Terrestrial	K01808	0.18709661517458298	0.05977389331932625	0.03311906598399855	0.3410741643651674	-1.401712309328566	0.5031220169064988	316	0.030257669741047377	0.001955344512917234
Terrestrial	K01813	0.0011504303635112626	0.04370422114829771	-0.11143164331450364	0.11373250404152616	0.03875305211212179	0.37960980012102924	128	5.499218396098904e-06	0.9995589800454896
Terrestrial	K01814	0.0	0.0	0.0	0.0	0.0	0.0	442	0.0	
Terrestrial	K01815	0.02132247198112198	0.05811831669948905	-0.12839031183676183	0.17103525579900578	-0.13873582817748958	0.4944094438240883	114	0.0012003541752171332	0.9178789050988219
Terrestrial	K01817	0.04022879435048852	0.02838505074539064	-0.032891096369637766	0.1133486850706148	-0.28089792288002474	0.24304032532462996	390	0.005150157304261049	0.2783939494905041
Terrestrial	K01820	0.0011504303635112626	0.04370422114829771	-0.11143164331450364	0.11373250404152616	0.03875305211212179	0.37960980012102924	128	5.499218396098904e-06	0.9995589800454896
Terrestrial	K01823	0.06557766542761037	0.029666335540303342	-0.010842814924211047	0.1419981457794318	-0.5135902913060714	0.2549970718238118	266	0.018172528020941492	0.04456780206293809
Terrestrial	K01837	-0.025064760718139532	0.03048409618782144	-0.10359179249796757	0.0534622710616885	0.28381336868092855	0.26063674796105724	397	0.0017086012232292447	1.3497435427771958
Terrestrial	K01838	0.16032349872470877	0.17771817735069656	-0.2974785261306856	0.6181255235801031	-1.1591367878681607	1.4982911585074743	57	0.01458105276644428	0.5956532052023267
Terrestrial	K01841	-0.042210482903978656	0.19249969326910918	-0.5380896927652039	0.4536687269572466	0.42065735304419954	1.691801507317635	36	0.001412173014580631	1.0301460766378772
Terrestrial	K01843	0.29373736771118975	0.1609302873410402	-0.12081905247932984	0.7082937879017093	-2.3565907553203793	1.3407322098678525	31	0.10304256484893137	0.11992203529657885
Terrestrial	K01845	-0.040990187481457815	0.029483634295489978	-0.11694002942664	0.03495965446372437	0.42086149510665954	0.25169230430523903	424	0.0045593266585175485	1.7078504552396487
Terrestrial	K01846	-0.8990391252821612	0.24750083979519402	-1.536601288594581	-0.26147696196974146	8.11319487821935	2.1393214751980714	12	0.5688694597830751	1.9997751529757455
Terrestrial	K01847	0.22932380062217972	0.06099732621472627	0.07219468829304485	0.38645291295131456	-1.7321110668938535	0.5255706474227196	251	0.053715432305928235	0.00012362920630248908
Terrestrial	K01848	0.22932380062217972	0.06099732621472627	0.07219468829304485	0.38645291295131456	-1.7321110668938535	0.5255706474227196	251	0.053715432305928235	0.00012362920630248908
Terrestrial	K01849	0.22932380062217972	0.06099732621472627	0.07219468829304485	0.38645291295131456	-1.7321110668938535	0.5255706474227196	251	0.053715432305928235	0.00012362920630248908
Terrestrial	K01850	0.03280673576902108	0.04639804371513122	-0.08671462484115694	0.1523280963791991	-0.22106116704447418	0.40372406181259735	162	0.0031149551659580554	0.727400433873739
Terrestrial	K01851	0.21286054061479143	0.07164302819257758	0.02830809999071157	0.39741298123887125	-1.6854470799550938	0.6129769004292462	130	0.06451619653834717	0.003625285600666217
Terrestrial	K01857	0.15767762929118342	0.08490940851163077	-0.06104900703477745	0.3764042656171443	-1.3141298553487417	0.749037022006443	125	0.0272718686549539	0.11131684318467672
Terrestrial	K01858	0.4528965636919426	0.07410660684061118	0.26199794447052815	0.643795182913357	-3.6896906499475017	0.6475949399294768	175	0.17755905146680384	4.71636063537062e-11
Terrestrial	K01866	0.015051911174051124	0.019927059592415183	-0.036280194336010395	0.06638401668411265	-0.09041255460986077	0.1696582606679798	479	0.0011947012359311282	0.6954292200973524
Terrestrial	K01869	0.011990540630897214	0.006975323620553526	-0.005977893015648671	0.0299589742774431	-0.09763806227143372	0.05939401886901739	476	0.006195430007051805	0.15241109493308302
Terrestrial	K01870	0.06801351705863266	0.01732542143673785	0.023383231437595957	0.11264380267966936	-0.549603479836652	0.14750800802620656	479	0.03129646997238389	5.485773872759836e-05
Terrestrial	K01873	0.09616499245143065	0.01628870121713973	0.0542052981160787	0.13812468678678258	-0.7915164607140228	0.13863304904329588	476	0.06849633223755325	2.308673252571225e-10
Terrestrial	K01893	0.0	0.0	0.0	0.0	0.0	0.0	167	0.0	
Terrestrial	K01907	0.10552265549336129	0.0648550279524695	-0.06154389651220016	0.27258920749892274	-0.8050557752028744	0.5657873904596832	195	0.013531011088396827	0.18538375385747208
Terrestrial	K01910	0.19027961130033696	0.3131429454642837	-0.6163766162156578	0.9969358388163317	-1.4967267375266977	2.6270257328915037	14	0.029850837057248336	0.790523143935268
Terrestrial	K01911	0.0	0.0	0.0	0.0	0.0	0.0	45	0.0	
Terrestrial	K01912	-0.07142275834767477	0.08616971138524042	-0.2933959348760541	0.15055041818070458	0.9247443736916112	0.7443014280431882	261	0.002645536344243249	1.3542643427062249
Terrestrial	K01915	0.7952085488267377	0.0710060239553601	0.6122970311177302	0.9781200665357453	-5.894133690759592	0.6046924079543098	476	0.20923745922954085	0.0
Terrestrial	K01919	0.6875697726569909	0.07603464237955174	0.49170453388726565	0.8834350114267162	-5.349554478200898	0.6520236111227049	373	0.1806050567859061	0.0
Terrestrial	K01920	-0.043141875788706915	0.0362263781742398	-0.13646102596554865	0.05017727438813481	0.397732296855352	0.30777107240654783	167	0.008522113293133904	1.5945981480257174
Terrestrial	K01921	0.27732952485068285	0.04609848609479969	0.15857982467047885	0.3960792250308869	-2.181792584374322	0.3925795094970642	469	0.07192580107475599	9.850875670736059e-11
Terrestrial	K01923	0.044364179071812164	0.01769362103090933	-0.0012145887038102696	0.08994294684743459	-0.3482140284379347	0.15067621497648023	474	0.013144468741314586	0.018273234455786547
Terrestrial	K01924	0.005859521371218761	0.0192164956142763	-0.043642171331156984	0.05536121407359451	-0.015041138394396997	0.16361058112249094	478	0.00019529185369671076	0.9425266845682674
Terrestrial	K01925	-0.003386921204967813	0.00694101149559743	-0.02126696681762679	0.014493124407691167	0.03315145795372902	0.05909551944471233	479	0.0004989184314024842	1.1406517319607556
Terrestrial	K01928	-0.009418774700014053	0.09070838205785742	-0.24308356688105479	0.22424601748102665	0.10883631184821535	0.7585497170765056	23	0.0005131587776158186	1.0068404467061525
Terrestrial	K01933	0.00871609259168102	0.007487081538320603	-0.010570629451032853	0.02800281463439489	-0.06940704131316573	0.06379572906315552	434	0.003127335573537837	0.421988500463069
Terrestrial	K01934	0.00509377466764367	0.013482096590347638	-0.029636106149091845	0.03982365548437919	-0.02876559377574079	0.11488835096529527	455	0.00031501378410092595	0.9131317900070444
Terrestrial	K01935	-0.013074473458036891	0.01872604722248314	-0.06131277110315345	0.035163824187079674	0.13455343741936499	0.1611048911977506	344	0.00142334928625365	1.2668016158658193
Terrestrial	K01939	0.19522304639523672	0.028596273357449038	0.12155904622644799	0.26888704656402546	-1.577964555515126	0.2435601560833153	477	0.08935123966218828	1.3011813848606835e-13
Terrestrial	K01941	-0.13256324488633336	0.058397426635966705	-0.2829950159005836	0.017868526127916867	1.188316186969372	0.502401888499163	71	0.0694912618775575	1.9623902440461414
Terrestrial	K01945	0.0009392722265880302	0.010209614516035834	-0.02536069476672028	0.027239239219896343	9.2086844339501e-05	0.08692428668906589	479	1.7743454908125678e-05	0.9946262818276059
Terrestrial	K01952	0.13463080356818327	0.04258899580029479	0.024921550386623886	0.24434005674974266	-0.6653715284860933	0.3629590550582871	463	0.021216789212279985	0.0017264036502369073
Terrestrial	K01958	0.01829208166732119	0.025489558411471245	-0.04736902080062874	0.08395318413527111	-0.1328356369008041	0.2172697529778382	199	0.0026073634388706912	0.7204675062314605
Terrestrial	K01959	0.01829208166732119	0.025489558411471245	-0.04736902080062874	0.08395318413527111	-0.1328356369008041	0.2172697529778382	199	0.0026073634388706912	0.7204675062314605
Terrestrial	K01960	0.01829208166732119	0.025489558411471245	-0.04736902080062874	0.08395318413527111	-0.1328356369008041	0.2172697529778382	199	0.0026073634388706912	0.7204675062314605
Terrestrial	K02201	0.05827172729123422	0.014105066045794281	0.02193707715726815	0.09460637742520028	-0.4767686966803819	0.1200855637149744	477	0.03468494460489491	1.9108095295816696e-05
Terrestrial	K02203	0.2792753950907873	0.043391073502482363	0.16749998974839275	0.39105080043318186	-1.9197794190756599	0.3704076531599561	451	0.08446791746000448	3.5216274341109965e-12
Terrestrial	K02204	0.0016442155938814946	0.004622863046661324	-0.010264279614318075	0.013552710802081066	-0.012435517275182693	0.039539458488334976	429	0.0002961685587828944	0.9226241629324932
Terrestrial	K02226	0.0	0.0	0.0	0.0	0.0	0.0	75	0.0	
Terrestrial	K02228	0.0	0.0	0.0	0.0	0.0	0.0	127	0.0	
Terrestrial	K02230	-0.4637216714275521	0.06128749102605628	-0.6215982483106731	-0.3058450945444311	4.199666087770843	0.5334503801419743	238	0.1952243278644783	2.0
Terrestrial	K02231	-0.0632462163577149	0.059366263787995	-0.21617371187559004	0.08968127916016023	0.5587468829683864	0.5062662401239442	35	0.03324987084514197	1.514488900805134
Terrestrial	K02302	0.1382801984291101	0.11535082073502058	-0.1588635157843029	0.4354239126425231	-0.7549836003799071	0.970225569364919	149	0.009681356897413895	0.40056924797066396
Terrestrial	K02304	0.1382801984291101	0.11535082073502058	-0.1588635157843029	0.4354239126425231	-0.7549836003799071	0.970225569364919	149	0.009681356897413895	0.40056924797066396
Terrestrial	K02318	0.031513738084525456	0.010845783581732762	0.003574999577981859	0.05945247659106905	0.431744221006267	0.09234060697838725	479	0.01739162082156298	0.0046320864347100255
Terrestrial	K02361	0.21286054061479143	0.07164302819257758	0.02830809999071157	0.39741298123887125	-1.6854470799550938	0.6129769004292462	130	0.06451619653834717	0.003625285600666217
Terrestrial	K02439	-0.04775637349546385	0.08610210606311236	-0.26955539871404127	0.1740426517231136	0.44805914300679156	0.7279760308538166	78	0.004031504417907006	1.1778613690030657
Terrestrial	K02488	-0.5784355199749887	0.16323315998078666	-0.9989241400854951	-0.15794689986448218	6.600236964392306	1.3989641820527046	312	0.03893017702016566	1.9996625751360513
Terrestrial	K02492	0.02767307984529244	0.01867668613269163	-0.020438063632521198	0.07578422332310608	-0.2067391618419401	0.15939195626679217	427	0.005139120195513436	0.24717949834856578
Terrestrial	K02551	-0.0025676627046121543	0.012216915137951099	-0.03403843609997418	0.028903110690749873	0.026187217965595994	0.1032817711596621	154	0.0002905246938017525	1.0277294232136316
Terrestrial	K02552	0.21286054061479143	0.07164302819257758	0.02830809999071157	0.39741298123887125	-1.6854470799550938	0.6129769004292462	130	0.06451619653834717	0.003625285600666217
Terrestrial	K02564	-0.15335779962830043	0.05362283467608037	-0.2914902217538835	-0.01522537750271738	1.4110594780456849	0.461673210556179	199	0.039863810856494486	1.994522228380014
Terrestrial	K02594	0.12538056960405367	0.06250259486685947	-0.035626114772976336	0.28638725398108367	-1.0197233689679122	0.5227914019747915	49	0.07886591997658898	0.0771660435413315
Terrestrial	K02609	0.09609319906207668	0.031743939504058113	0.014320810899622977	0.17786558722453039	-0.7864427158773587	0.275022724462291	229	0.03880170354741397	0.002927238395916687
Terrestrial	K02610	0.09609319906207668	0.031743939504058113	0.014320810899622977	0.17786558722453039	-0.7864427158773587	0.275022724462291	229	0.03880170354741397	0.002927238395916687
Terrestrial	K02611	0.09609319906207668	0.031743939504058113	0.014320810899622977	0.17786558722453039	-0.7864427158773587	0.275022724462291	229	0.03880170354741397	0.002927238395916687
Terrestrial	K02612	0.09609319906207668	0.031743939504058113	0.014320810899622977	0.17786558722453039	-0.7864427158773587	0.275022724462291	229	0.03880170354741397	0.002927238395916687
Terrestrial	K02613	0.09609319906207668	0.031743939504058113	0.014320810899622977	0.17786558722453039	-0.7864427158773587	0.275022724462291	229	0.03880170354741397	0.002927238395916687
Terrestrial	K02619	0.0	0.0	0.0	0.0	0.0	0.0	58	0.0	
Terrestrial	K02626	0.0	0.0	0.0	0.0	0.0	0.0	106	0.0	
Terrestrial	K02805	0.0	0.0	0.0	0.0	0.0	0.0	43	0.0	
Terrestrial	K02825	0.0577111163301163	0.022917229960807438	-0.0013236680489236569	0.11674590070915626	-0.44888462997983414	0.19590971008594257	425	0.014770384321326269	0.01764770625848655
Terrestrial	K02858	0.110149416868397	0.0452952155364558	-0.0065310583535131556	0.22682989209030713	-0.7712550668677154	0.38687539512089975	445	0.013173369637836996	0.023172656682265425
Terrestrial	K03077	0.09575102284068816	0.09997290825953646	-0.16177918883587777	0.3532812345172541	-0.7508414482312572	0.8437662060409847	68	0.013708301066402306	0.5576711445800164
Terrestrial	K03181	0.018562049591151288	0.08165714977872476	-0.1917867682388437	0.22891086742114627	-0.10256868888572926	0.6936335245642999	63	0.0008463808999403799	0.9676391556007915
Terrestrial	K03274	0.025171152078177685	0.020697482240738488	-0.028145562173964658	0.07848786633032002	-0.20675859853257922	0.17561764201555802	104	0.01429285158972693	0.39001616376832704
Terrestrial	K03335	-0.10554727625882789	0.07586761482762959	-0.3009822520548017	0.08988769953714594	0.9447222899295796	0.6517470499746193	75	0.02582818565111833	1.7083333070933708
Terrestrial	K03340	0.0	0.0	0.0	0.0	0.0	0.0	30	0.0	
Terrestrial	K03342	0.12315902790047979	0.0641495266505447	-0.04209015275132337	0.28840820855228294	-0.7968607902377045	0.5473955403305273	220	0.01662675460613028	0.09570087258462756
Terrestrial	K03394	0.005989067696911565	0.00937581202144776	-0.018163024070337864	0.03014115946416099	-0.049188774177968686	0.08153880854281893	242	0.0016972729004828269	0.7712327353793036
Terrestrial	K03396	0.11766689784506455	0.19016095893129034	-0.37218773236193936	0.6075215280520685	-0.8963849978099803	1.6096144325025754	21	0.01975365752010727	0.7836829197426596
Terrestrial	K03403	0.8710647281953787	0.3084661867902573	0.07645583102367592	1.6656736253670816	-7.205049943711842	2.641452275398053	16	0.3628884627517105	0.006241610358480587
Terrestrial	K03404	0.8710647281953787	0.3084661867902573	0.07645583102367592	1.6656736253670816	-7.205049943711842	2.641452275398053	16	0.3628884627517105	0.006241610358480587
Terrestrial	K03405	0.8710647281953787	0.3084661867902573	0.07645583102367592	1.6656736253670816	-7.205049943711842	2.641452275398053	16	0.3628884627517105	0.006241610358480587
Terrestrial	K03417	0.09441110636477225	0.04469412689337448	-0.02072096451256042	0.20954317724210492	-0.7576530119586997	0.3780963288570709	147	0.029854788626351603	0.05838477838168554
Terrestrial	K03428	0.0	0.0	0.0	0.0	0.0	0.0	17	0.0	
Terrestrial	K03430	1.1285979016933172	0.1984262234294752	0.6174519501389891	1.6397438532476452	-9.49577778662654	1.7225973525411107	66	0.33575817094828886	1.1369269969918605e-09
Terrestrial	K03431	0.0027189964766236373	0.007031184639050796	-0.015393335153571212	0.020831328106818488	-0.018746087928737505	0.059874457654029	474	0.00031672380955249935	0.9091903887100359
Terrestrial	K03465	0.035232930574534166	0.02697990804494535	-0.03426731254924506	0.10473317369831339	-0.26960106702027065	0.23283470635542197	203	0.008413009295094254	0.33767640321473147
Terrestrial	K03472	0.0	0.0	0.0	0.0	0.0	0.0	28	0.0	
Terrestrial	K03473	0.0	0.0	0.0	0.0	0.0	0.0	39	0.0	
Terrestrial	K03474	0.04915137333533701	0.019540856753186786	-0.0011858736608721457	0.09948862033154618	-0.4025321609061932	0.16508839804099168	223	0.02783129873418433	0.01781408167841758
Terrestrial	K03526	0.39451221538080855	0.0300735242945589	0.3170428167980248	0.4719816139635923	-3.2603188584658858	0.25640289392863147	452	0.2766304429518428	0.0
Terrestrial	K03527	0.29239325283545936	0.034154241383271416	0.2044119270321522	0.38037457863876656	-2.3802563605796716	0.29112704774204945	423	0.14827348004599317	0.0
Terrestrial	K03707	-0.045381349569491886	0.07996805919267895	-0.25137907004983284	0.1606163709108491	0.4405631929625722	0.6789735076034455	75	0.004392250594766889	1.1853711283872528
Terrestrial	K03777	0.02976919033909568	0.05036957505734131	-0.09998283500861553	0.15952121568680688	-0.20656117784997227	0.4369289106201358	148	0.0023867494162879144	0.8006185070536969
Terrestrial	K03778	0.02976919033909568	0.05036957505734131	-0.09998283500861553	0.15952121568680688	-0.20656117784997227	0.4369289106201358	148	0.0023867494162879144	0.8006185070536969
Terrestrial	K03785	0.19610159588302872	0.038998055758315914	0.09564260424960692	0.29656058751645054	-1.5363021174048936	0.3324643156683882	454	0.052978279394118144	1.0208836176417435e-07
Terrestrial	K03786	0.19610159588302872	0.038998055758315914	0.09564260424960692	0.29656058751645054	-1.5363021174048936	0.3324643156683882	454	0.052978279394118144	1.0208836176417435e-07
Terrestrial	K03794	0.10441319072607123	0.0776780461467549	-0.0956854561479694	0.30451183760011186	-0.8282129466570022	0.6546568603414321	81	0.022359709089458724	0.3165559184224358
Terrestrial	K03852	-0.19404699185645458	0.13080901070276485	-0.5310110034267768	0.14291701971386767	1.7246411276416682	1.1272325897996915	26	0.08398998208323993	1.7536340085947946
Terrestrial	K03856	0.37497384125181143	0.05727097223760549	0.2274438167677397	0.5225038657358831	-2.9521828238700394	0.49125935267646387	369	0.10458968622981024	1.4055423491754482e-12
Terrestrial	K03918	0.0	0.0	0.0	0.0	0.0	0.0	31	0.0	
Terrestrial	K03921	0.16847354562485253	0.08095882602742338	-0.040076390221790104	0.37702348147149517	-1.4143772572145665	0.6937321729141476	39	0.10477669246236887	0.06349063995779414
Terrestrial	K03922	0.16847354562485253	0.08095882602742338	-0.040076390221790104	0.37702348147149517	-1.4143772572145665	0.6937321729141476	39	0.10477669246236887	0.06349063995779414
Terrestrial	K04042	0.005803048185857072	0.008758457167109926	-0.0167587374766181	0.02836483384833224	0.6507185565866265	0.07474683201799827	410	0.0010748056392870797	0.7561834102336058
Terrestrial	K04092	0.03280673576902108	0.04639804371513122	-0.08671462484115694	0.1523280963791991	-0.22106116704447418	0.40372406181259735	162	0.0031149551659580554	0.727400433873739
Terrestrial	K04093	0.03280673576902108	0.04639804371513122	-0.08671462484115694	0.1523280963791991	-0.22106116704447418	0.40372406181259735	162	0.0031149551659580554	0.727400433873739
Terrestrial	K04486	-0.013899735928325364	0.03129654976442285	-0.09451964812147864	0.0667201762648279	0.1654944325768932	0.26895741341740337	303	0.0006548912234937143	1.11800965046696
Terrestrial	K04516	0.03280673576902108	0.04639804371513122	-0.08671462484115694	0.1523280963791991	-0.22106116704447418	0.40372406181259735	162	0.0031149551659580554	0.727400433873739
Terrestrial	K04517	0.06445259609008858	0.023573766415428302	0.0037265738039452684	0.1251786183762319	-0.5244714718423026	0.199335445090877	207	0.03518152245336281	0.008575372941487691
Terrestrial	K04720	-0.028200335941710546	0.020557768698075168	-0.08115714810795217	0.024756476224531084	0.2634145470804243	0.17757229238891686	312	0.006033463403338657	1.6981860784895224
Terrestrial	K04835	0.0	0.0	0.0	0.0	0.0	0.0	12	0.0	
Terrestrial	K05306	0.026260039572735306	0.12411768679360297	-0.2934671216075859	0.34598720075305656	-0.16898280869823357	1.0664945462767312	49	0.0009515072845440731	0.9719049300761018
Terrestrial	K05308	0.020535092707993224	0.060966312470505095	-0.1365141282160279	0.17758431363201435	-0.10347659887654036	0.5312423195241603	125	0.0009215268011035782	0.9303206134230075
Terrestrial	K05356	0.0	0.0	0.0	0.0	0.0	0.0	20	0.0	
Terrestrial	K05526	0.0	0.0	0.0	0.0	0.0	0.0	54	0.0	
Terrestrial	K05602	-0.013899735928325364	0.03129654976442285	-0.09451964812147864	0.0667201762648279	0.1654944325768932	0.26895741341740337	303	0.0006548912234937143	1.11800965046696
Terrestrial	K05774	0.057027109049118355	0.0344664060496946	-0.03175835293489494	0.14581257103313167	-0.47917622613926475	0.2951824246660056	77	0.03521596208663702	0.1750273248493408
Terrestrial	K05822	0.0	0.0	0.0	0.0	0.0	0.0	39	0.0	
Terrestrial	K05878	-0.2230948636945288	0.09504699893498608	-0.46793593295105296	0.021746205561995358	2.3625212462204668	0.8296750149328626	161	0.033489732115580706	1.9700245627802109
Terrestrial	K05879	-0.2230948636945288	0.09504699893498608	-0.46793593295105296	0.021746205561995358	2.3625212462204668	0.8296750149328626	161	0.033489732115580706	1.9700245627802109
Terrestrial	K05881	-0.2230948636945288	0.09504699893498608	-0.46793593295105296	0.021746205561995358	2.3625212462204668	0.8296750149328626	161	0.033489732115580706	1.9700245627802109
Terrestrial	K05887	0.1918657237478598	0.05053070717249684	0.06169862207150795	0.32203282542421163	-1.4163806736336921	0.4315783350654872	401	0.034873488241168094	0.0001032517420558321
Terrestrial	K05942	-0.12231184580524407	0.315773491980774	-0.9357443611477179	0.6911206695372296	1.4040946372691752	2.662599772218183	26	0.0062125225622302604	1.0910941213572487
Terrestrial	K05979	0.0595454864694636	0.04859580711472263	-0.0656373126580619	0.18472828559698912	-0.4966717929898592	0.42750084311814285	52	0.029152845685058826	0.3844932538016299
Terrestrial	K06001	0.11080970590961652	0.02944668055047605	0.03495505681159021	0.18666435500764283	-0.12823488129295457	0.2509048886697261	469	0.02943017331924347	0.00012157926893285875
Terrestrial	K06048	0.6875697726569909	0.07603464237955174	0.49170453388726565	0.8834350114267162	-5.349554478200898	0.6520236111227049	373	0.1806050567859061	0.0
Terrestrial	K06153	0.23694984455632256	0.03513559666168281	0.14644054755582764	0.3274591415568175	-1.891382956253825	0.2992421502431524	449	0.09234849058049821	2.6645352591003757e-13
Terrestrial	K06208	0.03280673576902108	0.04639804371513122	-0.08671462484115694	0.1523280963791991	-0.22106116704447418	0.40372406181259735	162	0.0031149551659580554	0.727400433873739
Terrestrial	K06209	0.03280673576902108	0.04639804371513122	-0.08671462484115694	0.1523280963791991	-0.22106116704447418	0.40372406181259735	162	0.0031149551659580554	0.727400433873739
Terrestrial	K06447	-0.07285312280735372	0.04378832374598543	-0.1856518447770122	0.03994559916230475	0.6416513613611147	0.3738476457962599	69	0.039675543993036966	1.8283364438415508
Terrestrial	K06718	0.02379560920451516	0.027072320879454343	-0.04594268938095923	0.09353390778998956	-0.1913189705486518	0.23589913271324162	131	0.005953327080099102	0.611500921694162
Terrestrial	K06720	0.10057674257368414	0.318377529148235	-0.7195637725121692	0.9207172576595374	-0.74433032794532	2.7967226423502756	10	0.012320725150253398	0.9384443753318656
Terrestrial	K06879	0.02031754973878767	0.01689538382685193	-0.023204958999182904	0.06384005847675825	-0.16253108425677557	0.14276799323917694	230	0.006302687962742803	0.3982667543547098
Terrestrial	K06966	0.0	0.0	0.0	0.0	0.0	0.0	146	0.0	
Terrestrial	K07127	-0.05484741425350783	0.03788616536477442	-0.15244217623316672	0.04274734772615107	0.5375027386677672	0.32842101340604285	262	0.007996334326184962	1.7366394675860186
Terrestrial	K07142	-0.08286332041998773	0.026406220283294018	-0.15088574386975312	-0.01484089697022234	0.7731760503169826	0.22496826382240506	470	0.020607397410582484	1.998105715095984
Terrestrial	K07160	0.13710816706432427	0.10188866606193114	-0.12535703671121035	0.3995733708398589	-0.6881914268054761	0.8749340362469943	283	0.0064029318372792465	0.3157505445400317
Terrestrial	K07173	0.0	0.0	0.0	0.0	0.0	0.0	34	0.0	
Terrestrial	K07404	0.0025654420751531743	0.010723153028323192	-0.02505740012580737	0.030188284276113714	-0.014161924865977846	0.09192222144659086	355	0.0001621191433860414	0.9642174682158124
Terrestrial	K07518	0.0	0.0	0.0	0.0	0.0	0.0	27	0.0	
Terrestrial	K07558	0.0	0.0	0.0	0.0	0.0	0.0	81	0.0	
Terrestrial	K07749	-0.5218595646144513	0.17153436500034652	-0.9637320888553439	-0.07998704037355864	4.886900774979217	1.5289820910028153	67	0.12464525501896762	1.9972393908793533
Terrestrial	K08316	-0.21757555783409926	0.11799969389525443	-0.5215427693082747	0.08639165364007617	1.968118326635762	0.9950225738009292	101	0.03320161221677609	1.8851817942721132
Terrestrial	K08323	0.05276766294402585	0.09427064118736825	-0.19007350875463477	0.2956088346426865	-0.16904941695602865	0.8042127345701935	172	0.0018396457128383448	0.8191703135642487
Terrestrial	K08678	0.05791556919782073	0.05501402320577013	-0.08380055458024313	0.1996316929758846	-0.4254653820232491	0.47109099909319624	150	0.007432623374124758	0.4938399603041539
Terrestrial	K08680	0.0	0.0	0.0	0.0	0.0	0.0	37	0.0	
Terrestrial	K08963	0.09256131123648902	0.029222075585704877	0.017285244527713253	0.16783737794526477	-0.760251229215676	0.2521668925941292	220	0.043998605216577946	0.0016828014045020545
Terrestrial	K08967	-4.946120953562195e-31	4.414149851100694e-17	-1.137085001643544e-16	1.137085001643534e-16	0.6931471805599454	3.77879213128455e-16	52	0.0	1.0
Terrestrial	K09007	0.22669685089165162	0.041235824947105634	0.1204733658279075	0.3329203359553957	-1.7764647027756681	0.352724369268771	423	0.0669807646961017	4.40406511259539e-09
Terrestrial	K09065	0.0	0.0	0.0	0.0	0.0	0.0	30	0.0	
Terrestrial	K09457	0.02031754973878767	0.01689538382685193	-0.023204958999182904	0.06384005847675825	-0.16253108425677557	0.14276799323917694	230	0.006302687962742803	0.3982667543547098
Terrestrial	K09459	-0.01082297900194748	0.0890536916763961	-0.24022528876034382	0.21857933075644886	0.11331527509291062	0.7863476284975914	39	0.00039903842496447073	1.0093590043169591
Terrestrial	K09834	0.0	0.0	0.0	0.0	1.3862943611198906	0.0	18	0.0	
Terrestrial	K09882	-0.4637216714275521	0.06128749102605628	-0.6215982483106731	-0.3058450945444311	4.199666087770843	0.5334503801419743	238	0.1952243278644783	2.0
Terrestrial	K09883	-0.4637216714275521	0.06128749102605628	-0.6215982483106731	-0.3058450945444311	4.199666087770843	0.5334503801419743	238	0.1952243278644783	2.0
Terrestrial	K10156	0.0	0.0	0.0	0.0	0.0	0.0	32	0.0	
Terrestrial	K10977	0.12538056960405367	0.06250259486685947	-0.035626114772976336	0.28638725398108367	-1.0197233689679122	0.5227914019747915	49	0.07886591997658898	0.0771660435413315
Terrestrial	K11067	0.0	0.0	0.0	0.0	0.0	0.0	135	0.0	
Terrestrial	K11204	0.6875697726569909	0.07603464237955174	0.49170453388726565	0.8834350114267162	-5.349554478200898	0.6520236111227049	373	0.1806050567859061	0.0
Terrestrial	K11205	0.6875697726569909	0.07603464237955174	0.49170453388726565	0.8834350114267162	-5.349554478200898	0.6520236111227049	373	0.1806050567859061	0.0
Terrestrial	K11260	0.543211644366835	0.3175307604981827	-0.2747475946764836	1.3611708834101535	-4.584318873686863	2.774338907995491	13	0.21014582559384332	0.1551838073666476
Terrestrial	K11261	0.543211644366835	0.3175307604981827	-0.2747475946764836	1.3611708834101535	-4.584318873686863	2.774338907995491	13	0.21014582559384332	0.1551838073666476
Terrestrial	K11391	-0.21757555783409926	0.11799969389525443	-0.5215427693082747	0.08639165364007617	1.968118326635762	0.9950225738009292	101	0.03320161221677609	1.8851817942721132
Terrestrial	K11395	0.002494147075424449	0.0721584815156306	-0.18338610130884	0.1883743954596889	0.01934357107970905	0.620312944397841	68	1.8101624473021438e-05	0.9992397011704701
Terrestrial	K11528	0.004655549346492487	0.010202434598981954	-0.02162592218048503	0.03093702087347	-0.031241420654637544	0.08707009129512666	410	0.0005100966576655486	0.8758498850029008
Terrestrial	K11540	-0.21421516306321842	0.05233228170027425	-0.3490231207231249	-0.07940720540331195	2.2787486856468018	0.44562590319720174	475	0.034212249353217095	1.9999766980402693
Terrestrial	K11541	0.004668125124892705	0.007026403769147957	-0.01343189098443243	0.02276814123421784	-0.03530201603052095	0.05983563303546396	471	0.0009402371284528144	0.755031963013542
Terrestrial	K11752	-0.070625611579672	0.03723968364495537	-0.16655503664907703	0.02530381348973304	1.332754721812139	0.3173891034835527	461	0.007775169808379112	1.8987106389537631
Terrestrial	K11753	0.01540380614383629	0.010378287772803004	-0.011330663158904249	0.04213827544657683	-0.12250593964709759	0.0884001661361617	404	0.005450109052348107	0.24599560036770685
Terrestrial	K11755	0.05039134156054514	0.02203803939913863	-0.006378647931635978	0.10716133105272625	0.23977282868644656	0.18784151105539088	469	0.011071688555986836	0.03584752386176637
Terrestrial	K11787	0.0363894533990279	0.026943469226694168	-0.03301692332893628	0.10579583012699209	0.32586099380393535	0.22939571712336804	479	0.0038095006482218308	0.31309588127969623
Terrestrial	K11788	0.0363894533990279	0.026943469226694168	-0.03301692332893628	0.10579583012699209	0.32586099380393535	0.22939571712336804	479	0.0038095006482218308	0.31309588127969623
Terrestrial	K11808	0.1558412893215843	0.037376486981116085	0.059559458858229275	0.25212311978493934	-0.7909233126250373	0.3183171197754774	474	0.03552365849174255	1.5612060575209696e-05
Terrestrial	K12251	0.09261250109563218	0.06217078242387073	-0.06753943442825883	0.2527644366195232	-0.7382734324017439	0.5265835199326184	76	0.029114078173388624	0.24348756928848303
Terrestrial	K12297	-0.21757555783409926	0.11799969389525443	-0.5215427693082747	0.08639165364007617	1.968118326635762	0.9950225738009292	101	0.03320161221677609	1.8851817942721132
Terrestrial	K12350	0.03838861387756014	0.09115951700859573	-0.19643830193658246	0.27321552969170276	-0.3121546079877649	0.810096942972153	48	0.0038403600346129663	0.8932429954904073
Terrestrial	K12351	0.03838861387756014	0.09115951700859573	-0.19643830193658246	0.27321552969170276	-0.3121546079877649	0.810096942972153	48	0.0038403600346129663	0.8932429954904073
Terrestrial	K12352	0.03838861387756014	0.09115951700859573	-0.19643830193658246	0.27321552969170276	-0.3121546079877649	0.810096942972153	48	0.0038403600346129663	0.8932429954904073
Terrestrial	K12353	0.03838861387756014	0.09115951700859573	-0.19643830193658246	0.27321552969170276	-0.3121546079877649	0.810096942972153	48	0.0038403600346129663	0.8932429954904073
Terrestrial	K12354	0.03838861387756014	0.09115951700859573	-0.19643830193658246	0.27321552969170276	-0.3121546079877649	0.810096942972153	48	0.0038403600346129663	0.8932429954904073
Terrestrial	K12447	0.15376487785439022	0.06036674730407189	-0.0017398632008989723	0.3092696189096794	-1.0176257608315573	0.5155619920597866	397	0.016160174526762328	0.016075414218318373
Terrestrial	K12449	0.05791556919782073	0.05501402320577013	-0.08380055458024313	0.1996316929758846	-0.4254653820232491	0.47109099909319624	150	0.007432623374124758	0.4938399603041539
Terrestrial	K12506	0.10775373468406994	0.03653538661655225	0.013638578759831349	0.20186889060830854	-0.34722390139802983	0.3113825858888882	453	0.018921880538011804	0.0039361731499316654
Terrestrial	K12524	-0.02991398748995551	0.053347106754958705	-0.16733613449072915	0.10750815951081812	0.4812786470739493	0.4547727888526596	456	0.0006921023769512757	1.1814114406289995
Terrestrial	K12525	-0.02991398748995551	0.053347106754958705	-0.16733613449072915	0.10750815951081812	0.4812786470739493	0.4547727888526596	456	0.0006921023769512757	1.1814114406289995
Terrestrial	K12526	0.31179944011923755	0.04244216580645437	0.20246842100181106	0.42113045923666403	-1.8033595359910124	0.36136223777686705	478	0.10183662031649932	1.3322676295501878e-15
Terrestrial	K12657	-0.030508785199003383	0.0226829755683422	-0.08894013026305289	0.027922559865046128	0.9612277563575526	0.19382331914603382	435	0.00416055443878538	1.6838931230188838
Terrestrial	K12661	0.0	0.0	0.0	0.0	0.0	0.0	18	0.0	
Terrestrial	K13038	0.0	0.0	0.0	0.0	0.0	0.0	468	0.0	
Terrestrial	K13069	-0.5784355199749887	0.16323315998078666	-0.9989241400854951	-0.15794689986448218	6.600236964392306	1.3989641820527046	312	0.03893017702016566	1.9996625751360513
Terrestrial	K13243	0.22388884313311555	0.15466661426548886	-0.17453235521478375	0.6223100414810149	-0.3478323371441252	1.320779590853702	268	0.00781596034359533	0.2634246689923927
Terrestrial	K13244	0.22388884313311555	0.15466661426548886	-0.17453235521478375	0.6223100414810149	-0.3478323371441252	1.320779590853702	268	0.00781596034359533	0.2634246689923927
Terrestrial	K13245	0.22388884313311555	0.15466661426548886	-0.17453235521478375	0.6223100414810149	-0.3478323371441252	1.320779590853702	268	0.00781596034359533	0.2634246689923927
Terrestrial	K13246	0.22388884313311555	0.15466661426548886	-0.17453235521478375	0.6223100414810149	-0.3478323371441252	1.320779590853702	268	0.00781596034359533	0.2634246689923927
Terrestrial	K13273	0.13998309190463845	0.13376542264791186	-0.2045966368363825	0.48456282064565936	-1.0893452705791262	1.1086877858326205	16	0.07254821590852167	0.4979887423693954
Terrestrial	K13421	0.018153053946914268	0.017410675622584807	-0.0266968464568642	0.06300295435069274	-0.1275219633815224	0.14823385906400666	479	0.0022738464060755303	0.5005402785329869
Terrestrial	K13484	-0.049112277553528254	0.03860569393448475	-0.14856054512876096	0.05033599002170446	0.49046869590649167	0.33465833776346066	262	0.006185989662806923	1.6430949150006429
Terrestrial	K13497	0.07856408694043626	0.017149199448804518	0.03438774916031582	0.12274042472055671	-0.6423527103389362	0.14618480482157134	466	0.04327428482168705	1.5753249935634983e-06
Terrestrial	K13498	0.04022879435048852	0.02838505074539064	-0.032891096369637766	0.1133486850706148	-0.28089792288002474	0.24304032532462996	390	0.005150157304261049	0.2783939494905041
Terrestrial	K13501	0.04022879435048852	0.02838505074539064	-0.032891096369637766	0.1133486850706148	-0.28089792288002474	0.24304032532462996	390	0.005150157304261049	0.2783939494905041
Terrestrial	K13540	0.005989067696911565	0.00937581202144776	-0.018163024070337864	0.03014115946416099	-0.049188774177968686	0.08153880854281893	242	0.0016972729004828269	0.7712327353793036
Terrestrial	K13542	0.40255878761152525	0.04482833000165419	0.28708100952726406	0.5180365656957865	-3.145892322842426	0.38318229525113073	391	0.171706964508462	0.0
Terrestrial	K13543	0.40255878761152525	0.04482833000165419	0.28708100952726406	0.5180365656957865	-3.145892322842426	0.38318229525113073	391	0.171706964508462	0.0
Terrestrial	K13562	0.5293203480610169	0.0751091623027186	0.3358391459692138	0.72280155015282	-3.8937981002773334	0.643121527017934	407	0.10923447356843663	1.865174681370263e-14
Terrestrial	K13713	0.034544930073244044	0.015136251808425236	-0.004446054585259367	0.07353591473174745	0.4135782668685526	0.12886949742587414	479	0.010801818554758702	0.036298412055254525
Terrestrial	K13786	0.4386483796909828	0.04593885095962534	0.3203098996189879	0.5569868597629777	-3.3297910334671643	0.39312790044736884	433	0.17460522896108877	0.0
Terrestrial	K13787	-0.16806394509275766	0.08750116944901586	-0.39346695759342254	0.0573390674079072	1.5790092329686667	0.7669171512914377	157	0.023247393854093024	1.9044933329283043
Terrestrial	K13789	-0.16806394509275766	0.08750116944901586	-0.39346695759342254	0.0573390674079072	1.5790092329686667	0.7669171512914377	157	0.023247393854093024	1.9044933329283043
Terrestrial	K13799	0.0	0.0	0.0	0.0	0.0	0.0	43	0.0	
Terrestrial	K13800	0.0	0.0	0.0	0.0	0.0	0.0	43	0.0	
Terrestrial	K13809	0.0	0.0	0.0	0.0	0.0	0.0	43	0.0	
Terrestrial	K13829	0.2774480686449989	0.0445512961645455	0.16268392972512968	0.3922122075648681	-1.8970904276602996	0.3795085516169253	471	0.07637732892194637	1.893329937274757e-11
Terrestrial	K13830	0.3313206483900253	0.035051456779920984	0.24102809572494882	0.42161320105510175	-1.2631064878677791	0.2985568850265242	476	0.15860179547773823	0.0
Terrestrial	K13832	0.3199640962195094	0.056373373025583276	0.17474628730560687	0.4651819051334119	-1.9887811704645337	0.4803230797390593	472	0.0641453250542049	1.2395318105262731e-09
Terrestrial	K13853	0.6550781343422734	0.065329320695224	0.4867898042313763	0.8233664644531704	-5.1646743039423555	0.5593572420258238	394	0.2041371652777565	0.0
Terrestrial	K13937	0.0025654420751531743	0.010723153028323192	-0.02505740012580737	0.030188284276113714	-0.014161924865977846	0.09192222144659086	355	0.0001621191433860414	0.9642174682158124
Terrestrial	K13939	-0.08286332041998773	0.026406220283294018	-0.15088574386975312	-0.01484089697022234	0.7731760503169826	0.22496826382240506	470	0.020607397410582484	1.998105715095984
Terrestrial	K13940	-0.08286332041998773	0.026406220283294018	-0.15088574386975312	-0.01484089697022234	0.7731760503169826	0.22496826382240506	470	0.020607397410582484	1.998105715095984
Terrestrial	K13941	-0.08286332041998773	0.026406220283294018	-0.15088574386975312	-0.01484089697022234	0.7731760503169826	0.22496826382240506	470	0.020607397410582484	1.998105715095984
Terrestrial	K13950	0.2504638995253795	0.049126419049626606	0.12391424405354137	0.37701355499721767	-2.007927321113058	0.4200878120635655	205	0.11351086615736261	6.50703464444291e-08
Terrestrial	K13990	-0.0055989467964999975	0.1620691545326345	-0.42308908887256647	0.4118911952795665	0.10984972511920976	1.3564738707812214	22	5.9669999948774866e-05	1.0007594988068669
Terrestrial	K13998	-0.0018541770444440314	0.02482694347175697	-0.06580838342768999	0.06210002933880193	0.04420355087780541	0.20930693520516516	291	1.9299660289129328e-05	1.0035445832145322
Terrestrial	K14152	0.05039134156054514	0.02203803939913863	-0.006378647931635978	0.10716133105272625	0.23977282868644656	0.18784151105539088	469	0.011071688555986836	0.03584752386176637
Terrestrial	K14153	0.09597382653725552	0.044519633512344545	-0.01870874939054404	0.21065640246505507	-0.08904560564864117	0.3804101472835377	426	0.010841823900007208	0.05189281168460713
Terrestrial	K14154	-0.34488130297726427	0.05161864142297785	-0.47785092328285517	-0.21191168267167335	3.2071196186431807	0.4411891370232948	402	0.10039623665497754	1.9999999999995453
Terrestrial	K14170	0.03280673576902108	0.04639804371513122	-0.08671462484115694	0.1523280963791991	-0.22106116704447418	0.40372406181259735	162	0.0031149551659580554	0.727400433873739
Terrestrial	K14187	0.1225344441316466	0.044652618536702986	0.00750929878109971	0.2375595894821935	-0.9167220536375007	0.38201621100616157	325	0.022783004453824307	0.008278853649553053
Terrestrial	K14267	0.030854699937979384	0.0249598167742905	-0.033441788072592946	0.09515118794855172	-0.25404706632903523	0.21210443415940855	87	0.017660482235371422	0.37800917830899494
Terrestrial	K14275	0.0	0.0	0.0	0.0	0.0	0.0	13	0.0	
Terrestrial	K14541	-0.23834289295087588	0.10431288246201195	-0.5070528781730187	0.03036709227126691	2.514256249920839	0.9020101772229314	111	0.045707104773964	1.963977054887685
Terrestrial	K14584	0.0893732451297728	0.20627545664705674	-0.44199233119304543	0.6207388214525911	-0.6286936151489373	1.7947138834097065	28	0.007168399225191524	0.8873561556607688
Terrestrial	K14652	0.5466071911385606	0.04902033125315746	0.420330817830427	0.6728835644466942	-3.7659132384782383	0.418344964908201	457	0.21461862179179758	0.0
Terrestrial	K14656	0.0	0.0	0.0	0.0	0.0	0.0	404	0.0	
Terrestrial	K14681	0.0	0.0	0.0	0.0	0.0	0.0	135	0.0	
Terrestrial	K14682	0.0	0.0	0.0	0.0	0.0	0.0	135	0.0	
Terrestrial	K14727	0.07718662950263762	0.03512655407590761	-0.013299373796900396	0.16767263280217565	-0.6378102703625342	0.30625950594645995	160	0.02965395421281336	0.046239336713783
Terrestrial	K14759	0.12392259261871898	0.09097069239797989	-0.11041791099847724	0.3582630962359152	-0.5372169838045514	0.7727942275241592	188	0.009878106422033905	0.30686459406055855
Terrestrial	K14760	0.0	0.0	0.0	0.0	0.0	0.0	45	0.0	
Terrestrial	K15461	0.016832558166685645	0.036600190265533905	-0.07744953195732969	0.11111464829070099	-0.11777629557305473	0.3097250380510443	141	0.0015193520403263827	0.8740197802988101
Terrestrial	K15789	-0.00043286962522581584	0.025595961001692577	-0.0663680651655859	0.06550232591513426	0.025990673038698533	0.2219613737676746	187	1.5459624634894809e-06	1.0001820589069725
Terrestrial	K15792	-0.009418774700014053	0.09070838205785742	-0.24308356688105479	0.22424601748102665	0.10883631184821535	0.7585497170765056	23	0.0005131587776158186	1.0068404467061525
Terrestrial	K15918	0.024568848160674246	0.05520774125971512	-0.1176462933243519	0.1667839896457004	-0.04632360172963751	0.4734603134094262	313	0.0006364038099149205	0.8815434099893023
Terrestrial	K16011	0.0668228445589544	0.10597972123557199	-0.20618091734387903	0.33982660646178786	-0.4915475706039769	0.8854590600800247	54	0.007587405515511847	0.7763937001804284
Terrestrial	K16047	-0.02049081240440587	0.14951233619411097	-0.40563459044043576	0.364652965631624	0.26525113846438436	1.3082730840517578	45	0.0004366225681173841	1.0118864029176844
Terrestrial	K16048	-0.02049081240440587	0.14951233619411097	-0.40563459044043576	0.364652965631624	0.26525113846438436	1.3082730840517578	45	0.0004366225681173841	1.0118864029176844
Terrestrial	K16049	0.0	0.0	0.0	0.0	0.0	0.0	37	0.0	
Terrestrial	K16171	0.10355962016097145	0.052528109651263054	-0.03175279030068218	0.23887203062262508	-0.8285051879462187	0.4572700838825158	214	0.01800408985926294	0.08420987123123003
Terrestrial	K16856	0.3506559970384806	0.2828581784310397	-0.3779866705998778	1.079298664676839	-2.973155612214231	2.501325149705347	11	0.1458529440704599	0.3759216130998646
Terrestrial	K16881	0.0668228445589544	0.10597972123557199	-0.20618091734387903	0.33982660646178786	-0.4915475706039769	0.8854590600800247	54	0.007587405515511847	0.7763937001804284
Terrestrial	K16953	0.022737258121659814	0.17795343019793863	-0.4356707780682301	0.4811452943115498	-0.1529301735250148	1.5366213686983694	16	0.00116474079147455	0.9896607577963561
Terrestrial	K17104	0.0	0.0	0.0	0.0	0.0	0.0	32	0.0	
Terrestrial	K17877	-0.020860204712984876	0.048756691791734565	-0.14645744276849312	0.10473703334252336	1.6148649798025483	0.42126541341598545	297	0.0006201221671270352	1.1099992418238442
Terrestrial	K18240	0.018562049591151288	0.08165714977872476	-0.1917867682388437	0.22891086742114627	-0.10256868888572926	0.6936335245642999	63	0.0008463808999403799	0.9676391556007915
Terrestrial	K18365	0.11905756164685198	0.13196969988121818	-0.22089638524716604	0.45901150854087003	-0.7352020814753051	1.1518737767103515	127	0.006468996562457585	0.5956284429024434
Terrestrial	K18384	0.1925691010698697	0.1119266180659515	-0.09575386706802133	0.48089206920776073	-1.6287442855403587	0.9749851315182178	29	0.09880141823139077	0.15191130475354964
Terrestrial	K18482	0.0	0.0	0.0	0.0	0.0	0.0	58	0.0	
Terrestrial	K18592	0.12155777214524649	0.06276094431987464	-0.040114420422750596	0.2832299647132436	-0.8481604848107186	0.5413472685502633	324	0.011515964379728905	0.09179680827622994
Terrestrial	K18649	-0.013899735928325364	0.03129654976442285	-0.09451964812147864	0.0667201762648279	0.1654944325768932	0.26895741341740337	303	0.0006548912234937143	1.11800965046696
Terrestrial	K18859	0.0026757635830070765	0.02131590647723783	-0.052234011502357576	0.05758553866837173	0.0013239111396988919	0.1833578889327434	285	5.5677182329572084e-05	0.9900185994039545
Terrestrial	K18860	0.0026757635830070765	0.02131590647723783	-0.052234011502357576	0.05758553866837173	0.0013239111396988919	0.1833578889327434	285	5.5677182329572084e-05	0.9900185994039545
Terrestrial	K18911	0.009816397471753106	0.019478769365103527	-0.04036091241275358	0.05999370735625979	-0.07053428542982514	0.16935274941355216	235	0.0010888102384647436	0.8507117862862907
Terrestrial	K19107	0.0	0.0	0.0	0.0	0.0	0.0	39	0.0	
Terrestrial	K19268	-0.8990391252821612	0.24750083979519402	-1.536601288594581	-0.26147696196974146	8.11319487821935	2.1393214751980714	12	0.5688694597830751	1.9997751529757455
Terrestrial	K19269	0.5013375605862546	0.08197554727012833	0.290168550818404	0.7125065703541051	-4.091999822927632	0.6944906803556836	117	0.2454154525772856	4.561950817105753e-11
Terrestrial	K19285	0.5293203480610169	0.0751091623027186	0.3358391459692138	0.72280155015282	-3.8937981002773334	0.643121527017934	407	0.10923447356843663	1.865174681370263e-14
Terrestrial	K19286	0.5293203480610169	0.0751091623027186	0.3358391459692138	0.72280155015282	-3.8937981002773334	0.643121527017934	407	0.10923447356843663	1.865174681370263e-14
Terrestrial	K19302	0.23694984455632256	0.03513559666168281	0.14644054755582764	0.3274591415568175	-1.891382956253825	0.2992421502431524	449	0.09234849058049821	2.6645352591003757e-13
Terrestrial	K19562	0.016807000222285436	0.025917282246636333	-0.04995591884504976	0.08356991928962063	0.5423254526704022	0.22297289368535875	344	0.0012281225177461774	0.765121607194319
Terrestrial	K19670	1.2610372313602063	0.2920739788721294	0.508654661785601	2.0134198009348117	-10.856225268603714	2.5737850252826027	30	0.3996703032439207	7.016450060071122e-06
Terrestrial	K19712	-0.0632462163577149	0.059366263787995	-0.21617371187559004	0.08968127916016023	0.5587468829683864	0.5062662401239442	35	0.03324987084514197	1.514488900805134
Terrestrial	K19726	0.44279094169128586	0.07017490045571201	0.2620203981173717	0.6235614852652	-3.2775385462784747	0.5922359526055201	364	0.09908524228088222	9.823253321883385e-12
Terrestrial	K19964	-0.05484741425350783	0.03788616536477442	-0.15244217623316672	0.04274734772615107	0.5375027386677672	0.32842101340604285	262	0.007996334326184962	1.7366394675860186
Terrestrial	K20023	0.07348968391626302	0.07019069971138843	-0.10732155854027357	0.2543009263727996	-0.6017895364200287	0.6063049113320215	76	0.014597403002187703	0.49764479030699427
Terrestrial	K20246	0.009816397471753106	0.019478769365103527	-0.04036091241275358	0.05999370735625979	-0.07053428542982514	0.16935274941355216	235	0.0010888102384647436	0.8507117862862907
Terrestrial	K21219	0.09597382653725552	0.044519633512344545	-0.01870874939054404	0.21065640246505507	-0.08904560564864117	0.3804101472835377	426	0.010841823900007208	0.05189281168460713
Terrestrial	K21220	-0.1301940451765168	0.03564890904432915	-0.22202563487470872	-0.03836245547832491	1.2208178340662852	0.3049472527578064	396	0.032744235786224096	1.999794736446344
Terrestrial	K21456	-0.043141875788706915	0.0362263781742398	-0.13646102596554865	0.05017727438813481	0.397732296855352	0.30777107240654783	167	0.008522113293133904	1.5945981480257174
Terrestrial	K22186	0.0	0.0	0.0	0.0	0.0	0.0	13	0.0	
Terrestrial	K22223	0.5013375605862546	0.08197554727012833	0.290168550818404	0.7125065703541051	-4.091999822927632	0.6944906803556836	117	0.2454154525772856	4.561950817105753e-11
Terrestrial	K22251	0.2594751771725553	0.1566679830711176	-0.14410154721864366	0.6630519015637543	-2.013131302059825	1.3255654664049386	52	0.05200750555216416	0.1744234292295661
Terrestrial	K22305	0.02654087007352405	0.015316536620721148	-0.012914528261453631	0.06599626840850173	-0.2163079371830123	0.1314368346052195	319	0.009383298843287702	0.14784868047305366
Terrestrial	K22316	0.0	0.0	0.0	0.0	0.0	0.0	75	0.0	
Terrestrial	K22373	-0.1721869236352256	0.1622824617002702	-0.5902265449751216	0.24585269770467041	1.7448109735972734	1.3733132145168792	75	0.015187553757492034	1.5116387100949122
Terrestrial	K22391	0.22669685089165162	0.041235824947105634	0.1204733658279075	0.3329203359553957	-1.7764647027756681	0.352724369268771	423	0.0669807646961017	4.40406511259539e-09
Terrestrial	K22396	0.0	0.0	0.0	0.0	0.0	0.0	13	0.0	
Terrestrial	K22476	0.0	0.0	0.0	0.0	0.0	0.0	135	0.0	
Terrestrial	K22477	0.0	0.0	0.0	0.0	0.0	0.0	135	0.0	
Terrestrial	K22478	0.0	0.0	0.0	0.0	0.0	0.0	135	0.0	
Terrestrial	K22515	0.1023003705115455	0.10959809944467418	-0.1800243336579352	0.3846250746810262	-0.25073044475518746	0.9389454376466082	274	0.0031929386135808313	0.5742662740552316
Terrestrial	K22548	0.1925691010698697	0.1119266180659515	-0.09575386706802133	0.48089206920776073	-1.6287442855403587	0.9749851315182178	29	0.09880141823139077	0.15191130475354964
Terrestrial	K22920	0.21041801303306903	0.05603117360715269	0.0660817098210437	0.35475431624509435	-1.5299968880743195	0.4785638698396764	396	0.03455705957203081	0.00012613687447671218
Terrestrial	K22949	0.0	0.0	0.0	0.0	0.0	0.0	404	0.0	
Terrestrial	K23123	0.13710816706432427	0.10188866606193114	-0.12535703671121035	0.3995733708398589	-0.6881914268054761	0.8749340362469943	283	0.0064029318372792465	0.3157505445400317
Terrestrial	K23124	0.13710816706432427	0.10188866606193114	-0.12535703671121035	0.3995733708398589	-0.6881914268054761	0.8749340362469943	283	0.0064029318372792465	0.3157505445400317
Terrestrial	K23144	0.2796920371972338	0.05296696116578192	0.14324914523417956	0.41613492916028805	-1.423672091403946	0.45100335170511796	477	0.05544757388598187	1.953023587297764e-08
Terrestrial	K23264	0.13463080356818327	0.04258899580029479	0.024921550386623886	0.24434005674974266	-0.6653715284860933	0.3629590550582871	463	0.021216789212279985	0.0017264036502369073
Terrestrial	K23265	0.13463080356818327	0.04258899580029479	0.024921550386623886	0.24434005674974266	-0.6653715284860933	0.3629590550582871	463	0.021216789212279985	0.0017264036502369073
Terrestrial	K23269	0.13463080356818327	0.04258899580029479	0.024921550386623886	0.24434005674974266	-0.6653715284860933	0.3629590550582871	463	0.021216789212279985	0.0017264036502369073
Terrestrial	K23270	0.13463080356818327	0.04258899580029479	0.024921550386623886	0.24434005674974266	-0.6653715284860933	0.3629590550582871	463	0.021216789212279985	0.0017264036502369073
Terrestrial	K23304	0.6450442110814446	0.06783475742238801	0.4703018759613731	0.8197865462015161	-5.120517999069166	0.5707692831296637	339	0.21155216552486766	0.0
Terrestrial	K23987	-0.0021249633717152026	0.06374331316046065	-0.16632773807306184	0.16207781132963145	0.6001123381414496	0.5445835283220131	365	3.0614394662675792e-06	1.000707229122704
Terrestrial	K23999	-0.042210482903978656	0.19249969326910918	-0.5380896927652039	0.4536687269572466	0.42065735304419954	1.691801507317635	36	0.001412173014580631	1.0301460766378772
Terrestrial	K24017	0.21481200952849522	0.03901202389133305	0.11431703598442128	0.31530698307256916	-1.2399181809423607	0.3325973420841968	461	0.061962330812209476	4.1427354879886025e-09
Terrestrial	K24018	0.06517130528710066	0.047240938102171566	-0.0565213512640933	0.18686396183829462	-0.23491841812922565	0.4026300358230749	461	0.004129201957908668	0.2977233105246697
Terrestrial	K24042	0.3022766050212543	0.04850214613552522	0.17733507657614134	0.4272181334663673	-1.9662992866381128	0.4143049116757726	447	0.0802758205248083	1.8251622435627723e-11
Terrestrial	K24263	0.16690817456438312	0.09170888018261013	-0.06933390078602059	0.4031502499147868	-1.154059491320883	0.7945278042868683	181	0.018168388729115748	0.12139699936830395
Terrestrial	K24866	0.057327806020796714	0.0424951269756209	-0.05213964106840272	0.16679525310999616	-0.4493522386176811	0.35743012925645273	149	0.012229010344473545	0.31392622403121573
Terrestrial	K25004	0.1288525555724888	0.04056807683686729	0.024349189640718666	0.23335592150425896	-0.9665253927941448	0.3467158836597303	384	0.025729619819236715	0.0016247520290777473
Terrestrial	K25009	0.12885255557248884	0.04056807683686729	0.024349189640718694	0.233355921504259	-0.2733782122341998	0.3467158836597303	384	0.025729619819236715	0.0016247520290777473
Terrestrial	K25031	0.04495646944776385	0.04289155806446739	-0.06553218412630415	0.15544512302183186	-0.26342554300107124	0.3691699563936732	354	0.0031113205024030366	0.49688714925810284
Terrestrial	K25528	0.02654087007352405	0.015316536620721148	-0.012914528261453631	0.06599626840850173	-0.2163079371830123	0.1314368346052195	319	0.009383298843287702	0.14784868047305366
Terrestrial	K25801	0.0026757635830070765	0.02131590647723783	-0.052234011502357576	0.05758553866837173	0.0013239111396988919	0.1833578889327434	285	5.5677182329572084e-05	0.9900185994039545
Terrestrial	K25995	0.0026757635830070765	0.02131590647723783	-0.052234011502357576	0.05758553866837173	0.0013239111396988919	0.1833578889327434	285	5.5677182329572084e-05	0.9900185994039545
Terrestrial	K25996	0.0026757635830070765	0.02131590647723783	-0.052234011502357576	0.05758553866837173	0.0013239111396988919	0.1833578889327434	285	5.5677182329572084e-05	0.9900185994039545
Terrestrial	K26110	0.0	0.0	0.0	0.0	0.0	0.0	54	0.0	
Terrestrial	K26138	-0.020860204712984876	0.048756691791734565	-0.14645744276849312	0.10473703334252336	1.6148649798025483	0.42126541341598545	297	0.0006201221671270352	1.1099992418238442
Terrestrial	K26139	-0.020860204712984876	0.048756691791734565	-0.14645744276849312	0.10473703334252336	1.6148649798025483	0.42126541341598545	297	0.0006201221671270352	1.1099992418238442
Terrestrial	K27797	0.1176182552898692	0.1171956340654492	-0.18427769806272792	0.4195142086424663	-0.8024191497680486	0.9950039031011597	127	0.007993392737041694	0.5266497815976314
Terrestrial	K27802	0.046642714362661354	0.0351621562058794	-0.04393500002368398	0.1372204287490067	-0.38939893835185935	0.3016509411632743	66	0.026758231078354844	0.326213544651454
Terrestrial	K28067	0.022737258121659814	0.17795343019793863	-0.4356707780682301	0.4811452943115498	-0.1529301735250148	1.5366213686983694	16	0.00116474079147455	0.9896607577963561
Terrestrial	K28068	0.022737258121659814	0.17795343019793863	-0.4356707780682301	0.4811452943115498	-0.1529301735250148	1.5366213686983694	16	0.00116474079147455	0.9896607577963561
Terrestrial	K28069	0.022737258121659814	0.17795343019793863	-0.4356707780682301	0.4811452943115498	-0.1529301735250148	1.5366213686983694	16	0.00116474079147455	0.9896607577963561
Terrestrial	K28126	0.0027189964766236373	0.007031184639050796	-0.015393335153571212	0.020831328106818488	-0.018746087928737505	0.059874457654029	474	0.00031672380955249935	0.9091903887100359
Terrestrial	K28179	0.0	0.0	0.0	0.0	0.0	0.0	11	0.0	
Terrestrial	K28192	0.007420356963535384	0.007915762306013511	-0.012970646736755423	0.02781136066382619	-0.058196101468105756	0.06755506638816315	410	0.0021491640570733272	0.5715358669420774
Terrestrial	K28203	0.5013375605862546	0.08197554727012833	0.290168550818404	0.7125065703541051	-4.091999822927632	0.6944906803556836	117	0.2454154525772856	4.561950817105753e-11
Terrestrial	K28207	0.7629682294157245	0.10614695104257474	0.489533683530052	1.0364027753013971	-6.249465025701035	0.9215371951913394	108	0.32768917682326126	5.329070518200751e-15
Terrestrial	K28208	0.7629682294157245	0.10614695104257474	0.489533683530052	1.0364027753013971	-6.249465025701035	0.9215371951913394	108	0.32768917682326126	5.329070518200751e-15
Terrestrial	K28462	0.17029798012655778	0.06367974544861829	0.0062589558509170695	0.3343370044021985	-1.402474196674835	0.5381821478889712	58	0.11324799193291757	0.01053567960627766
Terrestrial	K28660	0.21041801303306903	0.05603117360715269	0.0660817098210437	0.35475431624509435	-1.5299968880743195	0.4785638698396764	396	0.03455705957203081	0.00012613687447671218
Mammals: Human	K00005	0.2920163751284851	0.06563825407982364	0.12293223261885941	0.4611005176381108	-2.2204190688637984	0.5349870914711671	100	0.16802843342825946	3.3710421616373054e-06
Mammals: Human	K00010	0.006074494757766763	0.0785298548255452	-0.19621841127283768	0.20836740078837118	0.007669865839224049	0.6482001808976248	48	0.0001300578035582367	0.9961980713013738
Mammals: Human	K00012	-0.5700644301280771	0.05209792963801982	-0.7042686968756161	-0.435860163380538	4.865178577096034	0.4424141260292107	27	0.827265869438816	2.0
Mammals: Human	K00014	0.25024339496015224	0.05113902031328915	0.11850927863311939	0.3819775112871851	-1.8443581855723918	0.4174137662087498	277	0.08009929554388506	2.3965704198936066e-07
Mammals: Human	K00019	0.0	0.0	0.0	0.0	0.0	0.0	37	0.0	
Mammals: Human	K00021	0.20261239772406248	0.050947161584239446	0.07137250948306165	0.33385228596506333	-1.5532717781039365	0.3958505947845349	83	0.163359976885598	4.238689063162937e-05
Mammals: Human	K00027	0.14379230078017147	0.05370736154951164	0.005442137428629479	0.28214246413171346	-1.0310213027761987	0.44165393210125964	202	0.03460037152777795	0.01042707255243025
Mammals: Human	K00028	0.14379230078017147	0.05370736154951164	0.005442137428629479	0.28214246413171346	-1.0310213027761987	0.44165393210125964	202	0.03460037152777795	0.01042707255243025
Mammals: Human	K00029	0.08191625457349896	0.08154586550732543	-0.12814589497337134	0.29197840412036924	-0.5908207982832538	0.6686238120500498	57	0.018016799658104543	0.5260199805264869
Mammals: Human	K00060	-1.699298404871246e-05	0.02562900739039544	-0.06603731602170737	0.06600333005360995	0.008200985279147192	0.21301473537146282	86	5.233550481875682e-09	1.00000027986964
Mammals: Human	K00067	0.02979543664201294	0.03619824300708305	-0.063451237344233	0.12304211062825887	-0.16660001229016302	0.2944731499007321	222	0.003070198279533143	0.6496477293218033
Mammals: Human	K00077	0.17417530533482042	0.056261767506002154	0.029244992239358863	0.31910561843028196	-1.3459866969640821	0.4677053501097508	112	0.0801444351699071	0.0022398229523752367
Mammals: Human	K00082	-0.04014065263313917	0.031166757258135506	-0.12042621933009623	0.04014491406381789	0.40494657298150366	0.2528620406173461	327	0.005077983692638344	1.6521571357310716
Mammals: Human	K00099	0.00699664388328836	0.005508329274395428	-0.007192812327554264	0.021186100094130984	-0.0547112933629129	0.04490127717908241	308	0.005244867420908017	0.3580377322205168
Mammals: Human	K00107	0.12289261006838265	0.07612202075763884	-0.073197715403295	0.3189829355400603	-0.9524423610273639	0.6368900263022975	52	0.04954420213081445	0.19028220809463114
Mammals: Human	K00108	0.0	0.0	0.0	0.0	0.0	0.0	85	0.0	
Mammals: Human	K00121	0.15967525954100165	0.0682572987942812	-0.01615554215306675	0.33550606123507004	-1.2520555898124164	0.5711149655020481	92	0.05731908780925099	0.030689586539406122
Mammals: Human	K00122	0.9028461581626613	0.13473065537193873	0.5557799899245471	1.2499123264007754	-6.646454957074056	1.1096742567741247	153	0.2292182286130401	3.8413716652030416e-13
Mammals: Human	K00123	0.9028461581626613	0.13473065537193873	0.5557799899245471	1.2499123264007754	-6.646454957074056	1.1096742567741247	153	0.2292182286130401	3.8413716652030416e-13
Mammals: Human	K00124	0.9028461581626613	0.13473065537193873	0.5557799899245471	1.2499123264007754	-6.646454957074056	1.1096742567741247	153	0.2292182286130401	3.8413716652030416e-13
Mammals: Human	K00126	0.9028461581626613	0.13473065537193873	0.5557799899245471	1.2499123264007754	-6.646454957074056	1.1096742567741247	153	0.2292182286130401	3.8413716652030416e-13
Mammals: Human	K00127	0.9028461581626613	0.13473065537193873	0.5557799899245471	1.2499123264007754	-6.646454957074056	1.1096742567741247	153	0.2292182286130401	3.8413716652030416e-13
Mammals: Human	K00133	0.08270144960312818	0.01814313253400401	0.03596474019553385	0.12943815901072253	-0.6309141304822323	0.1464041604001617	390	0.0508293185455273	1.8001809463097374e-06
Mammals: Human	K00147	0.0020325780024270917	0.0051612389402292	-0.01126277350760333	0.015327929512457513	-0.014338481237320486	0.04189623880056737	324	0.00048141710053550835	0.9059836876510063
Mammals: Human	K00148	0.0	0.0	0.0	0.0	0.0	0.0	14	0.0	
Mammals: Human	K00156	0.0	0.0	0.0	0.0	0.0	0.0	72	0.0	
Mammals: Human	K00158	0.8302883311462853	0.2760659809557394	0.11914236420430058	1.54143429808827	-6.246089036966884	2.118050522636605	26	0.2737284204585524	0.0031557231780157124
Mammals: Human	K00211	0.0	0.0	0.0	0.0	0.0	0.0	187	0.0	
Mammals: Human	K00216	0.0	0.0	0.0	0.0	0.0	0.0	23	0.0	
Mammals: Human	K00220	0.0	0.0	0.0	0.0	0.0	0.0	229	0.0	
Mammals: Human	K00228	0.5589067329755024	0.05633029432213872	0.41379989480167306	0.7040135711493318	-4.152563497170469	0.46330271913080073	132	0.43093578874451133	0.0
Mammals: Human	K00231	-0.0013215247801557862	0.014330028848243585	-0.03823567909323126	0.03559262953291969	0.016755473056319012	0.11704821255635002	116	7.45966360514716e-05	1.0053995984167283
Mammals: Human	K00233	0.014850900693558863	0.019066936816048957	-0.03426552854458325	0.06396732993170098	-0.11317001774307071	0.15916698902076626	130	0.004717156461571115	0.6796275824231781
Mammals: Human	K00234	0.014850900693558863	0.019066936816048957	-0.03426552854458325	0.06396732993170098	-0.11317001774307071	0.15916698902076626	130	0.004717156461571115	0.6796275824231781
Mammals: Human	K00235	0.014850900693558863	0.019066936816048957	-0.03426552854458325	0.06396732993170098	-0.11317001774307071	0.15916698902076626	130	0.004717156461571115	0.6796275824231781
Mammals: Human	K00236	0.014850900693558863	0.019066936816048957	-0.03426552854458325	0.06396732993170098	-0.11317001774307071	0.15916698902076626	130	0.004717156461571115	0.6796275824231781
Mammals: Human	K00237	0.014850900693558863	0.019066936816048957	-0.03426552854458325	0.06396732993170098	-0.11317001774307071	0.15916698902076626	130	0.004717156461571115	0.6796275824231781
Mammals: Human	K00239	0.014850900693558863	0.019066936816048957	-0.03426552854458325	0.06396732993170098	-0.11317001774307071	0.15916698902076626	130	0.004717156461571115	0.6796275824231781
Mammals: Human	K00240	0.014850900693558863	0.019066936816048957	-0.03426552854458325	0.06396732993170098	-0.11317001774307071	0.15916698902076626	130	0.004717156461571115	0.6796275824231781
Mammals: Human	K00241	0.014850900693558863	0.019066936816048957	-0.03426552854458325	0.06396732993170098	-0.11317001774307071	0.15916698902076626	130	0.004717156461571115	0.6796275824231781
Mammals: Human	K00242	0.014850900693558863	0.019066936816048957	-0.03426552854458325	0.06396732993170098	-0.11317001774307071	0.15916698902076626	130	0.004717156461571115	0.6796275824231781
Mammals: Human	K00244	0.014850900693558863	0.019066936816048957	-0.03426552854458325	0.06396732993170098	-0.11317001774307071	0.15916698902076626	130	0.004717156461571115	0.6796275824231781
Mammals: Human	K00245	0.014850900693558863	0.019066936816048957	-0.03426552854458325	0.06396732993170098	-0.11317001774307071	0.15916698902076626	130	0.004717156461571115	0.6796275824231781
Mammals: Human	K00246	0.014850900693558863	0.019066936816048957	-0.03426552854458325	0.06396732993170098	-0.11317001774307071	0.15916698902076626	130	0.004717156461571115	0.6796275824231781
Mammals: Human	K00247	0.014850900693558863	0.019066936816048957	-0.03426552854458325	0.06396732993170098	-0.11317001774307071	0.15916698902076626	130	0.004717156461571115	0.6796275824231781
Mammals: Human	K00254	-0.10700910804126246	0.027455660772316533	-0.17773489019074984	-0.03628332589177506	0.9487266905985015	0.2216069383924643	378	0.03883194732973716	1.9999368941929134
Mammals: Human	K00265	0.029530671609645	0.0376830149539961	-0.06754077491184896	0.12660211813113895	-0.22315649659966108	0.29972772935705544	60	0.010477389556883265	0.6764052876825848
Mammals: Human	K00266	0.029530671609645	0.0376830149539961	-0.06754077491184896	0.12660211813113895	-0.22315649659966108	0.29972772935705544	60	0.010477389556883265	0.6764052876825848
Mammals: Human	K00274	0.0	0.0	0.0	0.0	0.6931471805599453	0.0	20	0.0	
Mammals: Human	K00276	0.0	0.0	0.0	0.0	0.0	0.0	20	0.0	
Mammals: Human	K00288	0.01972386755193576	0.009912456149702882	-0.005810619489698864	0.04525835459357039	-0.1501826773103507	0.07994568095934954	320	0.012297606240064263	0.08041237786520017
Mammals: Human	K00297	0.0554107098948521	0.023299855134411095	-0.004609716931390881	0.11543113672109508	-0.42057552086370137	0.188966884162557	235	0.023697869452538822	0.027310450178239076
Mammals: Human	K00299	0.1564069163750507	0.07710851660022014	-0.042224622387116384	0.35503845513721777	-0.9075081584790115	0.6243378411759452	226	0.018036592643887683	0.07285292389622433
Mammals: Human	K00300	0.01972386755193576	0.009912456149702882	-0.005810619489698864	0.04525835459357039	-0.1501826773103507	0.07994568095934954	320	0.012297606240064263	0.08041237786520017
Mammals: Human	K00301	-0.1550204026687955	0.3673386029680508	-1.1012846439144945	0.7912438385769035	1.803444721771539	3.129935214745714	16	0.012561074431592156	1.1071859343366857
Mammals: Human	K00302	-0.1550204026687955	0.3673386029680508	-1.1012846439144945	0.7912438385769035	1.803444721771539	3.129935214745714	16	0.012561074431592156	1.1071859343366857
Mammals: Human	K00303	-0.1550204026687955	0.3673386029680508	-1.1012846439144945	0.7912438385769035	1.803444721771539	3.129935214745714	16	0.012561074431592156	1.1071859343366857
Mammals: Human	K00304	-0.1550204026687955	0.3673386029680508	-1.1012846439144945	0.7912438385769035	1.803444721771539	3.129935214745714	16	0.012561074431592156	1.1071859343366857
Mammals: Human	K00305	-0.1550204026687955	0.3673386029680508	-1.1012846439144945	0.7912438385769035	1.803444721771539	3.129935214745714	16	0.012561074431592156	1.1071859343366857
Mammals: Human	K00306	-0.13228623802054332	0.3856157033745474	-1.1256322899133775	0.8610598138722909	1.6279100392088086	3.285666574650494	16	0.008335975548992347	1.072182653568039
Mammals: Human	K00361	0.09482803845521907	0.09594016026283239	-0.15231381438183716	0.34196989129227534	0.5162778740755116	0.810172304711628	129	0.007633802099548892	0.5368985394816028
Mammals: Human	K00362	0.09482803845521909	0.0959401602628324	-0.1523138143818372	0.3419698912922754	-0.17686930648443377	0.8101723047116282	129	0.007633802099548892	0.5368985394816028
Mammals: Human	K00363	0.09482803845521909	0.0959401602628324	-0.1523138143818372	0.3419698912922754	-0.17686930648443377	0.8101723047116282	129	0.007633802099548892	0.5368985394816028
Mammals: Human	K00364	0.0	0.0	0.0	0.0	0.0	0.0	101	0.0	
Mammals: Human	K00376	0.0	0.0	0.0	0.0	0.0	0.0	14	0.0	
Mammals: Human	K00384	0.06816896796251973	0.01945497514365441	0.01805295199246596	0.1182849839325735	-0.5094393963459266	0.15697116130093372	376	0.03178429609185274	0.00040317587515925624
Mammals: Human	K00390	0.07194153499426767	0.03093204081091771	-0.007739402134656348	0.1516224721231917	-0.5608049631242514	0.2573978589588456	186	0.028558863331185402	0.03194700911190829
Mammals: Human	K00450	0.0	0.0	0.0	0.0	0.0	0.0	21	0.0	
Mammals: Human	K00451	0.0	0.0	0.0	0.0	0.0	0.0	28	0.0	
Mammals: Human	K00455	0.031261049540647026	0.038239304893119386	-0.06724339986402851	0.12976549894532258	-0.24658794226627456	0.31925190347589566	49	0.014020298091834582	0.653463666960987
Mammals: Human	K00456	0.19864483120627485	0.1499405686484281	-0.18760207363207598	0.5848917360446257	-1.6378036010754888	1.2868463841039157	21	0.08456490904208946	0.3271395894549496
Mammals: Human	K00544	0.0	0.0	0.0	0.0	0.0	0.0	81	0.0	
Mammals: Human	K00548	-0.0069660067984381	0.04588443009293048	-0.12516429871782703	0.11123228512095082	0.11721687851634552	0.3824361985935268	203	0.00011465453834325068	1.0145658198362102
Mammals: Human	K00549	0.10655597592507923	0.04645573304788702	-0.013113992406277739	0.22622594425643622	-0.6605541155951159	0.3767105509190937	267	0.01946674943065141	0.03510809300758688
Mammals: Human	K00560	0.023803916283757297	0.00908700519710808	0.00039579089600687983	0.047212041671507714	-0.1859269146451025	0.07360150520803699	314	0.021520502687411236	0.012669841875431631
Mammals: Human	K00564	0.5717942528351942	0.12869621910900325	0.2402727924104019	0.9033157132599866	-3.944151064666061	1.0570382746774332	107	0.15824941805812254	3.4855008181899905e-06
Mammals: Human	K00603	0.008063766962648595	0.004621493637157781	-0.003841200646669851	0.019968734571967038	-0.0627185170482802	0.037088418374440706	363	0.00836289769051135	0.14396750674495395
Mammals: Human	K00608	-9.187870522666956e-05	0.006057494824944625	-0.015695985374284023	0.015512227963830685	0.0043407760389470185	0.04885479869501012	385	6.006819678328057e-07	1.0001464508676012
Mammals: Human	K00609	-9.187870522666956e-05	0.006057494824944625	-0.015695985374284023	0.015512227963830685	0.0043407760389470185	0.04885479869501012	385	6.006819678328057e-07	1.0001464508676012
Mammals: Human	K00610	-9.187870522666956e-05	0.006057494824944625	-0.015695985374284023	0.015512227963830685	0.0043407760389470185	0.04885479869501012	385	6.006819678328057e-07	1.0001464508676012
Mammals: Human	K00618	0.0	0.0	0.0	0.0	0.0	0.0	119	0.0	
Mammals: Human	K00619	0.0	0.0	0.0	0.0	0.0	0.0	119	0.0	
Mammals: Human	K00620	0.021074833246117614	0.04529901173749586	-0.09561542098967173	0.13776508748190697	0.004480332554234023	0.36982260683705426	268	0.0008130475713760132	0.8712779755469999
Mammals: Human	K00634	0.10793430431211547	0.32562695612998094	-0.7308807346787154	0.9467493433029464	-0.8082410459803125	2.6485043787089655	10	0.013547663867350512	0.9324448412855246
Mammals: Human	K00639	0.005281861357103089	0.014392334106061973	-0.031792791300112554	0.04235651401431873	-0.038449958386733936	0.11836592817366307	140	0.0009750093847320507	0.9178313556027216
Mammals: Human	K00640	0.21846670141730334	0.04074354897390353	0.11351131926052785	0.32342208357407887	-1.649475748039712	0.3285411671720542	333	0.07991913870434553	1.1243808550887024e-08
Mammals: Human	K00641	-0.04413063005521983	0.022738017059447734	-0.10270376200035719	0.014442501889917532	0.3865963948506702	0.18446514750501108	239	0.015645103474847266	1.9091034527869306
Mammals: Human	K00643	0.16647678579730182	0.14867772785898836	-0.2165170411674522	0.5494706127620559	-1.214420996148661	1.2106169674051177	15	0.08796015637773535	0.45015177696610476
Mammals: Human	K00651	-0.04413063005521983	0.022738017059447734	-0.10270376200035719	0.014442501889917532	0.3865963948506702	0.18446514750501108	239	0.015645103474847266	1.9091034527869306
Mammals: Human	K00652	-0.001204984796559979	0.01488905143017497	-0.039559181280690706	0.03714921168757075	0.014686693897589576	0.12557596258578896	153	4.3374380971128446e-05	1.0041610608253653
Mammals: Human	K00654	0.0	0.0	0.0	0.0	0.0	0.0	28	0.0	
Mammals: Human	K00674	0.0	0.0	0.0	0.0	0.0	0.0	204	0.0	
Mammals: Human	K00681	0.20417537611544603	0.09307299827372545	-0.03558066743767074	0.4439314196685628	-1.5499755727832354	0.7774959312788108	112	0.04191511137997328	0.04671677033347876
Mammals: Human	K00748	-0.02078805676934941	0.024579493788952307	-0.08410483276969055	0.04252871923099174	0.19340201184293337	0.2004851677339054	173	0.004165555764828799	1.36578515619911
Mammals: Human	K00761	0.05654433157847412	0.015501709297697947	0.016611928427604207	0.09647673472934404	-0.429912019031176	0.12503634651360765	380	0.034001919591703955	0.00020960077461440463
Mammals: Human	K00763	0.006545493685265779	0.011509717763748295	-0.023103539274149827	0.03619452664468139	-0.03943023152821404	0.09284397603621336	365	0.0008901477217091447	0.8139224726459329
Mammals: Human	K00764	0.019337678013540603	0.02035932322987318	-0.033107938626612717	0.07178329465369393	-0.1133309763245268	0.16442348984402783	374	0.002419285259658066	0.5630815641104114
Mammals: Human	K00766	0.0024933804663945553	0.005604914545534031	-0.01194487940290111	0.01693164033569022	-0.01803460860380652	0.04570565323080896	305	0.0006526989737591915	0.8816279695404716
Mammals: Human	K00767	0.27439553681903023	0.046179617638145785	0.1554368417831667	0.39335423185489377	-1.9643634986798437	0.37599825936659886	310	0.10284223889308575	1.7316925671195804e-10
Mammals: Human	K00768	-0.02080342511358091	0.025984662015366415	-0.0877399144651648	0.04613306423800298	0.1978172775107157	0.2140390370935731	208	0.0031018380424345793	1.3350557962220035
Mammals: Human	K00787	0.36901954385719943	0.09983523520741965	0.11184397796288642	0.6261951097515124	-2.4756620684532726	0.8523796193049908	37	0.28076074337105883	0.0001669468509031269
Mammals: Human	K00788	-0.00919418957356677	0.03403874941974048	-0.09687800807881825	0.07848962893168471	0.1531951898405587	0.2785316578756521	282	0.000260500485338655	1.0453850678639633
Mammals: Human	K00790	-0.05141386916481631	0.03267413046404483	-0.1355824292401958	0.03275469091056319	0.553610048016243	0.2630107502056898	398	0.006213700518567067	1.7932566893787358
Mammals: Human	K00793	0.0	0.0	0.0	0.0	0.0	0.0	43	0.0	
Mammals: Human	K00795	0.36901954385719943	0.09983523520741965	0.11184397796288642	0.6261951097515124	-2.4756620684532726	0.8523796193049908	37	0.28076074337105883	0.0001669468509031269
Mammals: Human	K00800	0.005704124635862968	0.00482418277665436	-0.006722970196798664	0.018131219468524598	-0.04403135655045655	0.03897430688533471	348	0.004024418134345398	0.41063839864421436
Mammals: Human	K00804	0.7671539461195528	0.23320642813382028	0.16641418724683177	1.367893704992274	-5.7674400531526695	1.9732332143553102	57	0.16440567498879888	0.0010188037690312957
Mammals: Human	K00820	0.11187987121797116	0.020391331589200676	0.05935180104419022	0.1644079413917521	-0.8633624402345796	0.16439282678654266	382	0.07340397490033079	4.753922588918158e-09
Mammals: Human	K00821	0.0	0.0	0.0	0.0	0.0	0.0	24	0.0	
Mammals: Human	K00833	0.0031449625863849144	0.007328505860272055	-0.0157332685096759	0.02202319368244573	-0.02285896439070754	0.06036492647330633	230	0.0008070762925668218	0.8893706617326469
Mammals: Human	K00849	0.019635379557229053	0.01827300800326047	-0.027435889059169914	0.06670664817362802	-0.13988876064592878	0.14697036726928983	233	0.0049737171654270496	0.47946383047965013
Mammals: Human	K00851	-0.016408535388484677	0.03015402337343649	-0.09408529959845707	0.06126822882148772	0.17032139470656976	0.24872867939209758	138	0.002172529336167961	1.1718059204808955
Mammals: Human	K00854	-0.08873847494462081	0.09264966562892434	-0.3274040136047299	0.14992706371548828	1.1450208515526956	0.7649881358798272	165	0.005596432603442003	1.4423393667872118
Mammals: Human	K00855	0.0	0.0	0.0	0.0	0.0	0.0	66	0.0	
Mammals: Human	K00858	-0.06185455306701818	0.03251467079013409	-0.1456123450224036	0.02190323888836724	0.5862110780089802	0.263538707952923	278	0.012942494741069122	1.9001319989184315
Mammals: Human	K00859	-0.015126637117762402	0.007868157937111769	-0.035395011963762324	0.005141737728237516	0.12839410149924516	0.0632897185224517	402	0.009155543528294618	1.904914886002112
Mammals: Human	K00863	0.03020130005932176	0.07028247081694394	-0.15084634476512584	0.21124894488376936	-0.01503752097554184	0.5658069742374903	160	0.001167327958450315	0.8890925124311613
Mammals: Human	K00864	0.0879148636207581	0.03781960126613468	-0.009508429240804833	0.18533815648232102	-0.5981441158440338	0.3072794283212063	331	0.016159192557351543	0.03206153547183366
Mammals: Human	K00869	0.0	0.0	0.0	0.0	0.0	0.0	79	0.0	
Mammals: Human	K00872	-0.0036278073065292953	0.007317157862233646	-0.022476805959643166	0.015221191346584576	0.03376696838219254	0.05914295635058591	309	0.0008000508678619456	1.144859038984606
Mammals: Human	K00877	-0.04990778700740696	0.052782372424619056	-0.18587517837322565	0.08605960435841174	0.6579630109977621	0.4291849622311543	321	0.0027948123817134185	1.4340027064107312
Mammals: Human	K00878	-0.043761061342089506	0.02163060045473372	-0.09948148811348356	0.011959365429304557	0.3670524539437134	0.17471124493494827	149	0.02708908179229008	1.9261460299833086
Mammals: Human	K00879	0.0	0.0	0.0	0.0	0.0	0.0	23	0.0	
Mammals: Human	K00884	-0.05531879393587343	0.051856505070898014	-0.18890115099850674	0.07826356312675986	0.4866680144425193	0.4312019593716386	66	0.017470468735701017	1.5154175679912796
Mammals: Human	K00891	-0.00014163020094663074	0.02328963050982996	-0.060135718394268615	0.05985245799237535	0.03401813738057445	0.18991339316699227	232	1.607898536537533e-07	1.0000235429866462
Mammals: Human	K00899	0.04776430885656418	0.048689863185324894	-0.07766077870883276	0.17318939642196113	-0.38336214830175486	0.4067844919903876	45	0.02189016611168082	0.5419147511060955
Mammals: Human	K00912	0.0	0.0	0.0	0.0	0.0	0.0	176	0.0	
Mammals: Human	K00919	0.0	0.0	0.0	0.0	0.0	0.0	341	0.0	
Mammals: Human	K00927	-0.003785624370614138	0.017525874237927626	-0.048932276407515705	0.04136102766628743	0.04037143121521225	0.1403721704434052	206	0.00022865787970127727	1.0292659001316462
Mammals: Human	K00928	0.25996148676973535	0.043902715701055965	0.1468680911238152	0.37305488241565554	-1.8446208381341016	0.3542029560362948	387	0.08346837860015344	2.0233636988109538e-10
Mammals: Human	K00929	-0.04006917190150676	0.19060131529205052	-0.5310581600938289	0.45091981629081535	0.5065143680032698	1.5411531447430087	47	0.0009811380572390949	1.0277430322573347
Mammals: Human	K00931	-0.0005555517241391065	0.008856603259343338	-0.023370161720207547	0.02225905827192933	0.010882333633907193	0.07189171993610531	326	1.214407202432266e-05	1.002501790376199
Mammals: Human	K00938	0.0	0.0	0.0	0.0	0.0	0.0	69	0.0	
Mammals: Human	K00941	-0.043378182231051846	0.034036402112650854	-0.13105595407324044	0.04429958961113675	0.4542545475760785	0.2768300021564245	318	0.005113776470501374	1.6444309057090842
Mammals: Human	K00945	0.0	0.0	0.0	0.0	0.0	0.0	17	0.0	
Mammals: Human	K00946	-0.03400696280419703	0.01885245221433363	-0.08257087970832046	0.014556954099926397	0.299744303806633	0.1551436108752997	240	0.013487321486023052	1.8740004588358956
Mammals: Human	K00948	-0.012408926635733156	0.027151440757342184	-0.08235103802664663	0.057533184755180315	0.17679897991592858	0.21716554131682606	339	0.0006194177983803728	1.1245110904661464
Mammals: Human	K00950	0.13467823659284248	0.03287090160239717	0.05000279406506737	0.2193536791206176	-0.9919633209978415	0.26505258585933567	317	0.050595549769518855	2.2842226650165998e-05
Mammals: Human	K00953	0.0	0.0	0.0	0.0	0.0	0.0	370	0.0	
Mammals: Human	K00954	0.01082427826696119	0.005554146041558742	-0.0034832019360941293	0.02513175847001651	-0.08351142485534783	0.04467270882436389	405	0.009336506844613623	0.08910602161236403
Mammals: Human	K00963	0.17148637049407633	0.0349913015031777	0.08134877782189057	0.26162396316626213	-1.2623595079866543	0.280580593621712	278	0.08005556703745476	2.2880160011062856e-07
Mammals: Human	K00965	-0.014760456697764327	0.023413506984464882	-0.07507365068974586	0.045552737294217216	0.13812795728985977	0.19315709688867838	126	0.0031948849559232384	1.2235439937712969
Mammals: Human	K00966	0.2085955870713119	0.1922409897034722	-0.28661720240483246	0.7038083765474563	-1.4641617605874644	1.5511859641384063	16	0.07757491607811051	0.47258099238907847
Mammals: Human	K00971	0.2085955870713119	0.1922409897034722	-0.28661720240483246	0.7038083765474563	-1.4641617605874644	1.5511859641384063	16	0.07757491607811051	0.47258099238907847
Mammals: Human	K00972	0.003453350404555666	0.00482296293240582	-0.008970602109321726	0.015877302918433058	-0.025614318711382204	0.03882956011430571	323	0.0015946131093895755	0.721525513828424
Mammals: Human	K00973	0.08386939598760067	0.03376432381592104	-0.0031075021622119225	0.17084629413741326	-0.5923313939875929	0.27466967272361664	314	0.01939240076281523	0.019683077351271283
Mammals: Human	K00974	0.0	0.0	0.0	0.0	0.0	0.0	37	0.0	
Mammals: Human	K00975	-0.15158987221892417	0.058005083857478094	-0.30101096823578777	-0.0021687762020606016	1.5274816874357637	0.46912872913906667	266	0.02521806733234977	1.987067198201065
Mammals: Human	K00978	0.0	0.0	0.0	0.0	0.0	0.0	45	0.0	
Mammals: Human	K00980	0.11391266386217629	0.12883884628845407	-0.2179762041768814	0.445801531901234	-0.8168144999132765	1.0092384732286976	37	0.02184686713801509	0.6079531712155992
Mammals: Human	K00991	-0.019123877530850677	0.013373180420233404	-0.05357319029337193	0.015325435231670573	0.16815630126099534	0.10885829976373652	273	0.007489422875590401	1.72797329102735
Mammals: Human	K00995	0.03810625105510594	0.01682430975780413	-0.0052331708809974994	0.08144567299120939	-0.2751226765984237	0.13531775875709992	359	0.01416620181793582	0.038163957265404225
Mammals: Human	K01003	0.31386045383294014	0.08594298656141218	0.09247132045074236	0.5352495872151379	-2.471556261163326	0.7085306416556458	67	0.17024970644397597	0.0002054138610445566
Mammals: Human	K01004	0.0	0.0	0.0	0.0	0.0	0.0	16	0.0	
Mammals: Human	K01006	0.0	0.0	0.0	0.0	0.0	0.0	141	0.0	
Mammals: Human	K01007	0.0009193780591979731	0.015475422928369165	-0.038945311404281	0.040784067522676944	-0.0022245833670237747	0.1294305644298808	127	2.8234554633410625e-05	0.9977556244774495
Mammals: Human	K01008	0.0	0.0	0.0	0.0	0.0	0.0	161	0.0	
Mammals: Human	K01011	0.3507841908513034	0.15584688129609786	-0.05067737536744471	0.7522457570700516	-2.4901208161061152	1.309248909341414	70	0.06933733895941041	0.03974568685103419
Mammals: Human	K01012	0.015301937577836789	0.017698226903455194	-0.030288694925463794	0.06089257008113737	-0.10476882073705775	0.1448422441463003	273	0.002750855109122763	0.6213271418179975
Mammals: Human	K01057	0.002508858514450168	0.007831167677275586	-0.01766422942221174	0.02268194645111208	-0.017494120708377445	0.06456363739815385	219	0.00047275289622505934	0.9367488740996657
Mammals: Human	K01067	0.48909537559271976	0.06652439915540105	0.3177285233684066	0.6604622278170329	-3.810103864036562	0.5450943072748308	65	0.46178535357455186	1.1102230246251565e-15
Mammals: Human	K01070	0.03904674293753405	0.07554021318474295	-0.1555448462263638	0.2336383321014319	-0.2674335784842701	0.6346906954586742	87	0.0031335114448921564	0.8435840809266915
Mammals: Human	K01079	0.02475596466933662	0.016815965710168124	-0.01856196300005647	0.06807389233872971	-0.18220631999093234	0.13736139987582544	246	0.008804115794741163	0.25164481135052297
Mammals: Human	K01089	0.2647686161472773	0.046540393156116674	0.14488056337712074	0.3846566689174339	-1.6158019954244085	0.38063774339561	308	0.0956506090209086	1.1265894883649707e-09
Mammals: Human	K01091	0.18220219302941976	0.06998044880513452	0.0019325569073932458	0.36247182915144627	-1.4589459032973415	0.5867050112274281	72	0.08829016951102875	0.013359502136858215
Mammals: Human	K01117	0.0	0.0	0.0	0.0	0.0	0.0	11	0.0	
Mammals: Human	K01129	0.015150846249717404	0.021546808875524005	-0.04035373341363244	0.07065542591306724	-0.09732529448387574	0.1765418355148668	234	0.002126646491950157	0.7299595743504634
Mammals: Human	K01241	0.0	0.0	0.0	0.0	0.0	0.0	108	0.0	
Mammals: Human	K01433	0.14481960642729155	0.04418746675403455	0.030992692068898542	0.25864652078568456	-1.1313239127492136	0.3667240398914822	166	0.061469683200226055	0.0010721184008810614
Mammals: Human	K01439	0.0	0.0	0.0	0.0	0.0	0.0	211	0.0	
Mammals: Human	K01455	0.0	0.0	0.0	0.0	0.0	0.0	34	0.0	
Mammals: Human	K01457	0.09130148808367668	0.07097514545618692	-0.09153048661146083	0.2741334627788142	-0.7672243645713117	0.6091591443389949	43	0.03879496031315666	0.3487246560166175
Mammals: Human	K01458	0.02446113765799875	0.0539038917334901	-0.11439528744747175	0.16331756276346926	-0.1874125761642122	0.45466996687246086	37	0.005849210863115628	0.8771325745039278
Mammals: Human	K01465	-0.09577825492488408	0.043696769792076366	-0.2083411339092728	0.01678462405950465	0.915389124282404	0.35042243978959176	241	0.019705783719805137	1.95304417271387
Mammals: Human	K01468	-0.016901221578209658	0.01825899859253595	-0.06393640195258227	0.030133958796162947	0.1508125057687524	0.14995343275738698	171	0.005044281659384309	1.4204245152856152
Mammals: Human	K01469	0.351378894141676	0.0830541987064189	0.1374312782739409	0.5653265100094111	-2.4868501364007627	0.6829422144912515	148	0.10920736314108748	1.1253388155552102e-05
Mammals: Human	K01470	0.0	0.0	0.0	0.0	0.0	0.0	14	0.0	
Mammals: Human	K01477	0.3481067763838612	0.25972814359752494	-0.3209529215233631	1.0171664742910855	-2.7095472417240334	2.239406665650586	38	0.047526656370220355	0.31867569401909757
Mammals: Human	K01479	0.08954221920140489	0.04902265072534226	-0.036740129067076785	0.21582456746988654	-0.6667132236851372	0.3990204176287063	113	0.029179515663830924	0.119559631220163
Mammals: Human	K01480	0.5188962166772856	0.08721735469351898	0.2942243109867807	0.7435681223677905	-4.13936649460734	0.7265321728006932	114	0.24014262266169584	1.635593882554076e-10
Mammals: Human	K01484	0.09130190270402559	0.08343108020859129	-0.12361655991330557	0.30622036532135677	-0.7387868277958417	0.7060026901013029	62	0.019569047458671385	0.4665444244821688
Mammals: Human	K01491	0.01972386755193576	0.009912456149702882	-0.005810619489698864	0.04525835459357039	-0.1501826773103507	0.07994568095934954	320	0.012297606240064263	0.08041237786520017
Mammals: Human	K01495	0.08566920113211439	0.02381696016626171	0.024316711743824222	0.14702169052040456	-0.6388478501520242	0.19289334826332477	336	0.03729276152598282	0.00026473818714434216
Mammals: Human	K01496	0.018922644616922356	0.010183580605061518	-0.0073102590217161145	0.045155548255560826	-0.14782370302236209	0.08336610763213309	301	0.011415768317390884	0.11101650721254952
Mammals: Human	K01497	0.3707012720940692	0.0467307580339241	0.2503228393986807	0.4910797047894577	-2.853512363802947	0.3821048469207405	281	0.1840382511722185	0.0
Mammals: Human	K01498	0.011713697591345674	0.007842658371107042	-0.008488990372626065	0.031916385555317416	-0.09049867681923371	0.06363342026830646	313	0.0071219177787323895	0.24167197316771705
Mammals: Human	K01513	0.0	0.0	0.0	0.0	0.0	0.0	14	0.0	
Mammals: Human	K01519	0.0	0.0	0.0	0.0	0.6931471805599453	0.0	195	0.0	
Mammals: Human	K01520	-0.06435463873825555	0.020092284837860176	-0.11611236448058336	-0.012596912995927731	0.5498123198585546	0.16364016303486068	282	0.0353439843619866	1.9985424853047378
Mammals: Human	K01521	-0.06046709920963082	0.21139984456734884	-0.6050330988151214	0.48409890039585973	0.575014495447179	1.791234873638322	11	0.009008579740507061	1.0507514124508572
Mammals: Human	K01523	0.010618777896824671	0.005928187105074149	-0.004652232085846336	0.02588978787949568	-0.08445968586120647	0.04850086945449086	299	0.010687650677100424	0.12968981576569072
Mammals: Human	K01525	0.0	0.0	0.0	0.0	0.0	0.0	96	0.0	
Mammals: Human	K01555	0.13533381111855777	0.117678716097147	-0.16780656154769288	0.4384741837848084	-1.1005210021921357	1.0107068851830419	34	0.03968975034559796	0.43086065142024
Mammals: Human	K01577	0.16823708591981226	0.16194353320524071	-0.2489294556168878	0.5854036274565123	-1.347416291439414	1.374938658732582	31	0.035879754169751976	0.5030515102317559
Mammals: Human	K01581	0.12970706158099654	0.27737197533375946	-0.5848031468787679	0.844217270040761	-0.9805117839043206	2.3238992240680614	30	0.007749352961866296	0.8700420165723535
Mammals: Human	K01583	0.0	0.0	0.0	0.0	0.0	0.0	101	0.0	
Mammals: Human	K01584	0.0	0.0	0.0	0.0	0.0	0.0	101	0.0	
Mammals: Human	K01585	0.0	0.0	0.0	0.0	0.0	0.0	101	0.0	
Mammals: Human	K01586	0.20606440932262418	0.025338784941210543	0.14079169931406582	0.27133711933118254	-1.6012613104997817	0.20545967715040295	351	0.15931056216965334	0.0
Mammals: Human	K01587	0.14377420404317104	0.027728221736930795	0.0723463048488373	0.21520210323750477	-0.1975713830435163	0.22369756379613942	389	0.06495875748218916	3.6871291353435254e-08
Mammals: Human	K01591	-0.027303533295254295	0.016719998322465183	-0.07037424897392461	0.015767182383416015	0.24727692646543747	0.1347766318566207	393	0.006773866376758142	1.816884667655862
Mammals: Human	K01595	-0.006185067049312731	0.014288128055427608	-0.04299128492009425	0.03062115082146879	0.06393996475407884	0.11710249114034034	208	0.0009088162054439186	1.1124530979084044
Mammals: Human	K01597	0.0	0.0	0.0	0.0	0.0	0.0	80	0.0	
Mammals: Human	K01598	0.0	0.0	0.0	0.0	0.0	0.0	383	0.0	
Mammals: Human	K01607	0.03872533885365274	0.1361302208326005	-0.31194611001112615	0.38939678771843167	-0.296510928094117	1.1675414877712476	39	0.0021823821397966015	0.9497862738574705
Mammals: Human	K01608	0.0	0.0	0.0	0.0	0.0	0.0	22	0.0	
Mammals: Human	K01610	0.15256784908166077	0.031057649739023706	0.0725633433539357	0.23257235480938582	-1.1920854706190145	0.2511289659120332	189	0.11429712803105219	2.1283447093622954e-07
Mammals: Human	K01611	0.0014056192309446496	0.055037380236621684	-0.14037067225859282	0.14318191072048211	0.04817047711000132	0.45985779983261293	81	8.256370943371394e-06	0.9995848454218721
Mammals: Human	K01613	0.13637031047797757	0.051153063983521145	0.004600017656427091	0.26814060329952805	-0.9829037169647282	0.42310006012236034	210	0.03304010956184711	0.01083946863535501
Mammals: Human	K01619	0.07387415348528614	0.046621190698506856	-0.046222033754067526	0.1939703407246398	-0.4536009150130512	0.37778213524843557	310	0.008086145511641774	0.20221016205175157
Mammals: Human	K01626	0.07218697932828987	0.030180434872316017	-0.00555782090279619	0.14993177955937592	-0.5259179052924543	0.2448562316460313	242	0.023282231250849605	0.0261983684754592
Mammals: Human	K01627	0.03469644456515139	0.02229100104491205	-0.022725174126542055	0.09211806325684484	-0.26282719598970383	0.18178794543616772	175	0.013810991494809466	0.21387182974720287
Mammals: Human	K01628	0.0	0.0	0.0	0.0	0.0	0.0	20	0.0	
Mammals: Human	K01631	0.40610010446945105	0.31557615717932275	-0.4068240764244843	1.2190242853633864	-3.2787749946769087	2.6959904625432927	35	0.04778367192987332	0.3484584496702088
Mammals: Human	K01635	-0.30886912743976913	0.09545731616543568	-0.5547671738819314	-0.06297108099760682	2.648009832715733	0.76220933665816	72	0.13010639954203163	1.9987254494022797
Mammals: Human	K01637	0.34969652020914427	0.07184831011768904	0.1646152733459773	0.5347777670723113	-2.570977656338269	0.5997776976976255	176	0.11983030595658839	2.8210619973378925e-07
Mammals: Human	K01638	0.06720827388041434	0.045047740142631264	-0.0488347047270038	0.18325125248783247	-0.5205532961335836	0.37973269940473264	152	0.01462214225733982	0.24243254519239366
Mammals: Human	K01639	0.0	0.0	0.0	0.0	0.0	0.0	39	0.0	
Mammals: Human	K01641	0.03641196374280717	0.03677225080246266	-0.05831335432433664	0.131137281809951	-0.2695179372765406	0.2815431499474126	76	0.013076738578303493	0.5356866254634363
Mammals: Human	K01643	0.11928625364630405	0.10769809986513208	-0.15814405160627623	0.39671655889888435	0.05848954262799799	0.8799975636360937	76	0.016307683560623065	0.45795293593543995
Mammals: Human	K01644	0.11928625364630405	0.10769809986513208	-0.15814405160627623	0.39671655889888435	0.05848954262799799	0.8799975636360937	76	0.016307683560623065	0.45795293593543995
Mammals: Human	K01646	0.11928625364630405	0.10769809986513208	-0.15814405160627623	0.39671655889888435	0.05848954262799799	0.8799975636360937	76	0.016307683560623065	0.45795293593543995
Mammals: Human	K01647	0.639272985639823	0.12606334194945468	0.3145338167780278	0.9640121545016183	-5.021437889435227	1.0205588753276689	14	0.6818284757598179	7.76542532499036e-08
Mammals: Human	K01649	0.28778586728047045	0.03697776135518898	0.19253115402950363	0.3830405805314373	-2.190230643096846	0.30083622080000105	317	0.16127489987179622	0.0
Mammals: Human	K01659	-0.11306722515380771	0.07846362948628036	-0.3151895347104659	0.08905508440285048	1.04116157665395	0.6514068915110879	99	0.020958776460334838	1.733386544886162
Mammals: Human	K01662	0.02601156323649063	0.028639175981799495	-0.04776295409262486	0.09978608056560613	-0.1387838154543648	0.2326038895077708	332	0.0024935245804915684	0.5914604704042716
Mammals: Human	K01664	-0.16889907427518314	0.06337189992982167	-0.3321450884944038	-0.0056530600559625	1.5354705750909214	0.5131833384925535	102	0.06632208476153068	1.9891339374117516
Mammals: Human	K01665	-0.16889907427518314	0.06337189992982167	-0.3321450884944038	-0.0056530600559625	1.5354705750909214	0.5131833384925535	102	0.06632208476153068	1.9891339374117516
Mammals: Human	K01666	0.6474171958564054	0.18216105337236466	0.17817032236919406	1.1166640693436167	-5.192496606166921	1.5564695476813148	62	0.1739129647617047	0.00032182311099449024
Mammals: Human	K01667	0.0	0.0	0.0	0.0	0.0	0.0	19	0.0	
Mammals: Human	K01668	0.0427145445940343	0.11376036192105786	-0.25033214771461076	0.33576123690267934	-0.30158253205422514	0.9196560508039381	16	0.009969881624743437	0.9141568068123491
Mammals: Human	K01675	0.15102950093289336	0.03339909489011062	0.0649934324959684	0.23706556936981832	-1.134606574271299	0.27179650196430677	285	0.06738599952668944	2.2206706722371905e-06
Mammals: Human	K01676	0.15102950093289336	0.03339909489011062	0.0649934324959684	0.23706556936981832	-1.134606574271299	0.27179650196430677	285	0.06738599952668944	2.2206706722371905e-06
Mammals: Human	K01677	0.15102950093289336	0.03339909489011062	0.0649934324959684	0.23706556936981832	-1.134606574271299	0.27179650196430677	285	0.06738599952668944	2.2206706722371905e-06
Mammals: Human	K01678	0.15102950093289336	0.03339909489011062	0.0649934324959684	0.23706556936981832	-1.134606574271299	0.27179650196430677	285	0.06738599952668944	2.2206706722371905e-06
Mammals: Human	K01679	0.15102950093289336	0.03339909489011062	0.0649934324959684	0.23706556936981832	-1.134606574271299	0.27179650196430677	285	0.06738599952668944	2.2206706722371905e-06
Mammals: Human	K01682	0.0	0.0	0.0	0.0	0.0	0.0	31	0.0	
Mammals: Human	K01684	0.13141719571938823	0.06417871292082186	-0.03390716876464889	0.29674156020342535	-1.0931633743847446	0.5435711796916611	36	0.1097839579412132	0.06929853747138148
Mammals: Human	K01686	0.36330287094006625	0.0890818783377517	0.13382795234201786	0.5927777895381147	-2.726081726016526	0.7341563572626546	121	0.12262950919352489	2.520136498951331e-05
Mammals: Human	K01690	0.07379502335100141	0.05700571900148823	-0.07305170879683226	0.22064175549883508	-0.5788203670681488	0.4775136121003459	89	0.018897844488881432	0.3440957228738455
Mammals: Human	K01693	0.0	0.0	0.0	0.0	0.0	0.0	291	0.0	
Mammals: Human	K01694	0.21233673183319718	0.03878726387535479	0.11242074009028323	0.3122527235761111	-1.008583155541896	0.3148874260983551	343	0.08078567748408405	5.17800757826592e-09
Mammals: Human	K01695	0.21233673183319718	0.03878726387535479	0.11242074009028323	0.3122527235761111	-1.008583155541896	0.3148874260983551	343	0.08078567748408405	5.17800757826592e-09
Mammals: Human	K01696	0.21233673183319718	0.03878726387535479	0.11242074009028323	0.3122527235761111	-1.008583155541896	0.3148874260983551	343	0.08078567748408405	5.17800757826592e-09
Mammals: Human	K01698	0.015454353314771692	0.011920507605201061	-0.015252874276226243	0.04616158090576963	-0.11636894002869773	0.0973564200591575	286	0.005883437505047495	0.34300131675828127
Mammals: Human	K01707	0.0	0.0	0.0	0.0	0.0	0.0	16	0.0	
Mammals: Human	K01708	0.26643700717754654	0.22382216051012338	-0.3101288782965313	0.8430028926516244	-2.03774015691805	1.9044839384220058	43	0.033407389469115256	0.4057097086439887
Mammals: Human	K01709	0.0	0.0	0.0	0.0	0.0	0.0	44	0.0	
Mammals: Human	K01710	0.04488014741613542	0.031095229225361346	-0.03522116306839541	0.12498145790066625	-0.2807744093521497	0.2522649780038107	341	0.006107461755080257	0.2654905723046799
Mammals: Human	K01711	0.046980171847190624	0.06298448133605632	-0.11526785207449046	0.2092281957688717	-0.3002146256487772	0.5217288318961005	111	0.005078371425628392	0.7017382386424205
Mammals: Human	K01712	0.050433518330547024	0.040765328642439994	-0.05457796825237841	0.15544500491347246	-0.3565812186355592	0.3347424400593645	172	0.008923085933861596	0.3774191732772372
Mammals: Human	K01719	0.26987818989126894	0.04320512483458616	0.158581788317375	0.38117459146516286	-2.0562418196032777	0.35424985742827714	245	0.13835288324039763	1.6303625116620424e-11
Mammals: Human	K01720	0.018406900805800548	0.020313286594914295	-0.03392012546269867	0.07073392707429976	-0.14679111279905743	0.16978529507748924	100	0.008309047228625688	0.5928971158412977
Mammals: Human	K01724	0.07090947996909452	0.07605958527966049	-0.12502001171131089	0.26683897164949993	-0.5576133692293307	0.6479907795692008	75	0.011766235129759606	0.5750342534121793
Mammals: Human	K01734	-0.0018405770166296691	0.07174502114397933	-0.18665575148352045	0.1829745974502611	0.12084498424839168	0.5925695787725787	140	4.769175407814963e-06	1.000418903121856
Mammals: Human	K01735	0.003665214603583961	0.010242925473187893	-0.022720561415348055	0.030050990622515976	-0.02024205769268988	0.08292248945152483	369	0.00034876527159133364	0.921720029061337
Mammals: Human	K01736	0.006956251686552438	0.004434485436214689	-0.004466982797136599	0.018379486170241474	-0.054318338291266484	0.03584268610430284	378	0.0065019448946622704	0.20876420027441212
Mammals: Human	K01746	-0.07852453187348621	0.11635166869084633	-0.3782464304211064	0.22119736667413395	0.7081680492194223	0.9263172510053916	38	0.01249403466613297	1.251710254063527
Mammals: Human	K01749	0.024383818282340923	0.011016891880905289	-0.003995695202871102	0.05276333176755295	-0.19260542516660212	0.08993307787387658	289	0.016782359378373468	0.044217221832500986
Mammals: Human	K01756	0.0180817952148251	0.012656846649298838	-0.014522241753768705	0.050685832183418905	-0.12798564511606836	0.10192282862480206	398	0.005127483880681516	0.2727203958290596
Mammals: Human	K01759	0.07288086565614785	0.05307754873134602	-0.0638468998757995	0.2096086311880952	-0.5569214947565527	0.4371467557985133	49	0.038567908292605035	0.301107490362184
Mammals: Human	K01770	0.0	0.0	0.0	0.0	0.0	0.0	314	0.0	
Mammals: Human	K01772	0.01983022053468611	0.024218649510200804	-0.042557020603591164	0.08221746167296339	-0.1146297146391563	0.1968568899503014	293	0.0022985970116139454	0.6525870314895976
Mammals: Human	K01774	0.15102950093289336	0.03339909489011062	0.0649934324959684	0.23706556936981832	-1.134606574271299	0.27179650196430677	285	0.06738599952668944	2.2206706722371905e-06
Mammals: Human	K01775	0.2349836593182454	0.038173589190908505	0.1366484935624651	0.3333188250740257	-1.7066134745315122	0.30762600806180224	393	0.08834891680097678	3.338573861810801e-11
Mammals: Human	K01776	0.02922257432867591	0.014180503984157355	-0.007306403934513438	0.06575155259186526	-0.21560983813729764	0.1139345893531398	389	0.0108543270211926	0.06696763608157985
Mammals: Human	K01778	0.0676022011285998	0.02405316390024801	0.005641250921560918	0.12956315133563867	-0.5048861188659832	0.19637353612773834	314	0.024692453410937065	0.006547191621404602
Mammals: Human	K01783	0.08225152981900728	0.026532862000546244	0.01390287730560015	0.1506001823324144	-0.5951339804307136	0.2135536803685155	403	0.023404013217395492	0.0022031545054053137
Mammals: Human	K01790	0.10178279860030724	0.056253790500454356	-0.043126965728863195	0.24669256292947767	-0.7152683051841284	0.4622088790165792	201	0.01618473795428832	0.12441500936934902
Mammals: Human	K01798	0.2349836593182454	0.038173589190908505	0.1366484935624651	0.3333188250740257	-1.7066134745315122	0.30762600806180224	393	0.08834891680097678	3.338573861810801e-11
Mammals: Human	K01803	0.035958178620471605	0.02025792666560408	-0.01622624047012451	0.08814259771106772	-0.24293753432223533	0.16320069568293355	389	0.00807556662704667	0.13455392950021783
Mammals: Human	K01804	-0.009424897386692941	0.02398432590825853	-0.07120852092636692	0.05235872615298104	0.0864089793268304	0.198302204595146	81	0.0019508463556430211	1.0936281446963028
Mammals: Human	K01807	0.2031487703516611	0.03786655539173473	0.10560452366255242	0.3006930170407698	-1.5060171481735776	0.30315728675055664	293	0.09000427879261697	1.102595081903246e-08
Mammals: Human	K01808	0.2031487703516611	0.03786655539173473	0.10560452366255242	0.3006930170407698	-1.5060171481735776	0.30315728675055664	293	0.09000427879261697	1.102595081903246e-08
Mammals: Human	K01813	-0.02732144231225383	0.027259723149718904	-0.09754248914592972	0.04289960452142207	0.23477256402226573	0.22596644639067914	82	0.012400952337434434	1.4724469221867875
Mammals: Human	K01814	0.0	0.0	0.0	0.0	0.0	0.0	287	0.0	
Mammals: Human	K01815	-0.021882985937043933	0.08364600235703544	-0.23735508800876723	0.19358911613467936	0.2680331801038994	0.6938888825324548	72	0.0009767880141888785	1.042635937786401
Mammals: Human	K01817	-0.11877374043285381	0.035953156227921806	-0.21138907087598038	-0.026158409989727238	1.060534485763016	0.29526350724234224	241	0.04366937592332942	1.9990392479619916
Mammals: Human	K01819	1.2258915524390839	0.8098236227362257	-0.8602140997294334	3.311997204607601	-9.115493461007986	6.221686154398237	22	0.10279774401592456	0.23250919693782035
Mammals: Human	K01820	-0.02732144231225383	0.027259723149718904	-0.09754248914592972	0.04289960452142207	0.23477256402226573	0.22596644639067914	82	0.012400952337434434	1.4724469221867875
Mammals: Human	K01823	0.026015093377184845	0.012191277308380462	-0.005389636969203224	0.05741982372357292	-0.19982803415218078	0.09833112769973673	215	0.020930814875882886	0.05508405585171294
Mammals: Human	K01837	0.32299281275938274	0.04991236064120639	0.19441857174763508	0.4515670537711304	-2.3870434307174633	0.4045492832389561	291	0.12656210343736596	2.6423307986078726e-12
Mammals: Human	K01838	0.17892036784807716	0.08914386133054084	-0.05071421893939604	0.40855495463555036	-1.3246648318744827	0.7215250245213015	58	0.06710882554046771	0.07695124309289625
Mammals: Human	K01841	0.030035800724585948	0.10178140615501123	-0.232153101530723	0.2922247029798949	-0.1725913916616406	0.8336920087573386	19	0.005096518029707675	0.9460689748755919
Mammals: Human	K01843	0.0	0.0	0.0	0.0	0.0	0.0	12	0.0	
Mammals: Human	K01845	-0.05881021253439979	0.02524567333669124	-0.12384306704971643	0.006222641980916849	0.5236853443068015	0.20638834827080596	271	0.01977449045248003	1.9684035608528188
Mammals: Human	K01846	9.333913153750764e-31	1.2158213438605084e-16	-3.1319557817846603e-16	3.131955781784679e-16	0.6931471805599451	1.0061626047478657e-15	28	0.0	1.0
Mammals: Human	K01847	0.31592556029935986	0.07903037496311549	0.11234331439437437	0.5195078062043453	-2.2448769429417643	0.6587055034275989	124	0.11581498693149461	3.8176388740041034e-05
Mammals: Human	K01848	0.31592556029935986	0.07903037496311549	0.11234331439437437	0.5195078062043453	-2.2448769429417643	0.6587055034275989	124	0.11581498693149461	3.8176388740041034e-05
Mammals: Human	K01849	0.31592556029935986	0.07903037496311549	0.11234331439437437	0.5195078062043453	-2.2448769429417643	0.6587055034275989	124	0.11581498693149461	3.8176388740041034e-05
Mammals: Human	K01850	0.36702820157413485	0.08729344059390436	0.14216029860423723	0.5918961045440325	-2.5825144739022514	0.7182988504185945	83	0.17914919418137432	1.2952397843601915e-05
Mammals: Human	K01851	0.3883429458318174	0.06378298171093809	0.22403798494444085	0.552647906719194	-2.963131841853465	0.5261150860022006	168	0.18254741572598254	5.6350923927084295e-11
Mammals: Human	K01857	-0.18155588263157982	0.1871260111029607	-0.6635924872328066	0.3004807219696469	1.6024052051796422	1.6071992117449923	32	0.030423770423445795	1.4507951001010482
Mammals: Human	K01858	0.07579645634485144	0.051549407443193834	-0.056994817228815886	0.20858772991851876	-0.5813277765226447	0.43213058183493813	78	0.027660175430446743	0.25249714464384687
Mammals: Human	K01866	0.059140277995981295	0.015194368227457998	0.019999585442049488	0.09828097054991311	-0.44761497479564	0.12219736875023358	406	0.03614367958572884	6.477824457795656e-05
Mammals: Human	K01869	0.004675434953153563	0.005670045516912706	-0.009930602298413568	0.019281472204720693	-0.034090798667084046	0.045600954998407967	401	0.0017012126206483735	0.6486489589226954
Mammals: Human	K01870	0.023868141760386652	0.008904016646538972	0.0009313948789022586	0.046804888641871045	-0.18321924428057776	0.07169298151025023	399	0.01777806189342812	0.01031126010372252
Mammals: Human	K01873	-0.00828603466115555	0.003993546366889629	-0.01857341010226323	0.002001340779952133	0.06826021505425145	0.03211734847561366	404	0.010595557966074698	1.9354726588838918
Mammals: Human	K01893	0.00023985918243199638	0.0076213246144859305	-0.01939267302448376	0.01987239138934775	0.00110706739011759	0.061074661901367344	229	4.363389940809093e-06	0.9993696308041979
Mammals: Human	K01907	0.29475880666500437	0.10196333709978102	0.03210125029596844	0.5574163630340403	-2.4010950208761477	0.8660281973910364	55	0.13620154958181196	0.0048919153958055794
Mammals: Human	K01910	0.16650430562232224	0.06082333268640894	0.009823400622132827	0.32318521062251165	-1.2977796951581613	0.4978289662400817	72	0.0967036218794397	0.008473652211663962
Mammals: Human	K01911	0.0	0.0	0.0	0.0	0.0	0.0	74	0.0	
Mammals: Human	K01912	-0.4142168264295946	0.14334379176964748	-0.7834704340282066	-0.0449632188309827	3.7512230743129376	1.2072671250055402	85	0.09140882359343816	1.9950872059923377
Mammals: Human	K01915	0.6293377350789908	0.058031445562779546	0.47984873130927075	0.7788267388487109	-4.492443963723082	0.4679123596656316	383	0.23587428934947696	0.0
Mammals: Human	K01919	0.60397842362319	0.05110163267057209	0.4723406178637963	0.7356162293825836	-4.563306589364574	0.41777709143999536	245	0.36502555524461655	0.0
Mammals: Human	K01920	0.0	0.0	0.0	0.0	0.0	0.0	105	0.0	
Mammals: Human	K01921	0.21565921850252812	0.03352029827857696	0.12931093013691386	0.3020075068681424	-1.6022653265397917	0.2710097014500682	370	0.10110684524912894	3.596012376760882e-12
Mammals: Human	K01923	0.004230438546883579	0.008675472412173733	-0.018117578386875957	0.026578455480643116	-0.0268458606849539	0.07007090829842388	381	0.0006270077571735033	0.8595221758672733
Mammals: Human	K01924	-0.005202739794713162	0.009898709518271865	-0.030701815513781486	0.020296335924355164	0.05223457766673651	0.07966252212724745	399	0.0006953675917680258	1.1612714308197551
Mammals: Human	K01925	-0.00019116074028405837	0.004035139862322089	-0.01058568102562576	0.010203359545057642	0.003255864265477911	0.03246635498289991	403	5.596717928213479e-06	1.0014277432985055
Mammals: Human	K01928	0.0814902081353778	0.0802495235816617	-0.12523256461098273	0.2882129808817383	-0.6019443294767892	0.6261534486578361	21	0.05147778304746531	0.518685968671577
Mammals: Human	K01933	0.013807821704644962	0.007811817526804885	-0.0063154202444044225	0.033931063653694346	-0.10540633704384034	0.06300841389734416	358	0.008699642881062175	0.1368375157040269
Mammals: Human	K01934	0.008063766962648595	0.004621493637157781	-0.003841200646669851	0.019968734571967038	-0.0627185170482802	0.037088418374440706	363	0.00836289769051135	0.14396750674495395
Mammals: Human	K01935	0.12196458450109375	0.04669804403014659	0.0016704230794361424	0.24225874592275137	-0.84301547671893	0.3844848161831442	234	0.02856254872334396	0.013002625831566306
Mammals: Human	K01939	0.11255516648445857	0.01969973853878276	0.061808640008554176	0.16330169296036295	-0.8612561678185802	0.1586377026344863	398	0.07615750284106726	9.428342551132118e-10
Mammals: Human	K01941	-0.28734788020540775	0.15544691456252613	-0.6877791321184751	0.11308337170765959	2.5216021017674066	1.3283140599455474	31	0.10540913382144046	1.8864331743448681
Mammals: Human	K01945	0.006877045678630287	0.006119194509282153	-0.008885999377280537	0.02264009073454111	-0.051843236212461556	0.04941690134406499	383	0.003304098594966831	0.44750261447327033
Mammals: Human	K01952	0.02413413992343398	0.04248140531927097	-0.08529796017900804	0.133566240025876	0.07294509659611254	0.3427432168541335	388	0.0008354406806379	0.8142654449914037
Mammals: Human	K01958	0.11399484050947341	0.03819512860022683	0.015604189235289098	0.21238549178365773	-0.880307106329695	0.3110610992604822	127	0.06651959985351197	0.003445547623860179
Mammals: Human	K01959	0.11399484050947341	0.03819512860022683	0.015604189235289098	0.21238549178365773	-0.880307106329695	0.3110610992604822	127	0.06651959985351197	0.003445547623860179
Mammals: Human	K01960	0.11399484050947341	0.03819512860022683	0.015604189235289098	0.21238549178365773	-0.880307106329695	0.3110610992604822	127	0.06651959985351197	0.003445547623860179
Mammals: Human	K02164	0.0	0.0	0.0	0.0	0.0	0.0	32	0.0	
Mammals: Human	K02201	0.01082427826696119	0.005554146041558742	-0.0034832019360941293	0.02513175847001651	-0.08351142485534783	0.04467270882436389	405	0.009336506844613623	0.08910602161236403
Mammals: Human	K02203	0.25701180150360503	0.04089355405420397	0.1516700062599756	0.36235359674723444	-1.6054357195978635	0.3304743538528217	335	0.10604012059283718	1.1996181825679741e-11
Mammals: Human	K02204	-0.0036278073065292953	0.007317157862233646	-0.022476805959643166	0.015221191346584576	0.03376696838219254	0.05914295635058591	309	0.0008000508678619456	1.144859038984606
Mammals: Human	K02226	-0.23084663738090888	0.055100220990446834	-0.37278480665229996	-0.08890846810951783	1.9705451189102712	0.46377660681064825	48	0.276189641623654	1.9999859699018818
Mammals: Human	K02228	0.0	0.0	0.0	0.0	0.0	0.0	67	0.0	
Mammals: Human	K02230	-0.20648115517701193	0.06598063970803894	-0.37644728306492026	-0.03651502728910361	1.8386695508520168	0.5494411445296924	107	0.08531224396228332	1.9980395678221354
Mammals: Human	K02231	0.05265419032561866	0.06473278514035613	-0.11409746419593875	0.21940584484717607	-0.4100842619032045	0.5389653316550801	25	0.027962279603158002	0.6562530749787485
Mammals: Human	K02302	0.8543127642656713	0.13735392977891808	0.5004890411551783	1.2081364873761642	-6.379826742916595	1.136610285036824	99	0.28511312070570327	2.014344246958899e-11
Mammals: Human	K02304	0.8543127642656713	0.13735392977891808	0.5004890411551783	1.2081364873761642	-6.379826742916595	1.136610285036824	99	0.28511312070570327	2.014344246958899e-11
Mammals: Human	K02305	0.0	0.0	0.0	0.0	0.0	0.0	32	0.0	
Mammals: Human	K02318	0.005768875104538072	0.010476240029509015	-0.02121791921147715	0.032755669420553295	0.6442755297200469	0.08425285914082667	406	0.0007500050406755721	0.8244474539364646
Mammals: Human	K02361	0.3883429458318174	0.06378298171093809	0.22403798494444085	0.552647906719194	-2.963131841853465	0.5261150860022006	168	0.18254741572598254	5.6350923927084295e-11
Mammals: Human	K02439	0.3507841908513034	0.15584688129609786	-0.05067737536744471	0.7522457570700516	-2.4901208161061152	1.309248909341414	70	0.06933733895941041	0.03974568685103419
Mammals: Human	K02448	0.0	0.0	0.0	0.0	0.0	0.0	32	0.0	
Mammals: Human	K02488	0.9481852031840623	0.2626734220256679	0.2715384680459417	1.624831938322183	-6.629754992155865	2.1985978217147233	119	0.10020965157356398	0.0002496775450255839
Mammals: Human	K02492	0.004469742545135177	0.006592395035143547	-0.012512267065394602	0.021451752155664958	-0.03390971642124691	0.05398020986733836	262	0.0017649728411340826	0.7462781824478188
Mammals: Human	K02551	0.01543415934311211	0.014505910301103942	-0.021933065592531643	0.052801384278755865	-0.1163898028627264	0.11887836671306387	209	0.00543922426632526	0.48641036930194614
Mammals: Human	K02552	0.3883429458318174	0.06378298171093809	0.22403798494444085	0.552647906719194	-2.963131841853465	0.5261150860022006	168	0.18254741572598254	5.6350923927084295e-11
Mammals: Human	K02564	0.1028909810969682	0.035549322421515935	0.01131592653914315	0.19446603565479326	-0.7549664991646561	0.28479131935234836	237	0.03442011443649362	0.004829529851692715
Mammals: Human	K02609	0.0	0.0	0.0	0.0	0.0	0.0	62	0.0	
Mammals: Human	K02610	0.0	0.0	0.0	0.0	0.0	0.0	62	0.0	
Mammals: Human	K02611	0.0	0.0	0.0	0.0	0.0	0.0	62	0.0	
Mammals: Human	K02612	0.0	0.0	0.0	0.0	0.0	0.0	62	0.0	
Mammals: Human	K02613	0.0	0.0	0.0	0.0	0.0	0.0	62	0.0	
Mammals: Human	K02619	0.0	0.0	0.0	0.0	0.0	0.0	62	0.0	
Mammals: Human	K02626	0.0	0.0	0.0	0.0	0.0	0.0	101	0.0	
Mammals: Human	K02805	-0.06972847511106808	0.025594395755737045	-0.13565963857784671	-0.0037973116442894528	0.5937252293574872	0.21504972892124444	84	0.08300139579290877	1.9911301434250785
Mammals: Human	K02825	0.05654433157847412	0.015501709297697947	0.016611928427604207	0.09647673472934404	-0.429912019031176	0.12503634651360765	380	0.034001919591703955	0.00020960077461440463
Mammals: Human	K02851	0.029353856990246834	0.12335366360873941	-0.2884051804658659	0.34711289444635957	-0.1675625189231397	1.0343566680613983	53	0.0011091087198168426	0.9645919748499492
Mammals: Human	K02858	0.3829557613829152	0.04743908384269933	0.2607526814041217	0.5051588413617086	-2.94402555166712	0.3879508790697023	287	0.18610154999582162	0.0
Mammals: Human	K03077	0.49200974938012115	0.10600937611324772	0.21892959651239502	0.7650899022478472	-3.8216836457067624	0.8757685973731894	94	0.18971753499655686	1.1077213843968536e-06
Mammals: Human	K03181	0.03974616636761345	0.031241457835408357	-0.04073182901639848	0.12022416175162538	-0.31487532366295756	0.26072808448677975	84	0.019356429156550448	0.3568623385921672
Mammals: Human	K03274	0.0	0.0	0.0	0.0	0.0	0.0	96	0.0	
Mammals: Human	K03335	0.12437304578656738	0.12437480632190641	-0.19601645529866352	0.4447625468717983	-0.9311313924561023	1.0364000308389438	62	0.016392986133197396	0.5290873437537567
Mammals: Human	K03340	0.0	0.0	0.0	0.0	0.0	0.0	80	0.0	
Mammals: Human	K03342	-0.10432617800415431	0.06517853765013526	-0.2722260909909028	0.06357373498259414	1.0353823453897828	0.5348788755717953	148	0.01724525667246557	1.8042688536010194
Mammals: Human	K03394	0.0	0.0	0.0	0.0	0.0	0.0	101	0.0	
Mammals: Human	K03417	0.0	0.0	0.0	0.0	0.0	0.0	114	0.0	
Mammals: Human	K03426	0.0	0.0	0.0	0.0	0.0	0.0	14	0.0	
Mammals: Human	K03430	0.3072481693672849	0.098438026648388	0.05367181272103738	0.5608245260135324	-2.4880266337536843	0.8233947101809425	67	0.1303429315595468	0.002025341959932314
Mammals: Human	K03431	0.007555605096748523	0.005818258419439019	-0.00743222859172639	0.022543438785223437	-0.057285964961090785	0.04685323968912447	399	0.004229812356154605	0.341784263885462
Mammals: Human	K03465	-0.16990535103332854	0.06123910954465818	-0.327657297220368	-0.012153404846289073	1.4401048212454328	0.49313758156581233	115	0.0637760589662335	1.992556812487078
Mammals: Human	K03472	0.0	0.0	0.0	0.0	0.0	0.0	60	0.0	
Mammals: Human	K03473	0.0	0.0	0.0	0.0	0.0	0.0	90	0.0	
Mammals: Human	K03474	0.0327153181190716	0.014744876237040256	-0.005267483067544099	0.0706981193056873	-0.2655249354891178	0.1221490862295078	132	0.03648668444785308	0.04354290990633647
Mammals: Human	K03526	0.02958292708800141	0.009333339757399382	0.005540243872940602	0.05362561030306222	-0.23317622133300206	0.07586319876303639	299	0.03271931490634006	0.0016687130806860573
Mammals: Human	K03527	0.09979018219999704	0.017850488351051227	0.05380732420768908	0.145773040192305	-0.781978583310449	0.1452227800113707	313	0.09131237749246668	2.2881283534559316e-09
Mammals: Human	K03707	-0.0398511720463249	0.04565404881841077	-0.15745600180255107	0.07775365770990125	0.3651787544738934	0.36980856571330456	81	0.0095527379480147	1.3843454240027073
Mammals: Human	K03777	0.170897939268884	0.06329748350884112	0.007843621750109248	0.3339522567876587	-1.2801732355271906	0.5234247066270955	116	0.060100401847576035	0.009651208557587054
Mammals: Human	K03778	0.170897939268884	0.06329748350884112	0.007843621750109248	0.3339522567876587	-1.2801732355271906	0.5234247066270955	116	0.060100401847576035	0.009651208557587054
Mammals: Human	K03779	0.0	0.0	0.0	0.0	0.0	0.0	35	0.0	
Mammals: Human	K03780	0.0	0.0	0.0	0.0	0.0	0.0	35	0.0	
Mammals: Human	K03785	0.12794572894255407	0.024252668083163557	0.06547085596032474	0.19042060192478338	-0.9775717661338673	0.1960381612062287	368	0.0706679312607772	2.0193259286926946e-08
Mammals: Human	K03786	0.12794572894255407	0.024252668083163557	0.06547085596032474	0.19042060192478338	-0.9775717661338673	0.1960381612062287	368	0.0706679312607772	2.0193259286926946e-08
Mammals: Human	K03794	0.41074595865924834	0.17075303431739727	-0.029113857742367022	0.8506057750608638	-3.117669078204642	1.4345904371962344	66	0.08291609420377355	0.025128627098047307
Mammals: Human	K03856	0.07218697932828987	0.030180434872316017	-0.00555782090279619	0.14993177955937592	-0.5259179052924543	0.2448562316460313	242	0.023282231250849605	0.0261983684754592
Mammals: Human	K03918	0.0	0.0	0.0	0.0	0.0	0.0	38	0.0	
Mammals: Human	K03921	0.17003463778514893	0.10517506094741984	-0.1008963192154046	0.44096559478570246	-1.4309569672806515	0.9032025139829452	48	0.053763920267218546	0.18939731649887914
Mammals: Human	K03922	0.17003463778514893	0.10517506094741984	-0.1008963192154046	0.44096559478570246	-1.4309569672806515	0.9032025139829452	48	0.053763920267218546	0.18939731649887914
Mammals: Human	K04042	0.002020080488515299	0.0028212524578255507	-0.00524746584284332	0.009287626819873919	0.6781637646322666	0.02271383658636674	323	0.0015946131093894644	0.7215255138284244
Mammals: Human	K04092	0.36702820157413485	0.08729344059390436	0.14216029860423723	0.5918961045440325	-2.5825144739022514	0.7182988504185945	83	0.17914919418137432	1.2952397843601915e-05
Mammals: Human	K04093	0.36702820157413485	0.08729344059390436	0.14216029860423723	0.5918961045440325	-2.5825144739022514	0.7182988504185945	83	0.17914919418137432	1.2952397843601915e-05
Mammals: Human	K04486	-0.07392140851748422	0.03816578653952561	-0.1722364746433022	0.024393657608333758	0.6654448896957019	0.3142866025833991	246	0.015141745277805985	1.908205972116681
Mammals: Human	K04516	0.36702820157413485	0.08729344059390436	0.14216029860423723	0.5918961045440325	-2.5825144739022514	0.7182988504185945	83	0.17914919418137432	1.2952397843601915e-05
Mammals: Human	K04517	0.0	0.0	0.0	0.0	0.0	0.0	229	0.0	
Mammals: Human	K04561	0.0	0.0	0.0	0.0	0.0	0.0	32	0.0	
Mammals: Human	K04720	-0.040577972858501454	0.023416846028096672	-0.10089976822687849	0.019743822509875573	0.3566589930276434	0.194263476900444	170	0.017559846552514524	1.8521609045974257
Mammals: Human	K04747	0.0	0.0	0.0	0.0	0.0	0.0	32	0.0	
Mammals: Human	K04748	0.0	0.0	0.0	0.0	0.0	0.0	32	0.0	
Mammals: Human	K04765	0.0	0.0	0.0	0.0	0.0	0.0	14	0.0	
Mammals: Human	K04835	0.0	0.0	0.0	0.0	0.0	0.0	25	0.0	
Mammals: Human	K05306	0.11031820418009727	0.060516235593057195	-0.045571618707618056	0.2662080270678126	-0.8960760565212151	0.5051697880079182	57	0.05697830824564065	0.12056262163214448
Mammals: Human	K05308	0.13141719571938823	0.06417871292082186	-0.03390716876464889	0.29674156020342535	-1.0931633743847446	0.5435711796916611	36	0.1097839579412132	0.06929853747138148
Mammals: Human	K05356	0.0	0.0	0.0	0.0	0.0	0.0	37	0.0	
Mammals: Human	K05526	0.15651324651011503	0.14941646908519599	-0.22838357785334987	0.54141007087358	-1.2828981099826382	1.2705760321017914	58	0.01921719850316206	0.4973155635413491
Mammals: Human	K05602	-0.07392140851748422	0.03816578653952561	-0.1722364746433022	0.024393657608333758	0.6654448896957019	0.3142866025833991	246	0.015141745277805985	1.908205972116681
Mammals: Human	K05712	0.0	0.0	0.0	0.0	0.0	0.0	11	0.0	
Mammals: Human	K05774	-0.08301367675132718	0.220075735745061	-0.6499287720306044	0.48390141852795	0.7401052346079119	1.8767455431750173	43	0.0034583311805910233	1.086599270905839
Mammals: Human	K05822	0.0	0.0	0.0	0.0	0.0	0.0	71	0.0	
Mammals: Human	K05878	-0.07002678855263114	0.0666667356025724	-0.24176029946485764	0.10170672235959535	1.2062468104587385	0.5356961183887861	118	0.009421949048419864	1.504609606760863
Mammals: Human	K05879	-0.07002678855263114	0.0666667356025724	-0.24176029946485764	0.10170672235959535	1.2062468104587385	0.5356961183887861	118	0.009421949048419864	1.504609606760863
Mammals: Human	K05881	-0.07002678855263114	0.0666667356025724	-0.24176029946485764	0.10170672235959535	1.2062468104587385	0.5356961183887861	118	0.009421949048419864	1.504609606760863
Mammals: Human	K05887	0.25024339496015224	0.05113902031328915	0.11850927863311939	0.3819775112871851	-1.8443581855723918	0.4174137662087498	277	0.08009929554388506	2.3965704198936066e-07
Mammals: Human	K05942	0.639272985639823	0.12606334194945468	0.3145338167780278	0.9640121545016183	-5.021437889435227	1.0205588753276689	14	0.6818284757598179	7.76542532499036e-08
Mammals: Human	K06001	0.21233673183319718	0.03878726387535479	0.11242074009028323	0.3122527235761111	-1.008583155541896	0.3148874260983551	343	0.08078567748408405	5.17800757826592e-09
Mammals: Human	K06048	0.60397842362319	0.05110163267057209	0.4723406178637963	0.7356162293825836	-4.563306589364574	0.41777709143999536	245	0.36502555524461655	0.0
Mammals: Human	K06153	0.23887930814074368	0.03135098401288905	0.15811917332354147	0.3196394429579459	-1.8096009923818768	0.2530548455249158	350	0.14297749798610226	0.0
Mammals: Human	K06208	0.36702820157413485	0.08729344059390436	0.14216029860423723	0.5918961045440325	-2.5825144739022514	0.7182988504185945	83	0.17914919418137432	1.2952397843601915e-05
Mammals: Human	K06209	0.36702820157413485	0.08729344059390436	0.14216029860423723	0.5918961045440325	-2.5825144739022514	0.7182988504185945	83	0.17914919418137432	1.2952397843601915e-05
Mammals: Human	K06211	-0.3012742503175453	0.06639095410990194	-0.4722973481046527	-0.1302511525304379	2.5547435489224974	0.5502629650361147	58	0.2688566197951837	1.9999979741195424
Mammals: Human	K06447	0.12623098976212388	0.09744217037242915	-0.1247800411172536	0.37724202064150136	-1.0237055915754298	0.8234221983043765	65	0.025946590583849516	0.34357102165785136
Mammals: Human	K06718	0.0	0.0	0.0	0.0	0.0	0.0	30	0.0	
Mammals: Human	K06879	0.01855968969203328	0.014077378085554605	-0.017703636256355387	0.05482301564042194	-0.14333116605086374	0.1147193339211577	179	0.009724796227948307	0.33069204516524
Mammals: Human	K06966	0.0	0.0	0.0	0.0	0.0	0.0	108	0.0	
Mammals: Human	K07026	0.0	0.0	0.0	0.0	0.0	0.0	17	0.0	
Mammals: Human	K07127	0.13362583793678054	0.12420313263373789	-0.18632143172772828	0.4535731076012893	-0.9102048711364606	1.0541317963535284	72	0.01626654006350281	0.47860553599887745
Mammals: Human	K07142	0.13467823659284248	0.03287090160239717	0.05000279406506737	0.2193536791206176	-0.9919633209978415	0.26505258585933567	317	0.050595549769518855	2.2842226650165998e-05
Mammals: Human	K07160	0.351378894141676	0.0830541987064189	0.1374312782739409	0.5653265100094111	-2.4868501364007627	0.6829422144912515	148	0.10920736314108748	1.1253388155552102e-05
Mammals: Human	K07173	-0.02936610363459903	0.029136487650029755	-0.10442169582107567	0.04568948855187761	0.24336506458948776	0.2294525609696383	113	0.00906857154812235	1.4762251338392172
Mammals: Human	K07251	0.0	0.0	0.0	0.0	0.0	0.0	38	0.0	
Mammals: Human	K07404	0.002508858514450168	0.007831167677275586	-0.01766422942221174	0.02268194645111208	-0.017494120708377445	0.06456363739815385	219	0.00047275289622505934	0.9367488740996657
Mammals: Human	K07558	0.0	0.0	0.0	0.0	0.0	0.0	37	0.0	
Mammals: Human	K07749	0.18986211612974005	0.27532874201907287	-0.5193847233113917	0.8991089555708718	-1.22666088449073	2.3203706057626494	16	0.03285028967487447	0.7387994744921023
Mammals: Human	K08302	-0.30886912743976913	0.09545731616543568	-0.5547671738819314	-0.06297108099760682	2.648009832715733	0.76220933665816	72	0.13010639954203163	1.9987254494022797
Mammals: Human	K08316	0.5717942528351942	0.12869621910900325	0.2402727924104019	0.9033157132599866	-3.944151064666061	1.0570382746774332	107	0.15824941805812254	3.4855008181899905e-06
Mammals: Human	K08323	0.36330287094006625	0.0890818783377517	0.13382795234201786	0.5927777895381147	-2.726081726016526	0.7341563572626546	121	0.12262950919352489	2.520136498951331e-05
Mammals: Human	K08678	0.07550413581000301	0.13692074870546558	-0.27720371285527634	0.4282119844752824	-0.46721754979897623	1.1460087899177787	38	0.008376206775276063	0.8239956163346449
Mammals: Human	K08680	0.0	0.0	0.0	0.0	0.0	0.0	75	0.0	
Mammals: Human	K08963	0.01895474827841682	0.025110696777141835	-0.04573040661950055	0.0836399031763342	-0.1501547767132802	0.21088161393703012	78	0.007441509346951758	0.6957654560325897
Mammals: Human	K08967	-2.064104703190726e-30	2.639385036948702e-16	-6.799055855179877e-16	6.799055855179836e-16	0.6931471805599451	2.248523181837129e-15	27	0.0	1.0
Mammals: Human	K09007	0.08566920113211439	0.02381696016626171	0.024316711743824222	0.14702169052040456	-0.6388478501520242	0.19289334826332477	336	0.03729276152598282	0.00026473818714434216
Mammals: Human	K09457	0.01855968969203328	0.014077378085554605	-0.017703636256355387	0.05482301564042194	-0.14333116605086374	0.1147193339211577	179	0.009724796227948307	0.33069204516524
Mammals: Human	K09459	0.0	0.0	0.0	0.0	0.0	0.0	18	0.0	
Mammals: Human	K09834	0.0	0.0	0.0	0.0	1.3862943611198906	0.0	21	0.0	
Mammals: Human	K09882	-0.20648115517701193	0.06598063970803894	-0.37644728306492026	-0.03651502728910361	1.8386695508520168	0.5494411445296924	107	0.08531224396228332	1.9980395678221354
Mammals: Human	K09883	-0.20648115517701193	0.06598063970803894	-0.37644728306492026	-0.03651502728910361	1.8386695508520168	0.5494411445296924	107	0.08531224396228332	1.9980395678221354
Mammals: Human	K10524	-0.3012742503175453	0.06639095410990194	-0.4722973481046527	-0.1302511525304379	2.5547435489224974	0.5502629650361147	58	0.2688566197951837	1.9999979741195424
Mammals: Human	K11067	0.0	0.0	0.0	0.0	0.0	0.0	119	0.0	
Mammals: Human	K11182	0.0	0.0	0.0	0.0	0.0	0.0	20	0.0	
Mammals: Human	K11204	0.60397842362319	0.05110163267057209	0.4723406178637963	0.7356162293825836	-4.563306589364574	0.41777709143999536	245	0.36502555524461655	0.0
Mammals: Human	K11205	0.60397842362319	0.05110163267057209	0.4723406178637963	0.7356162293825836	-4.563306589364574	0.41777709143999536	245	0.36502555524461655	0.0
Mammals: Human	K11391	0.5717942528351942	0.12869621910900325	0.2402727924104019	0.9033157132599866	-3.944151064666061	1.0570382746774332	107	0.15824941805812254	3.4855008181899905e-06
Mammals: Human	K11395	0.40610010446945105	0.31557615717932275	-0.4068240764244843	1.2190242853633864	-3.2787749946769087	2.6959904625432927	35	0.04778367192987332	0.3484584496702088
Mammals: Human	K11528	0.003453350404555666	0.00482296293240582	-0.008970602109321726	0.015877302918433058	-0.025614318711382204	0.03882956011430571	323	0.0015946131093895755	0.721525513828424
Mammals: Human	K11540	-0.14510690925247938	0.048034448242482895	-0.26884364792511534	-0.02137017057984343	1.6451710557314991	0.3873069695209104	390	0.02297960062955373	1.9970015497009945
Mammals: Human	K11541	-9.187870522666956e-05	0.006057494824944625	-0.015695985374284023	0.015512227963830685	0.0043407760389470185	0.04885479869501012	385	6.006819678328057e-07	1.0001464508676012
Mammals: Human	K11752	-0.00613692471570804	0.026720702105984206	-0.07496945334072336	0.06269560390930728	0.7641988265796047	0.21679031941905616	327	0.0001622751497822872	1.033022845718684
Mammals: Human	K11753	-0.008450201217039537	0.006345883246742142	-0.024797196460647295	0.007896794026568222	0.07166248507204166	0.0510786132822172	371	0.0047823532022029935	1.676589856357036
Mammals: Human	K11755	0.06259299312544972	0.022213307295510024	0.005371513532215898	0.11981447271868353	0.15546512332439388	0.1816779438549305	307	0.02537253134630202	0.006378558028026893
Mammals: Human	K11787	0.04471284187685342	0.02585392495166543	-0.021886868798636737	0.11131255255234357	0.26884844537338354	0.2085476490411997	390	0.007649707971637221	0.14895536983562496
Mammals: Human	K11788	0.04471284187685342	0.02585392495166543	-0.021886868798636737	0.11131255255234357	0.26884844537338354	0.2085476490411997	390	0.007649707971637221	0.14895536983562496
Mammals: Human	K11808	0.17278383487711824	0.03848977910008491	0.07363416391529952	0.27193350583893694	-0.9137956708188546	0.31053570544466597	388	0.04961659098893345	2.681646182445263e-06
Mammals: Human	K12251	0.12390862561539054	0.0846349332476441	-0.09411096243054065	0.34192821366132176	-0.9624162398034196	0.6979158062920231	24	0.08877798629518285	0.25550008904772126
Mammals: Human	K12297	0.5717942528351942	0.12869621910900325	0.2402727924104019	0.9033157132599866	-3.944151064666061	1.0570382746774332	107	0.15824941805812254	3.4855008181899905e-06
Mammals: Human	K12350	0.0	0.0	0.0	0.0	0.0	0.0	11	0.0	
Mammals: Human	K12351	0.0	0.0	0.0	0.0	0.0	0.0	11	0.0	
Mammals: Human	K12352	0.0	0.0	0.0	0.0	0.0	0.0	11	0.0	
Mammals: Human	K12353	0.0	0.0	0.0	0.0	0.0	0.0	11	0.0	
Mammals: Human	K12354	0.0	0.0	0.0	0.0	0.0	0.0	11	0.0	
Mammals: Human	K12447	0.053825899427234966	0.04448642187704158	-0.06077112332802416	0.1684229221824941	-0.24122000612835745	0.35702183723010356	299	0.00490496316030864	0.3937722787623015
Mammals: Human	K12449	0.07550413581000301	0.13692074870546558	-0.27720371285527634	0.4282119844752824	-0.46721754979897623	1.1460087899177787	38	0.008376206775276063	0.8239956163346449
Mammals: Human	K12506	0.0999516860998037	0.03617753352361589	0.006758359742969164	0.19314501245663823	-0.24107618503066452	0.29388544538882677	324	0.023156424011823495	0.007755151738612964
Mammals: Human	K12524	0.25996148676973535	0.043902715701055965	0.1468680911238152	0.37305488241565554	-1.8446208381341016	0.3542029560362948	387	0.08346837860015344	2.0233636988109538e-10
Mammals: Human	K12525	0.25996148676973535	0.043902715701055965	0.1468680911238152	0.37305488241565554	-1.8446208381341016	0.3542029560362948	387	0.08346837860015344	2.0233636988109538e-10
Mammals: Human	K12526	0.41341411672242784	0.038587012464991445	0.3140139726126099	0.5128142608322458	-2.5287908566681376	0.31131858344647206	390	0.22829965802016883	0.0
Mammals: Human	K12657	-0.019647013460880474	0.012089587364288806	-0.05078979051128844	0.011495763589527492	0.8485915848069551	0.09816784853847406	327	0.008060683567524096	1.8138717839881744
Mammals: Human	K12661	0.0	0.0	0.0	0.0	0.0	0.0	13	0.0	
Mammals: Human	K13038	0.0	0.0	0.0	0.0	0.0	0.0	383	0.0	
Mammals: Human	K13069	0.9481852031840623	0.2626734220256679	0.2715384680459417	1.624831938322183	-6.629754992155865	2.1985978217147233	119	0.10020965157356398	0.0002496775450255839
Mammals: Human	K13243	0.8133986255805739	0.24772618567384758	0.17525597128474246	1.4515412798764054	-5.5393860798976	2.074825536668934	89	0.11025749531813633	0.0010452900859261316
Mammals: Human	K13244	0.8133986255805739	0.24772618567384758	0.17525597128474246	1.4515412798764054	-5.5393860798976	2.074825536668934	89	0.11025749531813633	0.0010452900859261316
Mammals: Human	K13245	0.8133986255805739	0.24772618567384758	0.17525597128474246	1.4515412798764054	-5.5393860798976	2.074825536668934	89	0.11025749531813633	0.0010452900859261316
Mammals: Human	K13246	0.8133986255805739	0.24772618567384758	0.17525597128474246	1.4515412798764054	-5.5393860798976	2.074825536668934	89	0.11025749531813633	0.0010452900859261316
Mammals: Human	K13273	0.0	0.0	0.0	0.0	0.0	0.0	69	0.0	
Mammals: Human	K13421	-0.027303533295254295	0.016719998322465183	-0.07037424897392461	0.015767182383416015	0.24727692646543747	0.1347766318566207	393	0.006773866376758142	1.816884667655862
Mammals: Human	K13484	0.13362583793678054	0.12420313263373789	-0.18632143172772828	0.4535731076012893	-0.9102048711364606	1.0541317963535284	72	0.01626654006350281	0.47860553599887745
Mammals: Human	K13497	0.0024933804663945553	0.005604914545534031	-0.01194487940290111	0.01693164033569022	-0.01803460860380652	0.04570565323080896	305	0.0006526989737591915	0.8816279695404716
Mammals: Human	K13498	-0.11877374043285381	0.035953156227921806	-0.21138907087598038	-0.026158409989727238	1.060534485763016	0.29526350724234224	241	0.04366937592332942	1.9990392479619916
Mammals: Human	K13501	-0.11877374043285381	0.035953156227921806	-0.21138907087598038	-0.026158409989727238	1.060534485763016	0.29526350724234224	241	0.04366937592332942	1.9990392479619916
Mammals: Human	K13540	0.0	0.0	0.0	0.0	0.0	0.0	101	0.0	
Mammals: Human	K13542	0.26987818989126894	0.04320512483458616	0.158581788317375	0.38117459146516286	-2.0562418196032777	0.35424985742827714	245	0.13835288324039763	1.6303625116620424e-11
Mammals: Human	K13543	0.26987818989126894	0.04320512483458616	0.158581788317375	0.38117459146516286	-2.0562418196032777	0.35424985742827714	245	0.13835288324039763	1.6303625116620424e-11
Mammals: Human	K13562	0.1564069163750507	0.07710851660022014	-0.042224622387116384	0.35503845513721777	-0.9075081584790115	0.6243378411759452	226	0.018036592643887683	0.07285292389622433
Mammals: Human	K13713	0.05212030598641464	0.014586061196016077	0.014546612345477224	0.08969399962735206	0.2614506170294075	0.11771717676328496	387	0.0321001844809794	0.00029496862396904966
Mammals: Human	K13786	0.25434753940486154	0.07320774938802885	0.06576437698129922	0.44293070182842387	-1.6707550359447378	0.6073415780342928	226	0.05113266715350118	0.0004598561071986751
Mammals: Human	K13787	0.7671539461195528	0.23320642813382028	0.16641418724683177	1.367893704992274	-5.7674400531526695	1.9732332143553102	57	0.16440567498879888	0.0010188037690312957
Mammals: Human	K13789	0.7671539461195528	0.23320642813382028	0.16641418724683177	1.367893704992274	-5.7674400531526695	1.9732332143553102	57	0.16440567498879888	0.0010188037690312957
Mammals: Human	K13799	0.0	0.0	0.0	0.0	0.0	0.0	17	0.0	
Mammals: Human	K13800	0.0	0.0	0.0	0.0	0.0	0.0	17	0.0	
Mammals: Human	K13809	0.0	0.0	0.0	0.0	0.0	0.0	17	0.0	
Mammals: Human	K13829	0.17052204550354325	0.044275545977191785	0.05646823906629721	0.28457585194078927	-0.9289718990550918	0.35837813813307184	371	0.038644771438660075	7.923655310237976e-05
Mammals: Human	K13830	0.3448486039301656	0.04138096066368698	0.23825124926050792	0.4514459585998233	-1.3382802010037	0.33412098966434217	386	0.1531542028330709	0.0
Mammals: Human	K13832	0.46688155356448835	0.048867947234926705	0.34099772148731716	0.5927653856416595	-3.1504415312405567	0.39480641089361557	374	0.19702608780549224	0.0
Mammals: Human	K13853	0.21041693202505424	0.05233718873366517	0.07559633384713277	0.3452375302029757	-1.458532012099371	0.42598392921945977	285	0.0540295935974322	3.3966820029540656e-05
Mammals: Human	K13937	0.002508858514450168	0.007831167677275586	-0.01766422942221174	0.02268194645111208	-0.017494120708377445	0.06456363739815385	219	0.00047275289622505934	0.9367488740996657
Mammals: Human	K13939	0.13467823659284248	0.03287090160239717	0.05000279406506737	0.2193536791206176	-0.9919633209978415	0.26505258585933567	317	0.050595549769518855	2.2842226650165998e-05
Mammals: Human	K13940	0.13467823659284248	0.03287090160239717	0.05000279406506737	0.2193536791206176	-0.9919633209978415	0.26505258585933567	317	0.050595549769518855	2.2842226650165998e-05
Mammals: Human	K13941	0.13467823659284248	0.03287090160239717	0.05000279406506737	0.2193536791206176	-0.9919633209978415	0.26505258585933567	317	0.050595549769518855	2.2842226650165998e-05
Mammals: Human	K13950	-0.16889907427518314	0.06337189992982167	-0.3321450884944038	-0.0056530600559625	1.5354705750909214	0.5131833384925535	102	0.06632208476153068	1.9891339374117516
Mammals: Human	K13990	-0.07852453187348621	0.11635166869084633	-0.3782464304211064	0.22119736667413395	0.7081680492194223	0.9263172510053916	38	0.01249403466613297	1.251710254063527
Mammals: Human	K13998	0.023803916283757297	0.00908700519710808	0.00039579089600687983	0.047212041671507714	-0.1859269146451025	0.07360150520803699	314	0.021520502687411236	0.012669841875431631
Mammals: Human	K14152	0.06259299312544972	0.022213307295510024	0.005371513532215898	0.11981447271868353	0.15546512332439388	0.1816779438549305	307	0.02537253134630202	0.006378558028026893
Mammals: Human	K14153	0.20933185190074746	0.04758582505090219	0.08675076656962341	0.33191293723187154	-1.0570311365620966	0.3866714150997538	336	0.0547656745707481	4.4635331275522105e-06
Mammals: Human	K14154	-0.15589035427313933	0.055266609343242463	-0.2982571399413319	-0.013523568604946745	1.6726140871911024	0.4515874563140285	290	0.026883462965086813	1.9936870845443389
Mammals: Human	K14170	0.36702820157413485	0.08729344059390436	0.14216029860423723	0.5918961045440325	-2.5825144739022514	0.7182988504185945	83	0.17914919418137432	1.2952397843601915e-05
Mammals: Human	K14187	0.25075588902777296	0.07015645002732128	0.07003287375739334	0.4314789042981526	-1.7676293274437178	0.5734897242142964	244	0.05014295831255311	0.0002937054957512508
Mammals: Human	K14267	0.0	0.0	0.0	0.0	0.0	0.0	24	0.0	
Mammals: Human	K14541	-0.4670353039141377	0.23402224261303442	-1.0698766008853144	0.135805993057039	4.544475225910048	2.0085452188956663	43	0.08853988621786257	1.9207786676128262
Mammals: Human	K14652	0.6137783354083803	0.05217070020088744	0.4793866116908943	0.7481700591258664	-4.229248221319254	0.4250787273157274	307	0.3121501690398999	0.0
Mammals: Human	K14656	0.0	0.0	0.0	0.0	0.0	0.0	370	0.0	
Mammals: Human	K14681	0.0	0.0	0.0	0.0	0.0	0.0	119	0.0	
Mammals: Human	K14682	0.0	0.0	0.0	0.0	0.0	0.0	119	0.0	
Mammals: Human	K14727	0.03872533885365274	0.1361302208326005	-0.31194611001112615	0.38939678771843167	-0.296510928094117	1.1675414877712476	39	0.0021823821397966015	0.9497862738574705
Mammals: Human	K14759	0.35205230590281356	0.07792870736943419	0.15130795571915107	0.5527966560864761	-2.114450590237171	0.6393117658182641	215	0.0874383680297991	2.2768797158789766e-06
Mammals: Human	K14760	0.0	0.0	0.0	0.0	0.0	0.0	74	0.0	
Mammals: Human	K15461	0.19029037019863576	0.06598690714261468	0.020308097399260344	0.3602726429980112	-1.3183891081616816	0.5402103589308839	143	0.05569439984146407	0.005020760551825543
Mammals: Human	K15789	-1.699298404871246e-05	0.02562900739039544	-0.06603731602170737	0.06600333005360995	0.008200985279147192	0.21301473537146282	86	5.233550481875682e-09	1.00000027986964
Mammals: Human	K15792	0.0814902081353778	0.0802495235816617	-0.12523256461098273	0.2882129808817383	-0.6019443294767892	0.6261534486578361	21	0.05147778304746531	0.518685968671577
Mammals: Human	K15918	0.07062814203271009	0.04953168425515355	-0.05696547660856546	0.19822176067398564	-0.4179764864403259	0.4036559184162708	239	0.008506111424982365	0.2740614432849042
Mammals: Human	K16011	0.2085955870713119	0.1922409897034722	-0.28661720240483246	0.7038083765474563	-1.4641617605874644	1.5511859641384063	16	0.07757491607811051	0.47258099238907847
Mammals: Human	K16047	1.3553578227251362	0.28119136276708473	0.6310088722371259	2.0797067732131467	-11.459840892769757	2.4209964610289334	46	0.3455587891008801	3.771803092078585e-07
Mammals: Human	K16048	1.3553578227251362	0.28119136276708473	0.6310088722371259	2.0797067732131467	-11.459840892769757	2.4209964610289334	46	0.3455587891008801	3.771803092078585e-07
Mammals: Human	K16049	0.0	0.0	0.0	0.0	0.0	0.0	46	0.0	
Mammals: Human	K16171	0.13533381111855777	0.117678716097147	-0.16780656154769288	0.4384741837848084	-1.1005210021921357	1.0107068851830419	34	0.03968975034559796	0.43086065142024
Mammals: Human	K16329	0.0	0.0	0.0	0.0	0.0	0.0	18	0.0	
Mammals: Human	K16330	0.0	0.0	0.0	0.0	0.0	0.0	18	0.0	
Mammals: Human	K16371	-0.30886912743976913	0.09545731616543568	-0.5547671738819314	-0.06297108099760682	2.648009832715733	0.76220933665816	72	0.13010639954203163	1.9987254494022797
Mammals: Human	K16881	0.2085955870713119	0.1922409897034722	-0.28661720240483246	0.7038083765474563	-1.4641617605874644	1.5511859641384063	16	0.07757491607811051	0.47258099238907847
Mammals: Human	K17877	0.09482803845521907	0.09594016026283239	-0.15231381438183716	0.34196989129227534	0.5162778740755116	0.810172304711628	129	0.007633802099548892	0.5368985394816028
Mammals: Human	K18240	0.03974616636761345	0.031241457835408357	-0.04073182901639848	0.12022416175162538	-0.31487532366295756	0.26072808448677975	84	0.019356429156550448	0.3568623385921672
Mammals: Human	K18365	0.6474171958564054	0.18216105337236466	0.17817032236919406	1.1166640693436167	-5.192496606166921	1.5564695476813148	62	0.1739129647617047	0.00032182311099449024
Mammals: Human	K18482	0.0	0.0	0.0	0.0	0.0	0.0	62	0.0	
Mammals: Human	K18592	0.20417537611544603	0.09307299827372545	-0.03558066743767074	0.4439314196685628	-1.5499755727832354	0.7774959312788108	112	0.04191511137997328	0.04671677033347876
Mammals: Human	K18649	-0.07392140851748422	0.03816578653952561	-0.1722364746433022	0.024393657608333758	0.6654448896957019	0.3142866025833991	246	0.015141745277805985	1.908205972116681
Mammals: Human	K18859	0.014850900693558863	0.019066936816048957	-0.03426552854458325	0.06396732993170098	-0.11317001774307071	0.15916698902076626	130	0.004717156461571115	0.6796275824231781
Mammals: Human	K18860	0.014850900693558863	0.019066936816048957	-0.03426552854458325	0.06396732993170098	-0.11317001774307071	0.15916698902076626	130	0.004717156461571115	0.6796275824231781
Mammals: Human	K18911	0.0	0.0	0.0	0.0	0.0	0.0	69	0.0	
Mammals: Human	K19107	0.0	0.0	0.0	0.0	0.0	0.0	71	0.0	
Mammals: Human	K19268	9.333913153750764e-31	1.2158213438605084e-16	-3.1319557817846603e-16	3.131955781784679e-16	0.6931471805599451	1.0061626047478657e-15	28	0.0	1.0
Mammals: Human	K19269	0.18220219302941976	0.06998044880513452	0.0019325569073932458	0.36247182915144627	-1.4589459032973415	0.5867050112274281	72	0.08829016951102875	0.013359502136858215
Mammals: Human	K19285	0.1564069163750507	0.07710851660022014	-0.042224622387116384	0.35503845513721777	-0.9075081584790115	0.6243378411759452	226	0.018036592643887683	0.07285292389622433
Mammals: Human	K19286	0.1564069163750507	0.07710851660022014	-0.042224622387116384	0.35503845513721777	-0.9075081584790115	0.6243378411759452	226	0.018036592643887683	0.07285292389622433
Mammals: Human	K19302	0.23887930814074368	0.03135098401288905	0.15811917332354147	0.3196394429579459	-1.8096009923818768	0.2530548455249158	350	0.14297749798610226	0.0
Mammals: Human	K19562	0.1139565987396954	0.03721409041855862	0.01809310182148839	0.20982009565790238	-0.1840758320935899	0.30626524299478347	238	0.038214684533646515	0.0025552973529801015
Mammals: Human	K19712	0.05265419032561866	0.06473278514035613	-0.11409746419593875	0.21940584484717607	-0.4100842619032045	0.5389653316550801	25	0.027962279603158002	0.6562530749787485
Mammals: Human	K19726	0.10951609561512606	0.05339673174339016	-0.028033885355846985	0.24706607658609908	-0.5765043459587049	0.43114459029539165	344	0.012150419330429929	0.0687020686133788
Mammals: Human	K19964	0.13362583793678054	0.12420313263373789	-0.18632143172772828	0.4535731076012893	-0.9102048711364606	1.0541317963535284	72	0.01626654006350281	0.47860553599887745
Mammals: Human	K20023	0.26643700717754654	0.22382216051012338	-0.3101288782965313	0.8430028926516244	-2.03774015691805	1.9044839384220058	43	0.033407389469115256	0.4057097086439887
Mammals: Human	K20246	0.0	0.0	0.0	0.0	0.0	0.0	69	0.0	
Mammals: Human	K21219	0.20933185190074746	0.04758582505090219	0.08675076656962341	0.33191293723187154	-1.0570311365620966	0.3866714150997538	336	0.0547656745707481	4.4635331275522105e-06
Mammals: Human	K21220	-0.00919418957356677	0.03403874941974048	-0.09687800807881825	0.07848962893168471	0.1531951898405587	0.2785316578756521	282	0.000260500485338655	1.0453850678639633
Mammals: Human	K21456	0.0	0.0	0.0	0.0	0.0	0.0	105	0.0	
Mammals: Human	K22223	0.18220219302941976	0.06998044880513452	0.0019325569073932458	0.36247182915144627	-1.4589459032973415	0.5867050112274281	72	0.08829016951102875	0.013359502136858215
Mammals: Human	K22251	0.2920163751284851	0.06563825407982364	0.12293223261885941	0.4611005176381108	-2.2204190688637984	0.5349870914711671	100	0.16802843342825946	3.3710421616373054e-06
Mammals: Human	K22305	0.02475596466933662	0.016815965710168124	-0.01856196300005647	0.06807389233872971	-0.18220631999093234	0.13736139987582544	246	0.008804115794741163	0.25164481135052297
Mammals: Human	K22316	-0.23084663738090888	0.055100220990446834	-0.37278480665229996	-0.08890846810951783	1.9705451189102712	0.46377660681064825	48	0.276189641623654	1.9999859699018818
Mammals: Human	K22373	0.3158299052387423	0.18392377696101617	-0.15795774421283532	0.7896175546903199	-2.288851542372709	1.4738579811110875	42	0.06865635026251471	0.15301774256287648
Mammals: Human	K22391	0.08566920113211439	0.02381696016626171	0.024316711743824222	0.14702169052040456	-0.6388478501520242	0.19289334826332477	336	0.03729276152598282	0.00026473818714434216
Mammals: Human	K22476	0.0	0.0	0.0	0.0	0.0	0.0	119	0.0	
Mammals: Human	K22477	0.0	0.0	0.0	0.0	0.0	0.0	119	0.0	
Mammals: Human	K22478	0.0	0.0	0.0	0.0	0.0	0.0	119	0.0	
Mammals: Human	K22515	0.9028461581626613	0.13473065537193873	0.5557799899245471	1.2499123264007754	-6.646454957074056	1.1096742567741247	153	0.2292182286130401	3.8413716652030416e-13
Mammals: Human	K22920	0.17148637049407633	0.0349913015031777	0.08134877782189057	0.26162396316626213	-1.2623595079866543	0.280580593621712	278	0.08005556703745476	2.2880160011062856e-07
Mammals: Human	K22949	0.0	0.0	0.0	0.0	0.0	0.0	370	0.0	
Mammals: Human	K23123	0.351378894141676	0.0830541987064189	0.1374312782739409	0.5653265100094111	-2.4868501364007627	0.6829422144912515	148	0.10920736314108748	1.1253388155552102e-05
Mammals: Human	K23124	0.351378894141676	0.0830541987064189	0.1374312782739409	0.5653265100094111	-2.4868501364007627	0.6829422144912515	148	0.10920736314108748	1.1253388155552102e-05
Mammals: Human	K23144	0.17816942059826338	0.04686455291803259	0.057446332281411425	0.2988925089151153	-0.5631154356484233	0.3774754711855318	393	0.035648082148648896	0.00010089036890104097
Mammals: Human	K23264	0.02413413992343398	0.04248140531927097	-0.08529796017900804	0.133566240025876	0.07294509659611254	0.3427432168541335	388	0.0008354406806379	0.8142654449914037
Mammals: Human	K23265	0.02413413992343398	0.04248140531927097	-0.08529796017900804	0.133566240025876	0.07294509659611254	0.3427432168541335	388	0.0008354406806379	0.8142654449914037
Mammals: Human	K23269	0.02413413992343398	0.04248140531927097	-0.08529796017900804	0.133566240025876	0.07294509659611254	0.3427432168541335	388	0.0008354406806379	0.8142654449914037
Mammals: Human	K23270	0.02413413992343398	0.04248140531927097	-0.08529796017900804	0.133566240025876	0.07294509659611254	0.3427432168541335	388	0.0008354406806379	0.8142654449914037
Mammals: Human	K23304	0.21846670141730334	0.04074354897390353	0.11351131926052785	0.32342208357407887	-1.649475748039712	0.3285411671720542	333	0.07991913870434553	1.1243808550887024e-08
Mammals: Human	K23987	0.1920319108095016	0.0655089320743313	0.023280901786024183	0.36078291983297905	-1.0195550535900024	0.5343584925038092	256	0.03272371423030451	0.004209187081443133
Mammals: Human	K23999	0.030035800724585948	0.10178140615501123	-0.232153101530723	0.2922247029798949	-0.1725913916616406	0.8336920087573386	19	0.005096518029707675	0.9460689748755919
Mammals: Human	K24017	0.1903749623705361	0.05033338558959978	0.06071616109172706	0.32003376364934516	-1.0149380903627832	0.41122354211450673	307	0.04480234857999599	0.00011085860422865856
Mammals: Human	K24018	0.2422390132773518	0.041738449361306384	0.13472076772262656	0.3497572588320771	-1.5647143399428136	0.3375567707266897	369	0.08406481028247581	4.866380631796119e-10
Mammals: Human	K24042	0.32357987891847634	0.054374875093887484	0.1835102006766222	0.4636495571603305	-2.2474769339817096	0.4442938066770896	291	0.10916107728279123	1.617754818994399e-10
Mammals: Human	K24263	0.17417530533482042	0.056261767506002154	0.029244992239358863	0.31910561843028196	-1.3459866969640821	0.4677053501097508	112	0.0801444351699071	0.0022398229523752367
Mammals: Human	K24866	0.36935011766806	0.087372893548587	0.14427754388689984	0.5944226914492201	-2.8324758722520196	0.7230148391137922	99	0.15556670727085364	1.1463346470730329e-05
Mammals: Human	K25004	0.0554107098948521	0.023299855134411095	-0.004609716931390881	0.11543113672109508	-0.42057552086370137	0.188966884162557	235	0.023697869452538822	0.027310450178239076
Mammals: Human	K25009	0.0554107098948521	0.023299855134411095	-0.004609716931390881	0.11543113672109508	0.2725716596962439	0.188966884162557	235	0.02369786945253871	0.027310450178239076
Mammals: Human	K25031	-0.016408535388484677	0.03015402337343649	-0.09408529959845707	0.06126822882148772	0.17032139470656976	0.24872867939209758	138	0.002172529336167961	1.1718059204808955
Mammals: Human	K25528	0.02475596466933662	0.016815965710168124	-0.01856196300005647	0.06807389233872971	-0.18220631999093234	0.13736139987582544	246	0.008804115794741163	0.25164481135052297
Mammals: Human	K25801	0.014850900693558863	0.019066936816048957	-0.03426552854458325	0.06396732993170098	-0.11317001774307071	0.15916698902076626	130	0.004717156461571115	0.6796275824231781
Mammals: Human	K25995	0.014850900693558863	0.019066936816048957	-0.03426552854458325	0.06396732993170098	-0.11317001774307071	0.15916698902076626	130	0.004717156461571115	0.6796275824231781
Mammals: Human	K25996	0.014850900693558863	0.019066936816048957	-0.03426552854458325	0.06396732993170098	-0.11317001774307071	0.15916698902076626	130	0.004717156461571115	0.6796275824231781
Mammals: Human	K26110	0.0	0.0	0.0	0.0	0.0	0.0	101	0.0	
Mammals: Human	K26138	0.09482803845521907	0.09594016026283239	-0.15231381438183716	0.34196989129227534	0.5162778740755116	0.810172304711628	129	0.007633802099548892	0.5368985394816028
Mammals: Human	K26139	0.09482803845521907	0.09594016026283239	-0.15231381438183716	0.34196989129227534	0.5162778740755116	0.810172304711628	129	0.007633802099548892	0.5368985394816028
Mammals: Human	K26956	0.0	0.0	0.0	0.0	0.0	0.0	14	0.0	
Mammals: Human	K27797	-0.11306722515380771	0.07846362948628036	-0.3151895347104659	0.08905508440285048	1.04116157665395	0.6514068915110879	99	0.020958776460334838	1.733386544886162
Mammals: Human	K27802	0.0	0.0	0.0	0.0	0.0	0.0	31	0.0	
Mammals: Human	K28126	0.007555605096748523	0.005818258419439019	-0.00743222859172639	0.022543438785223437	-0.057285964961090785	0.04685323968912447	399	0.004229812356154605	0.341784263885462
Mammals: Human	K28192	0.0	0.0	0.0	0.0	0.0	0.0	323	0.0	
Mammals: Human	K28203	0.18220219302941976	0.06998044880513452	0.0019325569073932458	0.36247182915144627	-1.4589459032973415	0.5867050112274281	72	0.08829016951102875	0.013359502136858215
Mammals: Human	K28207	-0.05531879393587343	0.051856505070898014	-0.18890115099850674	0.07826356312675986	0.4866680144425193	0.4312019593716386	66	0.017470468735701017	1.5154175679912796
Mammals: Human	K28208	-0.05531879393587343	0.051856505070898014	-0.18890115099850674	0.07826356312675986	0.4866680144425193	0.4312019593716386	66	0.017470468735701017	1.5154175679912796
Mammals: Human	K28462	0.0	0.0	0.0	0.0	0.0	0.0	66	0.0	
Mammals: Human	K28660	0.17148637049407633	0.0349913015031777	0.08134877782189057	0.26162396316626213	-1.2623595079866543	0.280580593621712	278	0.08005556703745476	2.2880160011062856e-07
Plants	K00005	-0.030438908284976217	0.25896530657853306	-0.6975335380312774	0.636655721461325	0.49079793152624057	2.2246315184873766	35	0.00041848437674130157	1.0087568235888231
Plants	K00010	0.26302897644970125	0.10808590555228298	-0.015400316252979718	0.5414582691523822	-2.1392660599098794	0.9317861246151313	86	0.06585716904742	0.02305049612379806
Plants	K00014	0.44819202706975725	0.10089434543848358	0.18828819322022355	0.7080958609192909	-3.4714968160370345	0.8669622013135544	241	0.07626805332581033	3.501003684291959e-06
Plants	K00019	0.4882502802173104	0.11811443307908101	0.1839875006055977	0.7925130598290231	-4.0510267433050515	1.0290146652260357	96	0.15382034721295923	1.8864027282461393e-05
Plants	K00021	0.1469794283223554	0.0640296490221455	-0.01796094755869143	0.3119198042034022	-1.1933846296818338	0.5320669138876084	26	0.18002752049707382	0.03492596809660409
Plants	K00027	0.31227293452745447	0.0664215674771266	0.14117097670637635	0.4833748923485326	-2.542301609964314	0.5710296518014276	189	0.10570371881175922	7.743965855233625e-07
Plants	K00028	0.31227293452745447	0.0664215674771266	0.14117097670637635	0.4833748923485326	-2.542301609964314	0.5710296518014276	189	0.10570371881175922	7.743965855233625e-07
Plants	K00029	0.04920442586878651	0.16338379843983156	-0.37167223891221957	0.47008109064979264	-0.26985475390056224	1.4257723843043917	20	0.005013431361114651	0.9438961184524639
Plants	K00060	0.05506261896752954	0.04465455730544393	-0.05996752065129402	0.17009275858635312	-0.44931833136312327	0.3856117637183294	107	0.01427410924931749	0.37985303900002854
Plants	K00067	0.006919841259457743	0.0389033788230195	-0.0932952625886405	0.10713494510755599	-0.01635483429840693	0.3332087974665621	194	0.0001647573627541199	0.9800597153903925
Plants	K00077	0.7350528020999963	0.11944949556701114	0.42735090151937566	1.042754702680617	-5.943967630519976	1.03092916358234	157	0.19634011011131192	3.3910430019545856e-11
Plants	K00082	-0.02941165229227225	0.05099439259801764	-0.16077320762476568	0.1019499030402212	0.371157112372805	0.4369279138762958	274	0.0012215022737078751	1.1908530408874056
Plants	K00099	0.014676919198104897	0.00865382487223229	-0.007615333672765484	0.03696917206897528	-0.12306515270235141	0.074234241708873	252	0.011374838859901537	0.1602225748167707
Plants	K00107	-0.07758684588644102	0.08321147584149603	-0.2919396076541348	0.13676591588125275	0.7480246803973721	0.7233853215284916	75	0.011769155185875402	1.4250456452723812
Plants	K00108	-0.014689917830495862	0.05643263052900307	-0.16006037407320778	0.13068053841221605	0.15458529167946303	0.4877880040110896	140	0.000490778876648057	1.0422206270833168
Plants	K00121	0.20581805736306877	0.10990555570063286	-0.07729865412176148	0.488934768847899	-1.605010428634467	0.9447020070979334	188	0.01850557355841187	0.10725095104960536
Plants	K00122	0.1193423040042787	0.2041573769028972	-0.40656709889758447	0.6452517069061419	-0.28106333805305617	1.76443925539965	169	0.002041994073365805	0.8044955531583211
Plants	K00123	0.1193423040042787	0.2041573769028972	-0.40656709889758447	0.6452517069061419	-0.28106333805305617	1.76443925539965	169	0.002041994073365805	0.8044955531583211
Plants	K00124	0.1193423040042787	0.2041573769028972	-0.40656709889758447	0.6452517069061419	-0.28106333805305617	1.76443925539965	169	0.002041994073365805	0.8044955531583211
Plants	K00126	0.1193423040042787	0.2041573769028972	-0.40656709889758447	0.6452517069061419	-0.28106333805305617	1.76443925539965	169	0.002041994073365805	0.8044955531583211
Plants	K00127	0.1193423040042787	0.2041573769028972	-0.40656709889758447	0.6452517069061419	-0.28106333805305617	1.76443925539965	169	0.002041994073365805	0.8044955531583211
Plants	K00133	0.39038112098370265	0.045135997201595224	0.2741107921923933	0.506651449775012	-3.2201496375178507	0.3867395629684049	275	0.2150777649219371	0.0
Plants	K00147	0.021528439200312985	0.020162904558902663	-0.030411202943420278	0.07346808134404625	-0.17162372043676538	0.1732261374536586	262	0.0043656150687125805	0.4839517733510874
Plants	K00148	0.0	0.0	0.0	0.0	0.0	0.0	94	0.0	
Plants	K00156	-0.07255843609981578	0.06095804426979813	-0.22958635813881578	0.0844694859391842	0.6586952640548933	0.521995807758398	92	0.015498429105745726	1.594232016973439
Plants	K00200	-0.09055403004484602	0.234698877026344	-0.6951383372647082	0.5140302771750163	0.8755916764464797	2.045712321155184	16	0.010521361197498691	1.090418438530532
Plants	K00201	-0.09055403004484602	0.234698877026344	-0.6951383372647082	0.5140302771750163	0.8755916764464797	2.045712321155184	16	0.010521361197498691	1.090418438530532
Plants	K00202	-0.09055403004484602	0.234698877026344	-0.6951383372647082	0.5140302771750163	0.8755916764464797	2.045712321155184	16	0.010521361197498691	1.090418438530532
Plants	K00203	-0.09055403004484602	0.234698877026344	-0.6951383372647082	0.5140302771750163	0.8755916764464797	2.045712321155184	16	0.010521361197498691	1.090418438530532
Plants	K00204	-0.09055403004484602	0.234698877026344	-0.6951383372647082	0.5140302771750163	0.8755916764464797	2.045712321155184	16	0.010521361197498691	1.090418438530532
Plants	K00205	-0.09055403004484602	0.234698877026344	-0.6951383372647082	0.5140302771750163	0.8755916764464797	2.045712321155184	16	0.010521361197498691	1.090418438530532
Plants	K00211	-0.09549153248978097	0.03363015451417552	-0.1821228105182971	-0.00886025446126483	0.8121868357143383	0.282918509840523	75	0.09946076181757713	1.9940998280329612
Plants	K00216	0.4696963190227061	0.13004388990529053	0.13470325862667765	0.8046893794187345	-3.927992737849587	1.1126217626935937	39	0.26066998352307413	0.0002473014803809903
Plants	K00220	-0.06526148163314992	0.04469622449094095	-0.18039895592181382	0.04987599265551397	0.5750996276117354	0.3791883614707271	128	0.01663852502758112	1.7426263635556225
Plants	K00228	0.6131328876189721	0.07309489966381494	0.42484042608498485	0.8014253491529594	-4.576138998352528	0.6259275331704455	220	0.24400448125715624	0.0
Plants	K00231	0.01598437086716095	0.03846880699833103	-0.08311127596053978	0.11508001769486169	-0.12480165298770063	0.3340100892394987	50	0.003584042043437985	0.895911006066052
Plants	K00233	0.05709543043822253	0.025778008517777753	-0.009308719503572968	0.12349958038001803	-0.4683997845893268	0.22153875421369193	221	0.021909817595664016	0.044021059874647994
Plants	K00234	0.05709543043822253	0.025778008517777753	-0.009308719503572968	0.12349958038001803	-0.4683997845893268	0.22153875421369193	221	0.021909817595664016	0.044021059874647994
Plants	K00235	0.05709543043822253	0.025778008517777753	-0.009308719503572968	0.12349958038001803	-0.4683997845893268	0.22153875421369193	221	0.021909817595664016	0.044021059874647994
Plants	K00236	0.05709543043822253	0.025778008517777753	-0.009308719503572968	0.12349958038001803	-0.4683997845893268	0.22153875421369193	221	0.021909817595664016	0.044021059874647994
Plants	K00237	0.05709543043822253	0.025778008517777753	-0.009308719503572968	0.12349958038001803	-0.4683997845893268	0.22153875421369193	221	0.021909817595664016	0.044021059874647994
Plants	K00239	0.05709543043822253	0.025778008517777753	-0.009308719503572968	0.12349958038001803	-0.4683997845893268	0.22153875421369193	221	0.021909817595664016	0.044021059874647994
Plants	K00240	0.05709543043822253	0.025778008517777753	-0.009308719503572968	0.12349958038001803	-0.4683997845893268	0.22153875421369193	221	0.021909817595664016	0.044021059874647994
Plants	K00241	0.05709543043822253	0.025778008517777753	-0.009308719503572968	0.12349958038001803	-0.4683997845893268	0.22153875421369193	221	0.021909817595664016	0.044021059874647994
Plants	K00242	0.05709543043822253	0.025778008517777753	-0.009308719503572968	0.12349958038001803	-0.4683997845893268	0.22153875421369193	221	0.021909817595664016	0.044021059874647994
Plants	K00244	0.05709543043822253	0.025778008517777753	-0.009308719503572968	0.12349958038001803	-0.4683997845893268	0.22153875421369193	221	0.021909817595664016	0.044021059874647994
Plants	K00245	0.05709543043822253	0.025778008517777753	-0.009308719503572968	0.12349958038001803	-0.4683997845893268	0.22153875421369193	221	0.021909817595664016	0.044021059874647994
Plants	K00246	0.05709543043822253	0.025778008517777753	-0.009308719503572968	0.12349958038001803	-0.4683997845893268	0.22153875421369193	221	0.021909817595664016	0.044021059874647994
Plants	K00247	0.05709543043822253	0.025778008517777753	-0.009308719503572968	0.12349958038001803	-0.4683997845893268	0.22153875421369193	221	0.021909817595664016	0.044021059874647994
Plants	K00254	0.024383358082299238	0.027080696591340127	-0.04537651633699293	0.0941432325015914	-0.1782380663424416	0.23195375720692588	273	0.0029826397383951875	0.5968340349894024
Plants	K00288	0.38234332310709923	0.062198118240714105	0.2221209705190197	0.5425656756951788	-3.12692400591379	0.5334555634839723	246	0.1341004452111515	3.567723894093433e-11
Plants	K00297	0.19851942225217611	0.06199660970828825	0.03881615564362559	0.3582226888607266	-1.5817604315587592	0.5333985079044163	241	0.04113665185407667	0.0014625839251098949
Plants	K00299	0.7868364541292494	0.11264648465404341	0.4966591096604336	1.0770137985980652	-6.174178830189481	0.9687813761061428	236	0.1725317870158979	3.241851231905457e-14
Plants	K00300	0.38234332310709923	0.062198118240714105	0.2221209705190197	0.5425656756951788	-3.12692400591379	0.5334555634839723	246	0.1341004452111515	3.567723894093433e-11
Plants	K00301	0.38839719808194634	0.2287859994187196	-0.20095553642067537	0.977749932584568	-2.670054355681155	1.989175123995626	119	0.024040269104906975	0.15965576100671286
Plants	K00302	0.38839719808194634	0.2287859994187196	-0.20095553642067537	0.977749932584568	-2.670054355681155	1.989175123995626	119	0.024040269104906975	0.15965576100671286
Plants	K00303	0.38839719808194634	0.2287859994187196	-0.20095553642067537	0.977749932584568	-2.670054355681155	1.989175123995626	119	0.024040269104906975	0.15965576100671286
Plants	K00304	0.38839719808194634	0.2287859994187196	-0.20095553642067537	0.977749932584568	-2.670054355681155	1.989175123995626	119	0.024040269104906975	0.15965576100671286
Plants	K00305	0.38839719808194634	0.2287859994187196	-0.20095553642067537	0.977749932584568	-2.670054355681155	1.989175123995626	119	0.024040269104906975	0.15965576100671286
Plants	K00306	0.29619284686988073	0.21732752992667675	-0.2636428702212386	0.8560285639610001	-1.7584382878722957	1.8895496987924023	119	0.015627632731258112	0.30651265492852486
Plants	K00361	0.2146005633824957	0.07706388466347146	0.01608399648939321	0.41311713027559815	-0.4679059060471269	0.6657018229065417	201	0.03750634297207078	0.007177977656241286
Plants	K00362	0.2146005633824957	0.07706388466347147	0.016083996489393182	0.4131171302755982	-1.1610530866070723	0.6657018229065418	201	0.03750634297207078	0.007177977656241286
Plants	K00363	0.2146005633824957	0.07706388466347147	0.016083996489393182	0.4131171302755982	-1.1610530866070723	0.6657018229065418	201	0.03750634297207078	0.007177977656241286
Plants	K00364	0.0	0.0	0.0	0.0	0.0	0.0	56	0.0	
Plants	K00376	0.05123972474481378	0.11792802042955047	-0.2525428558817082	0.35502230537133583	-0.41017518030473826	1.0109140688028544	24	0.008508361515421115	0.8867540612946891
Plants	K00384	0.06733848318361449	0.04367823227219161	-0.045176643149551096	0.1798536095167801	-0.4860966432723045	0.3735349651621638	280	0.008477239328791186	0.2202192782504948
Plants	K00390	0.012524556325094555	0.019170518589909723	-0.03685869956251289	0.061907812212702	-0.09935859378428448	0.1653632106788657	241	0.001782724194305696	0.762060222233679
Plants	K00450	0.010641255554386766	0.13983715678661093	-0.349579260327923	0.3708617714366966	-0.05778962021665354	1.239388013427331	19	0.0003405208767711665	0.9963202321596705
Plants	K00451	-0.006056378478632677	0.03439600367173441	-0.09466048393702052	0.08254772697975517	0.0675722203579233	0.29952937575444954	140	0.00022461222840108874	1.0195439026172055
Plants	K00452	0.0	0.0	0.0	0.0	0.0	0.0	33	0.0	
Plants	K00455	0.05259410241255767	0.08566104445887454	-0.16806874811350314	0.2732569529386185	-0.4022421889819174	0.7469373511851645	69	0.00559494581462372	0.7866381869435695
Plants	K00456	0.21953970859603483	0.19758045744079838	-0.28942754977146185	0.7285069669635316	-1.8423033807205498	1.7423238051838454	15	0.08673450254154225	0.455667297946833
Plants	K00469	0.0	0.0	0.0	0.0	0.0	0.0	11	0.0	
Plants	K00471	0.0	0.0	0.0	0.0	0.0	0.0	24	0.0	
Plants	K00544	0.0	0.0	0.0	0.0	0.0	0.0	58	0.0	
Plants	K00548	-0.007291151448057479	0.015100760818159349	-0.04619071131563596	0.031608408419521006	0.06843260236416102	0.13007374855990345	245	0.0009584552837360594	1.1379258086540016
Plants	K00549	0.08096234987881126	0.09360333634047188	-0.1601598445342443	0.32208454429186684	-0.4659363040900213	0.8014649324361461	194	0.003881444258401756	0.6210886468413026
Plants	K00560	0.04826599880933053	0.033788639848781485	-0.03877353744113058	0.13530553505979165	-0.3761516307004862	0.2877373423790423	196	0.010408672093025428	0.27279454863783426
Plants	K00564	-1.5676866555855842	0.3213035096779533	-2.3953644965159917	-0.7400088146551764	13.732170980806327	2.736601194379236	113	0.1765949002802778	1.9999997381281576
Plants	K00587	0.14837934004719608	0.29167933638678784	-0.6029866304851694	0.8997453105795616	-1.142192370638544	2.5867090705720437	24	0.01162610204458192	0.8481088429429557
Plants	K00603	0.06925502832186925	0.03269980940196587	-0.014979680697594824	0.1534897373413333	-0.5461390235837741	0.27986523187259327	273	0.016282212310708255	0.05752321574671626
Plants	K00608	0.007998897252698617	0.013844389442333445	-0.02766424995075234	0.043662044456149574	-0.06082251418681936	0.118633873020114	271	0.0012394292193613765	0.8085469396987843
Plants	K00609	0.007998897252698617	0.013844389442333445	-0.02766424995075234	0.043662044456149574	-0.06082251418681936	0.118633873020114	271	0.0012394292193613765	0.8085469396987843
Plants	K00610	0.007998897252698617	0.013844389442333445	-0.02766424995075234	0.043662044456149574	-0.06082251418681936	0.118633873020114	271	0.0012394292193613765	0.8085469396987843
Plants	K00618	0.0	0.0	0.0	0.0	0.0	0.0	108	0.0	
Plants	K00619	0.0	0.0	0.0	0.0	0.0	0.0	108	0.0	
Plants	K00620	0.10704893468702315	0.07220186432014836	-0.07894306780167903	0.2930409371757253	-0.68196518823756	0.6213635892159317	234	0.00938608141648023	0.24674009306762645
Plants	K00639	0.020877187699285312	0.030866639634731116	-0.058635275999782036	0.10038965139835267	-0.16444798855201845	0.2657181815359974	137	0.0033772430726950464	0.74733910782885
Plants	K00640	0.5403477640658927	0.1054244942749226	0.26877426681369204	0.8119212613180933	-4.128722734237714	0.9042378272697718	240	0.09940665105285973	5.4550457484481285e-08
Plants	K00641	0.07741964565186477	0.05319370419199978	-0.05960733634672666	0.2144466276504562	-0.6267153130917981	0.45679635236404526	168	0.012599896311316416	0.25962049440531265
Plants	K00643	0.25184092289819043	0.09767417850733547	0.00023223906329428168	0.5034496067330866	-1.9586346799981658	0.8465501798658887	78	0.08043786884844961	0.01451941858203476
Plants	K00651	0.07741964565186477	0.05319370419199978	-0.05960733634672666	0.2144466276504562	-0.6267153130917981	0.45679635236404526	168	0.012599896311316416	0.25962049440531265
Plants	K00652	0.0742909525439804	0.034365168454816304	-0.014233721395626411	0.16281562648358722	-0.617687267472821	0.29637181528752743	171	0.026909246716427693	0.05103762516781529
Plants	K00654	0.0	0.0	0.0	0.0	0.0	0.0	19	0.0	
Plants	K00672	0.16982099234308634	0.1666219901919719	-0.2593972543914333	0.599039239077606	-1.4362367433939176	1.4523318672413374	16	0.06907261290891331	0.5161800891964479
Plants	K00674	0.04983688013206434	0.016645102360967164	0.0069590964502129204	0.09271466381391576	-0.418666435851805	0.1429986610426043	226	0.03848034026052394	0.0033225816529327545
Plants	K00681	0.4888127260188216	0.10033276559190281	0.23035552185407993	0.7472699301835632	-3.8541595447739163	0.8656221558132037	238	0.09138355159707034	2.73893808078185e-07
Plants	K00748	-0.043068866194480505	0.0329319305590272	-0.12790151931453456	0.04176378692557355	0.39326085437572533	0.28223999687295415	216	0.007929055412090102	1.6634004860862357
Plants	K00761	0.10158648253137624	0.023574870819127142	0.04085761530130472	0.16231534976144776	-0.8430983123377639	0.20183126518697736	267	0.06548102270401845	7.348783793936775e-06
Plants	K00763	0.01520755870427708	0.044680722476552644	-0.09988998239532254	0.1303050998038767	-0.05097081834787584	0.38381142926152656	249	0.0004687896725199536	0.9289044069746208
Plants	K00764	0.0	0.0	0.0	0.0	0.0	0.0	251	0.0	
Plants	K00766	0.15472392045598937	0.030080146214769714	0.07723746380674258	0.23221037710523618	-1.2944150604755953	0.25830764408459	269	0.09015903636165867	4.840758527357991e-08
Plants	K00767	0.11702989840449882	0.07160117846561957	-0.06741473732293721	0.3014745341319348	-0.7841086796580041	0.6149730899319007	262	0.010170454944411045	0.18255159641832197
Plants	K00768	0.30924261482304316	0.06698666132971484	0.13668497523769774	0.4818002544083886	-2.572394495913582	0.5804631241301359	201	0.09673509620007115	1.2813813519141348e-06
Plants	K00788	0.04915125388245817	0.051862189867441184	-0.08444574721607032	0.18274825498098665	-0.3369200552433419	0.4460708100146786	241	0.0037440404550899142	0.5645058270135126
Plants	K00790	0.08763067516801772	0.057603093456221714	-0.060754893575209426	0.23601624391124487	-0.6387908396104233	0.4935807432695762	275	0.00840604911986187	0.22916049049758613
Plants	K00800	0.2199207071363183	0.04083230752618454	0.11473668294886694	0.3251047313237697	-1.798262525995654	0.3495573030302084	234	0.11113986006176801	9.544053547472231e-09
Plants	K00804	-0.10982453064884702	0.08460134061739535	-0.3277575840792575	0.10810852278156342	1.0057270073279194	0.738954660809744	70	0.024182647518373845	1.6579552777141786
Plants	K00820	0.4743216662892236	0.04721282433650078	0.3527014307983976	0.5959419017800496	-3.918385243548742	0.40429081159389574	277	0.2684834074403545	0.0
Plants	K00821	0.0	0.0	0.0	0.0	0.0	0.0	69	0.0	
Plants	K00833	0.03526636951321333	0.027103633022696246	-0.034552589153252204	0.10508532817967886	-0.2893922624467309	0.232795654738343	208	0.00815163176916378	0.3403363344433974
Plants	K00849	-0.0765999610552212	0.031312336564115	-0.15726054004438145	0.004060617933939054	0.6715991149668142	0.2668115449776148	107	0.05392174125728866	1.9778481858385968
Plants	K00851	0.009431936341835877	0.0627586899998396	-0.15223444909775097	0.1710983217814227	0.03814850906786724	0.5408800292338528	225	0.00010127567203743748	0.985723707161092
Plants	K00854	0.09435500160888771	0.0901690354464103	-0.13792043370106524	0.32663043691884064	-0.5530582036529499	0.7750270884765134	219	0.0050207580261618645	0.49802745534225035
Plants	K00855	0.0880329947931918	0.050965448698323375	-0.043254001053689234	0.21931999064007282	-0.7373744678930962	0.4394868794587781	65	0.045217162226292795	0.14965646438690294
Plants	K00858	-0.031662299277623165	0.03378546139148895	-0.1186936478220987	0.05536904926685236	0.3180607973531421	0.28954837781283305	245	0.003601240249374804	1.4282882616081363
Plants	K00859	0.0	0.0	0.0	0.0	0.0	0.0	281	0.0	
Plants	K00863	0.1081191677202768	0.09276085243674868	-0.1308327881567878	0.3470711235973414	-0.7635841032659383	0.8039526066105717	133	0.010264172023616513	0.42110191872254354
Plants	K00864	0.25681780224648126	0.068204771833595	0.08112231000314055	0.432513294489822	-2.0317997026050816	0.58567225242159	258	0.05247717465557422	0.00012022870066230595
Plants	K00872	0.017050240703524525	0.018023467400140727	-0.02937821131923799	0.06347869272628703	-0.13691685586037136	0.15470544427257266	266	0.0033783971965581916	0.5656815850602415
Plants	K00877	0.08620172435120127	0.07294183392925725	-0.10169643985056542	0.27409988855296796	-0.5349431695371571	0.6277869321856054	240	0.005833920869292353	0.4110187246398409
Plants	K00878	-0.03732073739147558	0.027155553537715735	-0.10727344330463132	0.032631968521680155	0.3253927765943623	0.23097330724103643	85	0.02225014172763029	1.6995396567052063
Plants	K00884	0.8537642260626871	0.15590791989254343	0.4521454244194952	1.255383027705879	-7.08424543824693	1.3383705929547445	54	0.36575659647305503	5.1174771087403315e-09
Plants	K00891	0.0029064477693348557	0.036774873766694145	-0.09182562705366927	0.09763852259233897	-0.0006967794062164266	0.31409723924685334	115	5.527391356285882e-05	0.9960313793860363
Plants	K00899	0.0021808655104559103	0.03250988723700087	-0.08156460401205834	0.08592633503297015	-0.008485767256191776	0.2809085225952492	67	6.922826051669606e-05	0.9971392163673252
Plants	K00912	0.0	0.0	0.0	0.0	0.0	0.0	212	0.0	
Plants	K00919	0.0	0.0	0.0	0.0	0.0	0.0	263	0.0	
Plants	K00927	0.01705855241784144	0.01845530523138271	-0.030482313858200424	0.0645994186938833	-0.1358440398149582	0.1586829183488103	194	0.004430088659716724	0.5804778170315523
Plants	K00928	-0.05911192612301851	0.07242330706357067	-0.24567436511877655	0.12745051287273956	0.7509608788508619	0.6206014737996124	271	0.0024703985824453545	1.3456449872620462
Plants	K00931	0.036837369208084995	0.02370627672971582	-0.02422999964766296	0.09790473806383296	-0.2977810672249037	0.20366841192446306	262	0.00920158137296978	0.2149820106899858
Plants	K00941	-0.10730197805036452	0.04882216431069764	-0.23306787331472167	0.01846391721399261	1.002635629483193	0.42019668418263645	240	0.0198919966998774	1.9538157358611847
Plants	K00945	0.0	0.0	0.0	0.0	0.0	0.0	28	0.0	
Plants	K00946	0.03197418109070356	0.02006905471602361	-0.019723703857773264	0.08367206603918038	-0.2653788098306212	0.17182984603971127	218	0.01161495260775769	0.19870386150084252
Plants	K00948	0.11684130273731766	0.05047194228328214	-0.013174420584417146	0.24685702605905246	-0.8443870643729517	0.4326902555340838	242	0.021841907135995542	0.03298455124650079
Plants	K00950	-0.058291043735891425	0.0622143757841218	-0.21855527575578917	0.10197318828400634	0.6805610302460681	0.5341108018875669	258	0.0034173975461984085	1.4281388447420587
Plants	K00953	0.0	0.0	0.0	0.0	0.0	0.0	241	0.0	
Plants	K00954	0.02269721661173469	0.013863783371295112	-0.013015889352721521	0.0584103225761909	-0.18398097714271405	0.11850605053233358	281	0.009515359899080367	0.1815316640728204
Plants	K00963	0.33127861726338403	0.07484946909860896	0.13846638486536736	0.5240908496614007	-2.588537872652644	0.6433370374968435	230	0.07911853647403377	3.837608016477034e-06
Plants	K00965	-0.02293880281082231	0.024051964883674438	-0.08489666435116766	0.03901905872952305	0.20348335908961193	0.20515897617407436	87	0.010587630679731008	1.4395727882220042
Plants	K00966	0.12130377898643936	0.1749284083721621	-0.3293118009802502	0.571919358953129	-0.9505077462870644	1.4827317961199187	18	0.029177483356204625	0.7362897517372571
Plants	K00971	0.12130377898643936	0.1749284083721621	-0.3293118009802502	0.571919358953129	-0.9505077462870644	1.4827317961199187	18	0.029177483356204625	0.7362897517372571
Plants	K00972	0.0	0.0	0.0	0.0	0.0	0.0	248	0.0	
Plants	K00973	0.0991410076184678	0.05544649078606042	-0.043689152646423854	0.24197116788335943	-0.7279019555831812	0.47516568078128685	246	0.012933471967282117	0.13063502851614128
Plants	K00974	0.0	0.0	0.0	0.0	0.0	0.0	67	0.0	
Plants	K00975	-0.00570425585480303	0.07933833000189172	-0.2100797939396761	0.19867128223007005	0.15806792752713925	0.6827117356560861	158	3.313545168548426e-05	1.0032854706938932
Plants	K00978	-0.04170580062371895	0.06963533689730973	-0.22108642847118884	0.13767482722375093	0.3895592872182727	0.6008416686614928	93	0.003926301479420191	1.2041596369011343
Plants	K00991	0.0	0.0	0.0	0.0	0.0	0.0	236	0.0	
Plants	K00995	0.06633796977402012	0.04704741645959259	-0.05485617502589038	0.18753211457393063	-0.4426883165318935	0.402536861278803	254	0.00782779258251598	0.2820400423824154
Plants	K01003	-0.7385540620777218	0.24190811962635267	-1.3617093782352063	-0.11539874592023724	6.414694566253194	2.0773775309619227	53	0.1545236561980834	1.9973519958168549
Plants	K01004	0.0	0.0	0.0	0.0	0.0	0.0	81	0.0	
Plants	K01006	0.20429557651911126	0.0685012695151168	0.027836306248170378	0.3807548467900521	-1.721734676023542	0.5982244835474171	97	0.08561073028605892	0.0034741569348852863
Plants	K01007	0.15485404610106185	0.06262849766994016	-0.006476963896704019	0.31618505609882774	-1.2851781816666858	0.5348037970525354	132	0.04491582919204251	0.02040295695350558
Plants	K01008	0.017100919405166764	0.05270847974821769	-0.11867612442624202	0.15287796323657554	-0.12090858562832023	0.4534690372164936	106	0.0010111259399662176	0.935183187836981
Plants	K01011	-0.5608864206285753	0.08942029359768486	-0.7912330969362115	-0.33053974432093913	4.969037989501014	0.77140925480185	147	0.2134267452335985	1.9999999999867513
Plants	K01012	0.08194683919316031	0.029874731360706223	0.004989531207981082	0.15890414717833956	-0.6793162721575207	0.25660377614806534	218	0.033661384881535805	0.008312365163276159
Plants	K01057	0.03214391920358173	0.013213473077180375	-0.0018939874432349207	0.06618182585039838	-0.2699876064594085	0.11350624007887987	233	0.024978474481868074	0.02311166026556566
Plants	K01067	0.005667557141961514	0.14868254228752836	-0.37733867179071157	0.38867378607463454	0.0714729551094819	1.2886918253193214	23	6.918668383437687e-05	0.9990754058724245
Plants	K01070	0.038019535462175194	0.0579056136078043	-0.11114532519152868	0.18718439611587906	-0.2845068355888626	0.4975827071240404	184	0.0023630527315556815	0.7599952069282585
Plants	K01079	-0.004452393427429816	0.01003637849616486	-0.030306104433550494	0.021401317578690862	0.041403282193795625	0.08628501810853169	220	0.0009019544783351874	1.1177581488792212
Plants	K01089	0.19517745288199406	0.07480614013568908	0.0024768358924589784	0.3878780698715292	-1.1525299716087638	0.6424637687993264	264	0.025324652192212027	0.013118121928293647
Plants	K01091	0.6145311636053762	0.11563890933862618	0.3166453331490751	0.9124169940616773	-5.183717505895897	0.9917237097346991	107	0.2119541929917077	1.5556771870706143e-08
Plants	K01129	-0.09327497171215726	0.053762433873874624	-0.2317670013712583	0.04521705794694378	0.8495184345107069	0.4583071102181983	139	0.02149875084036923	1.8528424662012781
Plants	K01241	0.0	0.0	0.0	0.0	0.0	0.0	182	0.0	
Plants	K01433	0.5424433904856653	0.09528340814368444	0.2969933311075341	0.7878934498637964	-4.240293674970497	0.8187091632345764	237	0.12119849028970164	1.0948801865140467e-09
Plants	K01439	0.03653483238785656	0.02345001324677301	-0.023872401735830717	0.09694206651154384	-0.2953062586005311	0.20138510198010184	228	0.010626249247797759	0.21325139878985366
Plants	K01455	0.4056646777360794	0.14904692544340023	0.02171979779388039	0.7896095576782785	-3.418188993390673	1.3035205181064682	54	0.12469383664223943	0.008951428618898527
Plants	K01457	0.15237344501427968	0.08164581168080075	-0.05794616587546306	0.36269305590402245	-1.215078115614855	0.7087106908745002	127	0.027108479359032156	0.1088991815893241
Plants	K01458	0.10859680914974719	0.08301673818136678	-0.10525430840545362	0.322447926704948	-0.8654373742053442	0.7181881537596009	152	0.011279377506563715	0.33642203889631084
Plants	K01465	0.3368088145935568	0.09544219660197557	0.09094971614686775	0.5826679130402459	-2.5632055133595912	0.8199903280416025	208	0.05700688950351385	0.0003604900753881868
Plants	K01468	0.008992458963496423	0.01784089176152553	-0.036965678214193345	0.05495059614118619	-0.07096178979293867	0.15414658582404625	207	0.0012377475389325765	0.8506666258719702
Plants	K01469	0.5993138605983384	0.15770548063160397	0.19306454249132649	1.0055631787053503	-4.451488064741733	1.3598685825935308	198	0.06862517937155044	0.00010166748605922038
Plants	K01477	0.10744716478954555	0.06797656635998701	-0.06766047015378102	0.2825547997328721	-0.8825871693397875	0.5923227861489909	130	0.019145473174437155	0.20381029609900025
Plants	K01479	-0.12099295977961844	0.19465042925634285	-0.6224124655439577	0.3804265459847208	1.2070424070475052	1.6505016208853205	42	0.009566973964387326	1.2180576172204058
Plants	K01480	0.3712165470871374	0.15094357965424082	-0.01761411410218694	0.7600472082764618	-2.806127852167471	1.3056664531242732	148	0.039778106953580195	0.02127129459646726
Plants	K01483	0.0	0.0	0.0	0.0	0.0	0.0	12	0.0	
Plants	K01484	-0.025351644630526953	0.04759411075167989	-0.14795407392685433	0.09725078466580044	0.22561442180245253	0.4077780918227156	82	0.0035340956493177256	1.1652544836025984
Plants	K01491	0.38234332310709923	0.062198118240714105	0.2221209705190197	0.5425656756951788	-3.12692400591379	0.5334555634839723	246	0.1341004452111515	3.567723894093433e-11
Plants	K01495	0.24108688702863137	0.06237621617118737	0.08040575417165272	0.40176801988561006	-1.8776838420401976	0.5351397634968309	267	0.05336375490934431	7.409287299076084e-05
Plants	K01496	0.018447568813358146	0.029099473442216334	-0.05651267477379114	0.09340781240050743	-0.12998133470216083	0.2498862995975148	269	0.001502946576106834	0.7742568586681626
Plants	K01497	0.6435159879617078	0.09456635590816488	0.3999130551422751	0.8871189207811405	-5.130169727865164	0.8123662924777088	200	0.189543853150832	1.574296248918472e-13
Plants	K01498	0.026217160494551084	0.024438703419219988	-0.0367369395133596	0.08917126050246177	-0.20245514842209905	0.2087347958150913	260	0.004440811740385797	0.4806347955002668
Plants	K01499	0.16982099234308634	0.1666219901919719	-0.2593972543914333	0.599039239077606	-1.4362367433939176	1.4523318672413374	16	0.06907261290891331	0.5161800891964479
Plants	K01501	0.0	0.0	0.0	0.0	0.0	0.0	27	0.0	
Plants	K01505	0.05573402848942819	0.06648869415663491	-0.11554084765806336	0.22700890463691972	-0.4510972859229502	0.5825260813760056	86	0.008295607856236953	0.6393346310155468
Plants	K01519	0.0	0.0	0.0	0.0	0.6931471805599453	0.0	213	0.0	
Plants	K01520	0.0	0.0	0.0	0.0	0.0	0.0	258	0.0	
Plants	K01521	0.0	0.0	0.0	0.0	0.0	0.0	16	0.0	
Plants	K01523	0.14719886228405304	0.03251701431931811	0.06343503339748958	0.23096269117061652	-1.224677989412071	0.2792337943278924	269	0.07127899822572903	2.1593365255867525e-06
Plants	K01525	-0.04247693671175478	0.03442579352065797	-0.1311577808209697	0.04620390739746016	0.36802671885593796	0.293447069058339	115	0.01329376171810448	1.620617957381795
Plants	K01555	0.13280377331380747	0.059005729125872146	-0.01919498491443919	0.28480253154205415	-1.1161959746046122	0.5150745193813973	114	0.04327161489975484	0.03976083865964819
Plants	K01577	0.0	0.0	0.0	0.0	0.0	0.0	29	0.0	
Plants	K01583	-0.009569718924958741	0.04178871621433303	-0.11721745189308062	0.09807801404316314	0.08837269884863815	0.35508814918627285	98	0.0005459739153712562	1.0328345437539201
Plants	K01584	-0.009569718924958741	0.04178871621433303	-0.11721745189308062	0.09807801404316314	0.08837269884863815	0.35508814918627285	98	0.0005459739153712562	1.0328345437539201
Plants	K01585	-0.009569718924958741	0.04178871621433303	-0.11721745189308062	0.09807801404316314	0.08837269884863815	0.35508814918627285	98	0.0005459739153712562	1.0328345437539201
Plants	K01586	0.09180845249329654	0.05101761514893631	-0.039612924130363394	0.2232298291169565	-0.6809794962117491	0.43806818438261297	258	0.012491821311715001	0.1272497566918096
Plants	K01587	0.09082260500787838	0.026586902394014372	0.02233474444089735	0.1593104655748594	0.279841251223947	0.22788825384576206	274	0.04113767812650371	0.0005937587428186397
Plants	K01591	0.07355466777110313	0.026577231124858786	0.005091720393466892	0.14201761514873937	-0.599463704964688	0.22768772516124824	275	0.027291112945522333	0.007625969891449813
Plants	K01595	0.051482645304018144	0.020883971909974406	-0.002314466336075925	0.10527975694411221	-0.4320054850842445	0.17938853427979767	208	0.02865508862846966	0.020883535258722663
Plants	K01597	0.0	0.0	0.0	0.0	0.0	0.0	11	0.0	
Plants	K01598	0.0	0.0	0.0	0.0	0.0	0.0	272	0.0	
Plants	K01607	0.14468523308743336	0.06540698850172848	-0.023803169293019205	0.3131736354678859	-1.2106925887452449	0.5672414224164103	127	0.0376715443234068	0.04437144706107676
Plants	K01608	0.033188175306215144	0.048303272287344386	-0.09124105410598399	0.1576174047184143	-0.2756054166340417	0.4241995766272777	88	0.0054593099290556335	0.7404226492047203
Plants	K01610	-0.035066960061447536	0.053564227075778924	-0.17304840900865404	0.10291448888575898	0.3502348874392057	0.4596304108749711	126	0.0034445013325549168	1.238794339418664
Plants	K01611	0.060830488537374806	0.10061380103905507	-0.19835066293923106	0.3200116400139807	-0.45344487793692667	0.8581882627276071	85	0.004384710868738817	0.792386484800887
Plants	K01613	-0.2910226739152993	0.08253503714455096	-0.5036329295996625	-0.078412418230936	2.644649091399988	0.7050352078116789	176	0.06668898311346905	1.999634817078661
Plants	K01619	0.033082712033416534	0.047689652437905926	-0.08976583264662913	0.1559312567134622	-0.19933917690390632	0.40928241452867054	189	0.0025668240364785655	0.7361205518601759
Plants	K01626	0.24259192433371435	0.06064271734817589	0.08637628444481324	0.39880756422261543	-1.9864882269864943	0.5219912520139043	219	0.0686806305540375	3.763091296482557e-05
Plants	K01627	0.023635769083540082	0.029401955955731897	-0.05210366945842529	0.09937520762550545	-0.18428524640057764	0.25198670787377236	213	0.003053349333398958	0.6627199900033873
Plants	K01631	-0.0653593394124119	0.044897424252678016	-0.18101510428731046	0.050296425462486666	0.5860499081783697	0.3881774201836863	131	0.016162411370933327	1.7405331178552963
Plants	K01637	-0.01750697998432509	0.10033163091834517	-0.27596126122998227	0.24094730126133207	0.4911666324805749	0.8601693454109953	201	0.00015297737624475616	1.01919661374912
Plants	K01638	0.11344098174405208	0.06570234935455645	-0.05580827019328534	0.2826902336813895	-0.8819408628545456	0.5668799165387296	214	0.013866851073018105	0.14989290023476531
Plants	K01641	0.0	0.0	0.0	0.0	0.0	0.0	10	0.0	
Plants	K01643	0.21704126995218775	0.2160233826666263	-0.33943496379704163	0.7735175037014171	-0.605184431090287	1.8039499127471479	31	0.03363761071228599	0.5259057190081877
Plants	K01644	0.21704126995218775	0.2160233826666263	-0.33943496379704163	0.7735175037014171	-0.605184431090287	1.8039499127471479	31	0.03363761071228599	0.5259057190081877
Plants	K01646	0.21704126995218775	0.2160233826666263	-0.33943496379704163	0.7735175037014171	-0.605184431090287	1.8039499127471479	31	0.03363761071228599	0.5259057190081877
Plants	K01647	0.12413919694777116	0.32995979869517983	-0.7258372444910121	0.9741156383865545	-0.6087422866839407	2.846877144946107	33	0.004545227676162167	0.9138301015725456
Plants	K01649	0.07066073766859302	0.07050263597168195	-0.1109540525944597	0.25227552793164576	-0.41102584636700046	0.6058607862540106	266	0.0037904641372216163	0.5275676343460942
Plants	K01655	0.13588156393669462	0.15198943758139155	-0.25564322727297006	0.5274063551463593	-1.123570717023083	1.3092717980054447	30	0.02775318032463925	0.6011973922761129
Plants	K01659	0.44496370758749904	0.188258005522742	-0.03998891463908438	0.9299163298140825	-3.5274750319130486	1.6105011356755379	107	0.050517288971233865	0.028538632262190777
Plants	K01662	0.22927530628371784	0.05072186864184084	0.09861577266233584	0.35993483990509983	-1.8582494180273756	0.434795359122047	272	0.07035236164913228	2.242744129077323e-06
Plants	K01664	0.11300119683860188	0.10188178322022248	-0.14944627673669125	0.375448670413895	-0.8325675677253357	0.8790651867189031	118	0.010493818142675582	0.45695756219975614
Plants	K01665	0.11300119683860188	0.10188178322022248	-0.14944627673669125	0.375448670413895	-0.8325675677253357	0.8790651867189031	118	0.010493818142675582	0.45695756219975614
Plants	K01666	0.001619499534500755	0.24807215832037582	-0.6374143802987874	0.640653379367789	0.2415348862387523	2.168399014227336	40	1.1215574406975293e-06	0.9999728681232263
Plants	K01675	0.35772590670444687	0.06617028601443069	0.18727124993127342	0.5281805634776203	-2.820087470104269	0.56735802681569	242	0.10855683665516824	8.307724730372001e-09
Plants	K01676	0.35772590670444687	0.06617028601443069	0.18727124993127342	0.5281805634776203	-2.820087470104269	0.56735802681569	242	0.10855683665516824	8.307724730372001e-09
Plants	K01677	0.35772590670444687	0.06617028601443069	0.18727124993127342	0.5281805634776203	-2.820087470104269	0.56735802681569	242	0.10855683665516824	8.307724730372001e-09
Plants	K01678	0.35772590670444687	0.06617028601443069	0.18727124993127342	0.5281805634776203	-2.820087470104269	0.56735802681569	242	0.10855683665516824	8.307724730372001e-09
Plants	K01679	0.35772590670444687	0.06617028601443069	0.18727124993127342	0.5281805634776203	-2.820087470104269	0.56735802681569	242	0.10855683665516824	8.307724730372001e-09
Plants	K01682	0.0	0.0	0.0	0.0	0.0	0.0	78	0.0	
Plants	K01684	0.11585513742301307	0.07324387583574286	-0.07282108672986057	0.30453136157588667	-0.9587713038388141	0.6345224527961849	118	0.02111359875817076	0.20335032187218705
Plants	K01686	0.08062804551900395	0.12617596558454466	-0.24440124182678313	0.405657332864791	-0.27269226325877977	1.0862145821489728	139	0.002971706447033262	0.771085850684053
Plants	K01690	0.009231364141731839	0.021041326392542154	-0.04497109264545675	0.06343382092892043	-0.07483229645926709	0.18068486412348875	157	0.0012402660776839047	0.8846735662792544
Plants	K01693	0.007716778728525076	0.009121678974677845	-0.01578066631024505	0.031214223767295206	-0.06361182058660814	0.07834047099902704	264	0.0027241845359928796	0.6340548181926031
Plants	K01694	0.03786921432649273	0.03132578704696735	-0.04282601310649516	0.11856444175948061	0.41123956465218575	0.2690377899910222	268	0.00546395981222958	0.3944136397394544
Plants	K01695	0.03786921432649273	0.03132578704696735	-0.04282601310649516	0.11856444175948061	0.41123956465218575	0.2690377899910222	268	0.00546395981222958	0.3944136397394544
Plants	K01696	0.03786921432649273	0.03132578704696735	-0.04282601310649516	0.11856444175948061	0.41123956465218575	0.2690377899910222	268	0.00546395981222958	0.3944136397394544
Plants	K01698	0.05387563189812089	0.04150338567734791	-0.05303708960672733	0.1607883534029691	-0.39064734921422883	0.35593132316609866	273	0.00617954277792776	0.3420671300600264
Plants	K01707	0.1935110588228544	0.09088748930098195	-0.0406151136164751	0.4276372312621839	-1.6103197979031123	0.7902444234345629	116	0.03824400922686555	0.055803723242760395
Plants	K01708	-0.042555385900833714	0.12190951407220545	-0.356594294150835	0.2714835223491675	0.5045716784113494	1.0527666056616447	112	0.0011065227768418673	1.0746410915383304
Plants	K01709	-0.035936391581847874	0.08947163281601682	-0.2664153177159072	0.19454253455221143	0.33745018036017044	0.7703627283417216	74	0.0022355980206163473	1.0976040308884165
Plants	K01710	0.162540467496729	0.05683904106801922	0.016123097705511485	0.30895783728794657	-1.263335360674869	0.4871359424980556	257	0.031072807068836417	0.0054832036910297255
Plants	K01711	0.5833191197126979	0.10557396487639246	0.3113605861911109	0.855277653234285	-4.74525790624304	0.9098905469384662	152	0.16910409321894238	3.627411260254121e-09
Plants	K01712	0.1461122930871899	0.05793168177545147	-0.0031197191663731028	0.2953443053407529	-1.1880801659677795	0.5005866465508485	208	0.0299547710194501	0.017427844050433627
Plants	K01719	0.3138103114211481	0.06874845394501372	0.13671429405879276	0.4909063287835035	-2.5104390433289607	0.5894464753651314	205	0.09308488178556351	1.7351227437067962e-06
Plants	K01720	0.0	0.0	0.0	0.0	0.0	0.0	47	0.0	
Plants	K01724	0.08836524831713218	0.05552313168668581	-0.05466233890777046	0.23139283554203482	-0.729236759587728	0.48275242556252096	164	0.015394386633277968	0.1993918531435641
Plants	K01734	-0.022009385221247964	0.04030023128298196	-0.1258227810062095	0.08180401056371359	0.20574414518375064	0.34487700744143035	119	0.0025427821961966357	1.172942220319038
Plants	K01735	0.07980482368630233	0.028781407598615562	0.005663917712268637	0.15394572966033604	-0.6578319691167438	0.24692268586557764	267	0.02819470860466744	0.007487144538326884
Plants	K01736	0.11352655603416131	0.03373601989183455	0.02662256879279551	0.20043054327552712	-0.9381564540168944	0.28941419941731356	271	0.04039677158011412	0.0007397451912505293
Plants	K01749	0.24033720244703802	0.03614300035236697	0.1472328335393407	0.33344157135473534	-2.0068358824732315	0.3099501360796026	272	0.14072242572279947	5.953015858040089e-13
Plants	K01756	-0.01751441496882473	0.029977710515623982	-0.09473699725707212	0.05970816731942265	0.1954274302105909	0.25624607526425425	281	0.001221966012406761	1.1953174099622887
Plants	K01759	-0.010628841596106458	0.06977981141753037	-0.1903816358076647	0.16912395261545177	0.13786535746985112	0.5993967394356079	119	0.00019826237853404205	1.014661857851486
Plants	K01770	0.0	0.0	0.0	0.0	0.0	0.0	250	0.0	
Plants	K01772	-0.008324323216326134	0.04753009030284452	-0.13076183583645362	0.11411318940380134	0.14801633513505297	0.407516531490983	272	0.00011359193328608352	1.0193378117721645
Plants	K01774	0.35772590670444687	0.06617028601443069	0.18727124993127342	0.5281805634776203	-2.820087470104269	0.56735802681569	242	0.10855683665516824	8.307724730372001e-09
Plants	K01775	0.030974107129328323	0.06620292488905409	-0.13956462738487502	0.20151284164353167	-0.046758136041475024	0.567296414438371	275	0.0008011844307700411	0.8699189276392081
Plants	K01776	0.006727782831823231	0.029491791399444415	-0.06924307181314558	0.08269863747679206	-0.02815570042100336	0.25275873838715085	249	0.00021064598053099903	0.9674127649577304
Plants	K01778	0.06789635095555686	0.04201333907707471	-0.04033001050698759	0.17612271241810132	-0.5076234153287473	0.3600197224399206	274	0.009510415230694846	0.18963740794229
Plants	K01783	0.21682956184669458	0.044501720298952684	0.10219313035659246	0.3314659933367967	-1.743085294347971	0.38039566641258094	281	0.07841756794204258	2.730949444362807e-07
Plants	K01790	0.3126205906187942	0.08133429909395315	0.1031034361527709	0.5221377450848175	-2.4079007135861548	0.6989257551033473	229	0.061105280351605784	8.22953922861025e-05
Plants	K01798	0.030974107129328323	0.06620292488905409	-0.13956462738487502	0.20151284164353167	-0.046758136041475024	0.567296414438371	275	0.0008011844307700411	0.8699189276392081
Plants	K01803	0.11167510344934345	0.04786530996509251	-0.011625935020734848	0.23497614191942173	-0.8398509803864722	0.40922650606312255	280	0.019204571115870372	0.031261065579321734
Plants	K01804	0.06131699345313166	0.0666191386576454	-0.11029390772896291	0.23292789463522623	-0.4736662550509362	0.5632323859334197	78	0.011023915479518087	0.5831466295527248
Plants	K01807	0.13776252445093365	0.06058607185808384	-0.018307196655490326	0.29383224555735765	-1.0093829065039606	0.5171847843730393	243	0.02100298010355106	0.037197204987750476
Plants	K01808	0.13776252445093365	0.06058607185808384	-0.018307196655490326	0.29383224555735765	-1.0093829065039606	0.5171847843730393	243	0.02100298010355106	0.037197204987750476
Plants	K01813	0.020823626727905022	0.037474776811907425	-0.0757113983395685	0.11735865179537855	-0.1595980246221347	0.32411647281792916	102	0.00307819215411842	0.8215447449457312
Plants	K01814	0.01690242833715569	0.0090800837500748	-0.0064878674030369975	0.04029272407734838	-0.1425071222574532	0.07800991357075591	264	0.013053020764819956	0.11014418293998895
Plants	K01815	0.021647777609432112	0.07414312105949701	-0.16934490223983217	0.21264045745869642	-0.12552223613698474	0.6356467643535042	104	0.0008350681489338596	0.9471757177802824
Plants	K01817	0.04679929177024871	0.03410072906406491	-0.0410441862987825	0.13464276983927992	-0.36724424864451777	0.29355543407411877	235	0.008018605340567642	0.30148542429893377
Plants	K01820	0.020823626727905022	0.037474776811907425	-0.0757113983395685	0.11735865179537855	-0.1595980246221347	0.32411647281792916	102	0.00307819215411842	0.8215447449457312
Plants	K01823	0.0403329391864188	0.03255338883568095	-0.04352459045429533	0.12419046882713294	-0.317938780549031	0.27743159341934914	125	0.012326383431844001	0.3763431211603234
Plants	K01837	-0.06406198430577152	0.062470654772003406	-0.2249863909984523	0.09686242238690924	0.7197629439368729	0.5355880232286101	244	0.004326634226456627	1.4880182981370598
Plants	K01838	0.4281120374837414	0.19672423996279464	-0.0786496046604176	0.9348736796279004	-3.4317464311338925	1.6616469199372659	39	0.11347226629551732	0.04904858229778197
Plants	K01841	0.0	0.0	0.0	0.0	0.0	0.0	35	0.0	
Plants	K01845	0.0884358410281375	0.04844926992392617	-0.03636947829589632	0.2132411603521713	-0.7088542570996959	0.41393991150881193	197	0.016799244033034233	0.11989900725593494
Plants	K01847	0.14936512593868975	0.07663249066387993	-0.04804017001146496	0.34677042188884444	-1.1945662522455098	0.6681878343694289	123	0.030441169458239603	0.08905184269250555
Plants	K01848	0.14936512593868975	0.07663249066387993	-0.04804017001146496	0.34677042188884444	-1.1945662522455098	0.6681878343694289	123	0.030441169458239603	0.08905184269250555
Plants	K01849	0.14936512593868975	0.07663249066387993	-0.04804017001146496	0.34677042188884444	-1.1945662522455098	0.6681878343694289	123	0.030441169458239603	0.08905184269250555
Plants	K01850	-0.6344673721290166	0.12753154743401215	-0.9629886383190319	-0.3059461059390013	5.772194619886234	1.0954183267065465	66	0.2788770014903479	1.9999998564574204
Plants	K01851	0.19781289426405566	0.16313522427034435	-0.22242344345635143	0.6180492319844627	-1.3986897743375681	1.3757573715687632	66	0.022457902961328657	0.39217827790219184
Plants	K01857	0.42216512032671594	0.0736374217291055	0.23247512195254014	0.6118551187008917	-3.6082611360260204	0.6427813619330489	143	0.18903793895569487	8.18013212722235e-10
Plants	K01858	0.5441421458862031	0.14812319843854205	0.16257678670851883	0.9257075050638874	-4.465649489135998	1.2976610867326972	34	0.2966287309026556	0.00018571521458454754
Plants	K01866	0.04563206479148098	0.027112990792711664	-0.02421099949054427	0.11547512907350622	-0.35025774281863514	0.23175877543040618	281	0.01005065022415419	0.16475599201233626
Plants	K01869	0.05853584473494701	0.021682349897585034	0.002682111398767957	0.11438957807112607	-0.4750917846261332	0.18537375882310464	278	0.025727780405139455	0.009658396662170388
Plants	K01870	-0.006977311425827863	0.012078457420312334	-0.03809141774055244	0.024136794888896713	0.06699057156334147	0.10324528644668651	281	0.0011946204357388135	1.1913900217077045
Plants	K01873	0.003400535205636745	0.006999764316834396	-0.014630857674528657	0.021431928085802146	-0.02657589394281641	0.05983319283267997	281	0.0008451937841029711	0.8604948035742561
Plants	K01893	0.0	0.0	0.0	0.0	0.0	0.0	96	0.0	
Plants	K01907	0.38674884743806054	0.12425837023120272	0.06665928572248231	0.7068384091536388	-3.2702926649949715	1.0892935201800031	114	0.07960881812758436	0.0020971342025324358
Plants	K01910	-0.25532649359622783	0.30202246301466157	-1.033336358321996	0.5226833711295404	2.308722830338642	2.5336748936334037	29	0.025787150887120136	1.3655400667437025
Plants	K01911	0.0	0.0	0.0	0.0	0.0	0.0	33	0.0	
Plants	K01912	0.2455352240780162	0.11929029759381432	-0.06175658252364952	0.5528270306796819	-1.8641906236126173	1.0366884814197344	113	0.036764353354247103	0.06740050822114285
Plants	K01915	1.0685982811806207	0.11272787916340601	0.7782112644556869	1.3589852979055546	-8.06555855265908	0.9652888235337281	276	0.24696305585127354	0.0
Plants	K01919	0.44448264649784897	0.0864769966214795	0.22171790320091778	0.6672473897947802	-3.495373813441419	0.7420781133683125	255	0.09454819484709531	4.9635980658990775e-08
Plants	K01920	0.04794933610739877	0.025322871287176158	-0.017282380328367007	0.11318105254316455	-0.3971587802323877	0.2173683673316722	195	0.018238453510023733	0.10202418339232033
Plants	K01921	0.269826587946873	0.07261672807237292	0.08276589643244034	0.4568872794613056	-1.9988102259882932	0.6219651150189173	273	0.04847810391512419	0.00015228686782764456
Plants	K01923	0.268764527565815	0.052773143210311506	0.13282091065605253	0.40470814447557746	-2.154917547923978	0.45255973340825617	271	0.08794048782858188	6.744591707352754e-08
Plants	K01924	-0.03235784139373965	0.030475372311279676	-0.1108624004675961	0.0461467176801168	0.31378118215180395	0.2610831866720364	275	0.004112526095438107	1.5121254907542805
Plants	K01925	-0.01111970742904263	0.00791151091746213	-0.03149975955242508	0.009260344694339818	0.09771765312611577	0.06777808850450383	275	0.007184125714026823	1.7156688753334113
Plants	K01928	-0.052991322353241804	0.26987731180133206	-0.7481952775534731	0.6422126328469896	0.5578999003354436	2.2346463643467764	15	0.0029569726757797676	1.0242458818168223
Plants	K01933	0.0033089811563713494	0.008814389136296208	-0.01939688525872768	0.02601484757147038	-0.0255625011332198	0.07558980224660156	248	0.0005725590859588792	0.91418806489644
Plants	K01934	0.06925502832186925	0.03269980940196587	-0.014979680697594824	0.1534897373413333	-0.5461390235837741	0.27986523187259327	273	0.016282212310708255	0.05752321574671626
Plants	K01935	-0.13047018649776768	0.05973279006739701	-0.2843418537113824	0.023401480715847023	1.2289085640510484	0.5130722220506911	210	0.02242254009893163	1.9520322252152105
Plants	K01939	0.057481924162825895	0.026726458576214532	-0.011365433129502736	0.12632928145515454	-0.4549531435316554	0.22845474180886058	281	0.016309255816797652	0.05261112517654065
Plants	K01941	-0.18159522877052497	0.09696000895717566	-0.4313642118442095	0.06817375430315953	1.669145675138841	0.8346822815581395	91	0.03791801965073738	1.8928019252165762
Plants	K01945	-0.007149669243397794	0.011300803358693472	-0.036260538695392176	0.02196120020859659	0.06627107873718516	0.0968459869193588	275	0.0014640446658750195	1.2249439488831717
Plants	K01952	0.2004478074110414	0.0678988791035176	0.025540294840380035	0.3753553199817028	-1.3579382724145646	0.581991717864384	274	0.03104641651629636	0.00389419104685107
Plants	K01958	-0.02649057462442927	0.04341511825359553	-0.13832791924569135	0.08534676999683281	0.25458019832141643	0.3764421323576138	83	0.004575348235467569	1.211022730775559
Plants	K01959	-0.02649057462442927	0.04341511825359553	-0.13832791924569135	0.08534676999683281	0.25458019832141643	0.3764421323576138	83	0.004575348235467569	1.211022730775559
Plants	K01960	-0.02649057462442927	0.04341511825359553	-0.13832791924569135	0.08534676999683281	0.25458019832141643	0.3764421323576138	83	0.004575348235467569	1.211022730775559
Plants	K02164	0.0	0.0	0.0	0.0	0.0	0.0	15	0.0	
Plants	K02201	0.02269721661173469	0.013863783371295112	-0.013015889352721521	0.0584103225761909	-0.18398097714271405	0.11850605053233358	281	0.009515359899080367	0.1815316640728204
Plants	K02203	0.144917432378106	0.05576840122283556	0.0012580308280815966	0.2885768339281304	-0.67624807148652	0.4784577922467038	269	0.024666456912936008	0.013585152855260407
Plants	K02204	0.017050240703524525	0.018023467400140727	-0.02937821131923799	0.06347869272628703	-0.13691685586037136	0.15470544427257266	266	0.0033783971965581916	0.5656815850602415
Plants	K02226	-0.01714418630399749	0.09364474619504425	-0.2583730525024315	0.22408467989443648	0.16880813012893772	0.8074677752302221	66	0.000523431149917597	1.021111634878174
Plants	K02228	0.0	0.0	0.0	0.0	0.0	0.0	119	0.0	
Plants	K02230	0.07193544991001437	0.14378397254703162	-0.2984520633711391	0.4423229631911679	-0.2482197712687062	1.2520375458973667	165	0.0015332429528543967	0.8527000441807293
Plants	K02302	-0.2025855349085645	0.12199565579179313	-0.5168463442282236	0.1116752744110946	2.481796935183275	1.051369547732316	165	0.016636223079529944	1.8271843746781193
Plants	K02304	-0.2025855349085645	0.12199565579179313	-0.5168463442282236	0.1116752744110946	2.481796935183275	1.051369547732316	165	0.016636223079529944	1.8271843746781193
Plants	K02305	0.0	0.0	0.0	0.0	0.0	0.0	15	0.0	
Plants	K02318	0.013277020588610095	0.008109793390329172	-0.007613807184877853	0.03416784836209805	0.5855252080854213	0.06932159566998157	281	0.0095153598990807	0.1815316640728204
Plants	K02361	0.19781289426405566	0.16313522427034435	-0.22242344345635143	0.6180492319844627	-1.3986897743375681	1.3757573715687632	66	0.022457902961328657	0.39217827790219184
Plants	K02439	-0.5608864206285753	0.08942029359768486	-0.7912330969362115	-0.33053974432093913	4.969037989501014	0.77140925480185	147	0.2134267452335985	1.9999999999867513
Plants	K02448	0.0	0.0	0.0	0.0	0.0	0.0	15	0.0	
Plants	K02488	0.33054537460383415	0.2812018830959997	-0.39383067625146106	1.0549214254591295	-0.6692241796139169	2.4290549156336487	191	0.007257723723607334	0.4149315271370808
Plants	K02492	0.052838767942613336	0.02837979326425365	-0.020267579506104076	0.12594511539133074	-0.4337053862526073	0.2424674799638708	198	0.017378689241500322	0.11004998373744579
Plants	K02551	0.0	0.0	0.0	0.0	0.0	0.0	70	0.0	
Plants	K02552	0.19781289426405566	0.16313522427034435	-0.22242344345635143	0.6180492319844627	-1.3986897743375681	1.3757573715687632	66	0.022457902961328657	0.39217827790219184
Plants	K02564	-0.029651253145400173	0.06785817447676044	-0.2044539105975351	0.14515140430673473	0.33929387582804293	0.5808186392747442	95	0.0020488402610853162	1.1144549404178057
Plants	K02594	0.13588156393669462	0.15198943758139155	-0.25564322727297006	0.5274063551463593	-1.123570717023083	1.3092717980054447	30	0.02775318032463925	0.6011973922761129
Plants	K02609	0.04140755114880433	0.04789133138493564	-0.08196051849878988	0.16477562079639854	-0.3315112223705748	0.4177875823899888	94	0.008060143723913948	0.621319013652768
Plants	K02610	0.04140755114880433	0.04789133138493564	-0.08196051849878988	0.16477562079639854	-0.3315112223705748	0.4177875823899888	94	0.008060143723913948	0.621319013652768
Plants	K02611	0.04140755114880433	0.04789133138493564	-0.08196051849878988	0.16477562079639854	-0.3315112223705748	0.4177875823899888	94	0.008060143723913948	0.621319013652768
Plants	K02612	0.04140755114880433	0.04789133138493564	-0.08196051849878988	0.16477562079639854	-0.3315112223705748	0.4177875823899888	94	0.008060143723913948	0.621319013652768
Plants	K02613	0.04140755114880433	0.04789133138493564	-0.08196051849878988	0.16477562079639854	-0.3315112223705748	0.4177875823899888	94	0.008060143723913948	0.621319013652768
Plants	K02619	-0.0211093053826937	0.0544092924061759	-0.16126764262100285	0.11904903185561544	0.18801500112721464	0.46341449900867626	84	0.0018322781349269235	1.0913775952199312
Plants	K02626	-0.009569718924958741	0.04178871621433303	-0.11721745189308062	0.09807801404316314	0.08837269884863815	0.35508814918627285	98	0.0005459739153712562	1.0328345437539201
Plants	K02805	-0.0020515628800652826	0.047264715459980705	-0.12380546990497558	0.11970234414484503	0.029401230396042467	0.4022103450921581	58	3.364286179519116e-05	1.0011987131380788
Plants	K02825	0.10158648253137624	0.023574870819127142	0.04085761530130472	0.16231534976144776	-0.8430983123377639	0.20183126518697736	267	0.06548102270401845	7.348783793936775e-06
Plants	K02851	0.7981401249874674	0.5629396629462118	-0.6519924467619741	2.248272696736909	-6.42950107389864	4.737541128685081	29	0.06929217492178241	0.27811536051919594
Plants	K02858	0.24109690570255762	0.06840133160988762	0.06489507547548709	0.4172987359296282	-1.9040957738648308	0.5881313419154199	259	0.04611245202662928	0.00036733679848310885
Plants	K03077	-0.052351689180664185	0.1492313248220466	-0.43677158192225624	0.33206820356092787	0.6638006668304152	1.258575422505936	61	0.002081538532972993	1.0753563404588362
Plants	K03181	0.0	0.0	0.0	0.0	0.0	0.0	81	0.0	
Plants	K03274	0.041341683537620945	0.02709562514663342	-0.028456646840106743	0.11114001391534864	-0.3468352039774442	0.23261200708906024	88	0.026356012249558525	0.22717520481912423
Plants	K03335	0.4206928929740023	0.12790859845436361	0.09120034335556165	0.750185442592443	-3.4601620810562776	1.1028866892811995	115	0.08736721514258639	0.0010212812825860507
Plants	K03340	0.0	0.0	0.0	0.0	0.0	0.0	12	0.0	
Plants	K03342	0.1563248185598161	0.1257106933112809	-0.16750592741004353	0.48015556452967567	-0.9838866659233665	1.079238213652429	147	0.010552038791973195	0.37364646799944623
Plants	K03394	-0.004978465617093592	0.017107937851074267	-0.049048513521460904	0.03909158228727372	0.047480539979990535	0.1489566921407951	167	0.0005129663969004605	1.0524833838239034
Plants	K03396	0.10027786143911473	0.14837818710465833	-0.2819443485424852	0.4825000714207146	-0.7874970642033817	1.3008173313181937	50	0.009425747550004249	0.7476873598920857
Plants	K03417	0.14621517281232635	0.053333684776331526	0.008827600828496346	0.2836027447961563	-1.219375243835381	0.4546841151411223	104	0.06862849561648132	0.008355975373192548
Plants	K03430	0.36656252913786697	0.14706630877844476	-0.012280282275406729	0.7454053405511407	-3.07282684621922	1.2742193119940384	65	0.08976042805305251	0.019158077548177666
Plants	K03431	-0.005323210620966892	0.007958040605139842	-0.025823123219807124	0.015176701977873342	0.048107479761829934	0.06818440554636496	274	0.0016422991448364899	1.2478723913169958
Plants	K03465	0.11772398823422747	0.07735255374318238	-0.08153619020821035	0.3169841666766653	-0.9576610550115615	0.6700785693911289	52	0.044273537855685	0.22888073675848286
Plants	K03472	0.0	0.0	0.0	0.0	0.0	0.0	76	0.0	
Plants	K03473	0.0	0.0	0.0	0.0	0.0	0.0	79	0.0	
Plants	K03474	0.015150049269891629	0.011538963561372354	-0.014574320864203558	0.044874419403986815	-0.12656072779367888	0.09890226281005352	215	0.008028127130587093	0.33372953353277257
Plants	K03526	0.18974845856109887	0.0316829792805027	0.10813310393452392	0.27136381318767383	-1.5874425662349283	0.27189298655842686	264	0.12041510233868769	1.2113243741396218e-10
Plants	K03527	0.2537730864935857	0.04185710432918301	0.14594918574161025	0.36159698724556116	-2.0926411980148165	0.3590135225885225	252	0.1281849698895634	6.872435953653167e-11
Plants	K03707	-0.009215614818564566	0.05081353351217397	-0.14011127714592472	0.1216800475087956	0.09569565531075135	0.4429941972933891	45	0.0007643447784189128	1.0207219633247977
Plants	K03777	-0.14848524330339902	0.12951357092312563	-0.4821122020013706	0.18514171539457258	1.4505226289936448	1.115162697878267	127	0.010405982290116689	1.5669011885351325
Plants	K03778	-0.14848524330339902	0.12951357092312563	-0.4821122020013706	0.18514171539457258	1.4505226289936448	1.115162697878267	127	0.010405982290116689	1.5669011885351325
Plants	K03785	0.37784974470832444	0.08306073179643939	0.1638852996006966	0.5918141898159524	-2.937195493390578	0.7132910313429122	265	0.0729451531475036	1.898816416989746e-06
Plants	K03786	0.37784974470832444	0.08306073179643939	0.1638852996006966	0.5918141898159524	-2.937195493390578	0.7132910313429122	265	0.0729451531475036	1.898816416989746e-06
Plants	K03794	-0.23274609832397403	0.09539045145759628	-0.47847190127874206	0.012979704630794009	2.1334254174895046	0.8224908076040609	147	0.039437784311344926	1.9774035942685555
Plants	K03856	0.24259192433371435	0.06064271734817589	0.08637628444481324	0.39880756422261543	-1.9864882269864943	0.5219912520139043	219	0.0686806305540375	3.763091296482557e-05
Plants	K03918	0.0	0.0	0.0	0.0	0.0	0.0	10	0.0	
Plants	K03921	0.0	0.0	0.0	0.0	0.0	0.0	11	0.0	
Plants	K03922	0.0	0.0	0.0	0.0	0.0	0.0	11	0.0	
Plants	K04042	0.0	0.0	0.0	0.0	0.6931471805599453	0.0	248	0.0	
Plants	K04092	-0.6344673721290166	0.12753154743401215	-0.9629886383190319	-0.3059461059390013	5.772194619886234	1.0954183267065465	66	0.2788770014903479	1.9999998564574204
Plants	K04093	-0.6344673721290166	0.12753154743401215	-0.9629886383190319	-0.3059461059390013	5.772194619886234	1.0954183267065465	66	0.2788770014903479	1.9999998564574204
Plants	K04118	0.18465080471743853	0.5777457738529026	-1.3036223087276386	1.6729239181625155	-1.0421248319675014	5.210809379481497	14	0.008440465585952572	0.9370400219454902
Plants	K04486	-0.06750298063759708	0.053339202218730807	-0.20490476555304762	0.06989880427785347	0.6559218286382021	0.45998237350906857	187	0.008582968429268534	1.6392634728460735
Plants	K04516	-0.6344673721290166	0.12753154743401215	-0.9629886383190319	-0.3059461059390013	5.772194619886234	1.0954183267065465	66	0.2788770014903479	1.9999998564574204
Plants	K04517	-0.06526148163314992	0.04469622449094095	-0.18039895592181382	0.04987599265551397	0.5750996276117354	0.3791883614707271	128	0.01663852502758112	1.7426263635556225
Plants	K04561	0.0	0.0	0.0	0.0	0.0	0.0	15	0.0	
Plants	K04720	0.009203164913311036	0.03458153205477795	-0.07987886165979696	0.09828519148641904	-0.058491940682049784	0.3000511870059308	195	0.00036683375969692733	0.9559128515604283
Plants	K04747	0.0	0.0	0.0	0.0	0.0	0.0	15	0.0	
Plants	K04748	0.0	0.0	0.0	0.0	0.0	0.0	15	0.0	
Plants	K04835	0.3203846197312739	0.41438819679471356	-0.7470793752119083	1.387848614674456	-2.733448419689739	3.6175393731906778	11	0.062281429576826475	0.6834872083572976
Plants	K05306	0.1132760680105169	0.18209352108571422	-0.35579684230628295	0.5823489783273168	-0.9086880864560068	1.5701991712029626	57	0.0069868217903891194	0.7816419935851384
Plants	K05308	0.11585513742301307	0.07324387583574286	-0.07282108672986057	0.30453136157588667	-0.9587713038388141	0.6345224527961849	118	0.02111359875817076	0.20335032187218705
Plants	K05526	0.0	0.0	0.0	0.0	0.0	0.0	78	0.0	
Plants	K05602	-0.06750298063759708	0.053339202218730807	-0.20490476555304762	0.06989880427785347	0.6559218286382021	0.45998237350906857	187	0.008582968429268534	1.6392634728460735
Plants	K05774	0.01192649968321927	0.043889098393426265	-0.1011318177782468	0.12498481714468533	-0.08316612726136483	0.38011414901168256	138	0.0005426727711834722	0.9540775928840031
Plants	K05878	-0.03379531474879054	0.1425439793387092	-0.4009886055253054	0.3333979760277243	0.8501291808489935	1.2410420689147244	108	0.0005300039785791633	1.035151836202445
Plants	K05879	-0.03379531474879054	0.1425439793387092	-0.4009886055253054	0.3333979760277243	0.8501291808489935	1.2410420689147244	108	0.0005300039785791633	1.035151836202445
Plants	K05881	-0.03379531474879054	0.1425439793387092	-0.4009886055253054	0.3333979760277243	0.8501291808489935	1.2410420689147244	108	0.0005300039785791633	1.035151836202445
Plants	K05887	0.44819202706975725	0.10089434543848358	0.18828819322022355	0.7080958609192909	-3.4714968160370345	0.8669622013135544	241	0.07626805332581033	3.501003684291959e-06
Plants	K05942	0.12413919694777116	0.32995979869517983	-0.7258372444910121	0.9741156383865545	-0.6087422866839407	2.846877144946107	33	0.004545227676162167	0.9138301015725456
Plants	K05979	0.0	0.0	0.0	0.0	0.0	0.0	17	0.0	
Plants	K06001	0.03786921432649273	0.03132578704696735	-0.04282601310649516	0.11856444175948061	0.41123956465218575	0.2690377899910222	268	0.00546395981222958	0.3944136397394544
Plants	K06048	0.44448264649784897	0.0864769966214795	0.22171790320091778	0.6672473897947802	-3.495373813441419	0.7420781133683125	255	0.09454819484709531	4.9635980658990775e-08
Plants	K06153	0.24688226457405774	0.06358722508641967	0.08308157275144065	0.41068295639667485	-1.9230991330709006	0.5451380672761322	266	0.05401570376679987	6.795524869507297e-05
Plants	K06208	-0.6344673721290166	0.12753154743401215	-0.9629886383190319	-0.3059461059390013	5.772194619886234	1.0954183267065465	66	0.2788770014903479	1.9999998564574204
Plants	K06209	-0.6344673721290166	0.12753154743401215	-0.9629886383190319	-0.3059461059390013	5.772194619886234	1.0954183267065465	66	0.2788770014903479	1.9999998564574204
Plants	K06211	0.0	0.0	0.0	0.0	0.0	0.0	28	0.0	
Plants	K06447	-0.08522996989685469	0.0755695763281848	-0.2798971985182587	0.10943725872454935	0.7535399233368713	0.6468376430173477	86	0.01491709283858178	1.5550471836556707
Plants	K06718	0.04882126875543953	0.06781819737480514	-0.12587840768205855	0.22352094519293758	-0.40333682731393644	0.5951921320721079	28	0.019542541633553734	0.7189828233954252
Plants	K06879	-0.0106265322474754	0.0211394364049852	-0.06508172042671727	0.04382865593176647	0.10118685989858967	0.18140011149413374	207	0.0012311400294018338	1.1485976893131697
Plants	K06966	0.0	0.0	0.0	0.0	0.0	0.0	182	0.0	
Plants	K07026	0.4993240408360118	0.26714120691570464	-0.18883170817884343	1.187479789850867	-4.159373797459645	2.244067152592654	20	0.1625445440466723	0.10815973874172036
Plants	K07127	-0.06832962413833875	0.08888039682987783	-0.29728552637210404	0.16062627809542657	0.749711457589338	0.7667848423115557	189	0.003150605570396814	1.313575069383761
Plants	K07142	-0.058291043735891425	0.0622143757841218	-0.21855527575578917	0.10197318828400634	0.6805610302460681	0.5341108018875669	258	0.0034173975461984085	1.4281388447420587
Plants	K07160	0.5993138605983384	0.15770548063160397	0.19306454249132649	1.0055631787053503	-4.451488064741733	1.3598685825935308	198	0.06862517937155044	0.00010166748605922038
Plants	K07251	0.0	0.0	0.0	0.0	0.0	0.0	21	0.0	
Plants	K07404	0.03214391920358173	0.013213473077180375	-0.0018939874432349207	0.06618182585039838	-0.2699876064594085	0.11350624007887987	233	0.024978474481868074	0.02311166026556566
Plants	K07558	0.0	0.0	0.0	0.0	0.0	0.0	67	0.0	
Plants	K07749	-0.44291490098179537	0.2263070722630645	-1.0258819191314497	0.14005211716785887	4.202163322676259	2.013368569748255	43	0.08544205781018532	1.9127091392641051
Plants	K08316	-1.5676866555855842	0.3213035096779533	-2.3953644965159917	-0.7400088146551764	13.732170980806327	2.736601194379236	113	0.1765949002802778	1.9999997381281576
Plants	K08323	0.08062804551900395	0.12617596558454466	-0.24440124182678313	0.405657332864791	-0.27269226325877977	1.0862145821489728	139	0.002971706447033262	0.771085850684053
Plants	K08678	0.5169050237296908	0.1814289914538307	0.0495439417446229	0.9842661057147588	-4.1720512119587045	1.5742040451600277	86	0.08811852894893757	0.0056982711062731894
Plants	K08680	0.0	0.0	0.0	0.0	0.0	0.0	31	0.0	
Plants	K08963	0.17971724167111575	0.04409426600397405	0.06613041244487859	0.2933040708973529	-1.5193046760470603	0.38104216319742984	147	0.10278798062254624	2.5537432037481267e-05
Plants	K08967	-0.19188939610141004	0.12341871028243612	-0.5098159937889655	0.1260372015861454	2.3966256889859134	1.0561598819875682	56	0.04284767332204753	1.7853903019136443
Plants	K09007	0.24108688702863137	0.06237621617118737	0.08040575417165272	0.40176801988561006	-1.8776838420401976	0.5351397634968309	267	0.05336375490934431	7.409287299076084e-05
Plants	K09065	0.0	0.0	0.0	0.0	0.0	0.0	27	0.0	
Plants	K09457	-0.0106265322474754	0.0211394364049852	-0.06508172042671727	0.04382865593176647	0.10118685989858967	0.18140011149413374	207	0.0012311400294018338	1.1485976893131697
Plants	K09459	0.0	0.0	0.0	0.0	0.0	0.0	21	0.0	
Plants	K09882	0.07193544991001437	0.14378397254703162	-0.2984520633711391	0.4423229631911679	-0.2482197712687062	1.2520375458973667	165	0.0015332429528543967	0.8527000441807293
Plants	K09883	0.07193544991001437	0.14378397254703162	-0.2984520633711391	0.4423229631911679	-0.2482197712687062	1.2520375458973667	165	0.0015332429528543967	0.8527000441807293
Plants	K10524	0.0	0.0	0.0	0.0	0.0	0.0	28	0.0	
Plants	K10977	0.13588156393669462	0.15198943758139155	-0.25564322727297006	0.5274063551463593	-1.123570717023083	1.3092717980054447	30	0.02775318032463925	0.6011973922761129
Plants	K11067	0.0	0.0	0.0	0.0	0.0	0.0	108	0.0	
Plants	K11204	0.44448264649784897	0.0864769966214795	0.22171790320091778	0.6672473897947802	-3.495373813441419	0.7420781133683125	255	0.09454819484709531	4.9635980658990775e-08
Plants	K11205	0.44448264649784897	0.0864769966214795	0.22171790320091778	0.6672473897947802	-3.495373813441419	0.7420781133683125	255	0.09454819484709531	4.9635980658990775e-08
Plants	K11260	-0.09055403004484602	0.234698877026344	-0.6951383372647082	0.5140302771750163	0.8755916764464797	2.045712321155184	16	0.010521361197498691	1.090418438530532
Plants	K11261	-0.09055403004484602	0.234698877026344	-0.6951383372647082	0.5140302771750163	0.8755916764464797	2.045712321155184	16	0.010521361197498691	1.090418438530532
Plants	K11391	-1.5676866555855842	0.3213035096779533	-2.3953644965159917	-0.7400088146551764	13.732170980806327	2.736601194379236	113	0.1765949002802778	1.9999997381281576
Plants	K11395	-0.0653593394124119	0.044897424252678016	-0.18101510428731046	0.050296425462486666	0.5860499081783697	0.3881774201836863	131	0.016162411370933327	1.7405331178552963
Plants	K11528	0.0	0.0	0.0	0.0	0.0	0.0	248	0.0	
Plants	K11540	0.318618629117549	0.08329828351012748	0.10404225079546062	0.5331950074396374	-2.0597286067059937	0.7136182318299502	275	0.050866836204887855	9.01259243271113e-05
Plants	K11541	0.007998897252698617	0.013844389442333445	-0.02766424995075234	0.043662044456149574	-0.06082251418681936	0.118633873020114	271	0.0012394292193613765	0.8085469396987843
Plants	K11752	-0.1767075553812064	0.04469471537879166	-0.2918411421969737	-0.06157396856543906	2.251223871090561	0.38295129634526487	274	0.05434524987679723	1.999952332394244
Plants	K11753	0.02457688968473296	0.011371562592835694	-0.00471625555441179	0.05387003492387771	-0.2045206345374594	0.09736355120369553	242	0.01909110123430169	0.051115057500262795
Plants	K11755	0.09689695057027636	0.0247155075673591	0.03322980307675932	0.1605640980637934	-0.09927772529914713	0.21223981048817717	269	0.05443299134930224	5.628907890820045e-05
Plants	K11787	0.034229273380303966	0.04064216936559469	-0.07046495490546797	0.1389235016660759	0.3363753351279665	0.34829656598942965	275	0.0025915047743250152	0.6366300860271883
Plants	K11788	0.034229273380303966	0.04064216936559469	-0.07046495490546797	0.1389235016660759	0.3363753351279665	0.34829656598942965	275	0.0025915047743250152	0.6366300860271883
Plants	K11808	-0.14914217385923584	0.06087626254997206	-0.3059594261879639	0.007675078469492197	1.764691833172561	0.5217977245928649	274	0.021590209713650554	1.9780956693998126
Plants	K12251	0.15519930618154634	0.11742605248515134	-0.14729020502020354	0.45768881738329625	-1.2893334475153415	1.0023920477456447	59	0.02973488008924352	0.3288786368192651
Plants	K12297	-1.5676866555855842	0.3213035096779533	-2.3953644965159917	-0.7400088146551764	13.732170980806327	2.736601194379236	113	0.1765949002802778	1.9999997381281576
Plants	K12447	0.3297262794358103	0.07605205463755178	0.1338161866894769	0.5256363721821437	-2.57167968776847	0.6536733542039236	230	0.07616327281064406	6.353845259710056e-06
Plants	K12449	0.5169050237296908	0.1814289914538307	0.0495439417446229	0.9842661057147588	-4.1720512119587045	1.5742040451600277	86	0.08811852894893757	0.0056982711062731894
Plants	K12506	0.29932593760497456	0.04577692266952932	0.18140458480826704	0.41724729040168207	-1.980324146648908	0.3930000782908497	263	0.14075728080830452	1.5094592242803628e-12
Plants	K12524	-0.05911192612301851	0.07242330706357067	-0.24567436511877655	0.12745051287273956	0.7509608788508619	0.6206014737996124	271	0.0024703985824453545	1.3456449872620462
Plants	K12525	-0.05911192612301851	0.07242330706357067	-0.24567436511877655	0.12745051287273956	0.7509608788508619	0.6206014737996124	271	0.0024703985824453545	1.3456449872620462
Plants	K12526	0.12910168382004208	0.06298437001921861	-0.03314605334946505	0.2913494209895492	-0.2576202642641219	0.5397653598815598	274	0.015211508837746246	0.0689261116543145
Plants	K12657	0.031376982960990035	0.018693253795808617	-0.016776838817012966	0.07953080473899304	0.44185332391083676	0.16059988490393873	262	0.010720089248195674	0.1663553247295062
Plants	K12661	0.0	0.0	0.0	0.0	0.0	0.0	20	0.0	
Plants	K13038	0.0	0.0	0.0	0.0	0.0	0.0	272	0.0	
Plants	K13069	0.33054537460383415	0.2812018830959997	-0.39383067625146106	1.0549214254591295	-0.6692241796139169	2.4290549156336487	191	0.007257723723607334	0.4149315271370808
Plants	K13243	0.8948638050880139	0.2470179217436819	0.2585456386762893	1.5311819714997386	-5.716353826292179	2.13124146775124	174	0.07089161804086697	0.00023525990593231683
Plants	K13244	0.8948638050880139	0.2470179217436819	0.2585456386762893	1.5311819714997386	-5.716353826292179	2.13124146775124	174	0.07089161804086697	0.00023525990593231683
Plants	K13245	0.8948638050880139	0.2470179217436819	0.2585456386762893	1.5311819714997386	-5.716353826292179	2.13124146775124	174	0.07089161804086697	0.00023525990593231683
Plants	K13246	0.8948638050880139	0.2470179217436819	0.2585456386762893	1.5311819714997386	-5.716353826292179	2.13124146775124	174	0.07089161804086697	0.00023525990593231683
Plants	K13421	0.07355466777110313	0.026577231124858786	0.005091720393466892	0.14201761514873937	-0.599463704964688	0.22768772516124824	275	0.027291112945522333	0.007625969891449813
Plants	K13484	-0.039189196828162506	0.08962262085368261	-0.2700570681472489	0.1916786744909239	0.5020854544761487	0.7731881230275761	189	0.0010214379929746054	1.1146076326845695
Plants	K13497	0.15472392045598937	0.030080146214769714	0.07723746380674258	0.23221037710523618	-1.2944150604755953	0.25830764408459	269	0.09015903636165867	4.840758527357991e-08
Plants	K13498	0.04679929177024871	0.03410072906406491	-0.0410441862987825	0.13464276983927992	-0.36724424864451777	0.29355543407411877	235	0.008018605340567642	0.30148542429893377
Plants	K13501	0.04679929177024871	0.03410072906406491	-0.0410441862987825	0.13464276983927992	-0.36724424864451777	0.29355543407411877	235	0.008018605340567642	0.30148542429893377
Plants	K13540	-0.004978465617093592	0.017107937851074267	-0.049048513521460904	0.03909158228727372	0.047480539979990535	0.1489566921407951	167	0.0005129663969004605	1.0524833838239034
Plants	K13542	0.3138103114211481	0.06874845394501372	0.13671429405879276	0.4909063287835035	-2.5104390433289607	0.5894464753651314	205	0.09308488178556351	1.7351227437067962e-06
Plants	K13543	0.3138103114211481	0.06874845394501372	0.13671429405879276	0.4909063287835035	-2.5104390433289607	0.5894464753651314	205	0.09308488178556351	1.7351227437067962e-06
Plants	K13562	0.7868364541292494	0.11264648465404341	0.4966591096604336	1.0770137985980652	-6.174178830189481	0.9687813761061428	236	0.1725317870158979	3.241851231905457e-14
Plants	K13713	0.19410232237882918	0.03486619325474298	0.10428700855461126	0.2839176362030471	-0.890768675548384	0.29879742074080845	275	0.10195064030685308	2.699371393077854e-09
Plants	K13786	0.5079334372862216	0.07043044611228505	0.32650460810097537	0.6893622664714679	-3.8853883007528363	0.6064852384262285	255	0.17052091261196833	4.218847493575595e-15
Plants	K13787	-0.10982453064884702	0.08460134061739535	-0.3277575840792575	0.10810852278156342	1.0057270073279194	0.738954660809744	70	0.024182647518373845	1.6579552777141786
Plants	K13789	-0.10982453064884702	0.08460134061739535	-0.3277575840792575	0.10810852278156342	1.0057270073279194	0.738954660809744	70	0.024182647518373845	1.6579552777141786
Plants	K13799	0.0	0.0	0.0	0.0	0.0	0.0	28	0.0	
Plants	K13800	0.0	0.0	0.0	0.0	0.0	0.0	28	0.0	
Plants	K13809	0.0	0.0	0.0	0.0	0.0	0.0	28	0.0	
Plants	K13829	-0.07367806538078314	0.07539191847474208	-0.2678876473717188	0.12053151661015246	0.9553794261920758	0.6468055788639553	267	0.0035910263681203647	1.4555639191966807
Plants	K13830	0.44405551916578667	0.05117632383467457	0.312225308967665	0.5758857293639084	-2.1807584470632455	0.4384964320121034	275	0.21617007206826233	0.0
Plants	K13832	0.63772883166572	0.09770172149292446	0.3860491970999466	0.8894084662314934	-4.528039057006186	0.8378111011489258	272	0.1362921315056158	1.6608936448392342e-12
Plants	K13853	0.17311901126415524	0.08701115191792871	-0.051021716076429136	0.3972597386047396	-1.221634828379139	0.7473090957134049	245	0.016029337242143282	0.08045060963459716
Plants	K13937	0.03214391920358173	0.013213473077180375	-0.0018939874432349207	0.06618182585039838	-0.2699876064594085	0.11350624007887987	233	0.024978474481868074	0.02311166026556566
Plants	K13939	-0.058291043735891425	0.0622143757841218	-0.21855527575578917	0.10197318828400634	0.6805610302460681	0.5341108018875669	258	0.0034173975461984085	1.4281388447420587
Plants	K13940	-0.058291043735891425	0.0622143757841218	-0.21855527575578917	0.10197318828400634	0.6805610302460681	0.5341108018875669	258	0.0034173975461984085	1.4281388447420587
Plants	K13941	-0.058291043735891425	0.0622143757841218	-0.21855527575578917	0.10197318828400634	0.6805610302460681	0.5341108018875669	258	0.0034173975461984085	1.4281388447420587
Plants	K13950	0.11300119683860188	0.10188178322022248	-0.14944627673669125	0.375448670413895	-0.8325675677253357	0.8790651867189031	118	0.010493818142675582	0.45695756219975614
Plants	K13998	0.04826599880933053	0.033788639848781485	-0.03877353744113058	0.13530553505979165	-0.3761516307004862	0.2877373423790423	196	0.010408672093025428	0.27279454863783426
Plants	K14152	0.09689695057027636	0.0247155075673591	0.03322980307675932	0.1605640980637934	-0.09927772529914713	0.21223981048817717	269	0.05443299134930224	5.628907890820045e-05
Plants	K14153	0.1790499940486309	0.060940042926011996	0.022068443471223997	0.3360315446260378	-0.8279413299420832	0.523492390242113	255	0.03299523333207477	0.004104371183000666
Plants	K14154	-0.13191757589946662	0.08327102597070885	-0.34642373880001265	0.08258858700107938	1.4153894118482544	0.715378758514981	247	0.010139704840954722	1.7976403581109357
Plants	K14170	-0.6344673721290166	0.12753154743401215	-0.9629886383190319	-0.3059461059390013	5.772194619886234	1.0954183267065465	66	0.2788770014903479	1.9999998564574204
Plants	K14187	-0.47298546507541206	0.126229043935076	-0.7981514822521678	-0.14781944789865625	4.307146644444846	1.0787306831824093	156	0.08355328021937458	1.9998687419446446
Plants	K14267	0.0	0.0	0.0	0.0	0.0	0.0	69	0.0	
Plants	K14275	0.0	0.0	0.0	0.0	0.0	0.0	10	0.0	
Plants	K14541	-0.3331308793628015	0.1179878272823317	-0.637067522442088	-0.02919423628351503	3.4688739498085184	1.0237508913858682	131	0.05820017241032538	1.9937488734769577
Plants	K14584	0.34983437801426454	0.1516254567778341	-0.04075279864543613	0.7404215546739652	-3.0115430408276183	1.3263438126372027	29	0.16468918045237224	0.03374522519856038
Plants	K14652	0.6783976785581378	0.09043912752050128	0.44542648606532653	0.9113688710509491	-5.058096696046448	0.7755566775939831	271	0.17298784579441773	2.220446049250313e-16
Plants	K14656	0.0	0.0	0.0	0.0	0.0	0.0	241	0.0	
Plants	K14681	0.0	0.0	0.0	0.0	0.0	0.0	108	0.0	
Plants	K14682	0.0	0.0	0.0	0.0	0.0	0.0	108	0.0	
Plants	K14727	0.14468523308743336	0.06540698850172848	-0.023803169293019205	0.3131736354678859	-1.2106925887452449	0.5672414224164103	127	0.0376715443234068	0.04437144706107676
Plants	K14759	-0.06786207266943622	0.21499915130685582	-0.6216998864358968	0.48597574109702435	1.264063706418436	1.8136845248554472	84	0.0012134993838511798	1.0614555467420108
Plants	K14760	0.0	0.0	0.0	0.0	0.0	0.0	33	0.0	
Plants	K15461	-0.12448682131561381	0.06783594515203954	-0.2992322160272677	0.05025857339604006	1.1268955799222664	0.5806690197998046	146	0.022852032628560837	1.8828046176034294
Plants	K15789	0.05506261896752954	0.04465455730544393	-0.05996752065129402	0.17009275858635312	-0.44931833136312327	0.3856117637183294	107	0.01427410924931749	0.37985303900002854
Plants	K15792	-0.052991322353241804	0.26987731180133206	-0.7481952775534731	0.6422126328469896	0.5578999003354436	2.2346463643467764	15	0.0029569726757797676	1.0242458818168223
Plants	K15918	0.16749060721949263	0.09734248507315471	-0.08326363432895392	0.4182448487679392	-1.1338757568091988	0.8383420012226891	187	0.0157510420500947	0.15186542210413023
Plants	K16011	0.12130377898643936	0.1749284083721621	-0.3293118009802502	0.571919358953129	-0.9505077462870644	1.4827317961199187	18	0.029177483356204625	0.7362897517372571
Plants	K16171	0.13280377331380747	0.059005729125872146	-0.01919498491443919	0.28480253154205415	-1.1161959746046122	0.5150745193813973	114	0.04327161489975484	0.03976083865964819
Plants	K16856	0.0	0.0	0.0	0.0	0.0	0.0	12	0.0	
Plants	K16881	0.12130377898643936	0.1749284083721621	-0.3293118009802502	0.571919358953129	-0.9505077462870644	1.4827317961199187	18	0.029177483356204625	0.7362897517372571
Plants	K16953	-0.3715658046522136	0.24398699444168462	-1.0000763023339931	0.25694469302956596	3.3874629449297182	2.14007513304493	43	0.05353745223313078	1.7715523750846838
Plants	K17104	0.0	0.0	0.0	0.0	0.0	0.0	16	0.0	
Plants	K17877	0.2146005633824957	0.07706388466347146	0.01608399648939321	0.41311713027559815	-0.4679059060471269	0.6657018229065417	201	0.03750634297207078	0.007177977656241286
Plants	K18240	0.0	0.0	0.0	0.0	0.0	0.0	81	0.0	
Plants	K18365	0.001619499534500755	0.24807215832037582	-0.6374143802987874	0.640653379367789	0.2415348862387523	2.168399014227336	40	1.1215574406975293e-06	0.9999728681232263
Plants	K18384	0.0	0.0	0.0	0.0	0.0	0.0	22	0.0	
Plants	K18482	-0.0211093053826937	0.0544092924061759	-0.16126764262100285	0.11904903185561544	0.18801500112721464	0.46341449900867626	84	0.0018322781349269235	1.0913775952199312
Plants	K18592	0.4888127260188216	0.10033276559190281	0.23035552185407993	0.7472699301835632	-3.8541595447739163	0.8656221558132037	238	0.09138355159707034	2.73893808078185e-07
Plants	K18649	-0.06750298063759708	0.053339202218730807	-0.20490476555304762	0.06989880427785347	0.6559218286382021	0.45998237350906857	187	0.008582968429268534	1.6392634728460735
Plants	K18859	0.05709543043822253	0.025778008517777753	-0.009308719503572968	0.12349958038001803	-0.4683997845893268	0.22153875421369193	221	0.021909817595664016	0.044021059874647994
Plants	K18860	0.05709543043822253	0.025778008517777753	-0.009308719503572968	0.12349958038001803	-0.4683997845893268	0.22153875421369193	221	0.021909817595664016	0.044021059874647994
Plants	K18911	0.10563573723541188	0.054565530525913924	-0.03492506939934238	0.24619654387016615	-0.8877504875733745	0.47652951615663375	81	0.045292691275006014	0.09199963832183267
Plants	K19269	0.6145311636053762	0.11563890933862618	0.3166453331490751	0.9124169940616773	-5.183717505895897	0.9917237097346991	107	0.2119541929917077	1.5556771870706143e-08
Plants	K19285	0.7868364541292494	0.11264648465404341	0.4966591096604336	1.0770137985980652	-6.174178830189481	0.9687813761061428	236	0.1725317870158979	3.241851231905457e-14
Plants	K19286	0.7868364541292494	0.11264648465404341	0.4966591096604336	1.0770137985980652	-6.174178830189481	0.9687813761061428	236	0.1725317870158979	3.241851231905457e-14
Plants	K19302	0.24688226457405774	0.06358722508641967	0.08308157275144065	0.41068295639667485	-1.9230991330709006	0.5451380672761322	266	0.05401570376679987	6.795524869507297e-05
Plants	K19562	-0.07006628566570841	0.0472974261201373	-0.1919044553511821	0.05177188401976528	1.3503633510387871	0.40627427175294756	211	0.010391075323607946	1.7526835303074448
Plants	K19670	0.13916824144079562	0.32245323430505113	-0.6914712901290161	0.9698077730106074	-1.1631859436303957	2.8296971837173146	19	0.010838398916353742	0.8881770040004744
Plants	K19726	0.5527111985760087	0.10562005850361493	0.28063392787069663	0.8247884692813208	-4.136226377104212	0.9059295672846921	247	0.10053596252260188	2.683737876374437e-08
Plants	K19964	-0.06832962413833875	0.08888039682987783	-0.29728552637210404	0.16062627809542657	0.749711457589338	0.7667848423115557	189	0.003150605570396814	1.313575069383761
Plants	K20023	-0.042555385900833714	0.12190951407220545	-0.356594294150835	0.2714835223491675	0.5045716784113494	1.0527666056616447	112	0.0011065227768418673	1.0746410915383304
Plants	K20246	0.10563573723541188	0.054565530525913924	-0.03492506939934238	0.24619654387016615	-0.8877504875733745	0.47652951615663375	81	0.045292691275006014	0.09199963832183267
Plants	K21219	0.1790499940486309	0.060940042926011996	0.022068443471223997	0.3360315446260378	-0.8279413299420832	0.523492390242113	255	0.03299523333207477	0.004104371183000666
Plants	K21220	0.04915125388245817	0.051862189867441184	-0.08444574721607032	0.18274825498098665	-0.3369200552433419	0.4460708100146786	241	0.0037440404550899142	0.5645058270135126
Plants	K21456	0.04794933610739877	0.025322871287176158	-0.017282380328367007	0.11318105254316455	-0.3971587802323877	0.2173683673316722	195	0.018238453510023733	0.10202418339232033
Plants	K21621	0.0	0.0	0.0	0.0	0.0	0.0	19	0.0	
Plants	K22186	0.0	0.0	0.0	0.0	0.0	0.0	10	0.0	
Plants	K22223	0.6145311636053762	0.11563890933862618	0.3166453331490751	0.9124169940616773	-5.183717505895897	0.9917237097346991	107	0.2119541929917077	1.5556771870706143e-08
Plants	K22251	-0.030438908284976217	0.25896530657853306	-0.6975335380312774	0.636655721461325	0.49079793152624057	2.2246315184873766	35	0.00041848437674130157	1.0087568235888231
Plants	K22305	-0.004452393427429816	0.01003637849616486	-0.030306104433550494	0.021401317578690862	0.041403282193795625	0.08628501810853169	220	0.0009019544783351874	1.1177581488792212
Plants	K22316	-0.01714418630399749	0.09364474619504425	-0.2583730525024315	0.22408467989443648	0.16880813012893772	0.8074677752302221	66	0.000523431149917597	1.021111634878174
Plants	K22373	0.2974640682893006	0.4321229880556527	-0.8156847489420607	1.4106128855206619	-2.15084187479121	3.6330452991723394	10	0.05592072124991598	0.7395809126927986
Plants	K22391	0.24108688702863137	0.06237621617118737	0.08040575417165272	0.40176801988561006	-1.8776838420401976	0.5351397634968309	267	0.05336375490934431	7.409287299076084e-05
Plants	K22396	0.0	0.0	0.0	0.0	0.0	0.0	10	0.0	
Plants	K22476	0.0	0.0	0.0	0.0	0.0	0.0	108	0.0	
Plants	K22477	0.0	0.0	0.0	0.0	0.0	0.0	108	0.0	
Plants	K22478	0.0	0.0	0.0	0.0	0.0	0.0	108	0.0	
Plants	K22515	0.1193423040042787	0.2041573769028972	-0.40656709889758447	0.6452517069061419	-0.28106333805305617	1.76443925539965	169	0.002041994073365805	0.8044955531583211
Plants	K22548	0.0	0.0	0.0	0.0	0.0	0.0	22	0.0	
Plants	K22920	0.33127861726338403	0.07484946909860896	0.13846638486536736	0.5240908496614007	-2.588537872652644	0.6433370374968435	230	0.07911853647403377	3.837608016477034e-06
Plants	K22949	0.0	0.0	0.0	0.0	0.0	0.0	241	0.0	
Plants	K23123	0.5993138605983384	0.15770548063160397	0.19306454249132649	1.0055631787053503	-4.451488064741733	1.3598685825935308	198	0.06862517937155044	0.00010166748605922038
Plants	K23124	0.5993138605983384	0.15770548063160397	0.19306454249132649	1.0055631787053503	-4.451488064741733	1.3598685825935308	198	0.06862517937155044	0.00010166748605922038
Plants	K23144	0.13946154987972056	0.06560533942870163	-0.029537804488614844	0.30846090424805594	-0.19544595242457152	0.5617461571114603	275	0.016283136756142236	0.05631428860208487
Plants	K23264	0.2004478074110414	0.0678988791035176	0.025540294840380035	0.3753553199817028	-1.3579382724145646	0.581991717864384	274	0.03104641651629636	0.00389419104685107
Plants	K23265	0.2004478074110414	0.0678988791035176	0.025540294840380035	0.3753553199817028	-1.3579382724145646	0.581991717864384	274	0.03104641651629636	0.00389419104685107
Plants	K23269	0.2004478074110414	0.0678988791035176	0.025540294840380035	0.3753553199817028	-1.3579382724145646	0.581991717864384	274	0.03104641651629636	0.00389419104685107
Plants	K23270	0.2004478074110414	0.0678988791035176	0.025540294840380035	0.3753553199817028	-1.3579382724145646	0.581991717864384	274	0.03104641651629636	0.00389419104685107
Plants	K23304	0.5403477640658927	0.1054244942749226	0.26877426681369204	0.8119212613180933	-4.128722734237714	0.9042378272697718	240	0.09940665105285973	5.4550457484481285e-08
Plants	K23987	0.18872111973734845	0.08829448265959382	-0.03872546759376522	0.4161677070684621	-0.9134669354255132	0.757672460232555	242	0.018679848614711614	0.05456301055427115
Plants	K23999	0.0	0.0	0.0	0.0	0.0	0.0	35	0.0	
Plants	K24017	0.19793866145643027	0.05249419074284238	0.06271362610286829	0.33316369680999225	-1.0726086350051536	0.45087276884078936	266	0.05110383952050912	0.00011721914901352548
Plants	K24018	-0.11571388891209218	0.0700682664801426	-0.2962097433649395	0.06478196554075515	1.313493848892665	0.6003636091532885	266	0.01022494103745053	1.82381741346161
Plants	K24042	0.2158914695043631	0.06205776662608941	0.056030662675556786	0.37575227633316943	-1.1763518982825794	0.5338694058077912	260	0.04480741776241903	0.000450679334349946
Plants	K24263	0.7350528020999963	0.11944949556701114	0.42735090151937566	1.042754702680617	-5.943967630519976	1.03092916358234	157	0.19634011011131192	3.3910430019545856e-11
Plants	K24866	-0.25706339564471653	0.08957129615443796	-0.4877990545385487	-0.026327736750884345	2.3347013426388963	0.7719334964550756	165	0.04810014849176614	1.9947183645004842
Plants	K25004	0.19851942225217611	0.06199660970828825	0.03881615564362559	0.3582226888607266	-1.5817604315587592	0.5333985079044163	241	0.04113665185407667	0.0014625839251098949
Plants	K25009	0.19851942225217606	0.06199660970828824	0.03881615564362553	0.3582226888607266	-0.8886132509988134	0.5333985079044162	241	0.04113665185407667	0.0014625839251098949
Plants	K25031	0.009431936341835877	0.0627586899998396	-0.15223444909775097	0.1710983217814227	0.03814850906786724	0.5408800292338528	225	0.00010127567203743748	0.985723707161092
Plants	K25528	-0.004452393427429816	0.01003637849616486	-0.030306104433550494	0.021401317578690862	0.041403282193795625	0.08628501810853169	220	0.0009019544783351874	1.1177581488792212
Plants	K25801	0.05709543043822253	0.025778008517777753	-0.009308719503572968	0.12349958038001803	-0.4683997845893268	0.22153875421369193	221	0.021909817595664016	0.044021059874647994
Plants	K25995	0.05709543043822253	0.025778008517777753	-0.009308719503572968	0.12349958038001803	-0.4683997845893268	0.22153875421369193	221	0.021909817595664016	0.044021059874647994
Plants	K25996	0.05709543043822253	0.025778008517777753	-0.009308719503572968	0.12349958038001803	-0.4683997845893268	0.22153875421369193	221	0.021909817595664016	0.044021059874647994
Plants	K26110	0.0	0.0	0.0	0.0	0.0	0.0	56	0.0	
Plants	K26138	0.2146005633824957	0.07706388466347146	0.01608399648939321	0.41311713027559815	-0.4679059060471269	0.6657018229065417	201	0.03750634297207078	0.007177977656241286
Plants	K26139	0.2146005633824957	0.07706388466347146	0.01608399648939321	0.41311713027559815	-0.4679059060471269	0.6657018229065417	201	0.03750634297207078	0.007177977656241286
Plants	K27797	0.44496370758749904	0.188258005522742	-0.03998891463908438	0.9299163298140825	-3.5274750319130486	1.6105011356755379	107	0.050517288971233865	0.028538632262190777
Plants	K27802	0.0	0.0	0.0	0.0	0.0	0.0	78	0.0	
Plants	K28067	-0.3715658046522136	0.24398699444168462	-1.0000763023339931	0.25694469302956596	3.3874629449297182	2.14007513304493	43	0.05353745223313078	1.7715523750846838
Plants	K28068	-0.3715658046522136	0.24398699444168462	-1.0000763023339931	0.25694469302956596	3.3874629449297182	2.14007513304493	43	0.05353745223313078	1.7715523750846838
Plants	K28069	-0.3715658046522136	0.24398699444168462	-1.0000763023339931	0.25694469302956596	3.3874629449297182	2.14007513304493	43	0.05353745223313078	1.7715523750846838
Plants	K28126	-0.005323210620966892	0.007958040605139842	-0.025823123219807124	0.015176701977873342	0.048107479761829934	0.06818440554636496	274	0.0016422991448364899	1.2478723913169958
Plants	K28192	0.0	0.0	0.0	0.0	0.0	0.0	248	0.0	
Plants	K28203	0.6145311636053762	0.11563890933862618	0.3166453331490751	0.9124169940616773	-5.183717505895897	0.9917237097346991	107	0.2119541929917077	1.5556771870706143e-08
Plants	K28207	0.8537642260626871	0.15590791989254343	0.4521454244194952	1.255383027705879	-7.08424543824693	1.3383705929547445	54	0.36575659647305503	5.1174771087403315e-09
Plants	K28208	0.8537642260626871	0.15590791989254343	0.4521454244194952	1.255383027705879	-7.08424543824693	1.3383705929547445	54	0.36575659647305503	5.1174771087403315e-09
Plants	K28462	0.0880329947931918	0.050965448698323375	-0.043254001053689234	0.21931999064007282	-0.7373744678930962	0.4394868794587781	65	0.045217162226292795	0.14965646438690294
Plants	K28556	0.18465080471743853	0.5777457738529026	-1.3036223087276386	1.6729239181625155	-1.0421248319675014	5.210809379481497	14	0.008440465585952572	0.9370400219454902
Plants	K28660	0.33127861726338403	0.07484946909860896	0.13846638486536736	0.5240908496614007	-2.588537872652644	0.6433370374968435	230	0.07911853647403377	3.837608016477034e-06
Mammals	K00005	0.01947053582558425	0.10457851887860738	-0.24992372880570837	0.2888648004568769	-0.1262113293195436	0.8403296115458744	23	0.001647916746286393	0.9781743143650754
Mammals	K00010	0.17433521173742475	0.09278056208877034	-0.06466751620324765	0.4133379396780972	-1.3645466192343685	0.7414314413998011	25	0.1330785715313788	0.10564301201410209
Mammals	K00014	0.1391140472729106	0.08000127082714148	-0.06696922637780586	0.3451973209236271	-0.9429319678945003	0.6348258906915497	153	0.019631815391767282	0.14587731575690377
Mammals	K00019	0.0	0.0	0.0	0.0	0.0	0.0	13	0.0	
Mammals	K00021	0.0	0.0	0.0	0.0	0.0	0.0	29	0.0	
Mammals	K00027	0.2660399837129014	0.07216520371008793	0.08014241895571486	0.45193754847008794	-2.0094053749168324	0.5709985627721875	89	0.13510792024339136	0.00017477083887973421
Mammals	K00028	0.2660399837129014	0.07216520371008793	0.08014241895571486	0.45193754847008794	-2.0094053749168324	0.5709985627721875	89	0.13510792024339136	0.00017477083887973421
Mammals	K00029	0.5094311718772506	0.17050390518834363	0.07021311211207742	0.9486492316424238	-3.948528314630012	1.3599358188394597	37	0.2032223502070013	0.0034031176822630904
Mammals	K00060	0.0	0.0	0.0	0.0	0.0	0.0	18	0.0	
Mammals	K00067	0.029010413254911258	0.05921893097751789	-0.12353755294317482	0.18155837945299735	-0.1814048609987628	0.4705808539049036	85	0.0028830667903148033	0.8583184340053971
Mammals	K00077	0.20123742877440562	0.1519610015657215	-0.190214111258893	0.5926889688077043	-1.51847415411957	1.2305246250489668	29	0.06099013774454143	0.32744513819913124
Mammals	K00082	0.1698676857106438	0.05958166254003703	0.016385323007508418	0.32335004841377923	-1.2262137292601198	0.4715903835888584	161	0.0486347262575999	0.005658503860711761
Mammals	K00099	0.0	0.0	0.0	0.0	0.0	0.0	162	0.0	
Mammals	K00107	0.1717966795952858	0.23530370576316273	-0.43434566645062145	0.777939025641193	-1.2944188215387995	1.9187180802751402	30	0.01868201535273306	0.7122307490601469
Mammals	K00108	0.0	0.0	0.0	0.0	0.0	0.0	38	0.0	
Mammals	K00121	0.059116467688364344	0.11561647752271659	-0.23871157841015359	0.3569445137868823	-0.4083473685427766	0.9350017013238865	30	0.009250882149369644	0.8466736478814461
Mammals	K00122	0.4347778717237594	0.2180159789886539	-0.12683129015101308	0.9963870335985319	-2.856574939385357	1.7265651784402316	74	0.05234508813095562	0.07951161835732146
Mammals	K00123	0.4347778717237594	0.2180159789886539	-0.12683129015101308	0.9963870335985319	-2.856574939385357	1.7265651784402316	74	0.05234508813095562	0.07951161835732146
Mammals	K00124	0.4347778717237594	0.2180159789886539	-0.12683129015101308	0.9963870335985319	-2.856574939385357	1.7265651784402316	74	0.05234508813095562	0.07951161835732146
Mammals	K00126	0.4347778717237594	0.2180159789886539	-0.12683129015101308	0.9963870335985319	-2.856574939385357	1.7265651784402316	74	0.05234508813095562	0.07951161835732146
Mammals	K00127	0.4347778717237594	0.2180159789886539	-0.12683129015101308	0.9963870335985319	-2.856574939385357	1.7265651784402316	74	0.05234508813095562	0.07951161835732146
Mammals	K00133	0.04060101493798046	0.023427689106881398	-0.019748712201346018	0.10095074207730695	-0.3023354001524489	0.1848753746996657	195	0.015323262622581213	0.14777989521852786
Mammals	K00147	0.0	0.0	0.0	0.0	0.0	0.0	159	0.0	
Mammals	K00148	0.0	0.0	0.0	0.0	0.0	0.0	12	0.0	
Mammals	K00156	0.0	0.0	0.0	0.0	0.0	0.0	20	0.0	
Mammals	K00158	0.0	0.0	0.0	0.0	0.0	0.0	10	0.0	
Mammals	K00211	0.0	0.0	0.0	0.0	0.0	0.0	87	0.0	
Mammals	K00220	0.0	0.0	0.0	0.0	0.0	0.0	100	0.0	
Mammals	K00228	0.6500707357917975	0.0939233422442533	0.40812420617060097	0.8920172654129941	-4.755598585162793	0.7361076877151529	69	0.4169058764377295	5.684341886080802e-14
Mammals	K00231	0.10726404233646777	0.03801703994775739	0.00933214743104474	0.2051959372418908	-0.841352562677803	0.30220961960497517	64	0.11378827721543328	0.006295347388896921
Mammals	K00233	0.027453396953314602	0.02967833339395284	-0.048997989869507916	0.10390478377613711	-0.20776520211874117	0.23830662310268166	56	0.015598812223635017	0.5799896391863251
Mammals	K00234	0.027453396953314602	0.02967833339395284	-0.048997989869507916	0.10390478377613711	-0.20776520211874117	0.23830662310268166	56	0.015598812223635017	0.5799896391863251
Mammals	K00235	0.027453396953314602	0.02967833339395284	-0.048997989869507916	0.10390478377613711	-0.20776520211874117	0.23830662310268166	56	0.015598812223635017	0.5799896391863251
Mammals	K00236	0.027453396953314602	0.02967833339395284	-0.048997989869507916	0.10390478377613711	-0.20776520211874117	0.23830662310268166	56	0.015598812223635017	0.5799896391863251
Mammals	K00237	0.027453396953314602	0.02967833339395284	-0.048997989869507916	0.10390478377613711	-0.20776520211874117	0.23830662310268166	56	0.015598812223635017	0.5799896391863251
Mammals	K00239	0.027453396953314602	0.02967833339395284	-0.048997989869507916	0.10390478377613711	-0.20776520211874117	0.23830662310268166	56	0.015598812223635017	0.5799896391863251
Mammals	K00240	0.027453396953314602	0.02967833339395284	-0.048997989869507916	0.10390478377613711	-0.20776520211874117	0.23830662310268166	56	0.015598812223635017	0.5799896391863251
Mammals	K00241	0.027453396953314602	0.02967833339395284	-0.048997989869507916	0.10390478377613711	-0.20776520211874117	0.23830662310268166	56	0.015598812223635017	0.5799896391863251
Mammals	K00242	0.027453396953314602	0.02967833339395284	-0.048997989869507916	0.10390478377613711	-0.20776520211874117	0.23830662310268166	56	0.015598812223635017	0.5799896391863251
Mammals	K00244	0.027453396953314602	0.02967833339395284	-0.048997989869507916	0.10390478377613711	-0.20776520211874117	0.23830662310268166	56	0.015598812223635017	0.5799896391863251
Mammals	K00245	0.027453396953314602	0.02967833339395284	-0.048997989869507916	0.10390478377613711	-0.20776520211874117	0.23830662310268166	56	0.015598812223635017	0.5799896391863251
Mammals	K00246	0.027453396953314602	0.02967833339395284	-0.048997989869507916	0.10390478377613711	-0.20776520211874117	0.23830662310268166	56	0.015598812223635017	0.5799896391863251
Mammals	K00247	0.027453396953314602	0.02967833339395284	-0.048997989869507916	0.10390478377613711	-0.20776520211874117	0.23830662310268166	56	0.015598812223635017	0.5799896391863251
Mammals	K00254	-0.023694297801291796	0.0387932147613513	-0.12362561902653275	0.07623702342394915	0.23551480646168177	0.3061275821722007	185	0.002034419999979331	1.211399940492853
Mammals	K00265	0.05204827967267759	0.12012422966507427	-0.2573917359445537	0.36148829528990895	-0.382697403541218	0.9532907954487372	23	0.008860677699558894	0.8873484423161384
Mammals	K00266	0.05204827967267759	0.12012422966507427	-0.2573917359445537	0.36148829528990895	-0.382697403541218	0.9532907954487372	23	0.008860677699558894	0.8873484423161384
Mammals	K00288	0.04862353941430914	0.02498993131849112	-0.015750523662123976	0.11299760249074225	-0.36547188332435143	0.19716065103166464	156	0.02399357535828006	0.08980229014452279
Mammals	K00297	0.142089735759573	0.05824971970168631	-0.007961542191970927	0.29214101371111695	-1.0697887648033102	0.46517915502319684	119	0.04839585817538483	0.022639280983244747
Mammals	K00299	0.17139832332907604	0.13615047461251964	-0.17932529927277455	0.5221219459309266	-1.0289025028863237	1.0799879759632391	112	0.014202662755773754	0.36461406394807794
Mammals	K00300	0.04862353941430914	0.02498993131849112	-0.015750523662123976	0.11299760249074225	-0.36547188332435143	0.19716065103166464	156	0.02399357535828006	0.08980229014452279
Mammals	K00306	0.5093771201361881	0.3424088047334349	-0.37266796085714016	1.3914222011295163	-3.885942195543322	2.800565199287841	10	0.21668759034757534	0.2444207310926363
Mammals	K00361	0.09748881880563695	0.19814794578883702	-0.41294028954640716	0.6079179271576811	0.5264176277047926	1.6183781575790732	44	0.005730405255439108	0.8571838793164135
Mammals	K00362	0.097488818805637	0.19814794578883704	-0.41294028954640727	0.6079179271576812	-0.16672955285515323	1.6183781575790734	44	0.005730405255438886	0.8571838793164135
Mammals	K00363	0.097488818805637	0.19814794578883704	-0.41294028954640727	0.6079179271576812	-0.16672955285515323	1.6183781575790734	44	0.005730405255438886	0.8571838793164135
Mammals	K00364	0.0	0.0	0.0	0.0	0.0	0.0	43	0.0	
Mammals	K00376	0.0	0.0	0.0	0.0	0.0	0.0	16	0.0	
Mammals	K00384	0.09762106916988128	0.04138065884977045	-0.008975508027127405	0.20421764636688997	-0.7127815982800039	0.3263880110713488	184	0.029671514251950137	0.02892611354706842
Mammals	K00390	0.05169853833424154	0.029595422327177177	-0.024539269580566875	0.12793634624904995	-0.4077900586506181	0.23862411531758995	79	0.03811871021619084	0.14332812229806624
Mammals	K00455	0.0	0.0	0.0	0.0	0.0	0.0	25	0.0	
Mammals	K00544	-0.11043832537611317	0.10057429578465868	-0.36951771131739397	0.1486410605651676	0.8984691965839379	0.794386004178491	26	0.04783718334645071	1.53588321010647
Mammals	K00548	0.06669776294693106	0.05540488890188226	-0.07602523086431764	0.20942075675817975	-0.5154937561919031	0.44838712650491375	75	0.019465535776485576	0.39749012145802287
Mammals	K00549	0.019585044071412944	0.12121206397465048	-0.2926572327272867	0.3318273208701126	0.05110747513414651	0.9561742726879974	115	0.00023098226950990508	0.9835171049334877
Mammals	K00560	-0.007587577735883572	0.03547287623325399	-0.09896570691274587	0.08379055144097872	0.08199225095976223	0.28226134312364204	128	0.00036298216353014556	1.028706758639328
Mammals	K00564	0.6124098061689033	0.21093032865558106	0.06905327955212648	1.1557663327856802	-4.3662556217952275	1.6642621235982349	45	0.16390537306226938	0.004670726161798644
Mammals	K00587	0.0	0.0	0.0	0.0	0.0	0.0	15	0.0	
Mammals	K00603	-0.0033211808726122775	0.010823120603101685	-0.03120153954620222	0.024559177800977664	0.02973070677281349	0.0851382959970695	191	0.0004979685755722718	1.0581846063807756
Mammals	K00608	-0.002970439874168403	0.011334841028194449	-0.03216899036279731	0.0262281106144605	0.027361911821727584	0.08963547568994161	178	0.000390057438565794	1.0427790827163124
Mammals	K00609	-0.002970439874168403	0.011334841028194449	-0.03216899036279731	0.0262281106144605	0.027361911821727584	0.08963547568994161	178	0.000390057438565794	1.0427790827163124
Mammals	K00610	-0.002970439874168403	0.011334841028194449	-0.03216899036279731	0.0262281106144605	0.027361911821727584	0.08963547568994161	178	0.000390057438565794	1.0427790827163124
Mammals	K00618	0.0	0.0	0.0	0.0	0.0	0.0	55	0.0	
Mammals	K00619	0.0	0.0	0.0	0.0	0.0	0.0	55	0.0	
Mammals	K00620	-0.027554129041499113	0.08335945745026307	-0.24228809143337682	0.18717983335037858	0.44527307684706263	0.6626925340864129	137	0.0008086833471327992	1.0671934710364581
Mammals	K00639	0.0	0.0	0.0	0.0	0.0	0.0	43	0.0	
Mammals	K00640	0.27209315801523504	0.06305528846056702	0.10966273494081441	0.43452358108965566	-2.073245323467673	0.4994605245122618	170	0.09977753566196079	7.108621403517645e-06
Mammals	K00641	-0.023666732035097254	0.07481475122801028	-0.21638953119845172	0.16905606712825721	0.25406496217793784	0.5990982603832876	92	0.0011106494051283944	1.061719448024219
Mammals	K00643	0.0	0.0	0.0	0.0	0.0	0.0	11	0.0	
Mammals	K00651	-0.023666732035097254	0.07481475122801028	-0.21638953119845172	0.16905606712825721	0.25406496217793784	0.5990982603832876	92	0.0011106494051283944	1.061719448024219
Mammals	K00652	0.0	0.0	0.0	0.0	0.0	0.0	36	0.0	
Mammals	K00674	0.0	0.0	0.0	0.0	0.0	0.0	96	0.0	
Mammals	K00681	0.18091825732200736	0.08312223599370079	-0.03320462259776588	0.3950411372417806	-1.4109435964664443	0.6759128452981842	47	0.09524631931573324	0.04900391143010974
Mammals	K00748	0.015130851219534914	0.055539888078181755	-0.12793990046986128	0.15820160290893112	-0.06970351289109217	0.4358890035439438	85	0.0008934092667587379	0.9538494211666109
Mammals	K00761	-0.012293536612427521	0.01320363084262217	-0.04630608966302223	0.02171901643816719	0.10163114890249665	0.1048301673553372	169	0.005164185944204425	1.4241355913700384
Mammals	K00763	0.05774894249111162	0.03700210081503356	-0.03756846920841482	0.15306635419063808	-0.4276960638637244	0.29356307861715625	161	0.015088134696579658	0.21210881025340678
Mammals	K00764	0.04695662156554889	0.035556755831607285	-0.044637581456671474	0.13855082458776924	-0.3348990311586018	0.2811888120825541	184	0.009491530162005435	0.3294691966757841
Mammals	K00766	0.05419672897252913	0.027034002129044284	-0.015442860511888944	0.1238363184569472	-0.41659982020576936	0.21511258714294162	145	0.027337059348186865	0.07741158741057141
Mammals	K00767	0.402889145154018	0.08121330382785642	0.19368367449345988	0.6120946158145761	-2.9219246289094327	0.6452689010013717	127	0.16449598578691482	1.5694053745463066e-07
Mammals	K00768	-0.08147154317948829	0.05222187944930904	-0.21599510464090838	0.05305201828193179	0.6810820447843497	0.4198528178252654	67	0.036093455434156985	1.7876424144115992
Mammals	K00788	0.013699591764992834	0.06684180347715295	-0.15848489399215315	0.1858840775221388	0.006778679744765648	0.5288978673120134	124	0.000344198991119371	0.9736120910752146
Mammals	K00790	0.10389135977250645	0.07247583825147007	-0.08280639956328044	0.2905891191082933	-0.624049464512369	0.5713809003649714	184	0.011164137778434391	0.2703238020330785
Mammals	K00793	0.0	0.0	0.0	0.0	0.0	0.0	22	0.0	
Mammals	K00800	0.09620782027098376	0.03132731286114243	0.015508662340680851	0.17690697820128667	-0.7329870450460081	0.24764704626004425	180	0.05031902277378786	0.002468382547756276
Mammals	K00804	0.8959110593518049	0.24378795953461604	0.26791327559063394	1.523908843112976	-6.987195330259948	1.9489353863136698	13	0.5511181141375436	0.00018451830385179946
Mammals	K00820	0.11064162159689993	0.026656440884108838	0.041974629879435565	0.1793086133143643	-0.8515180257818082	0.2106861853453804	187	0.08519059140177476	1.725114919581827e-05
Mammals	K00821	0.0	0.0	0.0	0.0	0.0	0.0	15	0.0	
Mammals	K00833	0.0	0.0	0.0	0.0	0.0	0.0	89	0.0	
Mammals	K00849	0.014425669445946658	0.05122404938329555	-0.11752748176542267	0.146378820657316	-0.08230949533082599	0.40753611647419763	107	0.0007547566155379215	0.9507635589402779
Mammals	K00851	0.21563670379018285	0.08593620337592765	-0.005734956106206779	0.4370083636865725	-1.6294717889724477	0.686875380198829	97	0.06215827976786692	0.018162077674444665
Mammals	K00854	-0.15938367439391468	0.17224004934738882	-0.6030740415127883	0.2843066927249589	1.6854958830808806	1.3859294714278532	89	0.009746451848573812	1.4202331740871643
Mammals	K00858	-0.11807756815567787	0.08132666726286321	-0.3275750630248135	0.09141992671345776	1.1024185301440268	0.6444507625510246	132	0.01595657800636574	1.7386746380563343
Mammals	K00859	-0.011310103854703978	0.014449644189236908	-0.04853238728617825	0.0259121795767703	0.09610459459730196	0.11389998864576277	197	0.003132001221555769	1.3229640385451933
Mammals	K00863	0.22646941306863244	0.14155202786114426	-0.1381686107016752	0.5911074368389401	-1.560185310345668	1.125451719898979	85	0.02991697851056141	0.196018239867366
Mammals	K00864	0.07482555340589984	0.07478213722387743	-0.11781323208280843	0.26746433889460813	-0.48778245287703964	0.597155873892213	138	0.007307686037494543	0.5286867432945379
Mammals	K00869	0.0	0.0	0.0	0.0	0.0	0.0	32	0.0	
Mammals	K00872	0.0	0.0	0.0	0.0	0.0	0.0	167	0.0	
Mammals	K00877	-0.005451483330439048	0.10977631826414701	-0.28823527917888175	0.27733231251800367	0.41120719645007475	0.8685634784437708	143	1.748982025628898e-05	1.0015687412156855
Mammals	K00878	0.06358382504334038	0.05154290540259555	-0.06919069927374576	0.1963583493604265	-0.4788100395740341	0.40844731822607805	84	0.018220307502570976	0.3795369385136409
Mammals	K00884	0.07378270125754997	0.09272290702557263	-0.16507150724032515	0.3126369097554251	-0.546266028574582	0.7398712115810131	33	0.0200166785437057	0.6682438145204688
Mammals	K00891	0.07203624692412072	0.0506340168137749	-0.05839698038816343	0.20246947423640488	-0.536606431104131	0.4022230486582451	110	0.01839627260487675	0.2756732898866332
Mammals	K00899	-0.08373213656321836	0.3355294316083155	-0.9480559523862391	0.7805916792598024	0.797863494708877	2.693632596539841	11	0.006872041959202213	1.038870718996531
Mammals	K00912	0.0	0.0	0.0	0.0	0.0	0.0	83	0.0	
Mammals	K00919	0.0	0.0	0.0	0.0	0.0	0.0	187	0.0	
Mammals	K00927	0.0	0.0	0.0	0.0	0.0	0.0	137	0.0	
Mammals	K00928	0.1455914504890411	0.06115057064221532	-0.011932419485305573	0.30311532046338774	-1.0174787567415073	0.482282410639259	191	0.02911889967875103	0.027087023461061843
Mammals	K00929	0.22342859562944423	0.18155730447208798	-0.24426302069065442	0.6911202119495429	-1.685303750527857	1.4375504807550266	30	0.05131160682301583	0.38131938299076484
Mammals	K00931	-0.0017140811854104879	0.013542497084684248	-0.03659955367555711	0.03317139130473614	0.017969951888983853	0.10740540891602793	158	0.0001026824161582951	1.010146883098478
Mammals	K00938	0.0	0.0	0.0	0.0	0.0	0.0	30	0.0	
Mammals	K00941	-0.00667171064800183	0.07393874928558967	-0.19713792880768083	0.1837945075116772	0.22644613077687803	0.5851084126966399	142	5.815364128503031e-05	1.0051699371677207
Mammals	K00945	0.0	0.0	0.0	0.0	0.0	0.0	14	0.0	
Mammals	K00946	0.0	0.0	0.0	0.0	0.0	0.0	111	0.0	
Mammals	K00948	0.07028903455562097	0.03995916615245089	-0.03264577745309252	0.17322384656433445	-0.5003943893409688	0.3139384420665832	189	0.016276969688356013	0.13948455287732964
Mammals	K00950	0.06449570264414012	0.04638402245645067	-0.054989539203676815	0.18398094449195707	-0.44934316494075605	0.3665071349665049	169	0.011444825700777206	0.29204445516630084
Mammals	K00953	0.010905441229388548	0.010849383644234383	-0.017042571038159225	0.03885345349693632	-0.08228050574683027	0.0855253652143693	192	0.005289558517565518	0.5255996602123272
Mammals	K00954	0.0	0.0	0.0	0.0	0.0	0.0	197	0.0	
Mammals	K00963	0.2485442490039236	0.06877110523274264	0.07138988192437856	0.42569861608346865	-1.8266694930840237	0.5401888028190455	143	0.08478150189937206	0.0002447545669235218
Mammals	K00965	0.05302856905672054	0.06844665236209128	-0.12329000742802662	0.2293471455414677	-0.3969742092772403	0.5485280048592064	50	0.012350288300728929	0.682415713114946
Mammals	K00966	0.08660269138142888	0.09930682273657283	-0.16921168398798275	0.34241706675084055	-0.6708278735924009	0.7990889747360187	27	0.029522297777000217	0.6162174710126358
Mammals	K00971	0.08660269138142888	0.09930682273657283	-0.16921168398798275	0.34241706675084055	-0.6708278735924009	0.7990889747360187	27	0.029522297777000217	0.6162174710126358
Mammals	K00972	-0.01118349382894158	0.013255641839718647	-0.04533002720805682	0.02296303955017366	0.09254781121895815	0.10480076918575591	165	0.004347839647863894	1.3643716599808355
Mammals	K00973	0.2046492684746532	0.05116656256535547	0.07284420330629751	0.3364543336430089	-1.5653926582844488	0.4073462826602602	133	0.10882744157737467	3.776128771892928e-05
Mammals	K00974	0.03274669799673741	0.07852666181903363	-0.16953798284909324	0.23503137884256806	-0.231052572674449	0.6139428553416472	28	0.006644041105832721	0.8951996812724756
Mammals	K00975	0.03377715355725487	0.112215634493291	-0.2552903208974628	0.3228446280119725	0.024950162566768963	0.8936714917641134	117	0.0007872261186347984	0.9439526872506088
Mammals	K00978	0.0	0.0	0.0	0.0	0.0	0.0	20	0.0	
Mammals	K00980	0.02157976498350195	0.1614467717503185	-0.3943071190453185	0.4374666490123224	-0.09829229204284455	1.267702409579879	39	0.0004826399951577409	0.9886903982362418
Mammals	K00991	-0.04915233654016734	0.04080127207985041	-0.154256413417862	0.05595174033752732	0.4274867199117057	0.3222652629629791	140	0.010406831677732487	1.6030288493759501
Mammals	K00995	-6.577543222917776e-05	0.04435410505109305	-0.11432195004384488	0.11419039917938653	0.06907085743980193	0.34953330241411346	182	1.2217638789557839e-08	1.0000014000372754
Mammals	K01003	0.2056205998563521	0.08115008412868353	-0.003422016859136706	0.4146632165718409	-1.5756059918634373	0.6375145146634325	36	0.15883849612010403	0.01678466393018896
Mammals	K01004	0.0	0.0	0.0	0.0	0.0	0.0	11	0.0	
Mammals	K01006	0.0	0.0	0.0	0.0	0.0	0.0	80	0.0	
Mammals	K01007	0.0673708858952895	0.04363794633608253	-0.04504046386645909	0.1797822356570381	-0.5196240920038944	0.3482154958161814	40	0.05902172632512581	0.21928437930974232
Mammals	K01008	0.0	0.0	0.0	0.0	0.0	0.0	65	0.0	
Mammals	K01011	0.4424635033887453	0.12409927746801828	0.12278376463113017	0.7621432421463604	-3.4273920845279022	0.9956787073486182	29	0.32010601574417474	0.00030574551420325946
Mammals	K01012	-0.005456891569197726	0.02792624102718145	-0.07739488845521714	0.06648110531682169	0.056896472391543176	0.22114422720975985	101	0.0003855342999665723	1.024014753099685
Mammals	K01057	0.0	0.0	0.0	0.0	0.0	0.0	95	0.0	
Mammals	K01067	0.24624252934331378	0.10718420350094673	-0.029863978875125013	0.5223490375617525	-1.9201269861160786	0.8557506958169768	31	0.1539748628921045	0.03473380711339047
Mammals	K01070	0.0	0.0	0.0	0.0	0.0	0.0	35	0.0	
Mammals	K01079	0.0	0.0	0.0	0.0	0.0	0.0	128	0.0	
Mammals	K01089	0.2165455897842083	0.09884253332162987	-0.03807277605231024	0.4711639556207268	-1.30543709369533	0.7882402570155547	152	0.03100565666161903	0.04709625402979789
Mammals	K01091	0.12515139116372298	0.049321624299614335	-0.00190111303208354	0.2522038953595295	-0.9762564827933286	0.3922969622803984	38	0.15171718905847809	0.01658944013752217
Mammals	K01129	-0.04630258898642525	0.030100391814542382	-0.12384119830068643	0.03123602032783593	0.381724251600085	0.23997483256341415	108	0.02183594967571234	1.7782979796238405
Mammals	K01241	0.0	0.0	0.0	0.0	0.0	0.0	29	0.0	
Mammals	K01433	0.20707853240141158	0.05062954030965908	0.07665683656372979	0.33750022823909337	-1.6005009456895007	0.40431047291530153	94	0.15385725986777055	2.3705082676572786e-05
Mammals	K01439	-0.010674511207617225	0.016563120709408935	-0.05334111015505465	0.031992087739820194	0.09079281356983708	0.13116669924753155	109	0.0038667431353573978	1.2323477652321664
Mammals	K01455	-0.030634802585846277	0.09653350755779391	-0.2793051180547234	0.21803551288303086	0.2777509786086836	0.7766098197330105	22	0.005010286884519433	1.0621020998696742
Mammals	K01458	-0.0330271185679543	0.32731048069185537	-0.8761789168301737	0.8101246796942652	0.43348881835875985	2.7122255014661105	13	0.0009247557917724247	1.0064609280692638
Mammals	K01465	0.06661261434556738	0.06925417372058054	-0.11178613715864809	0.24501136584978284	-0.4045961302058737	0.5437861241036126	121	0.007714552065678282	0.5548925138836434
Mammals	K01468	0.0047282836801728415	0.032186187624675275	-0.07818333564099067	0.08763990300133634	-0.027967817937750175	0.25896129227075665	69	0.0003219980970585734	0.9863551686158711
Mammals	K01469	0.42218328489579676	0.1198635917902516	0.11341467244410863	0.7309518973474849	-3.1738967155259177	0.9624986561330418	70	0.15429068160586001	0.00037155003509159457
Mammals	K01477	0.33422069713051067	0.1460963976909659	-0.04212362332141756	0.710565017582439	-2.729426404393518	1.2104253741964228	18	0.24647178150369708	0.035731787556405825
Mammals	K01479	0.010054443285974017	0.06534629813829675	-0.15827762071827842	0.17838650729022645	-0.060590534251845435	0.5192971433336633	36	0.0006958135271726285	0.9850415844612075
Mammals	K01480	0.0643892581453944	0.11045272517036493	-0.22013696189346568	0.3489154781842545	-0.44798402117111974	0.8903183425586023	49	0.0071787228987294505	0.8054544692922709
Mammals	K01484	0.0	0.0	0.0	0.0	0.0	0.0	10	0.0	
Mammals	K01491	0.04862353941430914	0.02498993131849112	-0.015750523662123976	0.11299760249074225	-0.36547188332435143	0.19716065103166464	156	0.02399357535828006	0.08980229014452279
Mammals	K01495	0.10636824536615958	0.036564946729644096	0.012176942590596387	0.20055954814172278	-0.796543233334946	0.28914253950835134	143	0.056618989949255294	0.004574133517702306
Mammals	K01496	0.051195345882547025	0.020200146343569095	-0.0008402310984869654	0.10323092286358101	-0.39849679247929554	0.16081181978227319	158	0.03954611724832702	0.01675362371798883
Mammals	K01497	0.1184374647099986	0.06247815665766906	-0.04250626684015692	0.2793811962601541	-0.8224914072226621	0.4946593723958292	131	0.027101881512136217	0.10149812443062167
Mammals	K01498	0.030683628921631272	0.01226659499532286	-0.000915119786320414	0.062282377629582955	-0.23816943498117676	0.09705214723873876	159	0.03832600998908109	0.01862365174137226
Mammals	K01519	0.0	0.0	0.0	0.0	0.6931471805599453	0.0	115	0.0	
Mammals	K01520	-0.014217314082090118	0.03892716971439838	-0.11449370326638035	0.08605907510220011	0.14701972482891484	0.30889810109488475	133	0.001017222982083954	1.0814141590969537
Mammals	K01523	0.05267315220876178	0.023330821500641995	-0.007427043976891999	0.11277334839441555	-0.4121432919896473	0.1858685873907377	153	0.032653058930514844	0.0389732294911318
Mammals	K01525	0.0	0.0	0.0	0.0	0.0	0.0	39	0.0	
Mammals	K01555	0.0	0.0	0.0	0.0	0.0	0.0	12	0.0	
Mammals	K01583	0.0	0.0	0.0	0.0	0.0	0.0	43	0.0	
Mammals	K01584	0.0	0.0	0.0	0.0	0.0	0.0	43	0.0	
Mammals	K01585	0.0	0.0	0.0	0.0	0.0	0.0	43	0.0	
Mammals	K01586	0.10193478329013451	0.024550449183202577	0.03869282619420468	0.16517674038606434	-0.786508319633122	0.19420734904878664	181	0.08784951815309983	1.7123849921141243e-05
Mammals	K01587	0.16908675390771596	0.04875156907618818	0.0435027119674552	0.29467079584797673	-0.39529212326107366	0.38500994942570194	190	0.06013790083622861	0.0004721948605894699
Mammals	K01591	0.010345719298196991	0.030611686301623052	-0.068509984614784	0.08920142321117797	-0.05445226393906028	0.24152372701349092	194	0.0005945485971828868	0.9298653388281641
Mammals	K01595	0.05585413276499854	0.04126843732977729	-0.05045336179650775	0.16216162732650483	-0.42567339050446473	0.32922203711053966	71	0.02586106400633259	0.3115639195861706
Mammals	K01597	0.0	0.0	0.0	0.0	0.0	0.0	33	0.0	
Mammals	K01598	0.0	0.0	0.0	0.0	0.0	0.0	185	0.0	
Mammals	K01607	0.0	0.0	0.0	0.0	0.0	0.0	24	0.0	
Mammals	K01610	0.0	0.0	0.0	0.0	0.0	0.0	87	0.0	
Mammals	K01611	0.0	0.0	0.0	0.0	0.0	0.0	24	0.0	
Mammals	K01613	0.0393406547934225	0.08738291769881054	-0.18575774119871347	0.26443905078555846	-0.17029347525904373	0.6869400738172826	75	0.0027688730911666903	0.8789425016468484
Mammals	K01619	0.09978026096697681	0.06750972164281027	-0.07412478198490244	0.27368530391885604	-0.6978225484123466	0.5372379435828357	139	0.015695157952075656	0.24889837902471124
Mammals	K01626	0.1737800055696068	0.0530180826872239	0.03720542456731804	0.3103545865718955	-1.309683667548534	0.4199520987136738	133	0.07579629653515474	0.0010705147230232193
Mammals	K01627	0.11075509493780533	0.03187800108313261	0.028637364147655733	0.19287282572795494	-0.8511745789824395	0.24997633677856843	84	0.1283184916555955	0.00045982115688936176
Mammals	K01635	-0.21563750600845358	0.275674126534335	-0.9257740559609005	0.49449904394399335	1.943304132476896	2.161973800320047	29	0.022159544202804637	1.3226222811959416
Mammals	K01637	0.2130195294407124	0.13630960479967724	-0.13811401252325617	0.564153071404681	-1.3312845900266947	1.0993803429824267	64	0.03789792118060542	0.21123804079658148
Mammals	K01638	0.3307339769464691	0.12319780872978504	0.013376421658542803	0.6480915322343954	-2.537210945061761	1.0021195815894122	55	0.1197029944351724	0.010172284528657372
Mammals	K01639	-0.06968286179093076	0.1083388869942463	-0.34876383468810923	0.20939811110624773	0.5694391950793715	0.8497296472643511	30	0.014559801705189779	1.2315411036067385
Mammals	K01641	0.0	0.0	0.0	0.0	0.0	0.0	29	0.0	
Mammals	K01643	0.17551397695984353	0.2421133620252419	-0.4481700436171796	0.7991979975368666	-0.3458878176450244	1.9258277518753615	28	0.019811714324454277	0.7156573122505345
Mammals	K01644	0.17551397695984353	0.2421133620252419	-0.4481700436171796	0.7991979975368666	-0.3458878176450244	1.9258277518753615	28	0.019811714324454277	0.7156573122505345
Mammals	K01646	0.17551397695984353	0.2421133620252419	-0.4481700436171796	0.7991979975368666	-0.3458878176450244	1.9258277518753615	28	0.019811714324454277	0.7156573122505345
Mammals	K01647	0.10164795807438083	0.2960475904727625	-0.6609706349834554	0.8642665511322172	-0.6097320260663708	2.3286527417664167	11	0.012929446780216236	0.9276965099241772
Mammals	K01649	0.3322904025340444	0.04968830667649873	0.20429332453538368	0.46028748053270513	-2.57143944155024	0.39508343134935775	167	0.2132465115091322	4.3165471197426086e-13
Mammals	K01659	-0.10356673451812444	0.155481375174437	-0.5040867569674742	0.2969532879312253	0.9818235716971964	1.247426930437055	40	0.011541405635076218	1.2460766281332654
Mammals	K01662	0.0412836746293106	0.04243693603600182	-0.06803387259943008	0.1506012218580513	-0.2753607672757673	0.33596129689612	176	0.005409581592946466	0.5474476054895541
Mammals	K01664	-0.006898082310816129	0.08556633211442664	-0.22731695383757916	0.21352078921594692	0.11673821389512828	0.6785329302443864	67	9.997562664598725e-05	1.0041288862003643
Mammals	K01665	-0.006898082310816129	0.08556633211442664	-0.22731695383757916	0.21352078921594692	0.11673821389512828	0.6785329302443864	67	9.997562664598725e-05	1.0041288862003643
Mammals	K01666	0.019981109313124027	0.2386879323922434	-0.594879004529295	0.634841223155543	-0.06585430434762903	1.9707913651243845	14	0.0005836378861613367	0.9955486678930818
Mammals	K01667	0.0	0.0	0.0	0.0	0.0	0.0	11	0.0	
Mammals	K01675	0.16572888303129926	0.0526935351220111	0.029990336556998648	0.3014674295055999	-1.227772213796507	0.4162385456358139	147	0.0638635269508997	0.0018410699368747174
Mammals	K01676	0.16572888303129926	0.0526935351220111	0.029990336556998648	0.3014674295055999	-1.227772213796507	0.4162385456358139	147	0.0638635269508997	0.0018410699368747174
Mammals	K01677	0.16572888303129926	0.0526935351220111	0.029990336556998648	0.3014674295055999	-1.227772213796507	0.4162385456358139	147	0.0638635269508997	0.0018410699368747174
Mammals	K01678	0.16572888303129926	0.0526935351220111	0.029990336556998648	0.3014674295055999	-1.227772213796507	0.4162385456358139	147	0.0638635269508997	0.0018410699368747174
Mammals	K01679	0.16572888303129926	0.0526935351220111	0.029990336556998648	0.3014674295055999	-1.227772213796507	0.4162385456358139	147	0.0638635269508997	0.0018410699368747174
Mammals	K01682	0.0	0.0	0.0	0.0	0.0	0.0	17	0.0	
Mammals	K01684	0.0	0.0	0.0	0.0	0.0	0.0	14	0.0	
Mammals	K01686	0.23467166469431483	0.12365547383884809	-0.08386483591455784	0.5532081653031875	-1.7597831377667377	0.9912741064163053	61	0.05753196831227492	0.10097874554066388
Mammals	K01690	0.0	0.0	0.0	0.0	0.0	0.0	32	0.0	
Mammals	K01693	0.0	0.0	0.0	0.0	0.0	0.0	147	0.0	
Mammals	K01694	0.27544799087032357	0.07528597084171469	0.0815113299820665	0.46938465175858063	-1.4506729560106808	0.5976463338454274	168	0.07462125351681237	0.0001990811748275867
Mammals	K01695	0.27544799087032357	0.07528597084171469	0.0815113299820665	0.46938465175858063	-1.4506729560106808	0.5976463338454274	168	0.07462125351681237	0.0001990811748275867
Mammals	K01696	0.27544799087032357	0.07528597084171469	0.0815113299820665	0.46938465175858063	-1.4506729560106808	0.5976463338454274	168	0.07462125351681237	0.0001990811748275867
Mammals	K01698	0.05271546175137563	0.017876082618746066	0.006666672925485756	0.0987642505772655	-0.4084256655989661	0.14166576619104781	155	0.05378131449702728	0.003941492326211771
Mammals	K01708	0.11291105325096308	0.11684317068880956	-0.18807695444341038	0.4138990609453365	-0.8697408858488322	0.9525583975503911	14	0.07220033540981807	0.5518425602523052
Mammals	K01709	0.0	0.0	0.0	0.0	0.0	0.0	13	0.0	
Mammals	K01710	0.15699448436637375	0.052020162553208016	0.02299054562930991	0.2909984231034376	-1.1890530778627961	0.413324717709343	140	0.061914011364017196	0.0030325107735995616
Mammals	K01711	0.4910058237083702	0.13514400483978015	0.14287486724109655	0.8391367801756439	-3.6468917634769826	1.0873924992952944	48	0.22297528123990995	0.00022408324342526598
Mammals	K01712	0.0782988610824397	0.06949818623149284	-0.10072846664988587	0.25732618881476527	-0.5981617798591308	0.5592227030467933	70	0.018324121219217893	0.4457215447943057
Mammals	K01719	0.22502549572842476	0.060625030688377386	0.0688554166751646	0.3811955747816849	-1.669837103973125	0.47964776986604907	125	0.10072701142893492	0.00015519803507224594
Mammals	K01720	0.0	0.0	0.0	0.0	0.0	0.0	19	0.0	
Mammals	K01724	0.19643983627977263	0.17427510577026148	-0.252492836184421	0.6453725087439662	-1.5122244525577027	1.427805729299065	33	0.039371519963978474	0.44536949092197275
Mammals	K01734	0.09341888909462452	0.08660248536966456	-0.12966911321763136	0.31650689140688043	-0.7060201896399205	0.6993554395411525	52	0.022742985647926206	0.4767422697345114
Mammals	K01735	0.045676798823396945	0.026260925955600006	-0.02197134643822867	0.11332494408502256	-0.3423459231649533	0.2078189839716511	184	0.016350840644376752	0.1457331279443732
Mammals	K01736	0.01666218924390386	0.01639137923018124	-0.025562003653043012	0.058886382140850735	-0.12436038466882768	0.12961901566180806	190	0.005466316533658366	0.5179744518348575
Mammals	K01746	0.1704227739695765	0.18000434107894364	-0.2932684086497823	0.6341139565889353	-1.265601825427271	1.4357645876627374	15	0.06450417202098413	0.5651582609498456
Mammals	K01749	0.0	0.0	0.0	0.0	0.0	0.0	155	0.0	
Mammals	K01756	-0.010114282294135144	0.02573641616626747	-0.07641129033844016	0.056182725750169867	0.10124491494170257	0.20297873326429827	193	0.0008079595133512196	1.0936436918080472
Mammals	K01759	0.0	0.0	0.0	0.0	0.0	0.0	40	0.0	
Mammals	K01770	0.0	0.0	0.0	0.0	0.0	0.0	165	0.0	
Mammals	K01772	-0.014248448867967849	0.06010482287766607	-0.16907847260083567	0.14058157486489994	0.21216316972510602	0.4744965289801236	154	0.0003695833583132746	1.0351439903028508
Mammals	K01774	0.16572888303129926	0.0526935351220111	0.029990336556998648	0.3014674295055999	-1.227772213796507	0.4162385456358139	147	0.0638635269508997	0.0018410699368747174
Mammals	K01775	0.19729853350656767	0.065635142385155	0.02822240672240839	0.36637466029072696	-1.4292055519761087	0.5204246645251657	181	0.04805448339977192	0.003174903311854216
Mammals	K01776	-0.003064595278786633	0.021251980546244605	-0.05780969716591274	0.05168050660833947	0.035517917496802436	0.16763379163011372	183	0.00011487326642833917	1.0131509189657022
Mammals	K01778	0.0501326214570239	0.025933561211022586	-0.016672232222570284	0.11693747513661809	-0.3781568858492217	0.20572523962587952	145	0.025466956376996697	0.0926420612634622
Mammals	K01783	0.003066277544047663	0.03677205278856296	-0.09165853043929052	0.09779108552738584	0.011989032137451713	0.2898359977172913	198	3.547445214702183e-05	0.9955832132094811
Mammals	K01790	0.09375130624747599	0.06635199285119199	-0.07717142733719459	0.26467403983214655	-0.691629573557197	0.5302864724411025	73	0.02734924195833066	0.2805662966929918
Mammals	K01798	0.19729853350656767	0.065635142385155	0.02822240672240839	0.36637466029072696	-1.4292055519761087	0.5204246645251657	181	0.04805448339977192	0.003174903311854216
Mammals	K01803	0.08130181210454583	0.058907790458570274	-0.07044465611673119	0.23304828032582287	-0.5505753855563031	0.4671030101294222	179	0.010647139197991429	0.29740840480697295
Mammals	K01804	0.0	0.0	0.0	0.0	0.0	0.0	46	0.0	
Mammals	K01807	0.24720576853436635	0.07559414378272565	0.05247525415006507	0.4419362829186676	-1.8107721225458338	0.5934020689866966	139	0.07240657290338248	0.0011048749847248907
Mammals	K01808	0.24720576853436635	0.07559414378272565	0.05247525415006507	0.4419362829186676	-1.8107721225458338	0.5934020689866966	139	0.07240657290338248	0.0011048749847248907
Mammals	K01813	0.14558409655199808	0.09545459575042588	-0.10030694210109897	0.39147513520509514	-1.1609104024511063	0.7790829242943188	26	0.0883582582701673	0.2274417664317776
Mammals	K01814	0.0	0.0	0.0	0.0	0.0	0.0	139	0.0	
Mammals	K01815	0.025223629088072505	0.14572563345155062	-0.3501656026831219	0.40061286085926695	-0.15821325222717048	1.2006020207448036	28	0.0011509851939999205	0.9811075511778891
Mammals	K01817	-0.11444530945028875	0.06245577116977925	-0.2753313759836401	0.04644075708306261	0.9862760184072947	0.4998135442708413	117	0.02836965628672261	1.882065074343381
Mammals	K01819	0.7140202150390279	1.070408889751015	-2.0433530849595862	3.4713935150376423	-5.2573774808608045	8.281751042122671	13	0.03887830271004111	0.7533158043811043
Mammals	K01820	0.14558409655199808	0.09545459575042588	-0.10030694210109897	0.39147513520509514	-1.1609104024511063	0.7790829242943188	26	0.0883582582701673	0.2274417664317776
Mammals	K01823	0.0	0.0	0.0	0.0	0.0	0.0	86	0.0	
Mammals	K01837	0.2754775076612054	0.0734371974455284	0.08630328704152421	0.4646517282808865	-2.0735450189765587	0.5834842506605071	128	0.10045934701810522	0.0001286790730947729
Mammals	K01838	-0.13387659557909545	0.19028693062484558	-0.6240557288686976	0.3563025377105068	1.148605786222831	1.5177365425101887	17	0.03194480624413243	1.2702963407306915
Mammals	K01845	-0.06282258781005132	0.06576292571706407	-0.23222788445720838	0.10658270883710574	0.5948630161765214	0.5209054122042801	142	0.006476190796749215	1.4406413345246125
Mammals	K01847	0.03194046451746702	0.17018365439514205	-0.40645262920441894	0.47033355823935297	0.0574287958110698	1.3737668130173717	44	0.0008379794967795506	0.9778248521740698
Mammals	K01848	0.03194046451746702	0.17018365439514205	-0.40645262920441894	0.47033355823935297	0.0574287958110698	1.3737668130173717	44	0.0008379794967795506	0.9778248521740698
Mammals	K01849	0.03194046451746702	0.17018365439514205	-0.40645262920441894	0.47033355823935297	0.0574287958110698	1.3737668130173717	44	0.0008379794967795506	0.9778248521740698
Mammals	K01850	-0.1826977674258356	0.15461775915030604	-0.580993114997024	0.21559758014535274	1.7160738163071212	1.2333030200468627	48	0.02945806422198005	1.5888711973930258
Mammals	K01851	0.26707595832549813	0.08470297485164482	0.04888109510766106	0.48527082154333523	-2.0456064851675224	0.6755746893868096	80	0.11305143898959091	0.0017833672450024984
Mammals	K01857	0.0	0.0	0.0	0.0	0.0	0.0	12	0.0	
Mammals	K01858	0.061277014429097186	0.13672978747793704	-0.2909389181140687	0.413492946972263	-0.4143125156741235	1.1136764111760173	41	0.005123579128533451	0.8799728521456369
Mammals	K01866	0.08237572016075038	0.02780316521895343	0.010754766556726345	0.15399667376477444	-0.6206612946447185	0.2191435484243733	198	0.04286729245278964	0.003740883206788226
Mammals	K01869	0.0	0.0	0.0	0.0	0.0	0.0	197	0.0	
Mammals	K01870	0.026473150496824246	0.010082434490867282	0.0005007992483501249	0.05244550174529837	-0.2049570183092123	0.07947461871911778	197	0.034147327040992326	0.012413765734681004
Mammals	K01873	0.0	0.0	0.0	0.0	0.0	0.0	195	0.0	
Mammals	K01893	-0.016118780330048783	0.027038167253931857	-0.08576909917617724	0.05353153851607968	0.13506552751283948	0.2131970292111777	86	0.004213053709847814	1.2024818796363976
Mammals	K01907	0.0	0.0	0.0	0.0	0.0	0.0	21	0.0	
Mammals	K01910	0.13283843641444887	0.10983559454903118	-0.15009805514385544	0.41577492797275317	-1.0076776881488663	0.874784689353751	28	0.05326203372912475	0.39408183512068007
Mammals	K01911	0.0	0.0	0.0	0.0	0.0	0.0	44	0.0	
Mammals	K01912	0.06849194136774188	0.22625696691731292	-0.5143460054112563	0.65132988814674	-0.31255132316849144	1.841586437421434	30	0.0032621052502385117	0.9433305892561501
Mammals	K01915	0.8183037312831222	0.08743207440341177	0.5930787076199334	1.043528754946311	-6.014525964776552	0.6900946602596827	186	0.32252478093075565	0.0
Mammals	K01919	0.5924706648052352	0.08414972922062748	0.37570096233289885	0.8092403672775716	-4.448394147798606	0.6694359544429664	116	0.30305522359742965	1.9539925233402755e-14
Mammals	K01920	0.0	0.0	0.0	0.0	0.0	0.0	41	0.0	
Mammals	K01921	0.2447339552226802	0.05489063738725236	0.10333567331311813	0.3861322371322423	-1.82421018332238	0.43415041935811366	183	0.0989595318921559	3.1906432607087254e-06
Mammals	K01923	0.021233348127825968	0.019049602511501697	-0.02783842794180241	0.07030512419745434	-0.1563017952220863	0.15044946698678927	185	0.006743347137590949	0.45341697155226823
Mammals	K01924	0.006067533681132608	0.01112803324128953	-0.022598279948429223	0.03473334731069444	-0.044301063328067096	0.08787521598036305	194	0.0015460174371239033	0.8275681183663193
Mammals	K01925	0.015519441980521081	0.011051427347971555	-0.012949034867853646	0.04398791882889581	-0.11889864314881206	0.08727127237507011	195	0.010114469851633556	0.28495075664936564
Mammals	K01933	0.0	0.0	0.0	0.0	0.0	0.0	182	0.0	
Mammals	K01934	-0.0033211808726122775	0.010823120603101685	-0.03120153954620222	0.024559177800977664	0.02973070677281349	0.0851382959970695	191	0.0004979685755722718	1.0581846063807756
Mammals	K01935	0.11256473249937063	0.0656302863805422	-0.0564988852169061	0.28162835021564736	-0.7818740461492121	0.5170751666777917	100	0.029142415159004287	0.15370278615258126
Mammals	K01939	-0.007969515342400814	0.023494914163941418	-0.06849241422871391	0.052553383543912285	0.08067191114719124	0.1853315575806911	194	0.0005989005209336984	1.0706297527168216
Mammals	K01945	0.0	0.0	0.0	0.0	0.0	0.0	190	0.0	
Mammals	K01952	0.06167258481100948	0.078908855584013	-0.141596627173408	0.26494179679542695	-0.1164345227433759	0.6234483877691885	187	0.0032910119426726725	0.6778172253592765
Mammals	K01958	0.1332581334580172	0.07896900778742395	-0.07016603060238691	0.3366822975184213	-1.028399373838424	0.6314380070100556	68	0.04136047197537085	0.16319360372323732
Mammals	K01959	0.1332581334580172	0.07896900778742395	-0.07016603060238691	0.3366822975184213	-1.028399373838424	0.6314380070100556	68	0.04136047197537085	0.16319360372323732
Mammals	K01960	0.1332581334580172	0.07896900778742395	-0.07016603060238691	0.3366822975184213	-1.028399373838424	0.6314380070100556	68	0.04136047197537085	0.16319360372323732
Mammals	K02201	0.0	0.0	0.0	0.0	0.0	0.0	197	0.0	
Mammals	K02203	0.1071454279708876	0.07796290631734747	-0.09368701870259948	0.30797787464437465	-0.3718781446387958	0.6169183007261382	175	0.010799643214739363	0.30047021414634534
Mammals	K02204	0.0	0.0	0.0	0.0	0.0	0.0	167	0.0	
Mammals	K02226	0.027565926343418666	0.13285369661933957	-0.3146651961480001	0.3697970488348374	-0.18062357232137694	1.0942689299075592	15	0.003300795783615307	0.9729641497551835
Mammals	K02228	0.0	0.0	0.0	0.0	0.0	0.0	14	0.0	
Mammals	K02230	-0.24446642564851592	0.1756732039952636	-0.697000599140315	0.2080677478432831	2.287816310083931	1.420743882954385	33	0.058796215372828975	1.7085370234979904
Mammals	K02231	0.0	0.0	0.0	0.0	0.0	0.0	13	0.0	
Mammals	K02302	0.6321551352569553	0.1931029949239181	0.13472182033294228	1.1295884501809683	-4.538732437729915	1.5327211022198435	51	0.17946180894915376	0.0010888940971391925
Mammals	K02304	0.6321551352569553	0.1931029949239181	0.13472182033294228	1.1295884501809683	-4.538732437729915	1.5327211022198435	51	0.17946180894915376	0.0010888940971391925
Mammals	K02318	0.005529125656961302	0.016789498314383696	-0.0377206220008911	0.0487788733148137	0.6467022256926491	0.13233422194574054	198	0.0005530204229708957	0.9332868519370805
Mammals	K02361	0.26707595832549813	0.08470297485164482	0.04888109510766106	0.48527082154333523	-2.0456064851675224	0.6755746893868096	80	0.11305143898959091	0.0017833672450024984
Mammals	K02439	0.4424635033887453	0.12409927746801828	0.12278376463113017	0.7621432421463604	-3.4273920845279022	0.9956787073486182	29	0.32010601574417474	0.00030574551420325946
Mammals	K02488	0.7691411969088002	0.3620832415499432	-0.16358523332385344	1.701867627141454	-4.9910378297395335	2.9261608510459776	60	0.07218218307163604	0.05655160170730378
Mammals	K02492	0.0	0.0	0.0	0.0	0.0	0.0	142	0.0	
Mammals	K02551	0.0	0.0	0.0	0.0	0.0	0.0	106	0.0	
Mammals	K02552	0.26707595832549813	0.08470297485164482	0.04888109510766106	0.48527082154333523	-2.0456064851675224	0.6755746893868096	80	0.11305143898959091	0.0017833672450024984
Mammals	K02564	0.0001214279230750115	0.0518133482995437	-0.13334975729654955	0.13359261314269957	0.028533436487375725	0.4108251722216261	94	5.969884997458763e-08	0.9999965035028326
Mammals	K02609	0.0	0.0	0.0	0.0	0.0	0.0	21	0.0	
Mammals	K02610	0.0	0.0	0.0	0.0	0.0	0.0	21	0.0	
Mammals	K02611	0.0	0.0	0.0	0.0	0.0	0.0	21	0.0	
Mammals	K02612	0.0	0.0	0.0	0.0	0.0	0.0	21	0.0	
Mammals	K02613	0.0	0.0	0.0	0.0	0.0	0.0	21	0.0	
Mammals	K02619	0.0	0.0	0.0	0.0	0.0	0.0	10	0.0	
Mammals	K02626	0.0	0.0	0.0	0.0	0.0	0.0	43	0.0	
Mammals	K02805	0.0	0.0	0.0	0.0	0.0	0.0	21	0.0	
Mammals	K02825	-0.012293536612427521	0.01320363084262217	-0.04630608966302223	0.02171901643816719	0.10163114890249665	0.1048301673553372	169	0.005164185944204425	1.4241355913700384
Mammals	K02851	0.0	0.0	0.0	0.0	0.0	0.0	19	0.0	
Mammals	K02858	0.06054705738550017	0.04442089334677725	-0.053881163875798034	0.17497527864679838	-0.43194104386100685	0.3532883601239343	127	0.01464516085715073	0.3064359914582433
Mammals	K03077	0.13912336014095672	0.0658989474241839	-0.030632328423741	0.3088790487056544	-1.0708125400143282	0.5237205883164915	41	0.10256126405735955	0.058576729579117526
Mammals	K03181	0.0	0.0	0.0	0.0	0.0	0.0	24	0.0	
Mammals	K03274	0.0	0.0	0.0	0.0	0.0	0.0	57	0.0	
Mammals	K03335	0.12228018253947857	0.08991661498254747	-0.10934501765556372	0.3539053827345209	-0.961414104493074	0.7278571682884083	25	0.074424555100009	0.3080884329845479
Mammals	K03340	0.0	0.0	0.0	0.0	0.0	0.0	40	0.0	
Mammals	K03342	0.12591039744635377	0.09962669276028777	-0.1307279631041475	0.38254875799685506	-0.9003311710638383	0.7936024757970899	72	0.022308760759072843	0.36173684625433244
Mammals	K03394	0.0	0.0	0.0	0.0	0.0	0.0	24	0.0	
Mammals	K03417	0.023985902616393273	0.04382855664438807	-0.08891645929955039	0.13688826453233693	-0.17730053497695866	0.3518366318816676	46	0.006760813620908079	0.8264068710495964
Mammals	K03430	0.41267251577921704	0.18694090624716905	-0.06888725871349044	0.8942322902719245	-3.2822789482583854	1.5192126529408014	16	0.25820218707652487	0.044946114804076176
Mammals	K03431	0.0	0.0	0.0	0.0	0.0	0.0	191	0.0	
Mammals	K03465	0.05760955403294233	0.04817729243516393	-0.06649515128003997	0.1817142593459246	-0.41429496309816705	0.3775346110753337	57	0.025339322787056417	0.4024036292619373
Mammals	K03473	0.0	0.0	0.0	0.0	0.0	0.0	19	0.0	
Mammals	K03474	0.0	0.0	0.0	0.0	0.0	0.0	47	0.0	
Mammals	K03526	0.0	0.0	0.0	0.0	0.0	0.0	167	0.0	
Mammals	K03527	0.030068892539447414	0.01185625141775366	-0.00047281111268601336	0.06061059619158084	-0.23300513760970318	0.093633483712432	164	0.03818701291159088	0.01666104219589526
Mammals	K03707	-0.05427635877493772	0.11261445121079977	-0.3443711850939579	0.2358184675440825	0.5008649883053649	0.8899479534232017	48	0.005024440881483128	1.1374665151015488
Mammals	K03777	-0.1358321644199392	0.1482065377596099	-0.5176122056886944	0.24594787684881594	1.244127336556157	1.2021718272348692	29	0.03017182304053545	1.4141841645970268
Mammals	K03778	-0.1358321644199392	0.1482065377596099	-0.5176122056886944	0.24594787684881594	1.244127336556157	1.2021718272348692	29	0.03017182304053545	1.4141841645970268
Mammals	K03785	0.04563210130752876	0.0426411273952174	-0.06421144286255127	0.15547564547760878	-0.30916821235247666	0.3373009565267234	175	0.006576155224294444	0.4823618487970185
Mammals	K03786	0.04563210130752876	0.0426411273952174	-0.06421144286255127	0.15547564547760878	-0.30916821235247666	0.3373009565267234	175	0.006576155224294444	0.4823618487970185
Mammals	K03794	0.3840206126970855	0.12317520235284196	0.06672129143616456	0.7013199339580064	-2.980374095721588	0.9853549283086638	31	0.2510314294803424	0.002054155232212196
Mammals	K03856	0.1737800055696068	0.0530180826872239	0.03720542456731804	0.3103545865718955	-1.309683667548534	0.4199520987136738	133	0.07579629653515474	0.0010705147230232193
Mammals	K04042	-0.011183493828941578	0.013255641839718647	-0.04533002720805682	0.02296303955017366	0.7856949917789033	0.10480076918575591	165	0.004347839647863894	1.3643716599808355
Mammals	K04092	-0.1826977674258356	0.15461775915030604	-0.580993114997024	0.21559758014535274	1.7160738163071212	1.2333030200468627	48	0.02945806422198005	1.5888711973930258
Mammals	K04093	-0.1826977674258356	0.15461775915030604	-0.580993114997024	0.21559758014535274	1.7160738163071212	1.2333030200468627	48	0.02945806422198005	1.5888711973930258
Mammals	K04486	0.04051224440837638	0.05857042823986541	-0.11036517873751693	0.19138966755426967	-0.2822364623845536	0.4685950488903945	93	0.005229944986017032	0.7374358498357632
Mammals	K04516	-0.1826977674258356	0.15461775915030604	-0.580993114997024	0.21559758014535274	1.7160738163071212	1.2333030200468627	48	0.02945806422198005	1.5888711973930258
Mammals	K04517	0.0	0.0	0.0	0.0	0.0	0.0	100	0.0	
Mammals	K04720	0.06683912152264158	0.05545566035590237	-0.07601465955416291	0.20969290259944606	-0.5136993237618886	0.4491628826195384	51	0.0287929041149928	0.39660903903796596
Mammals	K05306	0.0	0.0	0.0	0.0	0.0	0.0	12	0.0	
Mammals	K05308	0.0	0.0	0.0	0.0	0.0	0.0	14	0.0	
Mammals	K05602	0.04051224440837638	0.05857042823986541	-0.11036517873751693	0.19138966755426967	-0.2822364623845536	0.4685950488903945	93	0.005229944986017032	0.7374358498357632
Mammals	K05774	0.0	0.0	0.0	0.0	0.0	0.0	12	0.0	
Mammals	K05822	0.0	0.0	0.0	0.0	0.0	0.0	39	0.0	
Mammals	K05878	-0.2381852268723639	0.12280011649392993	-0.5545183269607274	0.07814787321599961	2.59013731003937	0.9777429079961379	77	0.047765542502475555	1.9088306849484904
Mammals	K05879	-0.2381852268723639	0.12280011649392993	-0.5545183269607274	0.07814787321599961	2.59013731003937	0.9777429079961379	77	0.047765542502475555	1.9088306849484904
Mammals	K05881	-0.2381852268723639	0.12280011649392993	-0.5545183269607274	0.07814787321599961	2.59013731003937	0.9777429079961379	77	0.047765542502475555	1.9088306849484904
Mammals	K05887	0.1391140472729106	0.08000127082714148	-0.06696922637780586	0.3451973209236271	-0.9429319678945003	0.6348258906915497	153	0.019631815391767282	0.14587731575690377
Mammals	K05942	0.10164795807438083	0.2960475904727625	-0.6609706349834554	0.8642665511322172	-0.6097320260663708	2.3286527417664167	11	0.012929446780216236	0.9276965099241772
Mammals	K06001	0.27544799087032357	0.07528597084171469	0.0815113299820665	0.46938465175858063	-1.4506729560106808	0.5976463338454274	168	0.07462125351681237	0.0001990811748275867
Mammals	K06048	0.5924706648052352	0.08414972922062748	0.37570096233289885	0.8092403672775716	-4.448394147798606	0.6694359544429664	116	0.30305522359742965	1.9539925233402755e-14
Mammals	K06153	0.18119564359597604	0.036801240460407496	0.08639564816996632	0.27599563902198576	-1.397770724186592	0.29184540064887465	164	0.1301645385069301	1.983936548377585e-07
Mammals	K06208	-0.1826977674258356	0.15461775915030604	-0.580993114997024	0.21559758014535274	1.7160738163071212	1.2333030200468627	48	0.02945806422198005	1.5888711973930258
Mammals	K06209	-0.1826977674258356	0.15461775915030604	-0.580993114997024	0.21559758014535274	1.7160738163071212	1.2333030200468627	48	0.02945806422198005	1.5888711973930258
Mammals	K06211	0.0	0.0	0.0	0.0	0.0	0.0	22	0.0	
Mammals	K06447	0.0	0.0	0.0	0.0	0.0	0.0	10	0.0	
Mammals	K06718	0.0	0.0	0.0	0.0	0.0	0.0	13	0.0	
Mammals	K06879	0.0	0.0	0.0	0.0	0.0	0.0	98	0.0	
Mammals	K06966	0.0	0.0	0.0	0.0	0.0	0.0	29	0.0	
Mammals	K07127	0.1745603723708445	0.1588997003213647	-0.23476525565699094	0.58388600039868	-1.3622283005903235	1.3036801733391012	30	0.04132004433637426	0.46380541138649667
Mammals	K07142	0.06449570264414012	0.04638402245645067	-0.054989539203676815	0.18398094449195707	-0.44934316494075605	0.3665071349665049	169	0.011444825700777206	0.29204445516630084
Mammals	K07160	0.42218328489579676	0.1198635917902516	0.11341467244410863	0.7309518973474849	-3.1738967155259177	0.9624986561330418	70	0.15429068160586001	0.00037155003509159457
Mammals	K07173	0.0	0.0	0.0	0.0	0.0	0.0	54	0.0	
Mammals	K07404	0.0	0.0	0.0	0.0	0.0	0.0	95	0.0	
Mammals	K07558	0.03274669799673741	0.07852666181903363	-0.16953798284909324	0.23503137884256806	-0.231052572674449	0.6139428553416472	28	0.006644041105832721	0.8951996812724756
Mammals	K08302	-0.21563750600845358	0.275674126534335	-0.9257740559609005	0.49449904394399335	1.943304132476896	2.161973800320047	29	0.022159544202804637	1.3226222811959416
Mammals	K08316	0.6124098061689033	0.21093032865558106	0.06905327955212648	1.1557663327856802	-4.3662556217952275	1.6642621235982349	45	0.16390537306226938	0.004670726161798644
Mammals	K08323	0.23467166469431483	0.12365547383884809	-0.08386483591455784	0.5532081653031875	-1.7597831377667377	0.9912741064163053	61	0.05753196831227492	0.10097874554066388
Mammals	K08678	0.0	0.0	0.0	0.0	0.0	0.0	19	0.0	
Mammals	K08680	0.0	0.0	0.0	0.0	0.0	0.0	44	0.0	
Mammals	K08963	0.15001576270240688	0.11392951924521764	-0.14346667887327377	0.4434982042780875	-1.1695298225767221	0.9220712172373245	16	0.11019639439950979	0.33161616559328344
Mammals	K09007	0.10636824536615958	0.036564946729644096	0.012176942590596387	0.20055954814172278	-0.796543233334946	0.28914253950835134	143	0.056618989949255294	0.004574133517702306
Mammals	K09457	0.0	0.0	0.0	0.0	0.0	0.0	98	0.0	
Mammals	K09834	0.0	0.0	0.0	0.0	1.3862943611198906	0.0	18	0.0	
Mammals	K09882	-0.24446642564851592	0.1756732039952636	-0.697000599140315	0.2080677478432831	2.287816310083931	1.420743882954385	33	0.058796215372828975	1.7085370234979904
Mammals	K09883	-0.24446642564851592	0.1756732039952636	-0.697000599140315	0.2080677478432831	2.287816310083931	1.420743882954385	33	0.058796215372828975	1.7085370234979904
Mammals	K10524	0.0	0.0	0.0	0.0	0.0	0.0	22	0.0	
Mammals	K11067	0.0	0.0	0.0	0.0	0.0	0.0	55	0.0	
Mammals	K11204	0.5924706648052352	0.08414972922062748	0.37570096233289885	0.8092403672775716	-4.448394147798606	0.6694359544429664	116	0.30305522359742965	1.9539925233402755e-14
Mammals	K11205	0.5924706648052352	0.08414972922062748	0.37570096233289885	0.8092403672775716	-4.448394147798606	0.6694359544429664	116	0.30305522359742965	1.9539925233402755e-14
Mammals	K11391	0.6124098061689033	0.21093032865558106	0.06905327955212648	1.1557663327856802	-4.3662556217952275	1.6642621235982349	45	0.16390537306226938	0.004670726161798644
Mammals	K11528	-0.01118349382894158	0.013255641839718647	-0.04533002720805682	0.02296303955017366	0.09254781121895815	0.10480076918575591	165	0.004347839647863894	1.3643716599808355
Mammals	K11540	-0.20320893843135238	0.08244664532245018	-0.41559149678198404	0.009173619919279286	2.119012141404599	0.6518671565677153	179	0.03318263067314231	1.979087452214007
Mammals	K11541	-0.002970439874168403	0.011334841028194449	-0.03216899036279731	0.0262281106144605	0.027361911821727584	0.08963547568994161	178	0.000390057438565794	1.0427790827163124
Mammals	K11752	0.09645161199999505	0.041333113296318225	-0.010022487851320691	0.2029257118513108	-0.0072916137061053155	0.32715264937822497	161	0.03311320726933731	0.031223224413012618
Mammals	K11753	0.014626396399522784	0.018712613663583608	-0.03357729639786859	0.06283008919691416	-0.10436625815002235	0.14751097114570896	192	0.003205220633270889	0.6777729388098397
Mammals	K11755	0.10825724071590542	0.04183684781655205	0.0004855207404673295	0.21602896069134353	-0.18909507728672204	0.333048655057421	159	0.040903335517637696	0.014085419386475895
Mammals	K11787	0.019448652698369737	0.030138997228578646	-0.05818940416244886	0.09708670955918833	0.5105123268659447	0.23801258857777202	190	0.0022100531569405613	0.7671330541665342
Mammals	K11788	0.019448652698369737	0.030138997228578646	-0.05818940416244886	0.09708670955918833	0.5105123268659447	0.23801258857777202	190	0.0022100531569405613	0.7671330541665342
Mammals	K11808	0.2284444814895388	0.0719812154119988	0.0430208705882299	0.4138680923908477	-1.3569027465635366	0.5686373047954759	188	0.05136970114575923	0.0016415050391835884
Mammals	K12297	0.6124098061689033	0.21093032865558106	0.06905327955212648	1.1557663327856802	-4.3662556217952275	1.6642621235982349	45	0.16390537306226938	0.004670726161798644
Mammals	K12447	0.15852881369168675	0.09446570034436852	-0.08481483039540655	0.40187245777878006	-1.020023572734484	0.7428876212721643	147	0.019052238106548103	0.16648206251521125
Mammals	K12449	0.0	0.0	0.0	0.0	0.0	0.0	19	0.0	
Mammals	K12506	-0.02743799475915854	0.06925043656367129	-0.2058271193471758	0.15095112982885872	0.7642768526276905	0.5473402879701236	173	0.0009172021781460593	1.0951083909377215
Mammals	K12524	0.1455914504890411	0.06115057064221532	-0.011932419485305573	0.30311532046338774	-1.0174787567415073	0.482282410639259	191	0.02911889967875103	0.027087023461061843
Mammals	K12525	0.1455914504890411	0.06115057064221532	-0.011932419485305573	0.30311532046338774	-1.0174787567415073	0.482282410639259	191	0.02911889967875103	0.027087023461061843
Mammals	K12526	0.19619809007816796	0.055664221250733545	0.05280705613627834	0.3395891240200576	-0.8228879708834279	0.4393530556417119	194	0.06077246641224465	0.00036744976931535334
Mammals	K12657	-0.005782648935392336	0.01567046281554081	-0.046149761148225464	0.034584463277440795	0.7371656755653886	0.12429308108984218	159	0.0008665903263614938	1.0830388968336144
Mammals	K13038	0.0	0.0	0.0	0.0	0.0	0.0	185	0.0	
Mammals	K13069	0.7691411969088002	0.3620832415499432	-0.16358523332385344	1.701867627141454	-4.9910378297395335	2.9261608510459776	60	0.07218218307163604	0.05655160170730378
Mammals	K13243	0.2006642622293711	0.42173987013496916	-0.8857376432383095	1.2870661676970516	-0.5092445718615786	3.4465207434820653	43	0.0054913038319407415	0.8657819472161952
Mammals	K13244	0.2006642622293711	0.42173987013496916	-0.8857376432383095	1.2870661676970516	-0.5092445718615786	3.4465207434820653	43	0.0054913038319407415	0.8657819472161952
Mammals	K13245	0.2006642622293711	0.42173987013496916	-0.8857376432383095	1.2870661676970516	-0.5092445718615786	3.4465207434820653	43	0.0054913038319407415	0.8657819472161952
Mammals	K13246	0.2006642622293711	0.42173987013496916	-0.8857376432383095	1.2870661676970516	-0.5092445718615786	3.4465207434820653	43	0.0054913038319407415	0.8657819472161952
Mammals	K13273	0.0	0.0	0.0	0.0	0.0	0.0	30	0.0	
Mammals	K13421	0.010345719298196991	0.030611686301623052	-0.068509984614784	0.08920142321117797	-0.05445226393906028	0.24152372701349092	194	0.0005945485971828868	0.9298653388281641
Mammals	K13484	0.1745603723708445	0.1588997003213647	-0.23476525565699094	0.58388600039868	-1.3622283005903235	1.3036801733391012	30	0.04132004433637426	0.46380541138649667
Mammals	K13497	0.05419672897252913	0.027034002129044284	-0.015442860511888944	0.1238363184569472	-0.41659982020576936	0.21511258714294162	145	0.027337059348186865	0.07741158741057141
Mammals	K13498	-0.11444530945028875	0.06245577116977925	-0.2753313759836401	0.04644075708306261	0.9862760184072947	0.4998135442708413	117	0.02836965628672261	1.882065074343381
Mammals	K13501	-0.11444530945028875	0.06245577116977925	-0.2753313759836401	0.04644075708306261	0.9862760184072947	0.4998135442708413	117	0.02836965628672261	1.882065074343381
Mammals	K13540	0.0	0.0	0.0	0.0	0.0	0.0	24	0.0	
Mammals	K13542	0.22502549572842476	0.060625030688377386	0.0688554166751646	0.3811955747816849	-1.669837103973125	0.47964776986604907	125	0.10072701142893492	0.00015519803507224594
Mammals	K13543	0.22502549572842476	0.060625030688377386	0.0688554166751646	0.3811955747816849	-1.669837103973125	0.47964776986604907	125	0.10072701142893492	0.00015519803507224594
Mammals	K13562	0.17139832332907604	0.13615047461251964	-0.17932529927277455	0.5221219459309266	-1.0289025028863237	1.0799879759632391	112	0.014202662755773754	0.36461406394807794
Mammals	K13713	0.038007616598695664	0.030303419998618547	-0.04005399331774572	0.11606922651513704	0.3743042016644673	0.23925422919202305	191	0.008254606413814924	0.3673389187390965
Mammals	K13786	0.14178283687018392	0.14562918697030475	-0.2333579487653211	0.5169236225056889	-0.7644801128466081	1.180897500063679	72	0.013360142469187153	0.5469296259203882
Mammals	K13787	0.8959110593518049	0.24378795953461604	0.26791327559063394	1.523908843112976	-6.987195330259948	1.9489353863136698	13	0.5511181141375436	0.00018451830385179946
Mammals	K13789	0.8959110593518049	0.24378795953461604	0.26791327559063394	1.523908843112976	-6.987195330259948	1.9489353863136698	13	0.5511181141375436	0.00018451830385179946
Mammals	K13799	0.0	0.0	0.0	0.0	0.0	0.0	14	0.0	
Mammals	K13800	0.0	0.0	0.0	0.0	0.0	0.0	14	0.0	
Mammals	K13809	0.0	0.0	0.0	0.0	0.0	0.0	14	0.0	
Mammals	K13829	0.21488960767020843	0.08541076195953906	-0.00512851513756421	0.43490773047798104	-1.271183087117427	0.6756472364069961	186	0.03325816792771508	0.017777511734821783
Mammals	K13830	0.23461152883810568	0.06771468108272724	0.06017851036900029	0.40904454730721107	-0.37020463627623656	0.5354711268979231	190	0.06001971384460025	0.0004798161325276773
Mammals	K13832	0.24303500083082002	0.08501836134029234	0.02402770201822696	0.4620422996434131	-1.2552633844225392	0.6725406764688144	182	0.0434268059314632	0.0055040941999331405
Mammals	K13853	0.1465823581979789	0.10144277856408505	-0.1147342393831042	0.407898955779062	-0.8759571293573821	0.8052416115204962	145	0.014390960352305915	0.2646800761896886
Mammals	K13937	0.0	0.0	0.0	0.0	0.0	0.0	95	0.0	
Mammals	K13939	0.06449570264414012	0.04638402245645067	-0.054989539203676815	0.18398094449195707	-0.44934316494075605	0.3665071349665049	169	0.011444825700777206	0.29204445516630084
Mammals	K13940	0.06449570264414012	0.04638402245645067	-0.054989539203676815	0.18398094449195707	-0.44934316494075605	0.3665071349665049	169	0.011444825700777206	0.29204445516630084
Mammals	K13941	0.06449570264414012	0.04638402245645067	-0.054989539203676815	0.18398094449195707	-0.44934316494075605	0.3665071349665049	169	0.011444825700777206	0.29204445516630084
Mammals	K13950	-0.006898082310816129	0.08556633211442664	-0.22731695383757916	0.21352078921594692	0.11673821389512828	0.6785329302443864	67	9.997562664598725e-05	1.0041288862003643
Mammals	K13990	0.1704227739695765	0.18000434107894364	-0.2932684086497823	0.6341139565889353	-1.265601825427271	1.4357645876627374	15	0.06450417202098413	0.5651582609498456
Mammals	K13998	-0.007587577735883572	0.03547287623325399	-0.09896570691274587	0.08379055144097872	0.08199225095976223	0.28226134312364204	128	0.00036298216353014556	1.028706758639328
Mammals	K14152	0.10825724071590542	0.04183684781655205	0.0004855207404673295	0.21602896069134353	-0.18909507728672204	0.333048655057421	159	0.040903335517637696	0.014085419386475895
Mammals	K14153	0.019618367512736785	0.09817613797046247	-0.23328336389917456	0.2725200989246481	0.5325829945890528	0.7768173311671684	150	0.00026973355051740366	0.9748993167149922
Mammals	K14154	0.10932901219601099	0.09730514329340437	-0.1413290369277987	0.35998706131982067	-0.37457617444228836	0.7696752300917513	132	0.009617426875055068	0.4476816059017734
Mammals	K14170	-0.1826977674258356	0.15461775915030604	-0.580993114997024	0.21559758014535274	1.7160738163071212	1.2333030200468627	48	0.02945806422198005	1.5888711973930258
Mammals	K14187	-0.1413997547779964	0.12025279632917081	-0.4511709581219404	0.16837144856594763	1.3728909327326682	0.959130849226621	117	0.011880063601056645	1.5853048299379755
Mammals	K14267	0.0	0.0	0.0	0.0	0.0	0.0	15	0.0	
Mammals	K14541	-0.4489959506475444	0.34281543702953615	-1.3320885164356295	0.43409661514054076	3.8713243610535693	2.8130628259845842	11	0.16008694926624034	1.6644734853333512
Mammals	K14652	0.32325273931691223	0.09191765405512561	0.08647286247090863	0.5600326161629159	-2.030732652700131	0.7270656761682351	157	0.07389500657976478	0.0003807074777313346
Mammals	K14656	0.010905441229388548	0.010849383644234383	-0.017042571038159225	0.03885345349693632	-0.08228050574683027	0.0855253652143693	192	0.005289558517565518	0.5255996602123272
Mammals	K14681	0.0	0.0	0.0	0.0	0.0	0.0	55	0.0	
Mammals	K14682	0.0	0.0	0.0	0.0	0.0	0.0	55	0.0	
Mammals	K14727	0.0	0.0	0.0	0.0	0.0	0.0	24	0.0	
Mammals	K14759	-0.08154233274747603	0.14261785241307512	-0.4489259205635575	0.28584125506860547	1.3074474211274185	1.1363323905341154	113	0.0029364212065239315	1.1878845006673728
Mammals	K14760	0.0	0.0	0.0	0.0	0.0	0.0	44	0.0	
Mammals	K15461	-0.019864123807997378	0.12403472600684079	-0.3393775780016193	0.29964933038562447	0.41608737543113117	0.976138324031532	56	0.0004747361019632468	1.0161953976488838
Mammals	K15789	0.0	0.0	0.0	0.0	0.0	0.0	18	0.0	
Mammals	K15918	0.14598756698200208	0.11747389198047381	-0.15662517875969847	0.4486003127237026	-0.9565099241341625	0.9361883309432987	118	0.013138543537652758	0.3741227964098899
Mammals	K16011	0.08660269138142888	0.09930682273657283	-0.16921168398798275	0.34241706675084055	-0.6708278735924009	0.7990889747360187	27	0.029522297777000217	0.6162174710126358
Mammals	K16171	0.0	0.0	0.0	0.0	0.0	0.0	12	0.0	
Mammals	K16329	0.0	0.0	0.0	0.0	0.0	0.0	21	0.0	
Mammals	K16330	0.0	0.0	0.0	0.0	0.0	0.0	21	0.0	
Mammals	K16371	-0.21563750600845358	0.275674126534335	-0.9257740559609005	0.49449904394399335	1.943304132476896	2.161973800320047	29	0.022159544202804637	1.3226222811959416
Mammals	K16881	0.08660269138142888	0.09930682273657283	-0.16921168398798275	0.34241706675084055	-0.6708278735924009	0.7990889747360187	27	0.029522297777000217	0.6162174710126358
Mammals	K17877	0.09748881880563695	0.19814794578883702	-0.41294028954640716	0.6079179271576811	0.5264176277047926	1.6183781575790732	44	0.005730405255439108	0.8571838793164135
Mammals	K18240	0.0	0.0	0.0	0.0	0.0	0.0	24	0.0	
Mammals	K18365	0.019981109313124027	0.2386879323922434	-0.594879004529295	0.634841223155543	-0.06585430434762903	1.9707913651243845	14	0.0005836378861613367	0.9955486678930818
Mammals	K18482	0.0	0.0	0.0	0.0	0.0	0.0	10	0.0	
Mammals	K18592	0.18091825732200736	0.08312223599370079	-0.03320462259776588	0.3950411372417806	-1.4109435964664443	0.6759128452981842	47	0.09524631931573324	0.04900391143010974
Mammals	K18649	0.04051224440837638	0.05857042823986541	-0.11036517873751693	0.19138966755426967	-0.2822364623845536	0.4685950488903945	93	0.005229944986017032	0.7374358498357632
Mammals	K18859	0.027453396953314602	0.02967833339395284	-0.048997989869507916	0.10390478377613711	-0.20776520211874117	0.23830662310268166	56	0.015598812223635017	0.5799896391863251
Mammals	K18860	0.027453396953314602	0.02967833339395284	-0.048997989869507916	0.10390478377613711	-0.20776520211874117	0.23830662310268166	56	0.015598812223635017	0.5799896391863251
Mammals	K19107	0.0	0.0	0.0	0.0	0.0	0.0	39	0.0	
Mammals	K19269	0.12515139116372298	0.049321624299614335	-0.00190111303208354	0.2522038953595295	-0.9762564827933286	0.3922969622803984	38	0.15171718905847809	0.01658944013752217
Mammals	K19285	0.17139832332907604	0.13615047461251964	-0.17932529927277455	0.5221219459309266	-1.0289025028863237	1.0799879759632391	112	0.014202662755773754	0.36461406394807794
Mammals	K19286	0.17139832332907604	0.13615047461251964	-0.17932529927277455	0.5221219459309266	-1.0289025028863237	1.0799879759632391	112	0.014202662755773754	0.36461406394807794
Mammals	K19302	0.18119564359597604	0.036801240460407496	0.08639564816996632	0.27599563902198576	-1.397770724186592	0.29184540064887465	164	0.1301645385069301	1.983936548377585e-07
Mammals	K19562	0.06546023813964266	0.08147914140042252	-0.14443003010784575	0.2753505063871311	0.13599852202501306	0.6415514682293827	102	0.006413101745044059	0.6630493091577976
Mammals	K19712	0.0	0.0	0.0	0.0	0.0	0.0	13	0.0	
Mammals	K19726	0.3248584485498341	0.09776921352754966	0.07300495450286615	0.576711942596802	-2.266127152478737	0.7748767450567021	171	0.061321696796350356	0.0008862377671472466
Mammals	K19964	0.1745603723708445	0.1588997003213647	-0.23476525565699094	0.58388600039868	-1.3622283005903235	1.3036801733391012	30	0.04132004433637426	0.46380541138649667
Mammals	K20023	0.11291105325096308	0.11684317068880956	-0.18807695444341038	0.4138990609453365	-0.8697408858488322	0.9525583975503911	14	0.07220033540981807	0.5518425602523052
Mammals	K21219	0.019618367512736785	0.09817613797046247	-0.23328336389917456	0.2725200989246481	0.5325829945890528	0.7768173311671684	150	0.00026973355051740366	0.9748993167149922
Mammals	K21220	0.013699591764992834	0.06684180347715295	-0.15848489399215315	0.1858840775221388	0.006778679744765648	0.5288978673120134	124	0.000344198991119371	0.9736120910752146
Mammals	K21456	0.0	0.0	0.0	0.0	0.0	0.0	41	0.0	
Mammals	K22223	0.12515139116372298	0.049321624299614335	-0.00190111303208354	0.2522038953595295	-0.9762564827933286	0.3922969622803984	38	0.15171718905847809	0.01658944013752217
Mammals	K22251	0.01947053582558425	0.10457851887860738	-0.24992372880570837	0.2888648004568769	-0.1262113293195436	0.8403296115458744	23	0.001647916746286393	0.9781743143650754
Mammals	K22305	0.0	0.0	0.0	0.0	0.0	0.0	128	0.0	
Mammals	K22316	0.027565926343418666	0.13285369661933957	-0.3146651961480001	0.3697970488348374	-0.18062357232137694	1.0942689299075592	15	0.003300795783615307	0.9729641497551835
Mammals	K22373	0.392962422359544	0.34643032774065463	-0.49944210190038235	1.2853669466194704	-2.8691227835800484	2.7646487964319553	24	0.055253866919662054	0.4408170535417508
Mammals	K22391	0.10636824536615958	0.036564946729644096	0.012176942590596387	0.20055954814172278	-0.796543233334946	0.28914253950835134	143	0.056618989949255294	0.004574133517702306
Mammals	K22476	0.0	0.0	0.0	0.0	0.0	0.0	55	0.0	
Mammals	K22477	0.0	0.0	0.0	0.0	0.0	0.0	55	0.0	
Mammals	K22478	0.0	0.0	0.0	0.0	0.0	0.0	55	0.0	
Mammals	K22515	0.4347778717237594	0.2180159789886539	-0.12683129015101308	0.9963870335985319	-2.856574939385357	1.7265651784402316	74	0.05234508813095562	0.07951161835732146
Mammals	K22920	0.2485442490039236	0.06877110523274264	0.07138988192437856	0.42569861608346865	-1.8266694930840237	0.5401888028190455	143	0.08478150189937206	0.0002447545669235218
Mammals	K22949	0.010905441229388548	0.010849383644234383	-0.017042571038159225	0.03885345349693632	-0.08228050574683027	0.0855253652143693	192	0.005289558517565518	0.5255996602123272
Mammals	K23123	0.42218328489579676	0.1198635917902516	0.11341467244410863	0.7309518973474849	-3.1738967155259177	0.9624986561330418	70	0.15429068160586001	0.00037155003509159457
Mammals	K23124	0.42218328489579676	0.1198635917902516	0.11341467244410863	0.7309518973474849	-3.1738967155259177	0.9624986561330418	70	0.15429068160586001	0.00037155003509159457
Mammals	K23144	0.30541612520838146	0.08669353656085302	0.08209357502762407	0.5287386753891389	-1.5490636638868893	0.6849501353314852	189	0.062238790447172954	0.0003703153925433966
Mammals	K23264	0.06167258481100948	0.078908855584013	-0.141596627173408	0.26494179679542695	-0.1164345227433759	0.6234483877691885	187	0.0032910119426726725	0.6778172253592765
Mammals	K23265	0.06167258481100948	0.078908855584013	-0.141596627173408	0.26494179679542695	-0.1164345227433759	0.6234483877691885	187	0.0032910119426726725	0.6778172253592765
Mammals	K23269	0.06167258481100948	0.078908855584013	-0.141596627173408	0.26494179679542695	-0.1164345227433759	0.6234483877691885	187	0.0032910119426726725	0.6778172253592765
Mammals	K23270	0.06167258481100948	0.078908855584013	-0.141596627173408	0.26494179679542695	-0.1164345227433759	0.6234483877691885	187	0.0032910119426726725	0.6778172253592765
Mammals	K23304	0.27209315801523504	0.06305528846056702	0.10966273494081441	0.43452358108965566	-2.073245323467673	0.4994605245122618	170	0.09977753566196079	7.108621403517645e-06
Mammals	K23987	0.02011581169619513	0.11912927787820363	-0.2867612081180574	0.32699283151044767	0.27854312290522976	0.9493749299431165	101	0.0002879239874381545	0.9820120119719702
Mammals	K24017	0.2792541151405952	0.08864097350718912	0.05091496738607604	0.5075932628951144	-1.6903137574683311	0.705457918577825	149	0.06324672124399666	0.001802743475689761
Mammals	K24018	0.20368056558306163	0.084207525464351	-0.013238020013106533	0.4205991511792298	-1.2539893204445338	0.6660708093925625	188	0.030495397922376766	0.024123190743913003
Mammals	K24042	0.523326871599089	0.09834816632523873	0.269981995145274	0.776671748052904	-3.7485519074863523	0.7858056225621417	126	0.1858965906635216	1.4842619133759172e-08
Mammals	K24263	0.20123742877440562	0.1519610015657215	-0.190214111258893	0.5926889688077043	-1.51847415411957	1.2305246250489668	29	0.06099013774454143	0.32744513819913124
Mammals	K24866	0.30889242337684675	0.0829380477289695	0.09524401242702132	0.5225408343266722	-2.3958518908870032	0.6583061851588231	51	0.22062601484832234	0.00014619999588560972
Mammals	K25004	0.142089735759573	0.05824971970168631	-0.007961542191970927	0.29214101371111695	-1.0697887648033102	0.46517915502319684	119	0.04839585817538483	0.022639280983244747
Mammals	K25009	0.14208973575957295	0.05824971970168631	-0.007961542191970983	0.2921410137111169	-0.37664158424336436	0.4651791550231968	119	0.048395858175385165	0.02263928098324497
Mammals	K25031	0.21563670379018285	0.08593620337592765	-0.005734956106206779	0.4370083636865725	-1.6294717889724477	0.686875380198829	97	0.06215827976786692	0.018162077674444665
Mammals	K25528	0.0	0.0	0.0	0.0	0.0	0.0	128	0.0	
Mammals	K25801	0.027453396953314602	0.02967833339395284	-0.048997989869507916	0.10390478377613711	-0.20776520211874117	0.23830662310268166	56	0.015598812223635017	0.5799896391863251
Mammals	K25995	0.027453396953314602	0.02967833339395284	-0.048997989869507916	0.10390478377613711	-0.20776520211874117	0.23830662310268166	56	0.015598812223635017	0.5799896391863251
Mammals	K25996	0.027453396953314602	0.02967833339395284	-0.048997989869507916	0.10390478377613711	-0.20776520211874117	0.23830662310268166	56	0.015598812223635017	0.5799896391863251
Mammals	K26110	0.0	0.0	0.0	0.0	0.0	0.0	43	0.0	
Mammals	K26138	0.09748881880563695	0.19814794578883702	-0.41294028954640716	0.6079179271576811	0.5264176277047926	1.6183781575790732	44	0.005730405255439108	0.8571838793164135
Mammals	K26139	0.09748881880563695	0.19814794578883702	-0.41294028954640716	0.6079179271576811	0.5264176277047926	1.6183781575790732	44	0.005730405255439108	0.8571838793164135
Mammals	K27797	-0.10356673451812444	0.155481375174437	-0.5040867569674742	0.2969532879312253	0.9818235716971964	1.247426930437055	40	0.011541405635076218	1.2460766281332654
Mammals	K27802	0.0	0.0	0.0	0.0	0.0	0.0	17	0.0	
Mammals	K28126	0.0	0.0	0.0	0.0	0.0	0.0	191	0.0	
Mammals	K28192	-0.01118349382894158	0.013255641839718647	-0.04533002720805682	0.02296303955017366	0.09254781121895815	0.10480076918575591	165	0.004347839647863894	1.3643716599808355
Mammals	K28203	0.12515139116372298	0.049321624299614335	-0.00190111303208354	0.2522038953595295	-0.9762564827933286	0.3922969622803984	38	0.15171718905847809	0.01658944013752217
Mammals	K28207	0.07378270125754997	0.09272290702557263	-0.16507150724032515	0.3126369097554251	-0.546266028574582	0.7398712115810131	33	0.0200166785437057	0.6682438145204688
Mammals	K28208	0.07378270125754997	0.09272290702557263	-0.16507150724032515	0.3126369097554251	-0.546266028574582	0.7398712115810131	33	0.0200166785437057	0.6682438145204688
Mammals	K28660	0.2485442490039236	0.06877110523274264	0.07138988192437856	0.42569861608346865	-1.8266694930840237	0.5401888028190455	143	0.08478150189937206	0.0002447545669235218
Food production	K00005	0.06710272751261377	0.12251468879208571	-0.24849511081579906	0.3827005658410266	-0.48177253025326877	0.9859058173904313	24	0.013452388244007962	0.8261504704074221
Food production	K00010	0.004626947349095496	0.18190089699705161	-0.46394976331530946	0.4732036580135005	0.054349691477693515	1.4980833716013426	15	4.9768490296919765e-05	0.9995881774576496
Food production	K00014	0.3381373897802619	0.11822491118367882	0.03359001857110527	0.6426847609894186	-2.5753894255894605	0.9569230859003159	78	0.09717577447155279	0.005474081693602306
Food production	K00021	0.0	0.0	0.0	0.0	0.0	0.0	51	0.0	
Food production	K00027	0.24292492404005994	0.13798240805604506	-0.11251775911231215	0.598367607192432	-1.7967361265157629	1.1247055061892262	48	0.06312760627115199	0.13900769011151848
Food production	K00028	0.24292492404005994	0.13798240805604506	-0.11251775911231215	0.598367607192432	-1.7967361265157629	1.1247055061892262	48	0.06312760627115199	0.13900769011151848
Food production	K00029	0.39685671987517895	0.15575743031304876	-0.004374420611234664	0.7980878603615926	-3.0527196155685083	1.2584465704361367	23	0.23613785884319938	0.016037045334555966
Food production	K00060	0.0	0.0	0.0	0.0	0.0	0.0	14	0.0	
Food production	K00067	0.019682383816529626	0.051804730568544594	-0.11376660212804127	0.1531313697611005	-0.13189846387152776	0.4191456857849119	51	0.00293726384641535	0.9122000000363928
Food production	K00077	0.26551064443746364	0.10288375536355651	0.0004820906209420661	0.5305391982539852	-2.063960954700889	0.8390267833214808	35	0.16792610493414994	0.014409768850769833
Food production	K00082	-0.09107511279814123	0.10267986483673196	-0.35557844461756277	0.1734282190212803	0.8679976338629843	0.8330892105992727	78	0.010245724017153734	1.3939855835273605
Food production	K00099	0.12297102928446257	0.0541111167520944	-0.016419207468932606	0.26236126603785775	-0.9833523736217081	0.44391414297044535	56	0.08729131675282797	0.037333819507586075
Food production	K00107	0.0	0.0	0.0	0.0	0.0	0.0	10	0.0	
Food production	K00108	0.0608397610143988	0.07738150254891622	-0.13849498955160938	0.260174511580407	-0.4761411370363905	0.6375729405248118	28	0.02322323174100205	0.6746692678197364
Food production	K00121	-0.02828566310297134	0.18269099938579764	-0.49889767752078606	0.44232635131484344	0.38310892137903585	1.5161102043644175	28	0.0009211383166842779	1.015144987278246
Food production	K00122	0.3085991832773935	0.36666687708107193	-0.6359346920834479	1.2531330586382348	-1.7948050362637868	3.012078428260443	35	0.021013999942525063	0.6370240702684875
Food production	K00123	0.3085991832773935	0.36666687708107193	-0.6359346920834479	1.2531330586382348	-1.7948050362637868	3.012078428260443	35	0.021013999942525063	0.6370240702684875
Food production	K00124	0.3085991832773935	0.36666687708107193	-0.6359346920834479	1.2531330586382348	-1.7948050362637868	3.012078428260443	35	0.021013999942525063	0.6370240702684875
Food production	K00126	0.3085991832773935	0.36666687708107193	-0.6359346920834479	1.2531330586382348	-1.7948050362637868	3.012078428260443	35	0.021013999942525063	0.6370240702684875
Food production	K00127	0.3085991832773935	0.36666687708107193	-0.6359346920834479	1.2531330586382348	-1.7948050362637868	3.012078428260443	35	0.021013999942525063	0.6370240702684875
Food production	K00133	-0.03471462417228084	0.036841690458131196	-0.12961881879242682	0.06018957044786512	0.3002828720091221	0.2966338194408395	99	0.009070202657301407	1.4317711199649135
Food production	K00147	0.01699123025713061	0.025763358726490812	-0.04937518182230972	0.08335764233657095	-0.12878331930388617	0.2082606938843088	82	0.005407541538046012	0.758129408956635
Food production	K00148	-0.837299202811478	0.3192421204037908	-1.659666904971643	-0.014931500651312879	7.243278698229009	2.7183691155635903	12	0.40754543459411263	1.9874654165308523
Food production	K00156	0.0	0.0	0.0	0.0	0.0	0.0	16	0.0	
Food production	K00158	0.06534646904142456	0.3863053093504135	-0.9297760078452406	1.0604689459280898	-0.13881615607769449	2.98987311953145	26	0.0011908420760218252	0.9819484965073864
Food production	K00211	0.0	0.0	0.0	0.0	0.0	0.0	15	0.0	
Food production	K00220	0.0	0.0	0.0	0.0	0.0	0.0	32	0.0	
Food production	K00228	0.28752745907365423	0.22706657204331088	-0.29739603050991464	0.8724509486572232	-1.7872582262926775	1.8876356988737606	29	0.05605753607750252	0.3603136026313347
Food production	K00231	0.018649437001121864	0.10411504609940096	-0.24955092175093502	0.28684979575317876	-0.12384509838435717	0.8406686490069466	26	0.0013350975690538114	0.9797811397604119
Food production	K00233	-0.03742816751340332	0.0876370817622664	-0.26318129013300157	0.1883249551061949	0.33276853788476274	0.7271679776787361	31	0.006250292330485574	1.1096302965215277
Food production	K00234	-0.03742816751340332	0.0876370817622664	-0.26318129013300157	0.1883249551061949	0.33276853788476274	0.7271679776787361	31	0.006250292330485574	1.1096302965215277
Food production	K00235	-0.03742816751340332	0.0876370817622664	-0.26318129013300157	0.1883249551061949	0.33276853788476274	0.7271679776787361	31	0.006250292330485574	1.1096302965215277
Food production	K00236	-0.03742816751340332	0.0876370817622664	-0.26318129013300157	0.1883249551061949	0.33276853788476274	0.7271679776787361	31	0.006250292330485574	1.1096302965215277
Food production	K00237	-0.03742816751340332	0.0876370817622664	-0.26318129013300157	0.1883249551061949	0.33276853788476274	0.7271679776787361	31	0.006250292330485574	1.1096302965215277
Food production	K00239	-0.03742816751340332	0.0876370817622664	-0.26318129013300157	0.1883249551061949	0.33276853788476274	0.7271679776787361	31	0.006250292330485574	1.1096302965215277
Food production	K00240	-0.03742816751340332	0.0876370817622664	-0.26318129013300157	0.1883249551061949	0.33276853788476274	0.7271679776787361	31	0.006250292330485574	1.1096302965215277
Food production	K00241	-0.03742816751340332	0.0876370817622664	-0.26318129013300157	0.1883249551061949	0.33276853788476274	0.7271679776787361	31	0.006250292330485574	1.1096302965215277
Food production	K00242	-0.03742816751340332	0.0876370817622664	-0.26318129013300157	0.1883249551061949	0.33276853788476274	0.7271679776787361	31	0.006250292330485574	1.1096302965215277
Food production	K00244	-0.03742816751340332	0.0876370817622664	-0.26318129013300157	0.1883249551061949	0.33276853788476274	0.7271679776787361	31	0.006250292330485574	1.1096302965215277
Food production	K00245	-0.03742816751340332	0.0876370817622664	-0.26318129013300157	0.1883249551061949	0.33276853788476274	0.7271679776787361	31	0.006250292330485574	1.1096302965215277
Food production	K00246	-0.03742816751340332	0.0876370817622664	-0.26318129013300157	0.1883249551061949	0.33276853788476274	0.7271679776787361	31	0.006250292330485574	1.1096302965215277
Food production	K00247	-0.03742816751340332	0.0876370817622664	-0.26318129013300157	0.1883249551061949	0.33276853788476274	0.7271679776787361	31	0.006250292330485574	1.1096302965215277
Food production	K00254	-0.1341417696546434	0.0668039962825275	-0.30622886407843425	0.03794532476914747	1.1502023725602375	0.5369109405962753	95	0.04155354530123301	1.9232242622062434
Food production	K00288	0.06567762605336784	0.05570195732866056	-0.07781061602526178	0.20916586813199745	-0.4814878875414821	0.4502509620220521	71	0.019750652676886138	0.41268824186010766
Food production	K00297	0.029143009700497782	0.07429504640284605	-0.16224102983323363	0.22052704923422922	-0.18427601547460357	0.6036856685403281	53	0.0030079499409215726	0.9066891723343842
Food production	K00299	0.0022792292922252213	0.15780393682547086	-0.4042237119701877	0.40878217055463817	0.41718028193529605	1.270566979801857	87	2.45425891209905e-06	0.9998672019637607
Food production	K00300	0.06567762605336784	0.05570195732866056	-0.07781061602526178	0.20916586813199745	-0.4814878875414821	0.4502509620220521	71	0.019750652676886138	0.41268824186010766
Food production	K00301	0.04846376058837565	0.49321014086103976	-1.2220455622696629	1.318973083446414	-0.02919741700878281	4.16991309750816	12	0.000964608533819411	0.9938720351115307
Food production	K00302	0.04846376058837565	0.49321014086103976	-1.2220455622696629	1.318973083446414	-0.02919741700878281	4.16991309750816	12	0.000964608533819411	0.9938720351115307
Food production	K00303	0.04846376058837565	0.49321014086103976	-1.2220455622696629	1.318973083446414	-0.02919741700878281	4.16991309750816	12	0.000964608533819411	0.9938720351115307
Food production	K00304	0.04846376058837565	0.49321014086103976	-1.2220455622696629	1.318973083446414	-0.02919741700878281	4.16991309750816	12	0.000964608533819411	0.9938720351115307
Food production	K00305	0.04846376058837565	0.49321014086103976	-1.2220455622696629	1.318973083446414	-0.02919741700878281	4.16991309750816	12	0.000964608533819411	0.9938720351115307
Food production	K00306	0.1835779529127188	0.47835903808785923	-1.0486749292016067	1.4158308350270443	-1.1132643529990462	4.044352402713417	12	0.014513882023180158	0.910502120847704
Food production	K00361	0.0029895088656707856	0.16758961432711536	-0.4287213376409784	0.43470035537232	1.2873267773283912	1.3858795185685926	28	1.223846147935248e-05	0.9997974456271099
Food production	K00362	0.002989508865670771	0.16758961432711536	-0.4287213376409784	0.43470035537232	0.5941795967684463	1.3858795185685926	28	1.2238461479574525e-05	0.9997974456271099
Food production	K00363	0.002989508865670771	0.16758961432711536	-0.4287213376409784	0.43470035537232	0.5941795967684463	1.3858795185685926	28	1.2238461479574525e-05	0.9997974456271099
Food production	K00364	0.0	0.0	0.0	0.0	0.0	0.0	51	0.0	
Food production	K00384	-0.03319255711625888	0.06853478986414661	-0.20973817580630055	0.1433530615737828	0.3429552054256213	0.5503556221121012	101	0.0023637214186302824	1.1387128784379854
Food production	K00390	0.0	0.0	0.0	0.0	0.0	0.0	50	0.0	
Food production	K00451	0.0	0.0	0.0	0.0	0.0	0.0	13	0.0	
Food production	K00455	0.0	0.0	0.0	0.0	0.0	0.0	10	0.0	
Food production	K00544	0.022837100125004724	0.10578783429271613	-0.24967236101303203	0.2953465612630415	-0.15703525204555813	0.8424815721013416	28	0.0017892019998494435	0.9707676216278389
Food production	K00548	0.0	0.0	0.0	0.0	0.0	0.0	39	0.0	
Food production	K00549	-0.1675510640270295	0.12942286289562066	-0.5009443588461483	0.16584223079208935	1.6023770938501394	1.041153611397206	78	0.021576726559069948	1.6559508356995423
Food production	K00560	0.05347834849171	0.06363854596917896	-0.11045454592489502	0.21741124290831504	-0.3738723543850304	0.5071836686240504	80	0.008972359008252662	0.6379035280023602
Food production	K00564	-0.47540952064420494	0.4640521915435734	-1.6708079660604502	0.7199889247720402	4.263652710804573	3.8813641923445217	23	0.0475995023660617	1.4873503870080276
Food production	K00603	-0.09635934401385737	0.062270747299431176	-0.2567687890571921	0.06405010102947734	0.8439612700668049	0.4996747172580966	97	0.024585835247583288	1.782248864180444
Food production	K00608	-0.0020683066284949247	0.02240305044501532	-0.059778564574854386	0.05564195131786454	0.02380943705974725	0.17983345721595473	96	9.066680303460029e-05	1.0054115030279216
Food production	K00609	-0.0020683066284949247	0.02240305044501532	-0.059778564574854386	0.05564195131786454	0.02380943705974725	0.17983345721595473	96	9.066680303460029e-05	1.0054115030279216
Food production	K00610	-0.0020683066284949247	0.02240305044501532	-0.059778564574854386	0.05564195131786454	0.02380943705974725	0.17983345721595473	96	9.066680303460029e-05	1.0054115030279216
Food production	K00618	0.0	0.0	0.0	0.0	0.0	0.0	22	0.0	
Food production	K00619	0.0	0.0	0.0	0.0	0.0	0.0	22	0.0	
Food production	K00620	0.28091336429816177	0.1151501646776336	-0.015713459911422367	0.5775401885077459	-2.0934859455319033	0.9346214875846813	66	0.08507844806462661	0.022623893847952825
Food production	K00639	0.0	0.0	0.0	0.0	0.0	0.0	29	0.0	
Food production	K00640	0.5854701238836799	0.11671472466133019	0.2848129931560933	0.8861272546112665	-4.545312661096637	0.9469174946235352	77	0.2512186737256088	1.1040538705486824e-07
Food production	K00641	-0.158650266743732	0.11496514267220591	-0.45480047426733444	0.13749994077987043	1.3779010894298374	0.9433805184643103	36	0.053039820763038925	1.702503786053832
Food production	K00651	-0.158650266743732	0.11496514267220591	-0.45480047426733444	0.13749994077987043	1.3779010894298374	0.9433805184643103	36	0.053039820763038925	1.702503786053832
Food production	K00652	0.0	0.0	0.0	0.0	0.0	0.0	24	0.0	
Food production	K00674	0.0	0.0	0.0	0.0	0.0	0.0	37	0.0	
Food production	K00681	0.6841952128431502	0.20384089847471748	0.15910105837227795	1.2092893673140224	-5.406491316479254	1.6882333389199782	34	0.260392619512421	0.0007675668728497342
Food production	K00748	-0.07447379634244937	0.09230638034902099	-0.31225503212152744	0.16330743943662868	0.6429742004894943	0.7676849913728137	29	0.023541470255426966	1.3392658674389155
Food production	K00761	-0.027702046983033378	0.0283166603715515	-0.10064576410015003	0.04524167013408328	0.23610151404854277	0.22737863555629978	100	0.009671478492692787	1.4562599589147907
Food production	K00763	0.0576407562824097	0.07187334429936526	-0.12750497863275523	0.24278649119757462	-0.3627888910243922	0.5764090447590108	91	0.007174744563226199	0.6640135540676337
Food production	K00764	0.011329518863378848	0.0218651911426702	-0.04499521352013959	0.06765425124689729	-0.08402356707140375	0.17609685061307603	97	0.0028181696178689597	0.8428878023627062
Food production	K00766	0.0	0.0	0.0	0.0	0.0	0.0	72	0.0	
Food production	K00767	0.08628341854172059	0.11227435478917232	-0.2029353193951873	0.3755021564786285	-0.5275491432915796	0.9126883961982188	68	0.008869121859647833	0.6866107567383595
Food production	K00768	0.0	0.0	0.0	0.0	0.0	0.0	36	0.0	
Food production	K00788	-0.04794146102262124	0.07764738324317194	-0.24796112025703215	0.1520781982117897	0.47167347168860146	0.6279634724491523	74	0.00526675381214281	1.2154840629886325
Food production	K00790	-0.05835641992553612	0.10869924799275	-0.3383656827548602	0.22165284290378792	0.8040026547883266	0.8725899006681048	103	0.0028455437228559477	1.1676369608645918
Food production	K00793	0.0	0.0	0.0	0.0	0.0	0.0	18	0.0	
Food production	K00800	0.0	0.0	0.0	0.0	0.0	0.0	77	0.0	
Food production	K00804	0.0	0.0	0.0	0.0	0.0	0.0	11	0.0	
Food production	K00820	0.01945553583082026	0.027740265579676644	-0.052003388302426776	0.09091445996406729	-0.14243049349811782	0.22266660411563494	102	0.004894791114985253	0.731143991952218
Food production	K00821	0.0	0.0	0.0	0.0	0.0	0.0	11	0.0	
Food production	K00833	0.0	0.0	0.0	0.0	0.0	0.0	39	0.0	
Food production	K00849	-0.08123424932596963	0.0760208156673515	-0.2770638704850671	0.11459537183312783	0.6641791308467991	0.6031907148169149	55	0.02109017154931092	1.5166099424429873
Food production	K00851	0.17246788220566264	0.06978112618184336	-0.007288298838765861	0.35222406325009115	-1.3096985898376885	0.5588328818429946	75	0.07721770766503022	0.020468973652652878
Food production	K00854	-0.16734497254481182	0.14611554006108948	-0.5437386037421783	0.2090486586525547	1.7200833315319473	1.176086822216515	58	0.022887021564279575	1.5661473507382742
Food production	K00858	-0.30386169657315304	0.11065977309876189	-0.5889212720755637	-0.018802121070742417	2.8012337252609925	0.8864552236896919	91	0.07810251011242919	1.9917712763206459
Food production	K00859	0.037376060834452385	0.019304143388844477	-0.012351412535210986	0.08710353420411576	-0.2930334264297935	0.15496519868544217	103	0.035787977436988916	0.09194858970593689
Food production	K00863	0.19739233844980772	0.15433444795395304	-0.20017319947957532	0.5949578763791907	-1.4462160896780363	1.239775728439864	53	0.03107802890661482	0.35296240231281906
Food production	K00864	-0.2690740907484129	0.10975861214716175	-0.5518122756395015	0.013664094142675776	2.37174892690342	0.8850981704397428	93	0.06195131584200586	1.9782036996266674
Food production	K00869	0.0	0.0	0.0	0.0	0.0	0.0	48	0.0	
Food production	K00872	-0.0546456746119669	0.04777723287860938	-0.17771982650726467	0.06842847728333087	0.47202939925508947	0.3848372229829272	86	0.015334827279476881	1.5651774517135735
Food production	K00877	-0.420329821383204	0.14605466500788056	-0.7965666384435044	-0.044093004322903695	3.8873680082498296	1.1724988086826544	92	0.08427026287591921	1.9948700467826226
Food production	K00878	0.025292337183450014	0.06186919683724208	-0.1340827138692856	0.18466738823618561	-0.1677640313609255	0.4970009894706973	59	0.002923362383050687	0.8990721164004329
Food production	K00884	0.063103804490009	0.5373774659424344	-1.321180547777702	1.44738815675772	-0.32847452123386234	4.426310143528851	13	0.001252031940537246	0.9912596782041891
Food production	K00891	0.0	0.0	0.0	0.0	0.0	0.0	40	0.0	
Food production	K00899	0.8174450686600144	0.22909980806815863	0.22728396307643772	1.407606174243591	-6.630927428337375	1.8945940891809832	11	0.5858480042795845	0.00030205448765263654
Food production	K00912	0.0	0.0	0.0	0.0	0.0	0.0	30	0.0	
Food production	K00919	0.0	0.0	0.0	0.0	0.0	0.0	87	0.0	
Food production	K00927	0.0	0.0	0.0	0.0	0.0	0.0	62	0.0	
Food production	K00928	0.24290465459697985	0.10877626413716011	-0.03730300182034463	0.5231123110143043	-1.7282903417484194	0.8757965410974589	98	0.04937870557960722	0.041812504004852924
Food production	K00929	-0.12319026964214289	0.26333673121838613	-0.8015456892607056	0.5551651499764199	1.1849919680279954	2.1229055920298388	18	0.013493049011054747	1.1300494477638376
Food production	K00931	0.018321871975172422	0.0264650016702163	-0.049851972327304775	0.08649571627764961	-0.13929056930735456	0.21373124944398694	81	0.006030341030993869	0.7370321886829561
Food production	K00938	0.0	0.0	0.0	0.0	0.0	0.0	48	0.0	
Food production	K00941	-0.42841540405401723	0.09658766834688194	-0.6772252377155852	-0.17960557039244934	3.738548914885812	0.7753872569838418	92	0.1793841892679504	1.9999963642238563
Food production	K00946	0.0	0.0	0.0	0.0	0.0	0.0	43	0.0	
Food production	K00948	-0.3547919065128966	0.09209697214995856	-0.5920337067711898	-0.11755010625460335	3.10760875988032	0.7382992394918588	99	0.13269559914294804	1.9999211476529832
Food production	K00950	0.30520815396088685	0.08956902775174379	0.07447833847239485	0.5359379694493789	-2.340734662663981	0.7260238554346551	74	0.13887119269535497	0.0006162178899580262
Food production	K00953	0.0	0.0	0.0	0.0	0.0	0.0	93	0.0	
Food production	K00954	0.0	0.0	0.0	0.0	0.0	0.0	103	0.0	
Food production	K00963	0.20517293690271823	0.10589629077158119	-0.06761590812487492	0.47796178193031136	-1.4661864167098946	0.8486865090599142	90	0.04091233681264461	0.09164941379193925
Food production	K00965	0.0	0.0	0.0	0.0	0.0	0.0	12	0.0	
Food production	K00972	0.0	0.0	0.0	0.0	0.0	0.0	96	0.0	
Food production	K00973	0.23720321668313296	0.10451283893269886	-0.0320218564074993	0.5064282897737652	-1.7647560195181864	0.8479620228865461	64	0.07670939956078604	0.03765436909726061
Food production	K00975	0.012867266262366015	0.25477679414192633	-0.6434377554472362	0.6691722879719683	0.2896611783793609	2.0513324881944226	31	8.794611200491076e-05	0.9983775160651107
Food production	K00980	0.3321051816465882	0.1965879210487664	-0.1743053029750341	0.8385156662682105	-2.4058875085603835	1.5358608399980744	37	0.07539231804249036	0.16253782531289307
Food production	K00991	-0.05646139774810595	0.044451731640307066	-0.17096905845353694	0.058046262957325054	0.4781137305043625	0.3657615155070144	50	0.03251826893938348	1.6419505234693124
Food production	K00995	0.2576174826599915	0.05523360117246453	0.11533572603972289	0.39989923928026017	-1.9943234793529345	0.44317262293116955	98	0.18474274218739561	9.668908185211933e-07
Food production	K01003	-0.9564297016466974	0.4023360984406442	-1.9928474912297969	0.07998808793640211	8.185519142370412	3.391062341616887	11	0.3857089886625168	1.9726095684614577
Food production	K01006	0.0	0.0	0.0	0.0	0.0	0.0	32	0.0	
Food production	K01007	0.0	0.0	0.0	0.0	0.0	0.0	34	0.0	
Food production	K01008	0.0	0.0	0.0	0.0	0.0	0.0	24	0.0	
Food production	K01011	-1.2012169007516162	0.4460217441468069	-2.350168913673791	-0.05226488782944161	10.359708543191084	3.778626803193292	15	0.35812673288900077	1.9901229636661637
Food production	K01012	0.01157301315622012	0.04852350087467849	-0.11342352509695167	0.1365695514093919	-0.0808487903443948	0.39620672067012125	51	0.0011595478702782769	0.9644345045311151
Food production	K01057	0.0	0.0	0.0	0.0	0.0	0.0	38	0.0	
Food production	K01070	-0.1508335373343786	0.155536376529189	-0.5514952432735695	0.24982816860481227	1.3320295913785698	1.2948498561912025	27	0.03625388154025988	1.450476522752096
Food production	K01079	0.0	0.0	0.0	0.0	0.0	0.0	37	0.0	
Food production	K01089	-0.13825335705791353	0.1384741674191252	-0.49496281232958	0.21845609821375295	1.5171543875598552	1.122007345547493	78	0.01294616370791224	1.4698477705859345
Food production	K01091	0.0	0.0	0.0	0.0	0.0	0.0	18	0.0	
Food production	K01129	0.007852801312090629	0.16624618644710848	-0.4203973749756608	0.4361029775998421	0.03128516296521165	1.36247902252156	29	8.263160397703473e-05	0.9985805583388845
Food production	K01241	0.0	0.0	0.0	0.0	0.0	0.0	23	0.0	
Food production	K01433	1.0668790176047283	0.18709829008875672	0.5849138223360909	1.5488442128733655	-8.529105713375312	1.5421956270983863	42	0.4483939478578993	1.0235146064019318e-09
Food production	K01439	0.0	0.0	0.0	0.0	0.0	0.0	37	0.0	
Food production	K01455	0.0	0.0	0.0	0.0	0.0	0.0	13	0.0	
Food production	K01457	0.0	0.0	0.0	0.0	0.0	0.0	10	0.0	
Food production	K01458	0.0	0.0	0.0	0.0	0.0	0.0	14	0.0	
Food production	K01465	0.3769747550174554	0.08683287812961712	0.1532932609555617	0.6006562490793491	-2.8732804654532904	0.6961404692440957	74	0.20746396139660084	6.151853035651911e-06
Food production	K01468	0.0	0.0	0.0	0.0	0.0	0.0	43	0.0	
Food production	K01469	-0.018231634494846476	0.19456316356468564	-0.5194263438374767	0.4829630748477837	0.685146551839255	1.5878783211318594	49	0.00018678886616252388	1.0055743831071502
Food production	K01477	0.35592191184642824	0.19971504681621402	-0.15854404875213907	0.8703878724449956	-2.9590920844971254	1.6910370335921616	13	0.2240435880372964	0.1323985249434283
Food production	K01479	0.0853318258429918	0.10142416725761175	-0.17593682901261604	0.34660048069859967	-0.6685501224795828	0.8294660779549055	24	0.03117189630604633	0.637227102983406
Food production	K01480	0.15847459959231075	0.22974499841089194	-0.4333485163141469	0.7502977154987684	-1.1363586716123604	1.9133229932796465	31	0.016142156358054716	0.7386688152804433
Food production	K01484	0.0	0.0	0.0	0.0	0.0	0.0	14	0.0	
Food production	K01491	0.06567762605336784	0.05570195732866056	-0.07781061602526178	0.20916586813199745	-0.4814878875414821	0.4502509620220521	71	0.019750652676886138	0.41268824186010766
Food production	K01495	0.24526836708430938	0.09565519947857617	-0.0011394267725028662	0.49167616094112165	-1.8898568175060653	0.7787559586346308	67	0.09185595154898862	0.015214788436554993
Food production	K01496	0.043760018334377135	0.047170740908739704	-0.07775181024653635	0.16527184691529062	-0.32916222689745883	0.3827710592908282	81	0.010776480251255993	0.5781711262121476
Food production	K01497	0.610482392493537	0.13550237586238634	0.26142827227202975	0.9595365127150441	-4.769611566841749	1.1070277257988617	51	0.2929085127478144	2.4434860346200793e-06
Food production	K01498	0.10307367150348128	0.039912458135809896	0.00025917934563497724	0.20588816366132756	-0.818496497481945	0.3241415169414801	77	0.08166196888611199	0.014324391487775756
Food production	K01519	1.8268573421492634e-30	1.3141807397530025e-16	-3.3853295856037165e-16	3.385329585603753e-16	0.6931471805599451	1.0821778032110135e-15	36	0.0	1.0
Food production	K01520	-0.09373102837681759	0.06392530461459199	-0.2584026130640066	0.0709405563103714	0.7963715935469846	0.5249304462218437	51	0.04203163082958261	1.7455568792626892
Food production	K01523	-0.005958511805613298	0.04047687449534642	-0.11022694050562568	0.09830991689439908	0.06580253059587211	0.32803322243616423	79	0.0002813511769864663	1.01370091430947
Food production	K01525	0.0	0.0	0.0	0.0	0.0	0.0	18	0.0	
Food production	K01555	-0.21617898243127	0.21186026000728989	-0.7619310122100488	0.3295730473475088	1.8792265755584014	1.790221907584348	13	0.08646865485781996	1.4846139288068017
Food production	K01583	0.0	0.0	0.0	0.0	0.0	0.0	19	0.0	
Food production	K01584	0.0	0.0	0.0	0.0	0.0	0.0	19	0.0	
Food production	K01585	0.0	0.0	0.0	0.0	0.0	0.0	19	0.0	
Food production	K01586	0.030562015307105332	0.0391917368985309	-0.07039589894351028	0.13151992955772093	-0.22358739327306804	0.3156538766855087	93	0.006638058576782457	0.6790038772392561
Food production	K01587	-0.020664408714547913	0.05270680971459904	-0.15643715053935506	0.11510833311025923	1.2063179294669064	0.4245131543264534	98	0.0015986244259076354	1.0932215857953693
Food production	K01591	-0.07031510086883251	0.06590244458230898	-0.24007979811286045	0.09944959637519545	0.639719251019619	0.5285610565984711	100	0.011482917956152305	1.5155430634889755
Food production	K01595	0.0	0.0	0.0	0.0	0.0	0.0	44	0.0	
Food production	K01597	0.0	0.0	0.0	0.0	0.0	0.0	48	0.0	
Food production	K01598	0.0	0.0	0.0	0.0	0.0	0.0	99	0.0	
Food production	K01607	0.0	0.0	0.0	0.0	0.0	0.0	12	0.0	
Food production	K01610	0.0	0.0	0.0	0.0	0.0	0.0	42	0.0	
Food production	K01611	0.5182938674135371	0.17100121375816515	0.07779474077250365	0.9587929940545705	-4.165517404673649	1.40884302431003	27	0.26871884653621037	0.0028846346427480185
Food production	K01613	0.09872525646480787	0.1461424856954327	-0.27773778668662674	0.47518829961624254	-0.7346561653159386	1.2088566598314998	34	0.014060598463733753	0.7478707449580946
Food production	K01619	0.03799633395530352	0.10409852753598199	-0.23016147297738607	0.3061541408879931	-0.22786294172217836	0.843032205566904	66	0.0020773569255224666	0.9186819242425879
Food production	K01626	0.0039054048046441568	0.05988689622407635	-0.15036323986857653	0.15817404947786484	0.006294704531876277	0.48372018080421636	55	8.023387833666629e-05	0.9972962853264851
Food production	K01627	0.10466273170598185	0.051372395525849913	-0.027672559168607516	0.23699802258057123	-0.8420902618519304	0.42239857643473677	39	0.10086649992648644	0.071187583717369
Food production	K01631	0.0	0.0	0.0	0.0	0.0	0.0	13	0.0	
Food production	K01635	0.05304552851826279	0.45229537385960816	-1.112067354544088	1.2181584115806134	-0.31287323706316933	3.5672305640690762	17	0.0009161444443656075	0.9912816697017128
Food production	K01637	0.22070711527558498	0.19987242427088245	-0.29416424964620824	0.7355784801973781	-1.4236665331857044	1.6550598796434683	43	0.028881211602960977	0.46012380480622217
Food production	K01638	0.07510083192606543	0.14096568741005833	-0.2880267788422448	0.43822844269437566	-0.5518191955818521	1.1732593813195382	38	0.00782257095546024	0.8346910614735945
Food production	K01641	0.0	0.0	0.0	0.0	0.0	0.0	47	0.0	
Food production	K01643	0.13226936458893396	0.2039272836168123	-0.3930473180079746	0.6575860471858426	0.03330825239680002	1.6018543184457172	22	0.020601428550407808	0.7650431259249526
Food production	K01644	0.13226936458893396	0.2039272836168123	-0.3930473180079746	0.6575860471858426	0.03330825239680002	1.6018543184457172	22	0.020601428550407808	0.7650431259249526
Food production	K01646	0.13226936458893396	0.2039272836168123	-0.3930473180079746	0.6575860471858426	0.03330825239680002	1.6018543184457172	22	0.020601428550407808	0.7650431259249526
Food production	K01649	0.1789992825446466	0.08282526395429717	-0.03435859740162292	0.3923571624909161	-1.3735215541242278	0.6721696140093363	71	0.06339900573931301	0.0511278768528054
Food production	K01659	-0.018656074763274987	0.2019965018424714	-0.5389990635094813	0.5016869139829313	0.2530313763217684	1.6644699141877835	25	0.00037073533079456933	1.0054156963635799
Food production	K01662	-0.07975762742263756	0.08426421148283585	-0.2968222362024227	0.13730698135714758	0.7243010480308547	0.686888340831923	65	0.01402119916952882	1.4346700904007883
Food production	K01664	0.15384172604111823	0.1243314911494423	-0.16643619515984515	0.4741196472420816	-1.212236190203945	1.0315228799091987	22	0.07110842071880208	0.37730962675308066
Food production	K01665	0.15384172604111823	0.1243314911494423	-0.16643619515984515	0.4741196472420816	-1.212236190203945	1.0315228799091987	22	0.07110842071880208	0.37730962675308066
Food production	K01666	0.14716793706473813	0.4492475592805255	-1.0100937756418957	1.3044296497713719	-1.0324602731233183	3.758086260951514	14	0.008863538971179419	0.9339634361549325
Food production	K01675	0.09486406044211153	0.09211807691557773	-0.1424321056924167	0.3321602265766398	-0.6565963918251296	0.744438328043396	76	0.014128699809688783	0.5090851617793117
Food production	K01676	0.09486406044211153	0.09211807691557773	-0.1424321056924167	0.3321602265766398	-0.6565963918251296	0.744438328043396	76	0.014128699809688783	0.5090851617793117
Food production	K01677	0.09486406044211153	0.09211807691557773	-0.1424321056924167	0.3321602265766398	-0.6565963918251296	0.744438328043396	76	0.014128699809688783	0.5090851617793117
Food production	K01678	0.09486406044211153	0.09211807691557773	-0.1424321056924167	0.3321602265766398	-0.6565963918251296	0.744438328043396	76	0.014128699809688783	0.5090851617793117
Food production	K01679	0.09486406044211153	0.09211807691557773	-0.1424321056924167	0.3321602265766398	-0.6565963918251296	0.744438328043396	76	0.014128699809688783	0.5090851617793117
Food production	K01682	0.0	0.0	0.0	0.0	0.0	0.0	14	0.0	
Food production	K01684	0.0	0.0	0.0	0.0	0.0	0.0	19	0.0	
Food production	K01686	0.9112771151108273	0.2385435933175956	0.2967888187247011	1.5257654114969537	-7.175831222969751	1.9626344500373947	21	0.43441776267269616	9.228416741535739e-05
Food production	K01690	0.0	0.0	0.0	0.0	0.0	0.0	21	0.0	
Food production	K01693	0.0	0.0	0.0	0.0	0.0	0.0	76	0.0	
Food production	K01694	0.12315922846111245	0.05974519844845177	-0.030744402742099317	0.2770628596643242	-0.27014060986763555	0.48575981086929393	76	0.054305881954666346	0.06685335000485049
Food production	K01695	0.12315922846111245	0.05974519844845177	-0.030744402742099317	0.2770628596643242	-0.27014060986763555	0.48575981086929393	76	0.054305881954666346	0.06685335000485049
Food production	K01696	0.12315922846111245	0.05974519844845177	-0.030744402742099317	0.2770628596643242	-0.27014060986763555	0.48575981086929393	76	0.054305881954666346	0.06685335000485049
Food production	K01698	0.1306722623020646	0.05761796851985384	-0.017751624605078897	0.2790961492092081	-1.0361137707213777	0.4706452390618023	68	0.07229633364397381	0.03783975803929307
Food production	K01710	0.2565602773715175	0.11075551798134149	-0.028745936948418205	0.5418664916914532	-1.880158568935834	0.8974850423689575	71	0.07215623290974682	0.03284087335534114
Food production	K01711	0.36804472921586634	0.15643501501846377	-0.03493186947169635	0.771021327903429	-2.963809258264242	1.3007749844807177	22	0.2167674234779995	0.029486658642059016
Food production	K01712	0.2188069394727717	0.07733899154959502	0.01958169724101491	0.4180321817045285	-1.7510283376657467	0.6360988349398706	44	0.16007279593364787	0.006122915239137328
Food production	K01719	-0.045789634231355694	0.16310888984334138	-0.4659581344678031	0.37437886600509174	0.5153498652777002	1.3342839301526799	50	0.0016391752156752482	1.048933930568051
Food production	K01720	0.0	0.0	0.0	0.0	0.0	0.0	21	0.0	
Food production	K01724	-0.5277834660562035	0.2170384359358865	-1.086874477027047	0.03130754491464016	4.544447860079745	1.8219458763210112	24	0.21184845846134448	1.9768230273986815
Food production	K01734	0.0	0.0	0.0	0.0	0.0	0.0	36	0.0	
Food production	K01735	-0.0059512877882911645	0.026343481971225352	-0.07381209734616767	0.061909521769585335	0.056797678353072846	0.21324132296279072	80	0.0006538782288695311	1.0319683015550747
Food production	K01736	0.0	0.0	0.0	0.0	0.0	0.0	86	0.0	
Food production	K01749	0.0	0.0	0.0	0.0	0.0	0.0	66	0.0	
Food production	K01756	-0.03189042189641933	0.027483000421387287	-0.10268663098191298	0.03890578718907432	0.2692263271840151	0.22062147669466234	103	0.013155865683857737	1.5756431963290654
Food production	K01759	-0.06999038204366727	0.12680226093143834	-0.3966330062030524	0.2566522421157179	0.6182395053113533	1.0578709344971853	20	0.016644124121542148	1.176305720726297
Food production	K01770	0.0	0.0	0.0	0.0	0.0	0.0	54	0.0	
Food production	K01772	0.1201680875798948	0.08617151257431875	-0.10180972881155032	0.3421459039713399	-0.8943250878004356	0.6987302126506784	75	0.025948364308967298	0.28995501458563044
Food production	K01774	0.09486406044211153	0.09211807691557773	-0.1424321056924167	0.3321602265766398	-0.6565963918251296	0.744438328043396	76	0.014128699809688783	0.5090851617793117
Food production	K01775	0.2620758224325651	0.09708642990044325	0.01198117900902329	0.5121704658561069	-1.8842634525787105	0.7793672889871245	103	0.0672916739354501	0.009668124075278506
Food production	K01776	0.03648513962884805	0.04485105540639553	-0.07905117909802684	0.15202145835572295	-0.2564093372963614	0.35993071493199075	96	0.006990563949584416	0.6562089016345638
Food production	K01778	0.09067844547402096	0.03714894506365955	-0.00501723700996605	0.18637412795800795	-0.7172385253204314	0.30136099079211165	78	0.0726980470075218	0.022525468725101305
Food production	K01783	-0.018995388372422525	0.06310697186546411	-0.1815589478978581	0.143568171153013	0.21291283223662366	0.5065950991236208	103	0.0008962535433577612	1.056047602887098
Food production	K01790	0.10862839541449154	0.11283940929193219	-0.18204592292152577	0.39930271375050885	-0.7485519655735408	0.9224253151536922	50	0.01894168913343086	0.5543323812378027
Food production	K01798	0.2620758224325651	0.09708642990044325	0.01198117900902329	0.5121704658561069	-1.8842634525787105	0.7793672889871245	103	0.0672916739354501	0.009668124075278506
Food production	K01803	-0.013885452132449645	0.05569671905383045	-0.1573602004151169	0.12958929615021758	0.16240757208255432	0.4471088387838966	103	0.0006149959848472664	1.0387951342555293
Food production	K01804	0.0	0.0	0.0	0.0	0.0	0.0	32	0.0	
Food production	K01807	-0.04234360744475741	0.11795171797477175	-0.34618723294776943	0.2615000180582546	0.6432621617328329	0.9477674632696955	92	0.00142989194597265	1.0787686573030788
Food production	K01808	-0.04234360744475741	0.11795171797477175	-0.34618723294776943	0.2615000180582546	0.6432621617328329	0.9477674632696955	92	0.00142989194597265	1.0787686573030788
Food production	K01813	-0.16352786294374186	0.21895090833014824	-0.7275454028022038	0.40048967691472004	1.385990818204904	1.785169331167072	13	0.04826299728545391	1.298907832463465
Food production	K01814	0.0	0.0	0.0	0.0	0.0	0.0	74	0.0	
Food production	K01815	-0.059515826492479114	0.11406744973730475	-0.35335357701577613	0.23432192403081792	0.5241844655168402	0.9419862078920119	21	0.014125682048006682	1.1591224178476187
Food production	K01817	-0.1118308527322473	0.0683469339117934	-0.2878925544890271	0.06423084902453252	0.9501246484769015	0.5566870417034764	52	0.05082323374129427	1.8181140901045485
Food production	K01820	-0.16352786294374186	0.21895090833014824	-0.7275454028022038	0.40048967691472004	1.385990818204904	1.785169331167072	13	0.04826299728545391	1.298907832463465
Food production	K01823	0.0	0.0	0.0	0.0	0.0	0.0	71	0.0	
Food production	K01837	0.12079291821527752	0.11393259826763402	-0.17269745492214775	0.4142832913527028	-0.7672562521073674	0.915821630560855	71	0.01602949836967016	0.4889013151364239
Food production	K01838	-0.13860598518482545	0.15366497088949457	-0.5344469501961635	0.25723497982651256	1.243943907764852	1.2070855204768425	40	0.020961879382645265	1.4042640513968672
Food production	K01845	-0.2816510341584818	0.13866074604716966	-0.6388411159759908	0.07553904765902725	2.483370150056464	1.1334915504099716	57	0.06978114391443391	1.9276768492828111
Food production	K01847	0.0	0.0	0.0	0.0	0.0	0.0	12	0.0	
Food production	K01848	0.0	0.0	0.0	0.0	0.0	0.0	12	0.0	
Food production	K01849	0.0	0.0	0.0	0.0	0.0	0.0	12	0.0	
Food production	K01850	0.6263452459604818	0.39438622982973504	-0.3895936820809157	1.6422841740018792	-4.946785887984463	3.2368462462761376	18	0.13617296511717014	0.20074912946923584
Food production	K01851	0.2255599784097699	0.11691660699100534	-0.07561720119905987	0.5267371580185997	-1.7307774708162202	0.9366105812997411	37	0.09612013053843427	0.09352998281759395
Food production	K01866	0.08166377238727672	0.04980161206553501	-0.04662518029354147	0.20995272506809493	-0.6078516652080623	0.3997855047559771	103	0.025932230515214205	0.1805411142639337
Food production	K01869	0.0	0.0	0.0	0.0	0.0	0.0	101	0.0	
Food production	K01870	0.0	0.0	0.0	0.0	0.0	0.0	102	0.0	
Food production	K01873	0.0	0.0	0.0	0.0	0.0	0.0	103	0.0	
Food production	K01893	-0.09619675888938149	0.04382652632367465	-0.2090938906991674	0.016700372920404397	0.7854573328252917	0.3488381909173413	68	0.06803062860767595	1.9534436886469178
Food production	K01910	0.18878854533905384	0.1282594071067417	-0.14160768736791277	0.5191847780460205	-1.4149804938306447	1.0071314652343482	21	0.10235812619702822	0.25175934836318015
Food production	K01911	0.0	0.0	0.0	0.0	0.0	0.0	32	0.0	
Food production	K01912	-0.21957399046305645	0.3246715168352398	-1.0559278178306342	0.6167798369045213	1.9433586396846412	2.7038941266654226	12	0.043737170545793624	1.252614849262737
Food production	K01915	0.8880741747598476	0.15325303557766629	0.49329435511177927	1.282853994407916	-6.682870158351546	1.2296528654755718	99	0.2571601938107947	5.197500207998473e-10
Food production	K01919	0.2757484029789484	0.13829778145249882	-0.08050668204268857	0.6320034880005854	-2.110764167604864	1.1275279383859056	52	0.07365438865634888	0.07958702441369958
Food production	K01920	0.0	0.0	0.0	0.0	0.0	0.0	27	0.0	
Food production	K01921	0.2945573792052788	0.07612548675615874	0.09845812532141388	0.49065663308914376	-2.228707217492463	0.6112951351658642	101	0.13136555404844263	7.253310256727374e-05
Food production	K01923	0.08452113251286274	0.02960468103186309	0.008259474174783413	0.16078279085094205	-0.6657446618841825	0.23838937770044386	97	0.07901990134006498	0.005577162113428624
Food production	K01924	0.0	0.0	0.0	0.0	0.0	0.0	101	0.0	
Food production	K01925	0.0	0.0	0.0	0.0	0.0	0.0	101	0.0	
Food production	K01933	0.0	0.0	0.0	0.0	0.0	0.0	95	0.0	
Food production	K01934	-0.09635934401385737	0.062270747299431176	-0.2567687890571921	0.06405010102947734	0.8439612700668049	0.4996747172580966	97	0.024585835247583288	1.782248864180444
Food production	K01935	0.07447000526719179	0.10387256224880338	-0.19310571508572577	0.3420457256201093	-0.5437493116358719	0.8533858727531215	41	0.013007987500709084	0.7209243819151014
Food production	K01939	0.09482226380319218	0.040562539993509346	-0.009666839220087889	0.19931136682647227	-0.7359351547327558	0.325536629156901	102	0.05181589738351744	0.030839210003689388
Food production	K01945	-0.021181348514181957	0.03056585655995322	-0.09991899501262147	0.05755629798425755	0.1846052951149365	0.2461846629157978	98	0.004977322902089187	1.2634021559891742
Food production	K01952	-0.5551595593164255	0.08805456350204084	-0.7819881148976827	-0.3283310037351682	4.945980764374551	0.7089409281572229	97	0.29498822126415525	1.9999999999897664
Food production	K01958	0.0	0.0	0.0	0.0	0.0	0.0	48	0.0	
Food production	K01959	0.0	0.0	0.0	0.0	0.0	0.0	48	0.0	
Food production	K01960	0.0	0.0	0.0	0.0	0.0	0.0	48	0.0	
Food production	K02201	0.0	0.0	0.0	0.0	0.0	0.0	103	0.0	
Food production	K02203	0.3342172483163368	0.10709708530712754	0.05833515656517624	0.6100993400674974	-2.3839400700204623	0.8630676366539054	88	0.10172196575151837	0.0020296957754681877
Food production	K02204	-0.0546456746119669	0.04777723287860938	-0.17771982650726467	0.06842847728333087	0.47202939925508947	0.3848372229829272	86	0.015334827279476881	1.5651774517135735
Food production	K02226	0.0	0.0	0.0	0.0	0.0	0.0	13	0.0	
Food production	K02228	0.0	0.0	0.0	0.0	0.0	0.0	12	0.0	
Food production	K02230	-0.3892402178305028	0.2989752485050767	-1.1594004579795802	0.3809200223185748	3.5748320398796123	2.5141061524347412	15	0.1153442372257274	1.6600846584714066
Food production	K02302	0.15565516513163435	0.2793957250230208	-0.5640682225276672	0.8753785527909359	-0.5960567438172458	2.3156276690870046	24	0.01391171518891432	0.8207052576415672
Food production	K02304	0.15565516513163435	0.2793957250230208	-0.5640682225276672	0.8753785527909359	-0.5960567438172458	2.3156276690870046	24	0.01391171518891432	0.8207052576415672
Food production	K02318	0.021863594012827333	0.011292199991018242	-0.007225113164035662	0.050952301189690324	0.5217336146406846	0.0906488301477871	103	0.03578797743698958	0.09194858970593689
Food production	K02361	0.2255599784097699	0.11691660699100534	-0.07561720119905987	0.5267371580185997	-1.7307774708162202	0.9366105812997411	37	0.09612013053843427	0.09352998281759395
Food production	K02439	-1.2012169007516162	0.4460217441468069	-2.350168913673791	-0.05226488782944161	10.359708543191084	3.778626803193292	15	0.35812673288900077	1.9901229636661637
Food production	K02488	1.447676698535985	0.36973893699380866	0.4952291968399338	2.400124200232036	-10.42854513687064	3.015327575707799	39	0.29295366857009963	5.773654957685892e-05
Food production	K02492	0.0	0.0	0.0	0.0	0.0	0.0	55	0.0	
Food production	K02551	0.0	0.0	0.0	0.0	0.0	0.0	43	0.0	
Food production	K02552	0.2255599784097699	0.11691660699100534	-0.07561720119905987	0.5267371580185997	-1.7307774708162202	0.9366105812997411	37	0.09612013053843427	0.09352998281759395
Food production	K02564	-0.19566386831786678	0.14033198226629898	-0.5571590546358529	0.16583131800011938	1.6583122485587605	1.120589575444335	43	0.04526941971947496	1.7099268514368102
Food production	K02609	0.0	0.0	0.0	0.0	0.0	0.0	14	0.0	
Food production	K02610	0.0	0.0	0.0	0.0	0.0	0.0	14	0.0	
Food production	K02611	0.0	0.0	0.0	0.0	0.0	0.0	14	0.0	
Food production	K02612	0.0	0.0	0.0	0.0	0.0	0.0	14	0.0	
Food production	K02613	0.0	0.0	0.0	0.0	0.0	0.0	14	0.0	
Food production	K02619	0.0	0.0	0.0	0.0	0.0	0.0	13	0.0	
Food production	K02626	0.0	0.0	0.0	0.0	0.0	0.0	19	0.0	
Food production	K02825	-0.027702046983033378	0.0283166603715515	-0.10064576410015003	0.04524167013408328	0.23610151404854277	0.22737863555629978	100	0.009671478492692787	1.4562599589147907
Food production	K02858	0.15352080454055508	0.1040561709700044	-0.11452789187817627	0.42156950095928647	-1.156768932210591	0.8495435290081095	55	0.03944964164896925	0.2501408926262021
Food production	K03077	-0.20637704720741123	0.19571948686715998	-0.7105504453772153	0.2977963509623929	1.8172739395011437	1.554140305122925	27	0.042581077772325227	1.5072924414251536
Food production	K03181	0.0	0.0	0.0	0.0	0.0	0.0	11	0.0	
Food production	K03274	0.0	0.0	0.0	0.0	0.0	0.0	14	0.0	
Food production	K03335	0.1349611721685701	0.09508346567298771	-0.10997383540504627	0.3798961797421865	-1.0876459193272827	0.7901839136874265	21	0.09587044486432938	0.27731815582797825
Food production	K03342	0.5744761108344493	0.20161830203736522	0.05510736478619649	1.093844856882702	-4.482462578257181	1.6734424389084226	26	0.2527706831899281	0.00569312621442819
Food production	K03394	0.0	0.0	0.0	0.0	0.0	0.0	20	0.0	
Food production	K03417	0.0	0.0	0.0	0.0	0.0	0.0	32	0.0	
Food production	K03430	0.14834011967593494	0.07302198277442395	-0.03976450795098116	0.336444747302851	-1.190802089373829	0.5998350738962605	26	0.14672029229167693	0.07228187860837432
Food production	K03431	0.0	0.0	0.0	0.0	0.0	0.0	100	0.0	
Food production	K03465	0.0	0.0	0.0	0.0	0.0	0.0	20	0.0	
Food production	K03472	0.0	0.0	0.0	0.0	0.0	0.0	12	0.0	
Food production	K03473	0.0	0.0	0.0	0.0	0.0	0.0	15	0.0	
Food production	K03474	0.0	0.0	0.0	0.0	0.0	0.0	31	0.0	
Food production	K03526	0.0	0.0	0.0	0.0	0.0	0.0	53	0.0	
Food production	K03527	0.10776307826397848	0.05637645093507406	-0.03746265934477232	0.25298881587272926	-0.8584507334861973	0.46260759258131895	55	0.06449343137617514	0.09767790101986495
Food production	K03707	0.21522555330597107	0.1788308555540906	-0.24544273060136632	0.6758938372133084	-1.5122635913949511	1.4250390936643516	33	0.04463842211364	0.39767892699455154
Food production	K03777	-0.1664428938861218	0.24992032706333034	-0.8102376564012608	0.47735186862901724	1.4841804916979584	2.09076966352988	15	0.032992398615862006	1.2459999154746821
Food production	K03778	-0.1664428938861218	0.24992032706333034	-0.8102376564012608	0.47735186862901724	1.4841804916979584	2.09076966352988	15	0.032992398615862006	1.2459999154746821
Food production	K03785	0.14711651782181895	0.08625849504364626	-0.07508536541061381	0.36931840105425173	-1.1147195318453809	0.6986292392696469	80	0.035952009608597346	0.15695093844728691
Food production	K03786	0.14711651782181895	0.08625849504364626	-0.07508536541061381	0.36931840105425173	-1.1147195318453809	0.6986292392696469	80	0.035952009608597346	0.15695093844728691
Food production	K03794	0.027801700584366377	0.21219019237344247	-0.5188002349696215	0.5744036361383542	-0.09212241491840087	1.762372212235547	20	0.000952808469046218	0.9891307084678487
Food production	K03856	0.0039054048046441568	0.05988689622407635	-0.15036323986857653	0.15817404947786484	0.006294704531876277	0.48372018080421636	55	8.023387833666629e-05	0.9972962853264851
Food production	K04042	0.0	0.0	0.0	0.0	0.6931471805599453	0.0	96	0.0	
Food production	K04092	0.6263452459604818	0.39438622982973504	-0.3895936820809157	1.6422841740018792	-4.946785887984463	3.2368462462761376	18	0.13617296511717014	0.20074912946923584
Food production	K04093	0.6263452459604818	0.39438622982973504	-0.3895936820809157	1.6422841740018792	-4.946785887984463	3.2368462462761376	18	0.13617296511717014	0.20074912946923584
Food production	K04486	-0.1443723580421762	0.08411630222316553	-0.36105595256905065	0.0723112364846982	1.2134266641079365	0.6805389019064408	45	0.0641152955047134	1.8467023683205455
Food production	K04516	0.6263452459604818	0.39438622982973504	-0.3895936820809157	1.6422841740018792	-4.946785887984463	3.2368462462761376	18	0.13617296511717014	0.20074912946923584
Food production	K04517	0.0	0.0	0.0	0.0	0.0	0.0	32	0.0	
Food production	K04720	0.1291892108144146	0.07043977380174556	-0.05226364649888196	0.3106420681277111	-1.0439471473594073	0.5813924946242707	32	0.10081901387746384	0.11749087308424322
Food production	K05306	0.13123189549445127	0.13316149764572716	-0.2117921224409419	0.4742559134298444	-0.9907016812302029	1.090640153581895	25	0.04051642967074487	0.5388579271997171
Food production	K05308	0.0	0.0	0.0	0.0	0.0	0.0	19	0.0	
Food production	K05526	0.0	0.0	0.0	0.0	0.0	0.0	13	0.0	
Food production	K05602	-0.1443723580421762	0.08411630222316553	-0.36105595256905065	0.0723112364846982	1.2134266641079365	0.6805389019064408	45	0.0641152955047134	1.8467023683205455
Food production	K05822	0.0	0.0	0.0	0.0	0.0	0.0	50	0.0	
Food production	K05878	-0.3620466194748928	0.16312140694946817	-0.7822473637767229	0.058154124826937215	3.5829205976761447	1.301088250114208	41	0.11214605430549962	1.9565472213439168
Food production	K05879	-0.3620466194748928	0.16312140694946817	-0.7822473637767229	0.058154124826937215	3.5829205976761447	1.301088250114208	41	0.11214605430549962	1.9565472213439168
Food production	K05881	-0.3620466194748928	0.16312140694946817	-0.7822473637767229	0.058154124826937215	3.5829205976761447	1.301088250114208	41	0.11214605430549962	1.9565472213439168
Food production	K05887	0.3381373897802619	0.11822491118367882	0.03359001857110527	0.6426847609894186	-2.5753894255894605	0.9569230859003159	78	0.09717577447155279	0.005474081693602306
Food production	K06001	0.12315922846111245	0.05974519844845177	-0.030744402742099317	0.2770628596643242	-0.27014060986763555	0.48575981086929393	76	0.054305881954666346	0.06685335000485049
Food production	K06048	0.2757484029789484	0.13829778145249882	-0.08050668204268857	0.6320034880005854	-2.110764167604864	1.1275279383859056	52	0.07365438865634888	0.07958702441369958
Food production	K06153	0.2424676561559093	0.08139701424127342	0.03278894747038896	0.4521463648414296	-1.852649254953257	0.6565392853769288	90	0.09159801873407569	0.0035210714266917797
Food production	K06208	0.6263452459604818	0.39438622982973504	-0.3895936820809157	1.6422841740018792	-4.946785887984463	3.2368462462761376	18	0.13617296511717014	0.20074912946923584
Food production	K06209	0.6263452459604818	0.39438622982973504	-0.3895936820809157	1.6422841740018792	-4.946785887984463	3.2368462462761376	18	0.13617296511717014	0.20074912946923584
Food production	K06447	0.0	0.0	0.0	0.0	0.0	0.0	15	0.0	
Food production	K06879	0.08122703100174135	0.06606946549757195	-0.088967912120004	0.2514219741234867	-0.6396489063777664	0.5436546838348963	49	0.031156964225913075	0.38203930757091653
Food production	K06966	0.0	0.0	0.0	0.0	0.0	0.0	23	0.0	
Food production	K07127	0.3290430880280242	0.20906324064547946	-0.20950381987473088	0.8675899959307792	-2.552822058781279	1.7364739436260974	31	0.0786964155335046	0.20659498788337305
Food production	K07142	0.30520815396088685	0.08956902775174379	0.07447833847239485	0.5359379694493789	-2.340734662663981	0.7260238554346551	74	0.13887119269535497	0.0006162178899580262
Food production	K07160	-0.018231634494846476	0.19456316356468564	-0.5194263438374767	0.4829630748477837	0.685146551839255	1.5878783211318594	49	0.00018678886616252388	1.0055743831071502
Food production	K07173	-0.3707555005077784	0.12834599151091636	-0.701374774639899	-0.040136226375657835	2.979504799268383	1.019855017485614	20	0.31675054755084786	1.9950699161886152
Food production	K07404	0.0	0.0	0.0	0.0	0.0	0.0	38	0.0	
Food production	K08302	0.05304552851826279	0.45229537385960816	-1.112067354544088	1.2181584115806134	-0.31287323706316933	3.5672305640690762	17	0.0009161444443656075	0.9912816697017128
Food production	K08316	-0.47540952064420494	0.4640521915435734	-1.6708079660604502	0.7199889247720402	4.263652710804573	3.8813641923445217	23	0.0475995023660617	1.4873503870080276
Food production	K08323	0.9112771151108273	0.2385435933175956	0.2967888187247011	1.5257654114969537	-7.175831222969751	1.9626344500373947	21	0.43441776267269616	9.228416741535739e-05
Food production	K08680	0.0	0.0	0.0	0.0	0.0	0.0	31	0.0	
Food production	K08963	0.27762466420570736	0.12045647163696444	-0.03267120673111301	0.5879205351425277	-2.253773238967762	0.9990915838493389	29	0.16439641646678171	0.03398939500595688
Food production	K09007	0.24526836708430938	0.09565519947857617	-0.0011394267725028662	0.49167616094112165	-1.8898568175060653	0.7787559586346308	67	0.09185595154898862	0.015214788436554993
Food production	K09457	0.08122703100174135	0.06606946549757195	-0.088967912120004	0.2514219741234867	-0.6396489063777664	0.5436546838348963	49	0.031156964225913075	0.38203930757091653
Food production	K09882	-0.3892402178305028	0.2989752485050767	-1.1594004579795802	0.3809200223185748	3.5748320398796123	2.5141061524347412	15	0.1153442372257274	1.6600846584714066
Food production	K09883	-0.3892402178305028	0.2989752485050767	-1.1594004579795802	0.3809200223185748	3.5748320398796123	2.5141061524347412	15	0.1153442372257274	1.6600846584714066
Food production	K11067	0.0	0.0	0.0	0.0	0.0	0.0	22	0.0	
Food production	K11204	0.2757484029789484	0.13829778145249882	-0.08050668204268857	0.6320034880005854	-2.110764167604864	1.1275279383859056	52	0.07365438865634888	0.07958702441369958
Food production	K11205	0.2757484029789484	0.13829778145249882	-0.08050668204268857	0.6320034880005854	-2.110764167604864	1.1275279383859056	52	0.07365438865634888	0.07958702441369958
Food production	K11391	-0.47540952064420494	0.4640521915435734	-1.6708079660604502	0.7199889247720402	4.263652710804573	3.8813641923445217	23	0.0475995023660617	1.4873503870080276
Food production	K11395	0.0	0.0	0.0	0.0	0.0	0.0	13	0.0	
Food production	K11528	0.0	0.0	0.0	0.0	0.0	0.0	96	0.0	
Food production	K11540	0.14013314913168926	0.11519992006860261	-0.1566218449650311	0.43688814322840963	-0.5190831321086414	0.9247312078229928	96	0.015497666267088817	0.389841755657494
Food production	K11541	-0.0020683066284949247	0.02240305044501532	-0.059778564574854386	0.05564195131786454	0.02380943705974725	0.17983345721595473	96	9.066680303460029e-05	1.0054115030279216
Food production	K11752	0.04421823859778532	0.07599103763484395	-0.1515346743495727	0.23997115154514334	0.4087759031158336	0.616550417713295	78	0.004435412093307889	0.8060938738903585
Food production	K11753	0.0	0.0	0.0	0.0	0.0	0.0	93	0.0	
Food production	K11755	-0.05047647450739569	0.05337486577261838	-0.1879701287376606	0.08701717972286925	1.1103568324430402	0.433114967407807	81	0.011194079927506762	1.4341107338928212
Food production	K11787	-0.09887738447672272	0.040589687651412805	-0.20343641986676209	0.005681650913316669	1.4759307592929605	0.3269189774780476	98	0.05821602954764682	1.9771277759196644
Food production	K11788	-0.09887738447672272	0.040589687651412805	-0.20343641986676209	0.005681650913316669	1.4759307592929605	0.3269189774780476	98	0.05821602954764682	1.9771277759196644
Food production	K11808	-0.10621986549514854	0.08925069826018622	-0.33612966421338825	0.12368993322309117	1.4372010949604024	0.7188463056183744	98	0.014539723210555189	1.5941262326639785
Food production	K12297	-0.47540952064420494	0.4640521915435734	-1.6708079660604502	0.7199889247720402	4.263652710804573	3.8813641923445217	23	0.0475995023660617	1.4873503870080276
Food production	K12447	0.064358253887395	0.1365562126102828	-0.28741054979669356	0.4161270575714835	-0.21578716741021503	1.0947333025056767	91	0.002489505247737833	0.8681373801743824
Food production	K12506	0.31689973739328753	0.12060503826666048	0.006221158818370098	0.6275783159682049	-2.0568704020913176	0.9873445473326826	59	0.10803973476133022	0.012334622832808506
Food production	K12524	0.24290465459697985	0.10877626413716011	-0.03730300182034463	0.5231123110143043	-1.7282903417484194	0.8757965410974589	98	0.04937870557960722	0.041812504004852924
Food production	K12525	0.24290465459697985	0.10877626413716011	-0.03730300182034463	0.5231123110143043	-1.7282903417484194	0.8757965410974589	98	0.04937870557960722	0.041812504004852924
Food production	K12526	0.17744674465431606	0.093651951564783	-0.06380068257656493	0.4186941718851971	-0.6378296805250094	0.7540461836929306	99	0.035690063190007004	0.10172248840191456
Food production	K12657	-0.0298362153286085	0.03660695790559973	-0.1241357388934334	0.0644633082362164	0.9341310729118375	0.2959160152738481	82	0.008235289106529486	1.3448575295841934
Food production	K13038	0.0	0.0	0.0	0.0	0.0	0.0	99	0.0	
Food production	K13069	1.447676698535985	0.36973893699380866	0.4952291968399338	2.400124200232036	-10.42854513687064	3.015327575707799	39	0.29295366857009963	5.773654957685892e-05
Food production	K13243	1.18305712103028	0.4324642029615535	0.06902933420131818	2.297084907859242	-8.56218670658592	3.56538897963789	27	0.23038108637340338	0.008529593565902216
Food production	K13244	1.18305712103028	0.4324642029615535	0.06902933420131818	2.297084907859242	-8.56218670658592	3.56538897963789	27	0.23038108637340338	0.008529593565902216
Food production	K13245	1.18305712103028	0.4324642029615535	0.06902933420131818	2.297084907859242	-8.56218670658592	3.56538897963789	27	0.23038108637340338	0.008529593565902216
Food production	K13246	1.18305712103028	0.4324642029615535	0.06902933420131818	2.297084907859242	-8.56218670658592	3.56538897963789	27	0.23038108637340338	0.008529593565902216
Food production	K13273	0.0	0.0	0.0	0.0	0.0	0.0	48	0.0	
Food production	K13421	-0.07031510086883251	0.06590244458230898	-0.24007979811286045	0.09944959637519545	0.639719251019619	0.5285610565984711	100	0.011482917956152305	1.5155430634889755
Food production	K13484	0.3290430880280242	0.20906324064547946	-0.20950381987473088	0.8675899959307792	-2.552822058781279	1.7364739436260974	31	0.0786964155335046	0.20659498788337305
Food production	K13497	0.0	0.0	0.0	0.0	0.0	0.0	72	0.0	
Food production	K13498	-0.1118308527322473	0.0683469339117934	-0.2878925544890271	0.06423084902453252	0.9501246484769015	0.5566870417034764	52	0.05082323374129427	1.8181140901045485
Food production	K13501	-0.1118308527322473	0.0683469339117934	-0.2878925544890271	0.06423084902453252	0.9501246484769015	0.5566870417034764	52	0.05082323374129427	1.8181140901045485
Food production	K13540	0.0	0.0	0.0	0.0	0.0	0.0	20	0.0	
Food production	K13542	-0.045789634231355694	0.16310888984334138	-0.4659581344678031	0.37437886600509174	0.5153498652777002	1.3342839301526799	50	0.0016391752156752482	1.048933930568051
Food production	K13543	-0.045789634231355694	0.16310888984334138	-0.4659581344678031	0.37437886600509174	0.5153498652777002	1.3342839301526799	50	0.0016391752156752482	1.048933930568051
Food production	K13562	0.0022792292922252213	0.15780393682547086	-0.4042237119701877	0.40878217055463817	0.41718028193529605	1.270566979801857	87	2.45425891209905e-06	0.9998672019637607
Food production	K13713	0.024747844929729677	0.03346729591688026	-0.06146390935215387	0.11095959921161322	0.5034626058481071	0.2695535440938754	98	0.005663639634933659	0.7060228233900943
Food production	K13786	0.23094071953304565	0.14961347898482288	-0.1544636023318581	0.6163450413979494	-1.567620074430538	1.2186817540515722	62	0.03819405696815359	0.21940415880015118
Food production	K13787	0.0	0.0	0.0	0.0	0.0	0.0	11	0.0	
Food production	K13789	0.0	0.0	0.0	0.0	0.0	0.0	11	0.0	
Food production	K13829	-0.0004477425814761726	0.11608036068719896	-0.2994707517117007	0.29857526654874833	0.32096181828607695	0.9386014271784351	83	1.8367675658215177e-07	1.0000094714695251
Food production	K13830	0.5440379111576112	0.14530297436424638	0.16973744919531253	0.91833837311991	-3.083258793118657	1.1697359911589404	96	0.12978071694382587	0.00013307282375363272
Food production	K13832	0.3881134956419944	0.11958824486081353	0.08005417688053873	0.69617281440345	-2.3986818808715995	0.9669864956075022	84	0.11382697131423969	0.0012243596812337998
Food production	K13853	0.15394626073832257	0.11752729568975698	-0.14880405295849142	0.45669657443513656	-1.1056953964386802	0.9519124563001039	66	0.026109055221489985	0.33544493455874536
Food production	K13937	0.0	0.0	0.0	0.0	0.0	0.0	38	0.0	
Food production	K13939	0.30520815396088685	0.08956902775174379	0.07447833847239485	0.5359379694493789	-2.340734662663981	0.7260238554346551	74	0.13887119269535497	0.0006162178899580262
Food production	K13940	0.30520815396088685	0.08956902775174379	0.07447833847239485	0.5359379694493789	-2.340734662663981	0.7260238554346551	74	0.13887119269535497	0.0006162178899580262
Food production	K13941	0.30520815396088685	0.08956902775174379	0.07447833847239485	0.5359379694493789	-2.340734662663981	0.7260238554346551	74	0.13887119269535497	0.0006162178899580262
Food production	K13950	0.15384172604111823	0.1243314911494423	-0.16643619515984515	0.4741196472420816	-1.212236190203945	1.0315228799091987	22	0.07110842071880208	0.37730962675308066
Food production	K13998	0.05347834849171	0.06363854596917896	-0.11045454592489502	0.21741124290831504	-0.3738723543850304	0.5071836686240504	80	0.008972359008252662	0.6379035280023602
Food production	K14152	-0.05047647450739569	0.05337486577261838	-0.1879701287376606	0.08701717972286925	1.1103568324430402	0.433114967407807	81	0.011194079927506762	1.4341107338928212
Food production	K14153	-0.07617087184774339	0.1174856733055323	-0.3788139662827946	0.22647222258730781	1.358770223093306	0.9436608359311532	95	0.00449952383078045	1.2347871595824773
Food production	K14154	-0.29931540325775763	0.12286534604162372	-0.6158165346609803	0.017185728145465096	2.9585878706437825	0.9940803902358624	79	0.07155879196842152	1.9771350960965166
Food production	K14170	0.6263452459604818	0.39438622982973504	-0.3895936820809157	1.6422841740018792	-4.946785887984463	3.2368462462761376	18	0.13617296511717014	0.20074912946923584
Food production	K14187	0.2653338550895645	0.231384921065122	-0.33071370157418983	0.8613814117533187	-2.0379798265988915	1.9006105421841863	44	0.030358284607202024	0.4329492723579724
Food production	K14267	0.0	0.0	0.0	0.0	0.0	0.0	11	0.0	
Food production	K14541	0.14088630612433037	0.3502581366834353	-0.761378653972199	1.0431512662208597	-0.5905519862754373	2.9497044295434285	10	0.01982327912055104	0.9021261181989906
Food production	K14652	0.9884789806589337	0.13285206897113444	0.6462520509892913	1.330705910328576	-7.42110416028961	1.0774065807490354	65	0.4677268163227689	4.440892098500626e-16
Food production	K14656	0.0	0.0	0.0	0.0	0.0	0.0	93	0.0	
Food production	K14681	0.0	0.0	0.0	0.0	0.0	0.0	22	0.0	
Food production	K14682	0.0	0.0	0.0	0.0	0.0	0.0	22	0.0	
Food production	K14727	0.0	0.0	0.0	0.0	0.0	0.0	12	0.0	
Food production	K14759	-0.1293055152231547	0.19830307472685385	-0.6401342357195302	0.3815232052732208	1.9358973267853863	1.5878099343731282	44	0.01002193276028418	1.2371390265363598
Food production	K14760	0.0	0.0	0.0	0.0	0.0	0.0	32	0.0	
Food production	K15461	-0.19747227534608883	0.2676202486407316	-0.8868620358446134	0.49191748515243583	1.8180139446902355	2.2411608457933463	21	0.027858030709928983	1.2929265007701995
Food production	K15789	0.0	0.0	0.0	0.0	0.0	0.0	14	0.0	
Food production	K15918	0.02029606587634998	0.14343876146729262	-0.34920218366339584	0.38979431541609577	0.03664316874273388	1.1553024058251986	65	0.0003176962798072669	0.9873349765484314
Food production	K16171	-0.21617898243127	0.21186026000728989	-0.7619310122100488	0.3295730473475088	1.8792265755584014	1.790221907584348	13	0.08646865485781996	1.4846139288068017
Food production	K16371	0.05304552851826279	0.45229537385960816	-1.112067354544088	1.2181584115806134	-0.31287323706316933	3.5672305640690762	17	0.0009161444443656075	0.9912816697017128
Food production	K17877	0.0029895088656707856	0.16758961432711536	-0.4287213376409784	0.43470035537232	1.2873267773283912	1.3858795185685926	28	1.223846147935248e-05	0.9997974456271099
Food production	K18240	0.0	0.0	0.0	0.0	0.0	0.0	11	0.0	
Food production	K18365	0.14716793706473813	0.4492475592805255	-1.0100937756418957	1.3044296497713719	-1.0324602731233183	3.758086260951514	14	0.008863538971179419	0.9339634361549325
Food production	K18482	0.0	0.0	0.0	0.0	0.0	0.0	13	0.0	
Food production	K18592	0.6841952128431502	0.20384089847471748	0.15910105837227795	1.2092893673140224	-5.406491316479254	1.6882333389199782	34	0.260392619512421	0.0007675668728497342
Food production	K18649	-0.1443723580421762	0.08411630222316553	-0.36105595256905065	0.0723112364846982	1.2134266641079365	0.6805389019064408	45	0.0641152955047134	1.8467023683205455
Food production	K18859	-0.03742816751340332	0.0876370817622664	-0.26318129013300157	0.1883249551061949	0.33276853788476274	0.7271679776787361	31	0.006250292330485574	1.1096302965215277
Food production	K18860	-0.03742816751340332	0.0876370817622664	-0.26318129013300157	0.1883249551061949	0.33276853788476274	0.7271679776787361	31	0.006250292330485574	1.1096302965215277
Food production	K19107	0.0	0.0	0.0	0.0	0.0	0.0	50	0.0	
Food production	K19269	0.0	0.0	0.0	0.0	0.0	0.0	18	0.0	
Food production	K19285	0.0022792292922252213	0.15780393682547086	-0.4042237119701877	0.40878217055463817	0.41718028193529605	1.270566979801857	87	2.45425891209905e-06	0.9998672019637607
Food production	K19286	0.0022792292922252213	0.15780393682547086	-0.4042237119701877	0.40878217055463817	0.41718028193529605	1.270566979801857	87	2.45425891209905e-06	0.9998672019637607
Food production	K19302	0.2424676561559093	0.08139701424127342	0.03278894747038896	0.4521463648414296	-1.852649254953257	0.6565392853769288	90	0.09159801873407569	0.0035210714266917797
Food production	K19562	0.13752366308047181	0.0985307071147304	-0.11629143844707368	0.3913387646080173	-0.4301298275753026	0.809498790283813	41	0.04757490055865099	0.28932629710222635
Food production	K19726	0.7240342261895737	0.12422594109344656	0.4040282019328553	1.044040250446292	-5.515032680151538	1.007366897165392	79	0.30611781956040574	4.055094038335483e-10
Food production	K19964	0.3290430880280242	0.20906324064547946	-0.20950381987473088	0.8675899959307792	-2.552822058781279	1.7364739436260974	31	0.0786964155335046	0.20659498788337305
Food production	K21219	-0.07617087184774339	0.1174856733055323	-0.3788139662827946	0.22647222258730781	1.358770223093306	0.9436608359311532	95	0.00449952383078045	1.2347871595824773
Food production	K21220	-0.04794146102262124	0.07764738324317194	-0.24796112025703215	0.1520781982117897	0.47167347168860146	0.6279634724491523	74	0.00526675381214281	1.2154840629886325
Food production	K21456	0.0	0.0	0.0	0.0	0.0	0.0	27	0.0	
Food production	K22223	0.0	0.0	0.0	0.0	0.0	0.0	18	0.0	
Food production	K22251	0.06710272751261377	0.12251468879208571	-0.24849511081579906	0.3827005658410266	-0.48177253025326877	0.9859058173904313	24	0.013452388244007962	0.8261504704074221
Food production	K22305	0.0	0.0	0.0	0.0	0.0	0.0	37	0.0	
Food production	K22316	0.0	0.0	0.0	0.0	0.0	0.0	13	0.0	
Food production	K22373	0.817061543589536	0.3520157805998725	-0.08973110723573552	1.7238541944148076	-6.225350217672325	2.802152154589337	22	0.21220996033967843	0.032394288294032236
Food production	K22391	0.24526836708430938	0.09565519947857617	-0.0011394267725028662	0.49167616094112165	-1.8898568175060653	0.7787559586346308	67	0.09185595154898862	0.015214788436554993
Food production	K22476	0.0	0.0	0.0	0.0	0.0	0.0	22	0.0	
Food production	K22477	0.0	0.0	0.0	0.0	0.0	0.0	22	0.0	
Food production	K22478	0.0	0.0	0.0	0.0	0.0	0.0	22	0.0	
Food production	K22515	0.3085991832773935	0.36666687708107193	-0.6359346920834479	1.2531330586382348	-1.7948050362637868	3.012078428260443	35	0.021013999942525063	0.6370240702684875
Food production	K22920	0.20517293690271823	0.10589629077158119	-0.06761590812487492	0.47796178193031136	-1.4661864167098946	0.8486865090599142	90	0.04091233681264461	0.09164941379193925
Food production	K22949	0.0	0.0	0.0	0.0	0.0	0.0	93	0.0	
Food production	K23123	-0.018231634494846476	0.19456316356468564	-0.5194263438374767	0.4829630748477837	0.685146551839255	1.5878783211318594	49	0.00018678886616252388	1.0055743831071502
Food production	K23124	-0.018231634494846476	0.19456316356468564	-0.5194263438374767	0.4829630748477837	0.685146551839255	1.5878783211318594	49	0.00018678886616252388	1.0055743831071502
Food production	K23144	0.16726735539170098	0.09052947289462811	-0.06593656678486104	0.400471277568263	-0.39889817145719464	0.7262707762050871	101	0.03333371920801054	0.1137998341720361
Food production	K23264	-0.5551595593164255	0.08805456350204084	-0.7819881148976827	-0.3283310037351682	4.945980764374551	0.7089409281572229	97	0.29498822126415525	1.9999999999897664
Food production	K23265	-0.5551595593164255	0.08805456350204084	-0.7819881148976827	-0.3283310037351682	4.945980764374551	0.7089409281572229	97	0.29498822126415525	1.9999999999897664
Food production	K23269	-0.5551595593164255	0.08805456350204084	-0.7819881148976827	-0.3283310037351682	4.945980764374551	0.7089409281572229	97	0.29498822126415525	1.9999999999897664
Food production	K23270	-0.5551595593164255	0.08805456350204084	-0.7819881148976827	-0.3283310037351682	4.945980764374551	0.7089409281572229	97	0.29498822126415525	1.9999999999897664
Food production	K23304	0.5854701238836799	0.11671472466133019	0.2848129931560933	0.8861272546112665	-4.545312661096637	0.9469174946235352	77	0.2512186737256088	1.1040538705486824e-07
Food production	K23987	0.24996885608614564	0.14703248807778804	-0.12878683320223636	0.6287245453745276	-1.4755383091516776	1.1930784089449762	60	0.04746756690735521	0.15881238451894109
Food production	K24017	0.10203009084708897	0.1274659558375178	-0.2263222113903569	0.43038239308453485	-0.3566109536623941	1.0359994672982782	76	0.008584051488175315	0.6650487840186052
Food production	K24018	0.16822829047576468	0.09532915762547862	-0.07733961956746827	0.4137962005189976	-1.1918068954203072	0.7697245450232771	88	0.03494617424736979	0.1377160209392727
Food production	K24042	0.480818769186408	0.11923310023195627	0.17367430298888864	0.7879632353839273	-3.57342091678717	0.971798440206194	64	0.20778739967745452	3.190983768286415e-05
Food production	K24263	0.26551064443746364	0.10288375536355651	0.0004820906209420661	0.5305391982539852	-2.063960954700889	0.8390267833214808	35	0.16792610493414994	0.014409768850769833
Food production	K24866	0.0458382350174023	0.18135376605872236	-0.4213290663498665	0.5130055363846711	-0.2641277122269596	1.5030573518764743	24	0.00289548033983944	0.9601451555284166
Food production	K25004	0.029143009700497782	0.07429504640284605	-0.16224102983323363	0.22052704923422922	-0.18427601547460357	0.6036856685403281	53	0.0030079499409215726	0.9066891723343842
Food production	K25009	0.029143009700497765	0.07429504640284605	-0.16224102983323366	0.2205270492342292	0.508871165085342	0.6036856685403281	53	0.0030079499409214616	0.9066891723343844
Food production	K25031	0.17246788220566264	0.06978112618184336	-0.007288298838765861	0.35222406325009115	-1.3096985898376885	0.5588328818429946	75	0.07721770766503022	0.020468973652652878
Food production	K25528	0.0	0.0	0.0	0.0	0.0	0.0	37	0.0	
Food production	K25801	-0.03742816751340332	0.0876370817622664	-0.26318129013300157	0.1883249551061949	0.33276853788476274	0.7271679776787361	31	0.006250292330485574	1.1096302965215277
Food production	K25995	-0.03742816751340332	0.0876370817622664	-0.26318129013300157	0.1883249551061949	0.33276853788476274	0.7271679776787361	31	0.006250292330485574	1.1096302965215277
Food production	K25996	-0.03742816751340332	0.0876370817622664	-0.26318129013300157	0.1883249551061949	0.33276853788476274	0.7271679776787361	31	0.006250292330485574	1.1096302965215277
Food production	K26110	0.0	0.0	0.0	0.0	0.0	0.0	51	0.0	
Food production	K26138	0.0029895088656707856	0.16758961432711536	-0.4287213376409784	0.43470035537232	1.2873267773283912	1.3858795185685926	28	1.223846147935248e-05	0.9997974456271099
Food production	K26139	0.0029895088656707856	0.16758961432711536	-0.4287213376409784	0.43470035537232	1.2873267773283912	1.3858795185685926	28	1.223846147935248e-05	0.9997974456271099
Food production	K27797	-0.018656074763274987	0.2019965018424714	-0.5389990635094813	0.5016869139829313	0.2530313763217684	1.6644699141877835	25	0.00037073533079456933	1.0054156963635799
Food production	K27802	0.0	0.0	0.0	0.0	0.0	0.0	14	0.0	
Food production	K28126	0.0	0.0	0.0	0.0	0.0	0.0	100	0.0	
Food production	K28192	0.0	0.0	0.0	0.0	0.0	0.0	96	0.0	
Food production	K28203	0.0	0.0	0.0	0.0	0.0	0.0	18	0.0	
Food production	K28207	0.063103804490009	0.5373774659424344	-1.321180547777702	1.44738815675772	-0.32847452123386234	4.426310143528851	13	0.001252031940537246	0.9912596782041891
Food production	K28208	0.063103804490009	0.5373774659424344	-1.321180547777702	1.44738815675772	-0.32847452123386234	4.426310143528851	13	0.001252031940537246	0.9912596782041891
Food production	K28660	0.20517293690271823	0.10589629077158119	-0.06761590812487492	0.47796178193031136	-1.4661864167098946	0.8486865090599142	90	0.04091233681264461	0.09164941379193925
Wastewater	K00014	0.4758425390563886	0.1644753335001425	0.05215407996002153	0.8995309981527557	-3.766251649846508	1.361777883369687	55	0.13638572585099873	0.004851333835951266
Wastewater	K00019	0.6077549368086133	0.2423681782259835	-0.016585490301520234	1.2320953639187469	-5.035778768028146	2.045791250759397	15	0.3260023970459659	0.01826071934455431
Wastewater	K00027	-0.22621351611101587	0.2184360538031356	-0.7889047907078932	0.3364777584858614	2.08235701599369	1.8113025627797033	32	0.03451537249615133	1.4947797472933841
Wastewater	K00028	-0.22621351611101587	0.2184360538031356	-0.7889047907078932	0.3364777584858614	2.08235701599369	1.8113025627797033	32	0.03451537249615133	1.4947797472933841
Wastewater	K00067	-0.0005356470222398063	0.15305468954542487	-0.39480452729125426	0.39373323324677467	0.09010049553022151	1.2622537064674788	29	4.536283065847968e-07	1.0000077972693735
Wastewater	K00077	0.5746660872296646	0.374795050314563	-0.3908059623806497	1.540138136839979	-4.473569312985254	3.161631778222995	16	0.14378065119681205	0.22387634040733229
Wastewater	K00082	0.07718091141406642	0.06419453762755008	-0.08818421751450257	0.24254604034263544	-0.6016384681610252	0.5300963250793638	59	0.02473275180961043	0.39842115265340783
Wastewater	K00099	0.0	0.0	0.0	0.0	0.0	0.0	58	0.0	
Wastewater	K00107	-0.3120015865743632	0.36608057058297766	-1.2550251363961138	0.6310219632473872	2.779502722048827	3.087864750243189	12	0.06771849740565294	1.3702447345812896
Wastewater	K00121	0.013906986405161005	0.1611645221861564	-0.40125282274637786	0.4290667955566999	-0.06523987878641332	1.3515511712390011	27	0.00029775415421950946	0.9952709015701384
Wastewater	K00122	0.11967274708459834	0.393725903435914	-0.8945651801663163	1.133910674335513	-0.058524148159088574	3.287875638855273	36	0.002709849409837095	0.9428818799185703
Wastewater	K00123	0.11967274708459834	0.393725903435914	-0.8945651801663163	1.133910674335513	-0.058524148159088574	3.287875638855273	36	0.002709849409837095	0.9428818799185703
Wastewater	K00124	0.11967274708459834	0.393725903435914	-0.8945651801663163	1.133910674335513	-0.058524148159088574	3.287875638855273	36	0.002709849409837095	0.9428818799185703
Wastewater	K00126	0.11967274708459834	0.393725903435914	-0.8945651801663163	1.133910674335513	-0.058524148159088574	3.287875638855273	36	0.002709849409837095	0.9428818799185703
Wastewater	K00127	0.11967274708459834	0.393725903435914	-0.8945651801663163	1.133910674335513	-0.058524148159088574	3.287875638855273	36	0.002709849409837095	0.9428818799185703
Wastewater	K00133	0.07437613985334134	0.06928534986295885	-0.10410292139364068	0.25285520110032333	-0.5687453592826134	0.5712162423866713	63	0.018540732401717275	0.4801729858897752
Wastewater	K00147	0.0	0.0	0.0	0.0	0.0	0.0	58	0.0	
Wastewater	K00211	0.0	0.0	0.0	0.0	0.0	0.0	11	0.0	
Wastewater	K00220	0.0	0.0	0.0	0.0	0.0	0.0	30	0.0	
Wastewater	K00228	0.5114803487199765	0.1772279274921335	0.05494120750024056	0.9680194899397124	-3.729512561108858	1.4695676070817465	37	0.192227174353935	0.004979554047836121
Wastewater	K00231	0.0	0.0	0.0	0.0	0.0	0.0	11	0.0	
Wastewater	K00233	0.021984287990866973	0.11273849000344455	-0.2684300622580062	0.3123986382397402	-0.14416980184138795	0.9428558520326381	35	0.0011509760627776977	0.9760825767125019
Wastewater	K00234	0.021984287990866973	0.11273849000344455	-0.2684300622580062	0.3123986382397402	-0.14416980184138795	0.9428558520326381	35	0.0011509760627776977	0.9760825767125019
Wastewater	K00235	0.021984287990866973	0.11273849000344455	-0.2684300622580062	0.3123986382397402	-0.14416980184138795	0.9428558520326381	35	0.0011509760627776977	0.9760825767125019
Wastewater	K00236	0.021984287990866973	0.11273849000344455	-0.2684300622580062	0.3123986382397402	-0.14416980184138795	0.9428558520326381	35	0.0011509760627776977	0.9760825767125019
Wastewater	K00237	0.021984287990866973	0.11273849000344455	-0.2684300622580062	0.3123986382397402	-0.14416980184138795	0.9428558520326381	35	0.0011509760627776977	0.9760825767125019
Wastewater	K00239	0.021984287990866973	0.11273849000344455	-0.2684300622580062	0.3123986382397402	-0.14416980184138795	0.9428558520326381	35	0.0011509760627776977	0.9760825767125019
Wastewater	K00240	0.021984287990866973	0.11273849000344455	-0.2684300622580062	0.3123986382397402	-0.14416980184138795	0.9428558520326381	35	0.0011509760627776977	0.9760825767125019
Wastewater	K00241	0.021984287990866973	0.11273849000344455	-0.2684300622580062	0.3123986382397402	-0.14416980184138795	0.9428558520326381	35	0.0011509760627776977	0.9760825767125019
Wastewater	K00242	0.021984287990866973	0.11273849000344455	-0.2684300622580062	0.3123986382397402	-0.14416980184138795	0.9428558520326381	35	0.0011509760627776977	0.9760825767125019
Wastewater	K00244	0.021984287990866973	0.11273849000344455	-0.2684300622580062	0.3123986382397402	-0.14416980184138795	0.9428558520326381	35	0.0011509760627776977	0.9760825767125019
Wastewater	K00245	0.021984287990866973	0.11273849000344455	-0.2684300622580062	0.3123986382397402	-0.14416980184138795	0.9428558520326381	35	0.0011509760627776977	0.9760825767125019
Wastewater	K00246	0.021984287990866973	0.11273849000344455	-0.2684300622580062	0.3123986382397402	-0.14416980184138795	0.9428558520326381	35	0.0011509760627776977	0.9760825767125019
Wastewater	K00247	0.021984287990866973	0.11273849000344455	-0.2684300622580062	0.3123986382397402	-0.14416980184138795	0.9428558520326381	35	0.0011509760627776977	0.9760825767125019
Wastewater	K00254	0.08741644106189546	0.051869184971013	-0.04619857942343404	0.22103146154722497	-0.6986850106917797	0.42834227454755536	61	0.0459299170366958	0.1639482608217988
Wastewater	K00265	0.4899325395781614	0.3263130448216001	-0.3506498638822805	1.3305149430386032	-3.726475581708982	2.626551881928908	13	0.17007804874123855	0.23809025030934827
Wastewater	K00266	0.4899325395781614	0.3263130448216001	-0.3506498638822805	1.3305149430386032	-3.726475581708982	2.626551881928908	13	0.17007804874123855	0.23809025030934827
Wastewater	K00288	-0.0008059767488310678	0.07204921595802435	-0.18640475705670181	0.18479280355903968	0.04665762760237901	0.596547786808555	52	2.5027381679310068e-06	1.0000796616563745
Wastewater	K00297	0.07848145790411497	0.14316411150341998	-0.29030929332869493	0.4472722091369249	-0.531626338525566	1.1848354290947045	55	0.005638121054372225	0.8258735250411158
Wastewater	K00299	0.6263965582426102	0.25278900802240706	-0.02478792642311045	1.2775810429083307	-4.815540337203981	2.101123738847279	41	0.13602505102892504	0.020061128158496366
Wastewater	K00300	-0.0008059767488310678	0.07204921595802435	-0.18640475705670181	0.18479280355903968	0.04665762760237901	0.596547786808555	52	2.5027381679310068e-06	1.0000796616563745
Wastewater	K00361	-0.15895324712460054	0.182385901241387	-0.6287793287224135	0.31087283447321246	2.7393623604288493	1.537333389444867	29	0.027361749464956286	1.3834059735530344
Wastewater	K00362	-0.15895324712460057	0.18238590124138704	-0.6287793287224136	0.31087283447321246	2.0462151798689048	1.5373333894448675	29	0.027361749464956286	1.3834059735530346
Wastewater	K00363	-0.15895324712460057	0.18238590124138704	-0.6287793287224136	0.31087283447321246	2.0462151798689048	1.5373333894448675	29	0.027361749464956286	1.3834059735530346
Wastewater	K00376	0.0	0.0	0.0	0.0	0.0	0.0	12	0.0	
Wastewater	K00384	0.26604164173502065	0.09164928390359821	0.029953086399351653	0.5021301970706896	-2.118622125327565	0.7565963488650475	60	0.1268529277077608	0.004680264347174834
Wastewater	K00390	0.0	0.0	0.0	0.0	0.0	0.0	40	0.0	
Wastewater	K00451	-0.5058959213807248	0.38113685392945934	-1.4877044571030122	0.4759126143415625	4.417826552521681	3.225124772543359	10	0.18048032491463584	1.674244013655638
Wastewater	K00548	0.0	0.0	0.0	0.0	0.0	0.0	45	0.0	
Wastewater	K00549	-0.048536988856621624	0.0958683308525516	-0.29549380913279455	0.19841983141955133	0.44428467217076806	0.7975166607037212	34	0.007946582694624671	1.1505644442416054
Wastewater	K00560	-0.14781886712414308	0.07866552895337439	-0.3504612697080355	0.054823535459749356	1.2603117991376762	0.6531141027324977	41	0.08302058407636304	1.894375891665132
Wastewater	K00564	-0.13927886650230842	0.20800069090418774	-0.675088646271496	0.3965309132668792	1.2985287022011096	1.7106799764598937	18	0.027259501348716686	1.2483196136504944
Wastewater	K00603	0.028631076491041973	0.0783950955983833	-0.1733146897703934	0.23057684275247733	-0.19791367891849046	0.6497251988301189	53	0.0026085132510396125	0.9185915690365729
Wastewater	K00608	-0.018445585611079708	0.038347480669106634	-0.11722869581469841	0.08033752459253898	0.16384005415883166	0.3168120403494596	60	0.003973325978483544	1.1369616342141677
Wastewater	K00609	-0.018445585611079708	0.038347480669106634	-0.11722869581469841	0.08033752459253898	0.16384005415883166	0.3168120403494596	60	0.003973325978483544	1.1369616342141677
Wastewater	K00610	-0.018445585611079708	0.038347480669106634	-0.11722869581469841	0.08033752459253898	0.16384005415883166	0.3168120403494596	60	0.003973325978483544	1.1369616342141677
Wastewater	K00618	0.0	0.0	0.0	0.0	0.0	0.0	29	0.0	
Wastewater	K00619	0.0	0.0	0.0	0.0	0.0	0.0	29	0.0	
Wastewater	K00620	0.20155232194251343	0.17300991710318633	-0.24412122451529455	0.6472258684003214	-1.2800674968779215	1.4317667636865792	53	0.025921341143369858	0.42147281825744143
Wastewater	K00639	0.0	0.0	0.0	0.0	0.0	0.0	16	0.0	
Wastewater	K00640	0.4011279839856012	0.15384567113663353	0.004821535137633226	0.7974344328335692	-3.0699687550680315	1.2710312452664085	55	0.11368602638997483	0.013195456440891817
Wastewater	K00641	-0.016149177558592766	0.16287522328605572	-0.4357157527434723	0.4034173976262868	0.20057878364720316	1.3545288680604781	27	0.00039307915758590717	1.0062389655092052
Wastewater	K00651	-0.016149177558592766	0.16287522328605572	-0.4357157527434723	0.4034173976262868	0.20057878364720316	1.3545288680604781	27	0.00039307915758590717	1.0062389655092052
Wastewater	K00652	0.0	0.0	0.0	0.0	0.0	0.0	28	0.0	
Wastewater	K00674	0.0	0.0	0.0	0.0	0.0	0.0	37	0.0	
Wastewater	K00681	0.49711408310686356	0.26742110435596167	-0.19176268171409372	1.1859908479278207	-3.782685663299847	2.2285569002660326	32	0.10328856224886784	0.11081538385876022
Wastewater	K00748	0.0	0.0	0.0	0.0	0.0	0.0	41	0.0	
Wastewater	K00761	0.10180161080328734	0.07327544260993525	-0.08695592935990587	0.29055915096648055	-0.8025953651007391	0.6074755944596402	51	0.037898096122685354	0.2926507271024561
Wastewater	K00763	0.42346735958617837	0.15720167188827486	0.018515852801982313	0.8284188663703744	-3.4520040530271605	1.3209699540711892	37	0.17172452333935084	0.009856600501753743
Wastewater	K00764	-0.05710954950221513	0.0648076232282207	-0.22405398693811168	0.1098348879336814	0.5049922829833424	0.534097265980938	60	0.013211777284325321	1.3900402862542651
Wastewater	K00766	-0.21931843448179525	0.09320532714899821	-0.4594153572176146	0.020778488254024147	1.886963581796458	0.7719126904451192	58	0.0899773086399237	1.970545755620556
Wastewater	K00767	0.20148155892315972	0.16317664884249625	-0.2188614884951106	0.6218246063414301	-1.356376021891051	1.3486957890105427	58	0.026503364726063627	0.378860379941504
Wastewater	K00768	-0.09193008234402224	0.10897118311308475	-0.37263985004332856	0.1887796853552841	0.8391430277315729	0.9059616343265917	46	0.0159173535573357	1.3643308630545203
Wastewater	K00788	-0.09742840807334971	0.1426389633556036	-0.4648663776773846	0.2700095615306852	0.9765174322658653	1.176784784541844	48	0.010040479874038555	1.2569654081619632
Wastewater	K00790	0.15549531293087385	0.14215407058526924	-0.21069357289677973	0.5216841987585275	-1.108755118773625	1.171232838159853	62	0.019551917498924376	0.4668621023224897
Wastewater	K00800	-0.04582046443349166	0.05711417828832781	-0.1929465877042241	0.10130565883724077	0.3921240450454112	0.46849587687102406	42	0.015835752325916275	1.336178974430926
Wastewater	K00804	0.0	0.0	0.0	0.0	0.0	0.0	12	0.0	
Wastewater	K00820	0.12573599116442	0.07049469960737388	-0.05585835502417513	0.3073303373530151	-0.9906715652041275	0.581754386371428	60	0.05199810341335953	0.13195606565452866
Wastewater	K00821	0.0	0.0	0.0	0.0	0.0	0.0	23	0.0	
Wastewater	K00833	0.0	0.0	0.0	0.0	0.0	0.0	39	0.0	
Wastewater	K00851	0.1502044674895031	0.10180415937817563	-0.11204304706867735	0.4124519820476836	-1.2413897657023405	0.860595022626278	25	0.08646348400457249	0.2501122703547931
Wastewater	K00854	-0.13947245013007456	0.3935525434225728	-1.1532638019866222	0.874318901726473	1.502460618076687	3.3012939772858374	17	0.008303457244297374	1.0768431167164518
Wastewater	K00855	-0.06610813244894555	0.2458234452219464	-0.6993493273406794	0.5671330624427884	0.6060793714196716	2.0398134615413057	12	0.007180151798009127	1.044997046940663
Wastewater	K00858	0.021557198324835047	0.13932932533730039	-0.33735514374405073	0.38046954039372083	-0.1178405267629643	1.1637140642706687	40	0.0006295677393860499	0.9848757235139591
Wastewater	K00859	-0.02262017472656167	0.035729172710457245	-0.11465852362869954	0.0694181741755762	0.197360736865826	0.2945656451128471	63	0.006527875164301089	1.22521363287178
Wastewater	K00863	-0.03261610793373178	0.26586066406700526	-0.7174731785703374	0.6522409627028738	0.4087753718466357	2.2033563147483397	15	0.001156405736290611	1.009535803118101
Wastewater	K00864	0.2144444541421751	0.12911836788642456	-0.11816446153325455	0.5470533698176048	-1.6822509021945655	1.0734463882563128	50	0.054343281305963775	0.17272799997761368
Wastewater	K00872	0.07382622271567592	0.04406207433182247	-0.03967768076309877	0.1873301261944506	-0.5978029242836017	0.3653173687854301	50	0.05525418276479144	0.1674294248328747
Wastewater	K00877	0.31416286502269375	0.15320931443199745	-0.08050432895413168	0.7088300589995191	-2.3969553835337085	1.2665099330868137	53	0.0761663202076499	0.06878139902545577
Wastewater	K00878	0.14019564843942964	0.10403748831643046	-0.12780492146369524	0.4081962183425545	-1.1224747981627157	0.8548785307136664	24	0.07624696269182074	0.3147328863624821
Wastewater	K00891	-0.05790021825278211	0.060250068281004286	-0.21310439414464916	0.09730395763908495	0.4985621294308281	0.4991328229936742	36	0.026444011076333762	1.4445239312922038
Wastewater	K00912	0.0	0.0	0.0	0.0	0.0	0.0	41	0.0	
Wastewater	K00919	0.0	0.0	0.0	0.0	0.0	0.0	59	0.0	
Wastewater	K00927	0.09763502810321756	0.09551834441560297	-0.1484202271113757	0.3436902833178108	-0.7361506966254204	0.7885625123571038	50	0.02130319158608729	0.5141977580348369
Wastewater	K00928	0.017682724733827808	0.1436607427417327	-0.35238734856887566	0.3877527980365313	0.034095760733175634	1.1843968430515532	63	0.00024830443243128997	0.990401362760545
Wastewater	K00929	0.3051663195914029	0.5589905967442379	-1.134793457621754	1.7451260968045599	-1.911482043037656	4.488909023219857	10	0.03591608936101032	0.8271794394643732
Wastewater	K00931	0.0	0.0	0.0	0.0	0.0	0.0	58	0.0	
Wastewater	K00941	0.13303814120770885	0.11746213885390142	-0.16954432847994122	0.4356206108953589	-1.0080990159984438	0.9713378685243894	50	0.026029223728911366	0.44190900624145746
Wastewater	K00946	0.0	0.0	0.0	0.0	0.0	0.0	44	0.0	
Wastewater	K00948	0.16558943186650715	0.10142758818643899	-0.09568803530175968	0.426866899034774	-1.2628016993443056	0.8367242167126543	61	0.043222699390478625	0.18326725591416704
Wastewater	K00950	0.1662031055482133	0.11106449979892741	-0.1198990459338237	0.45230525703025026	-1.2435606321053416	0.9165742520568432	60	0.03717468075199093	0.24035617318126246
Wastewater	K00953	0.0	0.0	0.0	0.0	0.0	0.0	48	0.0	
Wastewater	K00954	-0.07054935837314485	0.034689598071192165	-0.15990976300453585	0.01881104625824616	0.5922297472779338	0.2859949743968008	63	0.06349888022085415	1.9281447964867198
Wastewater	K00963	0.4264551691545351	0.1299050587299715	0.09181973786612851	0.7610906004429416	-3.406139747052044	1.07598202513153	48	0.1898116275568289	0.001048075097941803
Wastewater	K00965	-0.5288555174709869	0.24793807343779645	-1.1675439946467505	0.1098329597047768	4.495260447110379	2.011978795148656	10	0.3625371561229467	1.944781734488755
Wastewater	K00972	0.0	0.0	0.0	0.0	0.0	0.0	54	0.0	
Wastewater	K00973	-0.027352482300602034	0.08582903974102715	-0.24844808867348797	0.19374312407228392	0.2816047354520662	0.710160551637513	50	0.002111377153329874	1.062609609976583
Wastewater	K00974	0.0	0.0	0.0	0.0	0.0	0.0	13	0.0	
Wastewater	K00975	0.09493599062055555	0.21340314526184648	-0.454790511573961	0.6446624928150722	-0.5444793771686041	1.7571225883944983	31	0.00677810710005855	0.8816225918717813
Wastewater	K00978	0.0	0.0	0.0	0.0	0.0	0.0	14	0.0	
Wastewater	K00991	0.0	0.0	0.0	0.0	0.0	0.0	54	0.0	
Wastewater	K00995	0.11992049828585956	0.07561582117283255	-0.0748658570553571	0.31470685362707623	-0.940061021324933	0.6238632338169142	57	0.043729987247546065	0.20165732825717142
Wastewater	K01003	-0.5276758320846231	0.22420686557769945	-1.1052327178127768	0.04988105364353068	4.537451953292807	1.8705563513918577	10	0.4091173200574312	1.9705858481455034
Wastewater	K01006	0.16499992786261536	0.1052815464485026	-0.10620533578872737	0.4362051915139581	-1.2978136580758781	0.8642824146863778	25	0.09648715333564506	0.209367780405056
Wastewater	K01007	0.0	0.0	0.0	0.0	0.0	0.0	32	0.0	
Wastewater	K01008	0.020401405452327256	0.07281593065487606	-0.1671724319146335	0.20797524281928798	-0.13643786112252168	0.6052255782805828	42	0.001958645821209082	0.951253787319388
Wastewater	K01011	0.0	0.0	0.0	0.0	0.0	0.0	11	0.0	
Wastewater	K01012	-0.01168774644288213	0.05589740130106404	-0.15567945219442308	0.13230395930865885	0.11297533720059848	0.46350524745982363	43	0.0010652011161687014	1.027449132954
Wastewater	K01057	-0.07411954140047955	0.10533631964122356	-0.34546590079627143	0.19722681799531233	0.661372123545893	0.8748487930051985	30	0.0173755555282068	1.270358700166363
Wastewater	K01067	0.0	0.0	0.0	0.0	0.0	0.0	13	0.0	
Wastewater	K01070	0.0	0.0	0.0	0.0	0.0	0.0	26	0.0	
Wastewater	K01079	0.0	0.0	0.0	0.0	0.0	0.0	37	0.0	
Wastewater	K01089	0.1570664631729963	0.15232283016408696	-0.2353171473296917	0.5494500736756843	-0.9966980595651695	1.2558632208650748	61	0.017702233823778224	0.5081958530848711
Wastewater	K01091	-0.3450002298522626	0.30046366919937684	-1.1189946417098573	0.4289941820053322	3.1774325986472007	2.5218097486587334	21	0.06488806661288604	1.568001980895367
Wastewater	K01129	0.2822763173821113	0.2151542217048423	-0.27196095772956247	0.836513592493785	-2.2182208077829877	1.7838019969694883	24	0.07256232580931388	0.3342737957235933
Wastewater	K01241	0.0	0.0	0.0	0.0	0.0	0.0	22	0.0	
Wastewater	K01433	0.256945286500574	0.15607653978179648	-0.1451078799773337	0.6589984529784818	-2.0165763656702627	1.3035891792370178	41	0.06497757146571292	0.1781043558512856
Wastewater	K01439	0.0	0.0	0.0	0.0	0.0	0.0	40	0.0	
Wastewater	K01455	0.2631765640098476	0.25893527594943844	-0.40384070683590584	0.9301938348556011	-2.0146202967739675	2.1411881366807033	13	0.0858493608827714	0.5180694950675448
Wastewater	K01457	0.0	0.0	0.0	0.0	0.0	0.0	12	0.0	
Wastewater	K01458	0.4913096342789012	0.4769933769741503	-0.73742530480651	1.7200445733643124	-4.091828222788328	4.063369772342842	15	0.07545219566778538	0.5089488968358915
Wastewater	K01465	0.18128772000465526	0.1328901448543552	-0.1610372931401638	0.5236127331494743	-1.343036626291521	1.0970281793173333	50	0.03732416141875994	0.30581876287274556
Wastewater	K01468	0.0	0.0	0.0	0.0	0.0	0.0	31	0.0	
Wastewater	K01469	0.47303791271203466	0.3615557334800654	-0.45832965673261394	1.4044054821566831	-3.3367423059247128	3.017663969737727	27	0.06408243185989082	0.33630508240279555
Wastewater	K01477	0.16032731238011058	0.34322149234200006	-0.7238112518928816	1.0444658766531028	-1.3098673711560969	2.9283732857959897	12	0.02135459963248565	0.8703028211096875
Wastewater	K01479	-0.2266415826647654	0.18905680228912197	-0.7136519053615435	0.2603687400320128	1.9491440462615282	1.5695508675248688	10	0.15228420511404628	1.5994442214280373
Wastewater	K01480	0.47986859839648344	0.23054532802023656	-0.114016166583646	1.0737533633766128	-3.7149590792523477	1.9140948907558375	28	0.14283174508246776	0.06341128072296653
Wastewater	K01491	-0.0008059767488310678	0.07204921595802435	-0.18640475705670181	0.18479280355903968	0.04665762760237901	0.596547786808555	52	2.5027381679310068e-06	1.0000796616563745
Wastewater	K01495	0.2915213600030815	0.12326942672141128	-0.02602068323127399	0.6090634032374369	-2.2908873679850856	1.0232023175526017	49	0.10634171025008954	0.028424808545814084
Wastewater	K01496	0.044563939579406846	0.10039404427065694	-0.2140511184618054	0.3031789976206191	-0.30838723004753327	0.8298328437319529	60	0.0033857147728015846	0.8821098787634827
Wastewater	K01497	0.14139224795705493	0.14204696915676376	-0.2245207445907685	0.5073052405048784	-0.9711064295216412	1.1737588675094466	55	0.01835132681453233	0.5321846855722456
Wastewater	K01498	0.0	0.0	0.0	0.0	0.0	0.0	58	0.0	
Wastewater	K01519	-1.2278230440336504e-30	5.453785409375112e-17	-1.404895121455041e-16	1.4048951214550164e-16	0.6931471805599452	4.501237763224132e-16	45	0.0	1.0
Wastewater	K01520	-0.10534659034701767	0.04482591911468994	-0.22081815798645893	0.010124977292423606	0.8842012317414772	0.370463263389804	49	0.10515556147489313	1.970285254339077
Wastewater	K01523	-0.008038622458957442	0.04305464761272391	-0.11894739470933423	0.10287014979141935	0.0792060722408577	0.3569526123704872	55	0.0006572971696189311	1.021947912162409
Wastewater	K01525	0.0	0.0	0.0	0.0	0.0	0.0	25	0.0	
Wastewater	K01555	-0.2284116167198287	0.1960011318509604	-0.7333105323679027	0.2764872989282453	2.0285100893790635	1.6603643242959178	22	0.06358539862838608	1.5787666671723097
Wastewater	K01583	-0.36647453806754066	0.31749076832999495	-1.1843307572856077	0.4513816811505264	3.1782495196712452	2.598796624437984	16	0.08689925806121002	1.5718211024608406
Wastewater	K01584	-0.36647453806754066	0.31749076832999495	-1.1843307572856077	0.4513816811505264	3.1782495196712452	2.598796624437984	16	0.08689925806121002	1.5718211024608406
Wastewater	K01585	-0.36647453806754066	0.31749076832999495	-1.1843307572856077	0.4513816811505264	3.1782495196712452	2.598796624437984	16	0.08689925806121002	1.5718211024608406
Wastewater	K01586	0.133578249954483	0.07641980716467145	-0.06327917330171065	0.3304356732106767	-1.044996425484484	0.6302680233788829	62	0.04845490519757634	0.14297432583209346
Wastewater	K01587	0.21957455305268705	0.10183611477719356	-0.04275527861336356	0.48190438471873764	-0.8713399816057434	0.8401640335084133	62	0.07191152523821553	0.05183700807735203
Wastewater	K01591	-0.09227408077951664	0.060982048267874296	-0.24936383711756083	0.06481567555852756	0.7942399137591892	0.5030844952574915	62	0.03675699944672939	1.767203503970562
Wastewater	K01595	0.06628616939185761	0.0702491237582152	-0.11467557340930473	0.24724791219301995	-0.5324477392004362	0.5862416900938083	34	0.02707044770425282	0.5673274281361764
Wastewater	K01598	0.0	0.0	0.0	0.0	0.0	0.0	61	0.0	
Wastewater	K01607	0.0	0.0	0.0	0.0	0.0	0.0	13	0.0	
Wastewater	K01608	0.0	0.0	0.0	0.0	0.0	0.0	12	0.0	
Wastewater	K01610	-0.2603267526952246	0.12489342988576181	-0.582052228080947	0.06139872269049784	2.147585991898373	1.0141947159762768	20	0.19443934815465058	1.9370813813449934
Wastewater	K01611	0.08171401155816796	0.13781246177259585	-0.27329088996803896	0.4367189130843748	-0.5914008121423355	1.133184807075431	26	0.014437402154926171	0.7994601308751528
Wastewater	K01613	-0.035439405193114545	0.12457111356553613	-0.35633459373793563	0.2854557833517065	0.3942298120676005	1.0299287572533617	41	0.0020709671290121134	1.0502201260964676
Wastewater	K01619	0.05162907140405991	0.1598859032394371	-0.36023701534073005	0.4634951581488499	-0.31232000572354734	1.319879704037672	28	0.003994447247950728	0.9357736068736946
Wastewater	K01626	-0.26722741770596053	0.1873561051529423	-0.7498567445799399	0.21540190916801882	2.3639294655107586	1.54992005196912	43	0.047272770128849784	1.7261320971511722
Wastewater	K01627	0.2137804175488701	0.10434514781083794	-0.05501268321184846	0.4825735183095886	-1.6948994184060246	0.8616988570332623	40	0.09947284545331725	0.06909898002444348
Wastewater	K01637	0.09609734667162097	0.22338158516198311	-0.47933361670564756	0.6715283100488895	-0.441735281018978	1.8597507816019423	41	0.004722886045646746	0.8888586460057137
Wastewater	K01638	0.16275193427339116	0.12782618126327017	-0.1665283086607928	0.4920321772075751	-1.2916644376757596	1.068079606203034	41	0.0399080854271151	0.3562825575636679
Wastewater	K01649	0.3815920832075866	0.16099539114678332	-0.03313204438652728	0.7963162108017005	-2.9289695648536878	1.3320436656971708	58	0.091172765957657	0.02797488125125902
Wastewater	K01659	0.41814948511066274	0.3526822143282119	-0.49035989899881116	1.3266588692201366	-3.294272291877707	2.945458937372564	25	0.057597621868849314	0.40864708900787816
Wastewater	K01662	-0.036644754730196905	0.06648695434872276	-0.20791514913250675	0.13462563967211294	0.33730648679563624	0.5484191959102542	59	0.005301118762929824	1.175838362352987
Wastewater	K01664	-0.19458298524254086	0.21698792017722615	-0.7535438676190755	0.36437789713399377	1.8055787515371011	1.814068299004137	27	0.03116369919635109	1.4006680191099317
Wastewater	K01665	-0.19458298524254086	0.21698792017722615	-0.7535438676190755	0.36437789713399377	1.8055787515371011	1.814068299004137	27	0.03116369919635109	1.4006680191099317
Wastewater	K01666	0.6407997311910373	0.5380924043192011	-0.7453263023352249	2.0269257647172996	-5.015973752252609	4.493288947195568	17	0.08637855680213813	0.40541642974253556
Wastewater	K01675	0.18405283504838868	0.15335218912327975	-0.21098240413317995	0.5790880742299573	-1.3940267696098805	1.2718586714025806	40	0.03652270626417209	0.3997030158472281
Wastewater	K01676	0.18405283504838868	0.15335218912327975	-0.21098240413317995	0.5790880742299573	-1.3940267696098805	1.2718586714025806	40	0.03652270626417209	0.3997030158472281
Wastewater	K01677	0.18405283504838868	0.15335218912327975	-0.21098240413317995	0.5790880742299573	-1.3940267696098805	1.2718586714025806	40	0.03652270626417209	0.3997030158472281
Wastewater	K01678	0.18405283504838868	0.15335218912327975	-0.21098240413317995	0.5790880742299573	-1.3940267696098805	1.2718586714025806	40	0.03652270626417209	0.3997030158472281
Wastewater	K01679	0.18405283504838868	0.15335218912327975	-0.21098240413317995	0.5790880742299573	-1.3940267696098805	1.2718586714025806	40	0.03652270626417209	0.3997030158472281
Wastewater	K01682	0.1916177753631704	0.13944791141722704	-0.16760004444760648	0.5508355951739473	-1.5734424331197356	1.1721470670197003	19	0.0999670854249981	0.30057311189242375
Wastewater	K01686	0.13818096228575374	0.5849371078057594	-1.3686170274218825	1.64497895199339	-0.7882290854556878	4.977431660996424	10	0.006927381399929655	0.9650967026643809
Wastewater	K01690	0.1008709229524809	0.2072548338024178	-0.4330175289225474	0.6347593748275092	-0.7836882803789904	1.7533022261639994	20	0.012988894416004482	0.8600192572275667
Wastewater	K01693	0.0	0.0	0.0	0.0	0.0	0.0	54	0.0	
Wastewater	K01694	0.1903227610436504	0.1130416830921305	-0.10087261460167776	0.4815181366889786	-0.676155551456567	0.9326117422002603	62	0.045113322422995705	0.16453793592674826
Wastewater	K01695	0.1903227610436504	0.1130416830921305	-0.10087261460167776	0.4815181366889786	-0.676155551456567	0.9326117422002603	62	0.045113322422995705	0.16453793592674826
Wastewater	K01696	0.1903227610436504	0.1130416830921305	-0.10087261460167776	0.4815181366889786	-0.676155551456567	0.9326117422002603	62	0.045113322422995705	0.16453793592674826
Wastewater	K01698	0.0	0.0	0.0	0.0	0.0	0.0	61	0.0	
Wastewater	K01709	0.0	0.0	0.0	0.0	0.0	0.0	12	0.0	
Wastewater	K01710	0.05254018186067385	0.07928082220072737	-0.15168721612839983	0.2567675798497475	-0.3833816431747841	0.6564610224142016	54	0.008375117804872323	0.7560910763532545
Wastewater	K01711	0.2722760726235245	0.17569826838720373	-0.18032266674191233	0.7248748119889613	-2.1605592028073914	1.4508499662787817	24	0.09841636735485149	0.21678540806308777
Wastewater	K01712	0.1521076358359232	0.10194617257222147	-0.1105057047101193	0.4147209763819657	-1.2067759414725812	0.8517449664835974	33	0.06700076702834001	0.24238451843386022
Wastewater	K01719	0.06734111125085564	0.18695542727606335	-0.41425606941228355	0.5489382919139948	-0.33563456622035936	1.553783150901333	39	0.003494318265786389	0.9207220792526283
Wastewater	K01720	-0.17938735557503105	0.17631327771431837	-0.6335703589671151	0.27479564781705307	1.5492560357321707	1.4712654821405289	13	0.08601243075443565	1.4826380917777238
Wastewater	K01724	-0.03900886951049487	0.073535856145396	-0.22843723494103496	0.15041949592004522	0.34790808651818517	0.6166140828714262	33	0.008995849936956568	1.1640166563441787
Wastewater	K01734	0.019431735189357438	0.1291866912571386	-0.31335318148903163	0.3522166518677465	-0.12100161721902425	1.0763405035198028	17	0.001506058326462112	0.9856997438954924
Wastewater	K01735	0.04216343694513688	0.039694112575575854	-0.06008859704954652	0.14441547093982027	-0.33694063410666963	0.3282862900892495	60	0.01908202736698339	0.4875852185837468
Wastewater	K01736	0.07125014399108931	0.03814817704686702	-0.027019560081640137	0.16951984806381876	-0.5771228182339103	0.31527904093297177	61	0.055824474145825476	0.1085252597230566
Wastewater	K01746	-0.17993367519145448	0.25045822801596157	-0.8251140705605715	0.4652467201776625	1.5983437129752611	2.0340657197718386	10	0.06060553691137949	1.2800510157022367
Wastewater	K01749	0.0	0.0	0.0	0.0	0.0	0.0	61	0.0	
Wastewater	K01756	0.0	0.0	0.0	0.0	0.0	0.0	63	0.0	
Wastewater	K01759	0.04580972972255739	0.20114896870704696	-0.47235001366679563	0.5639694731119104	-0.2608221460627581	1.6755591662424199	23	0.0024637080840885783	0.9675204674551692
Wastewater	K01770	0.04288260693296639	0.04018017485038333	-0.06062152348162107	0.14638673734755386	-0.3411823901257449	0.3312981456292229	57	0.020289611783658956	0.4842592144770197
Wastewater	K01772	0.2268130021603763	0.10651435091476892	-0.04756796579606842	0.5011939701168211	-1.7911295732988846	0.8814310463894859	54	0.08020600245915643	0.05576061586963954
Wastewater	K01774	0.18405283504838868	0.15335218912327975	-0.21098240413317995	0.5790880742299573	-1.3940267696098805	1.2718586714025806	40	0.03652270626417209	0.3997030158472281
Wastewater	K01775	0.005468973704322214	0.12755659572553632	-0.3231168168846594	0.3340547642933038	0.13670899173293072	1.052649123057866	61	3.1155899015922195e-05	0.9988304148186931
Wastewater	K01776	-0.03395980590126646	0.08563166102627758	-0.2545469647049575	0.18662735290242458	0.34068063871574755	0.7062232744584537	57	0.0028514046565139006	1.0952755244004257
Wastewater	K01778	0.05572964737994935	0.07912825682635147	-0.14810474220473205	0.25956403696463076	-0.40264652952305136	0.6528367679097243	61	0.008337222537010969	0.7292172649312263
Wastewater	K01783	0.16359485859857575	0.07464290444346625	-0.028685263247793302	0.3558749804449448	-1.292779685525514	0.6153860734102862	63	0.0729983297162361	0.04697994900507174
Wastewater	K01790	0.04661328412879493	0.14843009024093878	-0.33574262833186336	0.42896919658945326	-0.26830068612843494	1.2355887204835303	44	0.002342651124772055	0.9391454054843322
Wastewater	K01798	0.005468973704322214	0.12755659572553632	-0.3231168168846594	0.3340547642933038	0.13670899173293072	1.052649123057866	61	3.1155899015922195e-05	0.9988304148186931
Wastewater	K01803	-0.040436644663664166	0.0715879194778002	-0.2248471252384775	0.14397383591114915	0.37891464038285405	0.5907727486079133	61	0.005378689695034411	1.1838190100573462
Wastewater	K01807	0.1982718430855519	0.10734390052186357	-0.07824604465876867	0.47478973082987247	-1.551411665768813	0.885448279634373	55	0.06047813176043659	0.11395653074661327
Wastewater	K01808	0.1982718430855519	0.10734390052186357	-0.07824604465876867	0.47478973082987247	-1.551411665768813	0.885448279634373	55	0.06047813176043659	0.11395653074661327
Wastewater	K01814	0.0	0.0	0.0	0.0	0.0	0.0	59	0.0	
Wastewater	K01817	-0.021680599951632174	0.12985098865756473	-0.3561767467335189	0.31281554683025453	0.2792141379348251	1.0787769532086708	53	0.0005463168144770325	1.0175907402928024
Wastewater	K01823	0.0	0.0	0.0	0.0	0.0	0.0	20	0.0	
Wastewater	K01837	0.08872856200772576	0.07524895897624663	-0.10511275631508556	0.2825698803305371	-0.6908705555518699	0.6223629302644637	49	0.028732080884584676	0.4126614017035459
Wastewater	K01845	0.04037217679448822	0.05743970213200808	-0.1075924958975646	0.18833684948654106	-0.3080061939829911	0.47441008903136517	55	0.00923495494508042	0.7301541519113666
Wastewater	K01847	-0.03265755476627104	0.19799639921782117	-0.5426962791513784	0.4773811696188363	0.4521269376035876	1.6527579538738288	27	0.001087027141427166	1.0171702822409654
Wastewater	K01848	-0.03265755476627104	0.19799639921782117	-0.5426962791513784	0.4773811696188363	0.4521269376035876	1.6527579538738288	27	0.001087027141427166	1.0171702822409654
Wastewater	K01849	-0.03265755476627104	0.19799639921782117	-0.5426962791513784	0.4773811696188363	0.4521269376035876	1.6527579538738288	27	0.001087027141427166	1.0171702822409654
Wastewater	K01850	0.0	0.0	0.0	0.0	0.0	0.0	12	0.0	
Wastewater	K01857	0.0	0.0	0.0	0.0	0.0	0.0	13	0.0	
Wastewater	K01866	0.03851312255442459	0.035505578511765244	-0.052949247691882674	0.12997549280073187	-0.30629158441240495	0.29272224476560305	63	0.01892332260860574	0.4728207403134561
Wastewater	K01869	0.0	0.0	0.0	0.0	0.0	0.0	63	0.0	
Wastewater	K01870	0.0	0.0	0.0	0.0	0.0	0.0	63	0.0	
Wastewater	K01873	0.0	0.0	0.0	0.0	0.0	0.0	63	0.0	
Wastewater	K01893	0.0	0.0	0.0	0.0	0.0	0.0	15	0.0	
Wastewater	K01907	0.18387312955419646	0.2860584329294632	-0.5530133936721008	0.9207596527804937	-1.3472523365816358	2.425146540771092	23	0.01929505826820721	0.7687179678200979
Wastewater	K01912	-0.024330585941630695	0.3261052557686691	-0.8643777248017224	0.8157165529184609	0.5760265735310701	2.7198936435250647	28	0.00021405393647444537	1.0035375318797322
Wastewater	K01915	0.5151149098854928	0.26969151117663914	-0.17961042290552964	1.2098402426765151	-3.493377465538452	2.223445099470613	63	0.056430971852366674	0.09802921084518612
Wastewater	K01919	0.6529085422611066	0.2541834722543945	-0.0018680822662137109	1.3076851667884268	-5.017902674786723	2.1120766938508355	45	0.13302896651799634	0.014989643805308761
Wastewater	K01920	0.0	0.0	0.0	0.0	0.0	0.0	31	0.0	
Wastewater	K01921	0.019720799936353513	0.12343139488560514	-0.29823847328896536	0.33768007316167237	-0.028574027030069837	1.0176179772283218	63	0.0004182984381166932	0.9838804155994421
Wastewater	K01923	0.02510916721130776	0.03742760884746416	-0.07130435317975992	0.12152268760237545	-0.1956649610124329	0.30909531650866573	60	0.007700083149682957	0.7508692699541184
Wastewater	K01924	-0.006727956221768057	0.03583601257795603	-0.0990415246225828	0.08558561217904669	0.06643122551604938	0.29544647587678863	63	0.000577492361072518	1.0221892989008894
Wastewater	K01925	-0.04128590885681189	0.035454460925716316	-0.13261660020145713	0.050044782487833346	0.3511401131008903	0.2923008108624691	63	0.02174621257464804	1.5782155413615584
Wastewater	K01933	0.0	0.0	0.0	0.0	0.0	0.0	57	0.0	
Wastewater	K01934	0.028631076491041973	0.0783950955983833	-0.1733146897703934	0.23057684275247733	-0.19791367891849046	0.6497251988301189	53	0.0026085132510396125	0.9185915690365729
Wastewater	K01935	0.0	0.0	0.0	0.0	0.0	0.0	39	0.0	
Wastewater	K01939	0.18448247492250094	0.07018367731070214	0.0036893221701322088	0.36527562767486965	-1.4772802450637619	0.57968685328995	61	0.10483127812545268	0.012294086159913231
Wastewater	K01941	-0.4262450332160217	0.3299949029706562	-1.2763119032684322	0.42382183683638874	3.648806918395097	2.719008938172097	10	0.17256348225139573	1.654286974688989
Wastewater	K01945	0.0	0.0	0.0	0.0	0.0	0.0	62	0.0	
Wastewater	K01952	-0.24501506498014583	0.14306208480644217	-0.6135429954415409	0.1235128654812492	2.350991941265016	1.181497571540353	59	0.04894059726154165	1.8454613050992372
Wastewater	K01958	0.0	0.0	0.0	0.0	0.0	0.0	18	0.0	
Wastewater	K01959	0.0	0.0	0.0	0.0	0.0	0.0	18	0.0	
Wastewater	K01960	0.0	0.0	0.0	0.0	0.0	0.0	18	0.0	
Wastewater	K02201	-0.07054935837314485	0.034689598071192165	-0.15990976300453585	0.01881104625824616	0.5922297472779338	0.2859949743968008	63	0.06349888022085415	1.9281447964867198
Wastewater	K02203	0.22501302430915504	0.1454798484481581	-0.14974306529330023	0.5997691139116104	-1.3854104147353887	1.2067881529972218	52	0.04566068725006467	0.21806449351045876
Wastewater	K02204	0.07382622271567592	0.04406207433182247	-0.03967768076309877	0.1873301261944506	-0.5978029242836017	0.3653173687854301	50	0.05525418276479144	0.1674294248328747
Wastewater	K02226	0.1964101954294051	0.20462037797418253	-0.3306918982320891	0.7235122890908993	-1.5502327786701295	1.6886822486835162	10	0.10327593346519937	0.5562389791712383
Wastewater	K02228	0.0	0.0	0.0	0.0	0.0	0.0	13	0.0	
Wastewater	K02230	-0.6364929335980778	0.3569929679382106	-1.5561068190069083	0.2831209518107528	5.632343733201979	3.020880416612355	20	0.15009485428701297	1.8678355871912797
Wastewater	K02302	0.044909146636471796	0.23664722837955474	-0.5646941136692611	0.6545124069422048	0.12424910551030327	1.955513637333616	28	0.0013832232194317395	0.9773338444612323
Wastewater	K02304	0.044909146636471796	0.23664722837955474	-0.5646941136692611	0.6545124069422048	0.12424910551030327	1.955513637333616	28	0.0013832232194317395	0.9773338444612323
Wastewater	K02318	-0.054500683073026884	0.028574499272433045	-0.1281085931988144	0.019107227052760634	1.1550280047103079	0.2355796446833852	63	0.056280717721496454	1.9013263245713516
Wastewater	K02439	0.0	0.0	0.0	0.0	0.0	0.0	11	0.0	
Wastewater	K02488	0.08582670197771047	0.574333711425722	-1.3936569386549493	1.5653103426103705	0.9170956882456738	4.747491890471632	40	0.0005873236493123546	0.9858839589682626
Wastewater	K02492	0.0	0.0	0.0	0.0	0.0	0.0	55	0.0	
Wastewater	K02551	0.0	0.0	0.0	0.0	0.0	0.0	17	0.0	
Wastewater	K02609	0.12264148127677976	0.13095928573230955	-0.21470963876964966	0.4599926013232092	-1.0001520272414468	1.1075452597041968	19	0.04905772588576052	0.5721701512096615
Wastewater	K02610	0.12264148127677976	0.13095928573230955	-0.21470963876964966	0.4599926013232092	-1.0001520272414468	1.1075452597041968	19	0.04905772588576052	0.5721701512096615
Wastewater	K02611	0.12264148127677976	0.13095928573230955	-0.21470963876964966	0.4599926013232092	-1.0001520272414468	1.1075452597041968	19	0.04905772588576052	0.5721701512096615
Wastewater	K02612	0.12264148127677976	0.13095928573230955	-0.21470963876964966	0.4599926013232092	-1.0001520272414468	1.1075452597041968	19	0.04905772588576052	0.5721701512096615
Wastewater	K02613	0.12264148127677976	0.13095928573230955	-0.21470963876964966	0.4599926013232092	-1.0001520272414468	1.1075452597041968	19	0.04905772588576052	0.5721701512096615
Wastewater	K02619	0.0	0.0	0.0	0.0	0.0	0.0	12	0.0	
Wastewater	K02626	-0.36647453806754066	0.31749076832999495	-1.1843307572856077	0.4513816811505264	3.1782495196712452	2.598796624437984	16	0.08689925806121002	1.5718211024608406
Wastewater	K02825	0.10180161080328734	0.07327544260993525	-0.08695592935990587	0.29055915096648055	-0.8025953651007391	0.6074755944596402	51	0.037898096122685354	0.2926507271024561
Wastewater	K02858	0.2579519673808924	0.11480631891144535	-0.037789110134990866	0.5536930448967756	-2.016487736757755	0.949095551539779	58	0.08269370520054686	0.040201353191570366
Wastewater	K03181	0.0	0.0	0.0	0.0	0.0	0.0	10	0.0	
Wastewater	K03274	0.0	0.0	0.0	0.0	0.0	0.0	14	0.0	
Wastewater	K03340	0.0	0.0	0.0	0.0	0.0	0.0	13	0.0	
Wastewater	K03342	0.19915627402828193	0.2622640012188836	-0.47643579311156226	0.8747483411681262	-1.373572642729761	2.1855705497536473	32	0.01885909070195846	0.6927366444580785
Wastewater	K03394	0.0	0.0	0.0	0.0	0.0	0.0	26	0.0	
Wastewater	K03417	-0.10084921559157708	0.10921915219453544	-0.3821977516447004	0.18049932046154624	0.8660621555669001	0.9058074373784644	23	0.039016135259510976	1.4188722495723884
Wastewater	K03430	0.23451168856477767	0.23460278075255278	-0.3698250746537983	0.8388484517833537	-1.9283381494939984	1.9877113955191892	12	0.09084491989022214	0.5293393859305646
Wastewater	K03431	0.0	0.0	0.0	0.0	0.0	0.0	62	0.0	
Wastewater	K03465	0.0	0.0	0.0	0.0	0.0	0.0	22	0.0	
Wastewater	K03473	0.0	0.0	0.0	0.0	0.0	0.0	10	0.0	
Wastewater	K03474	-0.0924734749646276	0.07143976861676683	-0.27650231892141897	0.09155536899216377	0.7887814435553366	0.5943918390081906	35	0.04832046104119392	1.6558510113352873
Wastewater	K03526	0.0	0.0	0.0	0.0	0.0	0.0	59	0.0	
Wastewater	K03527	0.05922087564973924	0.05652026629379961	-0.08637533032308856	0.20481708162256704	-0.4636757018478438	0.4664793699063007	56	0.019925380944020188	0.4971267815339562
Wastewater	K03707	0.0	0.0	0.0	0.0	0.0	0.0	12	0.0	
Wastewater	K03777	-0.12026441346698814	0.28989911872867774	-0.867044543312062	0.6265157163780858	1.2048439625348484	2.4507305525048233	11	0.018763407519154396	1.103773551801734
Wastewater	K03778	-0.12026441346698814	0.28989911872867774	-0.867044543312062	0.6265157163780858	1.2048439625348484	2.4507305525048233	11	0.018763407519154396	1.103773551801734
Wastewater	K03785	0.44957080412378037	0.1071251775449713	0.17361634676793425	0.7255252614796265	-3.604635138558771	0.8863078572652523	59	0.23604965316372162	1.3507555467473509e-05
Wastewater	K03786	0.44957080412378037	0.1071251775449713	0.17361634676793425	0.7255252614796265	-3.604635138558771	0.8863078572652523	59	0.23604965316372162	1.3507555467473509e-05
Wastewater	K03794	-0.02179622966400746	0.14819254031560022	-0.40354021351699365	0.35994775418897873	0.21669410812301199	1.225839973150463	19	0.0012708926005304821	1.013677386369725
Wastewater	K03856	-0.26722741770596053	0.1873561051529423	-0.7498567445799399	0.21540190916801882	2.3639294655107586	1.54992005196912	43	0.047272770128849784	1.7261320971511722
Wastewater	K04042	-2.1938762197338294e-30	1.0465731796464485e-16	-2.695972510769273e-16	2.6959725107692297e-16	0.6931471805599455	8.653695309976118e-16	54	0.0	1.0
Wastewater	K04092	0.0	0.0	0.0	0.0	0.0	0.0	12	0.0	
Wastewater	K04093	0.0	0.0	0.0	0.0	0.0	0.0	12	0.0	
Wastewater	K04486	-0.020938871859132954	0.09892568238539333	-0.27577142968390617	0.23389368596564025	0.2155561811934784	0.8142972037031554	32	0.0014911423882298935	1.0281183596071521
Wastewater	K04516	0.0	0.0	0.0	0.0	0.0	0.0	12	0.0	
Wastewater	K04517	0.0	0.0	0.0	0.0	0.0	0.0	30	0.0	
Wastewater	K04720	-0.061711894248453775	0.05437381192825113	-0.2017788337756287	0.07835504527872114	0.5303955424428154	0.4527446300061701	41	0.03197283389394523	1.5595886893826405
Wastewater	K05306	0.20063150224647616	0.2728220560575835	-0.5021581141578588	0.9034211186508112	-1.6550690178674863	2.3298838174714787	12	0.05130569649386729	0.7087261725481593
Wastewater	K05602	-0.020938871859132954	0.09892568238539333	-0.27577142968390617	0.23389368596564025	0.2155561811934784	0.8142972037031554	32	0.0014911423882298935	1.0281183596071521
Wastewater	K05878	-0.702620183215891	0.4262587090542663	-1.8006626177396812	0.395422251307899	6.461876545018135	3.57967747892004	13	0.19807723634108954	1.8226652564759935
Wastewater	K05879	-0.702620183215891	0.4262587090542663	-1.8006626177396812	0.395422251307899	6.461876545018135	3.57967747892004	13	0.19807723634108954	1.8226652564759935
Wastewater	K05881	-0.702620183215891	0.4262587090542663	-1.8006626177396812	0.395422251307899	6.461876545018135	3.57967747892004	13	0.19807723634108954	1.8226652564759935
Wastewater	K05887	0.4758425390563886	0.1644753335001425	0.05215407996002153	0.8995309981527557	-3.766251649846508	1.361777883369687	55	0.13638572585099873	0.004851333835951266
Wastewater	K06001	0.1903227610436504	0.1130416830921305	-0.10087261460167776	0.4815181366889786	-0.676155551456567	0.9326117422002603	62	0.045113322422995705	0.16453793592674826
Wastewater	K06048	0.6529085422611066	0.2541834722543945	-0.0018680822662137109	1.3076851667884268	-5.017902674786723	2.1120766938508355	45	0.13302896651799634	0.014989643805308761
Wastewater	K06153	0.20703355409888274	0.08979584794132425	-0.024280550197968542	0.43834765839573403	-1.627404970663694	0.7414496845248137	60	0.08395698559377562	0.03390658745699282
Wastewater	K06208	0.0	0.0	0.0	0.0	0.0	0.0	12	0.0	
Wastewater	K06209	0.0	0.0	0.0	0.0	0.0	0.0	12	0.0	
Wastewater	K06879	0.0	0.0	0.0	0.0	0.0	0.0	39	0.0	
Wastewater	K06966	0.0	0.0	0.0	0.0	0.0	0.0	22	0.0	
Wastewater	K07127	0.2589279657493883	0.2311637717090149	-0.3365499101730341	0.8544058416718108	-2.0474502429204438	1.9471523934485706	24	0.053952154831454435	0.4499012145601462
Wastewater	K07142	0.1662031055482133	0.11106449979892741	-0.1198990459338237	0.45230525703025026	-1.2435606321053416	0.9165742520568432	60	0.03717468075199093	0.24035617318126246
Wastewater	K07160	0.47303791271203466	0.3615557334800654	-0.45832965673261394	1.4044054821566831	-3.3367423059247128	3.017663969737727	27	0.06408243185989082	0.33630508240279555
Wastewater	K07404	-0.07411954140047955	0.10533631964122356	-0.34546590079627143	0.19722681799531233	0.661372123545893	0.8748487930051985	30	0.0173755555282068	1.270358700166363
Wastewater	K07558	0.0	0.0	0.0	0.0	0.0	0.0	13	0.0	
Wastewater	K08316	-0.13927886650230842	0.20800069090418774	-0.675088646271496	0.3965309132668792	1.2985287022011096	1.7106799764598937	18	0.027259501348716686	1.2483196136504944
Wastewater	K08323	0.13818096228575374	0.5849371078057594	-1.3686170274218825	1.64497895199339	-0.7882290854556878	4.977431660996424	10	0.006927381399929655	0.9650967026643809
Wastewater	K08963	-0.08214098020697697	0.06701856445985445	-0.254780802255562	0.09049884184160809	0.6970898476254299	0.5503790928333817	30	0.050918432730020724	1.6157008922665603
Wastewater	K09007	0.2915213600030815	0.12326942672141128	-0.02602068323127399	0.6090634032374369	-2.2908873679850856	1.0232023175526017	49	0.10634171025008954	0.028424808545814084
Wastewater	K09457	0.0	0.0	0.0	0.0	0.0	0.0	39	0.0	
Wastewater	K09882	-0.6364929335980778	0.3569929679382106	-1.5561068190069083	0.2831209518107528	5.632343733201979	3.020880416612355	20	0.15009485428701297	1.8678355871912797
Wastewater	K09883	-0.6364929335980778	0.3569929679382106	-1.5561068190069083	0.2831209518107528	5.632343733201979	3.020880416612355	20	0.15009485428701297	1.8678355871912797
Wastewater	K11067	0.0	0.0	0.0	0.0	0.0	0.0	29	0.0	
Wastewater	K11204	0.6529085422611066	0.2541834722543945	-0.0018680822662137109	1.3076851667884268	-5.017902674786723	2.1120766938508355	45	0.13302896651799634	0.014989643805308761
Wastewater	K11205	0.6529085422611066	0.2541834722543945	-0.0018680822662137109	1.3076851667884268	-5.017902674786723	2.1120766938508355	45	0.13302896651799634	0.014989643805308761
Wastewater	K11391	-0.13927886650230842	0.20800069090418774	-0.675088646271496	0.3965309132668792	1.2985287022011096	1.7106799764598937	18	0.027259501348716686	1.2483196136504944
Wastewater	K11528	0.0	0.0	0.0	0.0	0.0	0.0	54	0.0	
Wastewater	K11540	0.26452360428124566	0.15308109296541947	-0.12981329119767487	0.6588604997601661	-1.5849609179193944	1.2620619925728316	63	0.04666604352432768	0.14942974675448006
Wastewater	K11541	-0.018445585611079708	0.038347480669106634	-0.11722869581469841	0.08033752459253898	0.16384005415883166	0.3168120403494596	60	0.003973325978483544	1.1369616342141677
Wastewater	K11752	0.0056774977049020734	0.054702495032552194	-0.13523612949895236	0.14659112490875653	0.655166085544796	0.4517143149728569	59	0.00018894819231796145	0.9931657399074267
Wastewater	K11753	0.0	0.0	0.0	0.0	0.0	0.0	48	0.0	
Wastewater	K11755	0.20562840408815716	0.10756441588017354	-0.0714575312191699	0.48271433939548425	-1.0197940077627416	0.8891013980228686	60	0.05927398477688384	0.09763372516452451
Wastewater	K11787	0.0047033902258615	0.0789763067143392	-0.19873957587027627	0.20814635632199927	0.5984716422146973	0.6515670059280062	62	5.910870740699625e-05	0.9977446274093937
Wastewater	K11788	0.0047033902258615	0.0789763067143392	-0.19873957587027627	0.20814635632199927	0.5984716422146973	0.6515670059280062	62	5.910870740699625e-05	0.9977446274093937
Wastewater	K11808	0.2959266105905392	0.13616517751867208	-0.05483488669756009	0.6466881078786385	-1.9784384180456462	1.1233392758966647	61	0.07412050683072435	0.04944572495094324
Wastewater	K12297	-0.13927886650230842	0.20800069090418774	-0.675088646271496	0.3965309132668792	1.2985287022011096	1.7106799764598937	18	0.027259501348716686	1.2483196136504944
Wastewater	K12447	0.42248312016834755	0.12891866879057712	0.09038862936382086	0.7545776109728742	-3.3766354131273926	1.0680580182227581	49	0.18600024466507825	0.0010732907831216831
Wastewater	K12506	0.2635819539471195	0.08468543408381839	0.04543227574720329	0.4817316321470356	-1.5497248598686149	0.6984294089321526	59	0.14526773149994	0.00209692097771641
Wastewater	K12524	0.017682724733827808	0.1436607427417327	-0.35238734856887566	0.3877527980365313	0.034095760733175634	1.1843968430515532	63	0.00024830443243128997	0.990401362760545
Wastewater	K12525	0.017682724733827808	0.1436607427417327	-0.35238734856887566	0.3877527980365313	0.034095760733175634	1.1843968430515532	63	0.00024830443243128997	0.990401362760545
Wastewater	K12526	0.10864189915099247	0.10401697522415573	-0.1593058290264327	0.37658962732841766	-0.07525682219483865	0.8575577066362573	63	0.01756945454009351	0.49932873508573206
Wastewater	K12657	0.0	0.0	0.0	0.0	0.6931471805599453	0.0	58	0.0	
Wastewater	K13038	0.0	0.0	0.0	0.0	0.0	0.0	61	0.0	
Wastewater	K13069	0.08582670197771047	0.574333711425722	-1.3936569386549493	1.5653103426103705	0.9170956882456738	4.747491890471632	40	0.0005873236493123546	0.9858839589682626
Wastewater	K13243	0.24324756729320862	0.6308037484431396	-1.381702888696319	1.8681980232827362	-0.5708478712082694	5.235042511739904	30	0.005282629485451551	0.9096777911659271
Wastewater	K13244	0.24324756729320862	0.6308037484431396	-1.381702888696319	1.8681980232827362	-0.5708478712082694	5.235042511739904	30	0.005282629485451551	0.9096777911659271
Wastewater	K13245	0.24324756729320862	0.6308037484431396	-1.381702888696319	1.8681980232827362	-0.5708478712082694	5.235042511739904	30	0.005282629485451551	0.9096777911659271
Wastewater	K13246	0.24324756729320862	0.6308037484431396	-1.381702888696319	1.8681980232827362	-0.5708478712082694	5.235042511739904	30	0.005282629485451551	0.9096777911659271
Wastewater	K13421	-0.09227408077951664	0.060982048267874296	-0.24936383711756083	0.06481567555852756	0.7942399137591892	0.5030844952574915	62	0.03675699944672939	1.767203503970562
Wastewater	K13484	0.2589279657493883	0.2311637717090149	-0.3365499101730341	0.8544058416718108	-2.0474502429204438	1.9471523934485706	24	0.053952154831454435	0.4499012145601462
Wastewater	K13497	-0.21931843448179525	0.09320532714899821	-0.4594153572176146	0.020778488254024147	1.886963581796458	0.7719126904451192	58	0.0899773086399237	1.970545755620556
Wastewater	K13498	-0.021680599951632174	0.12985098865756473	-0.3561767467335189	0.31281554683025453	0.2792141379348251	1.0787769532086708	53	0.0005463168144770325	1.0175907402928024
Wastewater	K13501	-0.021680599951632174	0.12985098865756473	-0.3561767467335189	0.31281554683025453	0.2792141379348251	1.0787769532086708	53	0.0005463168144770325	1.0175907402928024
Wastewater	K13540	0.0	0.0	0.0	0.0	0.0	0.0	26	0.0	
Wastewater	K13542	0.06734111125085564	0.18695542727606335	-0.41425606941228355	0.5489382919139948	-0.33563456622035936	1.553783150901333	39	0.003494318265786389	0.9207220792526283
Wastewater	K13543	0.06734111125085564	0.18695542727606335	-0.41425606941228355	0.5489382919139948	-0.33563456622035936	1.553783150901333	39	0.003494318265786389	0.9207220792526283
Wastewater	K13562	0.6263965582426102	0.25278900802240706	-0.02478792642311045	1.2775810429083307	-4.815540337203981	2.101123738847279	41	0.13602505102892504	0.020061128158496366
Wastewater	K13713	0.07322920233746831	0.055181884564006044	-0.06891933229941126	0.21537773697434787	0.07359742439898243	0.4552592644890829	62	0.02851417228621722	0.3259115595790514
Wastewater	K13786	0.45027629449580064	0.13972118700853142	0.09035451676182371	0.8101980722297776	-3.3084466828382713	1.1564353449261247	56	0.1613037846236196	0.0013445318474152312
Wastewater	K13787	0.0	0.0	0.0	0.0	0.0	0.0	12	0.0	
Wastewater	K13789	0.0	0.0	0.0	0.0	0.0	0.0	12	0.0	
Wastewater	K13829	0.18892751591205378	0.155086968769146	-0.2105765156372663	0.5884315474613738	-1.1485553379755642	1.2810529458176754	61	0.024535740157827002	0.38877418543555264
Wastewater	K13830	0.48444753656560724	0.1325979564955362	0.14287520063310594	0.8260198724981085	-2.535503530045257	1.0945512504051031	62	0.18198303436899865	0.00020394259253642133
Wastewater	K13832	0.5475789539167426	0.1488137721762127	0.1642346767908187	0.9309232310426665	-3.7506350293824946	1.2308178059906651	60	0.18926071224500685	0.00018053153915209563
Wastewater	K13853	-0.42209850228097373	0.23625829455170572	-1.0306998690461677	0.1865028644842202	3.778808895017192	1.9531262914503373	44	0.07063055103828864	1.8689329663108412
Wastewater	K13937	-0.07411954140047955	0.10533631964122356	-0.34546590079627143	0.19722681799531233	0.661372123545893	0.8748487930051985	30	0.0173755555282068	1.270358700166363
Wastewater	K13939	0.1662031055482133	0.11106449979892741	-0.1198990459338237	0.45230525703025026	-1.2435606321053416	0.9165742520568432	60	0.03717468075199093	0.24035617318126246
Wastewater	K13940	0.1662031055482133	0.11106449979892741	-0.1198990459338237	0.45230525703025026	-1.2435606321053416	0.9165742520568432	60	0.03717468075199093	0.24035617318126246
Wastewater	K13941	0.1662031055482133	0.11106449979892741	-0.1198990459338237	0.45230525703025026	-1.2435606321053416	0.9165742520568432	60	0.03717468075199093	0.24035617318126246
Wastewater	K13950	-0.19458298524254086	0.21698792017722615	-0.7535438676190755	0.36437789713399377	1.8055787515371011	1.814068299004137	27	0.03116369919635109	1.4006680191099317
Wastewater	K13990	-0.17993367519145448	0.25045822801596157	-0.8251140705605715	0.4652467201776625	1.5983437129752611	2.0340657197718386	10	0.06060553691137949	1.2800510157022367
Wastewater	K13998	-0.14781886712414308	0.07866552895337439	-0.3504612697080355	0.054823535459749356	1.2603117991376762	0.6531141027324977	41	0.08302058407636304	1.894375891665132
Wastewater	K14152	0.20562840408815716	0.10756441588017354	-0.0714575312191699	0.48271433939548425	-1.0197940077627416	0.8891013980228686	60	0.05927398477688384	0.09763372516452451
Wastewater	K14153	0.12282245868943895	0.1672852493935328	-0.30810434374830153	0.5537492611271794	-0.35896812014232116	1.3804982199392148	57	0.009706032066833181	0.709511368026218
Wastewater	K14154	0.030800998941989458	0.20511340126582778	-0.49757112271878295	0.5591731206027619	0.1556128557486416	1.6887102767289646	51	0.0004599870817872942	0.9857469403703538
Wastewater	K14170	0.0	0.0	0.0	0.0	0.0	0.0	12	0.0	
Wastewater	K14187	-0.2664498839705443	0.12952198429939066	-0.6000985155257746	0.06719874758468602	2.291817216289053	1.069195351301636	37	0.10787077846185145	1.9324012074596766
Wastewater	K14267	0.0	0.0	0.0	0.0	0.0	0.0	23	0.0	
Wastewater	K14541	-0.16167310066039606	0.42460907224442157	-1.255466070762026	0.9321198694412339	1.794316812951369	3.5221254063482204	14	0.011937141045845534	1.0881636774858672
Wastewater	K14652	0.23615733438026515	0.14473894447997543	-0.1366901866001516	0.6090048553606819	-1.1508473304606301	1.1957905833538904	59	0.044620372770749483	0.18364043759598814
Wastewater	K14656	0.0	0.0	0.0	0.0	0.0	0.0	48	0.0	
Wastewater	K14681	0.0	0.0	0.0	0.0	0.0	0.0	29	0.0	
Wastewater	K14682	0.0	0.0	0.0	0.0	0.0	0.0	29	0.0	
Wastewater	K14727	0.0	0.0	0.0	0.0	0.0	0.0	13	0.0	
Wastewater	K14759	-0.3615690223457772	0.4265154661154234	-1.460272863059108	0.7371348183675535	3.4080009782114744	3.480459770671903	18	0.04298449731597298	1.3671374286561542
Wastewater	K15461	0.0	0.0	0.0	0.0	0.0	0.0	16	0.0	
Wastewater	K15918	0.44714857356603915	0.13091084126926122	0.10992224645642223	0.7843749006756561	-3.588438856827379	1.0847046537535432	40	0.23490168028410385	0.0005947747154433358
Wastewater	K16171	-0.2284116167198287	0.1960011318509604	-0.7333105323679027	0.2764872989282453	2.0285100893790635	1.6603643242959178	22	0.06358539862838608	1.5787666671723097
Wastewater	K17877	-0.15895324712460054	0.182385901241387	-0.6287793287224135	0.31087283447321246	2.7393623604288493	1.537333389444867	29	0.027361749464956286	1.3834059735530344
Wastewater	K18240	0.0	0.0	0.0	0.0	0.0	0.0	10	0.0	
Wastewater	K18365	0.6407997311910373	0.5380924043192011	-0.7453263023352249	2.0269257647172996	-5.015973752252609	4.493288947195568	17	0.08637855680213813	0.40541642974253556
Wastewater	K18482	0.0	0.0	0.0	0.0	0.0	0.0	12	0.0	
Wastewater	K18592	0.49711408310686356	0.26742110435596167	-0.19176268171409372	1.1859908479278207	-3.782685663299847	2.2285569002660326	32	0.10328856224886784	0.11081538385876022
Wastewater	K18649	-0.020938871859132954	0.09892568238539333	-0.27577142968390617	0.23389368596564025	0.2155561811934784	0.8142972037031554	32	0.0014911423882298935	1.0281183596071521
Wastewater	K18859	0.021984287990866973	0.11273849000344455	-0.2684300622580062	0.3123986382397402	-0.14416980184138795	0.9428558520326381	35	0.0011509760627776977	0.9760825767125019
Wastewater	K18860	0.021984287990866973	0.11273849000344455	-0.2684300622580062	0.3123986382397402	-0.14416980184138795	0.9428558520326381	35	0.0011509760627776977	0.9760825767125019
Wastewater	K18911	0.0	0.0	0.0	0.0	0.0	0.0	17	0.0	
Wastewater	K19269	-0.3450002298522626	0.30046366919937684	-1.1189946417098573	0.4289941820053322	3.1774325986472007	2.5218097486587334	21	0.06488806661288604	1.568001980895367
Wastewater	K19285	0.6263965582426102	0.25278900802240706	-0.02478792642311045	1.2775810429083307	-4.815540337203981	2.101123738847279	41	0.13602505102892504	0.020061128158496366
Wastewater	K19286	0.6263965582426102	0.25278900802240706	-0.02478792642311045	1.2775810429083307	-4.815540337203981	2.101123738847279	41	0.13602505102892504	0.020061128158496366
Wastewater	K19302	0.20703355409888274	0.08979584794132425	-0.024280550197968542	0.43834765839573403	-1.627404970663694	0.7414496845248137	60	0.08395698559377562	0.03390658745699282
Wastewater	K19562	6.057788393757834e-30	1.8495032752609803e-16	-4.764320437072225e-16	4.764320437072345e-16	0.693147180559945	1.533003343623863e-15	39	0.0	1.0
Wastewater	K19726	0.3555276716708282	0.17061032779254431	-0.08396453272276594	0.7950198760644224	-2.559705109183462	1.4095841201263317	56	0.07443058269901126	0.06300771106004133
Wastewater	K19964	0.2589279657493883	0.2311637717090149	-0.3365499101730341	0.8544058416718108	-2.0474502429204438	1.9471523934485706	24	0.053952154831454435	0.4499012145601462
Wastewater	K20246	0.0	0.0	0.0	0.0	0.0	0.0	17	0.0	
Wastewater	K21219	0.12282245868943895	0.1672852493935328	-0.30810434374830153	0.5537492611271794	-0.35896812014232116	1.3804982199392148	57	0.009706032066833181	0.709511368026218
Wastewater	K21220	-0.09742840807334971	0.1426389633556036	-0.4648663776773846	0.2700095615306852	0.9765174322658653	1.176784784541844	48	0.010040479874038555	1.2569654081619632
Wastewater	K21456	0.0	0.0	0.0	0.0	0.0	0.0	31	0.0	
Wastewater	K22223	-0.3450002298522626	0.30046366919937684	-1.1189946417098573	0.4289941820053322	3.1774325986472007	2.5218097486587334	21	0.06488806661288604	1.568001980895367
Wastewater	K22305	0.0	0.0	0.0	0.0	0.0	0.0	37	0.0	
Wastewater	K22316	0.1964101954294051	0.20462037797418253	-0.3306918982320891	0.7235122890908993	-1.5502327786701295	1.6886822486835162	10	0.10327593346519937	0.5562389791712383
Wastewater	K22373	0.8259890239718995	0.566502032461105	-0.633320211647907	2.285298259591706	-6.060368457592187	4.591447806951904	10	0.20994783039697218	0.258360695733024
Wastewater	K22391	0.2915213600030815	0.12326942672141128	-0.02602068323127399	0.6090634032374369	-2.2908873679850856	1.0232023175526017	49	0.10634171025008954	0.028424808545814084
Wastewater	K22476	0.0	0.0	0.0	0.0	0.0	0.0	29	0.0	
Wastewater	K22477	0.0	0.0	0.0	0.0	0.0	0.0	29	0.0	
Wastewater	K22478	0.0	0.0	0.0	0.0	0.0	0.0	29	0.0	
Wastewater	K22515	0.11967274708459834	0.393725903435914	-0.8945651801663163	1.133910674335513	-0.058524148159088574	3.287875638855273	36	0.002709849409837095	0.9428818799185703
Wastewater	K22920	0.4264551691545351	0.1299050587299715	0.09181973786612851	0.7610906004429416	-3.406139747052044	1.07598202513153	48	0.1898116275568289	0.001048075097941803
Wastewater	K22949	0.0	0.0	0.0	0.0	0.0	0.0	48	0.0	
Wastewater	K23123	0.47303791271203466	0.3615557334800654	-0.45832965673261394	1.4044054821566831	-3.3367423059247128	3.017663969737727	27	0.06408243185989082	0.33630508240279555
Wastewater	K23124	0.47303791271203466	0.3615557334800654	-0.45832965673261394	1.4044054821566831	-3.3367423059247128	3.017663969737727	27	0.06408243185989082	0.33630508240279555
Wastewater	K23144	0.24445871753098103	0.15060246546169515	-0.1434932334983457	0.6324106685603077	-1.1115352613474232	1.2422581236289476	62	0.04206600138965222	0.18686612242917056
Wastewater	K23264	-0.24501506498014583	0.14306208480644217	-0.6135429954415409	0.1235128654812492	2.350991941265016	1.181497571540353	59	0.04894059726154165	1.8454613050992372
Wastewater	K23265	-0.24501506498014583	0.14306208480644217	-0.6135429954415409	0.1235128654812492	2.350991941265016	1.181497571540353	59	0.04894059726154165	1.8454613050992372
Wastewater	K23269	-0.24501506498014583	0.14306208480644217	-0.6135429954415409	0.1235128654812492	2.350991941265016	1.181497571540353	59	0.04894059726154165	1.8454613050992372
Wastewater	K23270	-0.24501506498014583	0.14306208480644217	-0.6135429954415409	0.1235128654812492	2.350991941265016	1.181497571540353	59	0.04894059726154165	1.8454613050992372
Wastewater	K23304	0.4011279839856012	0.15384567113663353	0.004821535137633226	0.7974344328335692	-3.0699687550680315	1.2710312452664085	55	0.11368602638997483	0.013195456440891817
Wastewater	K23987	-0.013903553029170413	0.21455702760011675	-0.5666024561270712	0.5387953500687302	0.6287985197543987	1.7807628178279846	46	9.542715700450177e-05	1.002669720902916
Wastewater	K24017	0.24805877363779855	0.11986277843680923	-0.06070774361542203	0.5568252908910192	-1.37626127332938	0.9920889084947527	59	0.06988774302273548	0.0654417428962577
Wastewater	K24018	-0.15847014705187162	0.1631295878627249	-0.578691965386251	0.26175167128250776	1.584271657743452	1.3435433352436899	52	0.018524182169204928	1.4516117945765035
Wastewater	K24042	0.2049410545989952	0.11855122285417481	-0.10044689547335911	0.5103290046713496	-1.0647960841281456	0.9817210340153709	57	0.05153524723140901	0.14919430539228573
Wastewater	K24263	0.5746660872296646	0.374795050314563	-0.3908059623806497	1.540138136839979	-4.473569312985254	3.161631778222995	16	0.14378065119681205	0.22387634040733229
Wastewater	K24866	-0.007673170619946673	0.08371183083333607	-0.2233148468466204	0.20796850560672703	0.08811966562976835	0.6917453794903446	28	0.0003230445084545508	1.0053345181103466
Wastewater	K25004	0.07848145790411497	0.14316411150341998	-0.29030929332869493	0.4472722091369249	-0.531626338525566	1.1848354290947045	55	0.005638121054372225	0.8258735250411158
Wastewater	K25009	0.07848145790411493	0.14316411150341998	-0.290309293328695	0.44727220913692484	0.16152084203437989	1.1848354290947047	55	0.005638121054371892	0.825873525041116
Wastewater	K25031	0.1502044674895031	0.10180415937817563	-0.11204304706867735	0.4124519820476836	-1.2413897657023405	0.860595022626278	25	0.08646348400457249	0.2501122703547931
Wastewater	K25528	0.0	0.0	0.0	0.0	0.0	0.0	37	0.0	
Wastewater	K25801	0.021984287990866973	0.11273849000344455	-0.2684300622580062	0.3123986382397402	-0.14416980184138795	0.9428558520326381	35	0.0011509760627776977	0.9760825767125019
Wastewater	K25995	0.021984287990866973	0.11273849000344455	-0.2684300622580062	0.3123986382397402	-0.14416980184138795	0.9428558520326381	35	0.0011509760627776977	0.9760825767125019
Wastewater	K25996	0.021984287990866973	0.11273849000344455	-0.2684300622580062	0.3123986382397402	-0.14416980184138795	0.9428558520326381	35	0.0011509760627776977	0.9760825767125019
Wastewater	K26138	-0.15895324712460054	0.182385901241387	-0.6287793287224135	0.31087283447321246	2.7393623604288493	1.537333389444867	29	0.027361749464956286	1.3834059735530344
Wastewater	K26139	-0.15895324712460054	0.182385901241387	-0.6287793287224135	0.31087283447321246	2.7393623604288493	1.537333389444867	29	0.027361749464956286	1.3834059735530344
Wastewater	K27797	0.41814948511066274	0.3526822143282119	-0.49035989899881116	1.3266588692201366	-3.294272291877707	2.945458937372564	25	0.057597621868849314	0.40864708900787816
Wastewater	K27802	0.1916177753631704	0.13944791141722704	-0.16760004444760648	0.5508355951739473	-1.5734424331197356	1.1721470670197003	19	0.0999670854249981	0.30057311189242375
Wastewater	K28126	0.0	0.0	0.0	0.0	0.0	0.0	62	0.0	
Wastewater	K28192	0.0	0.0	0.0	0.0	0.0	0.0	54	0.0	
Wastewater	K28203	-0.3450002298522626	0.30046366919937684	-1.1189946417098573	0.4289941820053322	3.1774325986472007	2.5218097486587334	21	0.06488806661288604	1.568001980895367
Wastewater	K28462	-0.06610813244894555	0.2458234452219464	-0.6993493273406794	0.5671330624427884	0.6060793714196716	2.0398134615413057	12	0.007180151798009127	1.044997046940663
Wastewater	K28660	0.4264551691545351	0.1299050587299715	0.09181973786612851	0.7610906004429416	-3.406139747052044	1.07598202513153	48	0.1898116275568289	0.001048075097941803
Birds	K00014	0.09471917050300559	0.19272857694621667	-0.4017496437104486	0.5911879847164597	-0.5501277202936563	1.5156447144140348	25	0.010392468069116978	0.8574716294605353
Birds	K00027	0.07061157769060918	0.24745349341325115	-0.5668286213419258	0.7080517767231442	-0.4392646444884184	1.982472195226332	22	0.0040548061464691365	0.9494830630132578
Birds	K00028	0.07061157769060918	0.24745349341325115	-0.5668286213419258	0.7080517767231442	-0.4392646444884184	1.982472195226332	22	0.0040548061464691365	0.9494830630132578
Birds	K00067	0.16945491195911355	0.12713308316375188	-0.1580399102707113	0.4969497341889384	-1.3154364068068416	1.01649099700734	18	0.09994068334530581	0.32270308685714344
Birds	K00082	-0.05116436652220746	0.08278527224503601	-0.26441922782542027	0.16209049478100532	0.4317746462646441	0.6590439275372902	28	0.014478441679557474	1.215861435899408
Birds	K00099	0.0	0.0	0.0	0.0	0.0	0.0	27	0.0	
Birds	K00122	0.8100470607735278	0.5302064026551954	-0.5557646324662554	2.175858754013311	-5.441560058411513	4.248503921751535	11	0.20594025110878145	0.2262822392446271
Birds	K00123	0.8100470607735278	0.5302064026551954	-0.5557646324662554	2.175858754013311	-5.441560058411513	4.248503921751535	11	0.20594025110878145	0.2262822392446271
Birds	K00124	0.8100470607735278	0.5302064026551954	-0.5557646324662554	2.175858754013311	-5.441560058411513	4.248503921751535	11	0.20594025110878145	0.2262822392446271
Birds	K00126	0.8100470607735278	0.5302064026551954	-0.5557646324662554	2.175858754013311	-5.441560058411513	4.248503921751535	11	0.20594025110878145	0.2262822392446271
Birds	K00127	0.8100470607735278	0.5302064026551954	-0.5557646324662554	2.175858754013311	-5.441560058411513	4.248503921751535	11	0.20594025110878145	0.2262822392446271
Birds	K00133	0.01965312870285876	0.055876265918431825	-0.12428413230302163	0.16359038970873915	-0.1343135856163527	0.44031701048355104	34	0.00385108348979335	0.9242645598538082
Birds	K00147	0.0	0.0	0.0	0.0	0.0	0.0	26	0.0	
Birds	K00211	0.0	0.0	0.0	0.0	0.0	0.0	23	0.0	
Birds	K00220	0.0	0.0	0.0	0.0	0.0	0.0	23	0.0	
Birds	K00228	0.3897953295675897	0.15401467547332554	-0.006946474451696882	0.7865371335868763	-2.8055517100337046	1.2134992436802348	16	0.31390848997264575	0.016944185361970288
Birds	K00231	0.0	0.0	0.0	0.0	0.0	0.0	14	0.0	
Birds	K00254	0.1483674010895949	0.06656190951145394	-0.023096077811910448	0.31983087999110027	-1.1540356680595183	0.527529162243033	33	0.13813479510663762	0.04229669380089085
Birds	K00288	0.0	0.0	0.0	0.0	0.0	0.0	33	0.0	
Birds	K00297	0.0	0.0	0.0	0.0	0.0	0.0	30	0.0	
Birds	K00299	0.4853560684913519	0.28392142550491306	-0.24602552360930424	1.216737660592008	-3.5919388243986576	2.2505665226536653	22	0.12748715462466942	0.15561144927723491
Birds	K00300	0.0	0.0	0.0	0.0	0.0	0.0	33	0.0	
Birds	K00384	0.07513484083452295	0.05398966993238938	-0.06394254891131208	0.214212230580358	-0.5705565090348842	0.42510987192596045	34	0.05706789347679386	0.2914348493864627
Birds	K00390	0.0	0.0	0.0	0.0	0.0	0.0	11	0.0	
Birds	K00548	0.08861243922115339	0.11945227992707884	-0.21909663387100173	0.3963215123133085	-0.6756341505492187	0.9581369090326741	20	0.02966535361806011	0.7044537113341081
Birds	K00549	0.2759180177532142	0.24414216188496732	-0.3529921912624617	0.9048282267688901	-1.9748665830927483	1.9294628041789352	19	0.06988175344390635	0.4434722468200061
Birds	K00560	0.0	0.0	0.0	0.0	0.0	0.0	27	0.0	
Birds	K00603	0.0	0.0	0.0	0.0	0.0	0.0	33	0.0	
Birds	K00608	0.0	0.0	0.0	0.0	0.0	0.0	29	0.0	
Birds	K00609	0.0	0.0	0.0	0.0	0.0	0.0	29	0.0	
Birds	K00610	0.0	0.0	0.0	0.0	0.0	0.0	29	0.0	
Birds	K00618	0.0	0.0	0.0	0.0	0.0	0.0	14	0.0	
Birds	K00619	0.0	0.0	0.0	0.0	0.0	0.0	14	0.0	
Birds	K00620	-0.39989291698599233	0.27251969336704196	-1.1019036470994925	0.3021178131275078	3.4769794770143245	2.1582999320924654	20	0.1068431906822741	1.7460943755808243
Birds	K00639	0.0	0.0	0.0	0.0	0.0	0.0	13	0.0	
Birds	K00640	0.25161276936005217	0.123323441774728	-0.06606841665164714	0.5692939553717515	-1.908174870963518	0.9759328438940329	34	0.11511007906757709	0.07064762153240611
Birds	K00641	-0.20054118451043032	0.16320143098602707	-0.6209480707304361	0.21986570170957545	1.6601465769184915	1.292604119484493	19	0.08157446864294782	1.6175879677778386
Birds	K00651	-0.20054118451043032	0.16320143098602707	-0.6209480707304361	0.21986570170957545	1.6601465769184915	1.292604119484493	19	0.08157446864294782	1.6175879677778386
Birds	K00674	0.0	0.0	0.0	0.0	0.0	0.0	16	0.0	
Birds	K00681	0.07550366447921603	0.19039895926841177	-0.4149640545962127	0.5659713835546447	-0.548959622304253	1.544627660566432	11	0.017172818093645903	0.9047358931383584
Birds	K00748	0.0	0.0	0.0	0.0	0.0	0.0	19	0.0	
Birds	K00761	0.0	0.0	0.0	0.0	0.0	0.0	33	0.0	
Birds	K00763	0.0	0.0	0.0	0.0	0.0	0.0	30	0.0	
Birds	K00764	0.007911148788870241	0.0788286866614977	-0.19515154805114782	0.21097384562888832	-0.03941960728942609	0.6234534755826979	30	0.00035958063901642134	0.993608555071392
Birds	K00766	-0.025066064305806067	0.07656341672462455	-0.22229342578843891	0.17216129717682677	0.22192803259649008	0.6077515958520494	30	0.003813399903034309	1.0659594354480588
Birds	K00767	-0.13097393446272035	0.2360992853177267	-0.7391656934411843	0.4772178245157437	1.2793075229156285	1.8909020806044452	24	0.013795100787748482	1.1779152350865836
Birds	K00768	-0.07321926195771605	0.14858412385458114	-0.45597196500711706	0.30953344109168496	0.6313814904047044	1.1884412158977276	15	0.018336861701384044	1.1432350244485632
Birds	K00788	0.4154904901323807	0.19350209737915433	-0.08297091271632084	0.9139518929810823	-3.149768165131099	1.5381234732474858	23	0.18002476875990114	0.05312251878444085
Birds	K00790	0.2158338177484365	0.1126114570192775	-0.07425329553322232	0.5059209310300953	-1.5856476095670606	0.8831174446419785	33	0.10594410741280447	0.09646362612648263
Birds	K00800	0.0	0.0	0.0	0.0	0.0	0.0	31	0.0	
Birds	K00820	0.05613756579295582	0.05566537239568805	-0.08725643349833662	0.19953156508424824	-0.42069693300886846	0.4384891802015295	33	0.031765505688285955	0.5233702620722085
Birds	K00833	0.0	0.0	0.0	0.0	0.0	0.0	26	0.0	
Birds	K00849	0.0	0.0	0.0	0.0	0.0	0.0	22	0.0	
Birds	K00851	-0.14912250015995168	0.1514263047793949	-0.539196661271673	0.2409516609517696	1.2265158990752512	1.2022558047437537	16	0.06478397725116836	1.4606529413783846
Birds	K00854	0.326096865068652	0.32113141518685206	-0.5011376604526789	1.153331390589983	-2.3831908512505415	2.5585936315337223	13	0.08570773561484124	0.518684610265089
Birds	K00858	-0.11882329330439963	0.11858399507941302	-0.42429566462896756	0.18664907802016834	0.9705460747789663	0.936232852772815	21	0.050191861246046576	1.472281201779841
Birds	K00859	0.0	0.0	0.0	0.0	0.0	0.0	36	0.0	
Birds	K00863	-0.28957770877914585	0.7416079394317266	-2.1999597607552737	1.620804343196982	2.5116178581528343	5.797504624995998	10	0.018702185424368523	1.0925027757970276
Birds	K00864	-0.048618509696481495	0.08636578319469723	-0.2710967672060216	0.1738597478130586	0.4087187311181884	0.6825323724980449	28	0.012041626479469714	1.182695621716334
Birds	K00872	0.0	0.0	0.0	0.0	0.0	0.0	26	0.0	
Birds	K00877	0.14309325202187045	0.23883915419822638	-0.47215640919276075	0.7583429132365016	-0.8665414984805502	1.90127965830075	27	0.01415455062273474	0.7957174309384707
Birds	K00878	0.2519196780575239	0.16918990301490222	-0.1839135121088642	0.687752868223912	-1.9602208489682218	1.3505708163071477	14	0.15594298404757034	0.24379751275944317
Birds	K00891	-0.026887743262352225	0.13675105312146946	-0.37915845610325755	0.3253829695785531	0.2529821549564332	1.0801129271188048	17	0.002570622134443923	1.0243105195731133
Birds	K00912	0.0	0.0	0.0	0.0	0.0	0.0	19	0.0	
Birds	K00919	0.0	0.0	0.0	0.0	0.0	0.0	29	0.0	
Birds	K00927	0.0	0.0	0.0	0.0	0.0	0.0	22	0.0	
Birds	K00928	0.4603221217793622	0.14821966078351648	0.07850827560102375	0.8421359679577007	-3.3668755273268007	1.1680028516285585	34	0.2316044606080715	0.0021541981858153036
Birds	K00931	0.0	0.0	0.0	0.0	0.0	0.0	26	0.0	
Birds	K00941	0.11284939295424705	0.162081111274667	-0.30467154968929516	0.5303703355977892	-0.7950072217598702	1.2902470740017096	27	0.019021859278837483	0.734465187944157
Birds	K00946	0.0	0.0	0.0	0.0	0.0	0.0	28	0.0	
Birds	K00948	0.1786083002174249	0.16331945033931491	-0.24210260385665033	0.5993192042915001	-1.3091454467184893	1.2888025136200545	32	0.038337932346307335	0.46701648658073425
Birds	K00950	0.06737107066658314	0.11207900153514018	-0.22134443728793796	0.35608657862110427	-0.48351537543353873	0.8874270892416548	28	0.013706644570959714	0.7945122769022184
Birds	K00953	0.0	0.0	0.0	0.0	0.0	0.0	31	0.0	
Birds	K00954	0.0	0.0	0.0	0.0	0.0	0.0	34	0.0	
Birds	K00963	0.319187542842748	0.16563591841187753	-0.10749058298624853	0.7458656686717444	-2.4178321117840595	1.293392458044089	19	0.17927901025702753	0.09403537379863214
Birds	K00965	0.0	0.0	0.0	0.0	0.0	0.0	14	0.0	
Birds	K00972	0.0	0.0	0.0	0.0	0.0	0.0	24	0.0	
Birds	K00973	0.121793518726494	0.08570092625601507	-0.09897206730900082	0.3425591047619888	-0.9445892100949413	0.6831959769362697	27	0.07474764502966924	0.27644242544080044
Birds	K00975	0.06485457805241468	0.23173491928437226	-0.5320945740241283	0.6618037301289577	-0.3865209680406668	1.8323797892831342	22	0.003900954122494693	0.9513597482441023
Birds	K00991	0.021331458902716077	0.08093625457370177	-0.1871603328791397	0.22982325068457182	-0.13544274164750023	0.6342622766887345	22	0.0034611399051770464	0.9567418632157376
Birds	K00995	0.04184174556801372	0.09481635779078572	-0.2024051921010503	0.28608868323707776	-0.2769164610566728	0.7405284851600211	28	0.007434281041373891	0.8834021633759044
Birds	K01006	0.0	0.0	0.0	0.0	0.0	0.0	12	0.0	
Birds	K01008	0.26294646331453897	0.20845764466637107	-0.2740404293460329	0.7999333559751108	-2.0682908802034845	1.682766651131615	13	0.126367428271834	0.36315363058704975
Birds	K01012	0.0	0.0	0.0	0.0	0.0	0.0	27	0.0	
Birds	K01057	0.0	0.0	0.0	0.0	0.0	0.0	17	0.0	
Birds	K01079	0.0	0.0	0.0	0.0	0.0	0.0	22	0.0	
Birds	K01089	-0.00546256314423583	0.1586570635757767	-0.4141631589154366	0.40323803262696495	0.6576455070726593	1.261496109564437	30	4.2334818161626764e-05	1.0007543803649894
Birds	K01129	0.0	0.0	0.0	0.0	0.0	0.0	24	0.0	
Birds	K01241	0.0	0.0	0.0	0.0	0.0	0.0	10	0.0	
Birds	K01433	0.0	0.0	0.0	0.0	0.0	0.0	14	0.0	
Birds	K01439	0.0	0.0	0.0	0.0	0.0	0.0	17	0.0	
Birds	K01465	0.0	0.0	0.0	0.0	0.0	0.0	14	0.0	
Birds	K01469	-0.40194782856389205	0.3014597654387642	-1.1785081843341485	0.37461252720636445	3.435923514318157	2.390052734527346	11	0.16494946428283985	1.6775401957835645
Birds	K01491	0.0	0.0	0.0	0.0	0.0	0.0	33	0.0	
Birds	K01495	0.11870518974084954	0.13429770442419314	-0.22724569685587198	0.46465607633757106	-0.8715480328302279	1.0679051114825389	29	0.028122252850620977	0.60812600478492
Birds	K01496	0.0	0.0	0.0	0.0	0.0	0.0	28	0.0	
Birds	K01497	0.35096943202841796	0.14088021653959396	-0.011938005777576088	0.713876869834412	-2.693390315425113	1.1183221520938493	23	0.22812230912275	0.01923341667805989
Birds	K01498	0.0	0.0	0.0	0.0	0.0	0.0	27	0.0	
Birds	K01519	0.0	0.0	0.0	0.0	0.6931471805599453	0.0	20	0.0	
Birds	K01520	-0.06688032293915612	0.09479191410120903	-0.3110642936638706	0.17730364778555835	0.5783177886372547	0.747763446981829	27	0.019523219702002548	1.2716027974219584
Birds	K01523	0.0	0.0	0.0	0.0	0.0	0.0	29	0.0	
Birds	K01586	0.0	0.0	0.0	0.0	0.0	0.0	30	0.0	
Birds	K01587	-0.054557690665249195	0.11138809960054186	-0.34149343523624504	0.23237805390574667	1.4411213485527046	0.882794248202959	33	0.007679354257229543	1.1416355756657972
Birds	K01591	0.0290606100080757	0.053075993394034515	-0.10766314897495721	0.1657843689911086	-0.20899904421087606	0.41733259546942914	36	0.008740207902886987	0.8262561003062969
Birds	K01595	0.0	0.0	0.0	0.0	0.0	0.0	19	0.0	
Birds	K01598	0.0	0.0	0.0	0.0	0.0	0.0	32	0.0	
Birds	K01610	0.0	0.0	0.0	0.0	0.0	0.0	16	0.0	
Birds	K01613	-0.08138907647610207	0.2164893474260763	-0.6390656354456746	0.4762874824934705	0.7372440131743713	1.7316262240332478	16	0.009994674926412261	1.0860492696202533
Birds	K01619	0.42336659920858155	0.20121179354094498	-0.09495498095289279	0.9416881793700559	-3.205719364018874	1.5902361403893412	28	0.14550058558161594	0.0596999114499579
Birds	K01626	0.03176983181918901	0.11543610617571567	-0.2655935776894546	0.3291332413278326	-0.17394379565247187	0.9028494261692671	28	0.002904756886926485	0.9529241830691948
Birds	K01627	0.0	0.0	0.0	0.0	0.0	0.0	18	0.0	
Birds	K01637	0.1564127593698834	0.2540428812606557	-0.4980017027575657	0.8108272214973326	-1.0677178226454225	2.0177700056090613	12	0.03652342169956191	0.7855827316330801
Birds	K01638	0.27991837077183757	0.17161965200897286	-0.16217385280327656	0.7220105943469517	-2.1670736767791388	1.3726216490353804	10	0.24955128078107336	0.1838578479541373
Birds	K01649	0.3343400501996901	0.18976454836946152	-0.15449342640004282	0.823173526799423	-2.48476839471259	1.5096830382512822	28	0.10665747634090994	0.13859750172011642
Birds	K01662	0.11345393850463441	0.057531192067604195	-0.034746412261513995	0.2616542892707828	-0.8678536247589455	0.4519217513459077	31	0.11824489327116638	0.08409713829859222
Birds	K01664	-0.07191376690388682	0.23326904296875905	-0.6728148215914102	0.5289872877836365	0.6380020525103336	1.8662796165114768	11	0.010449733424852004	1.0587107694030313
Birds	K01665	-0.07191376690388682	0.23326904296875905	-0.6728148215914102	0.5289872877836365	0.6380020525103336	1.8662796165114768	11	0.010449733424852004	1.0587107694030313
Birds	K01675	0.339215031541868	0.1236538477160421	0.020682719825343532	0.6577473432583925	-2.540326547289273	0.9698714810084841	33	0.19533798903729105	0.00830516963920247
Birds	K01676	0.339215031541868	0.1236538477160421	0.020682719825343532	0.6577473432583925	-2.540326547289273	0.9698714810084841	33	0.19533798903729105	0.00830516963920247
Birds	K01677	0.339215031541868	0.1236538477160421	0.020682719825343532	0.6577473432583925	-2.540326547289273	0.9698714810084841	33	0.19533798903729105	0.00830516963920247
Birds	K01678	0.339215031541868	0.1236538477160421	0.020682719825343532	0.6577473432583925	-2.540326547289273	0.9698714810084841	33	0.19533798903729105	0.00830516963920247
Birds	K01679	0.339215031541868	0.1236538477160421	0.020682719825343532	0.6577473432583925	-2.540326547289273	0.9698714810084841	33	0.19533798903729105	0.00830516963920247
Birds	K01693	0.0	0.0	0.0	0.0	0.0	0.0	30	0.0	
Birds	K01694	-0.04584022847697511	0.12297383093318555	-0.36262081696086107	0.27094036000691085	1.0996660449380011	0.975802709980262	31	0.004768636273824067	1.0846605243653005
Birds	K01695	-0.04584022847697511	0.12297383093318555	-0.36262081696086107	0.27094036000691085	1.0996660449380011	0.975802709980262	31	0.004768636273824067	1.0846605243653005
Birds	K01696	-0.04584022847697511	0.12297383093318555	-0.36262081696086107	0.27094036000691085	1.0996660449380011	0.975802709980262	31	0.004768636273824067	1.0846605243653005
Birds	K01698	0.0	0.0	0.0	0.0	0.0	0.0	28	0.0	
Birds	K01710	0.1806608127883614	0.1288707449417441	-0.15131022618157144	0.5126318517582943	-1.395439400123874	1.0252123031430866	27	0.07288106089455881	0.2861837630437438
Birds	K01719	0.12350149055169538	0.12811751896637424	-0.20652923830568468	0.4535322194090754	-0.8773422713279475	1.0051606603769372	23	0.04237442331532182	0.5534566635670124
Birds	K01734	0.0	0.0	0.0	0.0	0.0	0.0	16	0.0	
Birds	K01735	0.0	0.0	0.0	0.0	0.0	0.0	34	0.0	
Birds	K01736	0.0	0.0	0.0	0.0	0.0	0.0	35	0.0	
Birds	K01749	0.0	0.0	0.0	0.0	0.0	0.0	27	0.0	
Birds	K01756	-0.004197964383117598	0.1418844451655408	-0.3696922951295507	0.3612963663633155	0.10628245510938558	1.1228172688179794	34	2.7355588854804935e-05	1.0005571434631295
Birds	K01770	0.0	0.0	0.0	0.0	0.0	0.0	26	0.0	
Birds	K01772	0.1793411843964332	0.08301138346848894	-0.0344961394183943	0.3931785082112607	-1.3562622162872122	0.6514858802280339	28	0.15219708094242168	0.05123021542520689
Birds	K01774	0.339215031541868	0.1236538477160421	0.020682719825343532	0.6577473432583925	-2.540326547289273	0.9698714810084841	33	0.19533798903729105	0.00830516963920247
Birds	K01775	0.26265804070248405	0.19385571157846035	-0.2367142723236298	0.762030353728598	-1.9297565103871455	1.5364925885674054	33	0.05590834826421043	0.310769612519203
Birds	K01776	0.0	0.0	0.0	0.0	0.0	0.0	32	0.0	
Birds	K01778	0.0	0.0	0.0	0.0	0.0	0.0	30	0.0	
Birds	K01783	0.010510384925225328	0.05327899028717972	-0.12673629405454964	0.1477570639050003	-0.06329848996674077	0.4189287449688757	36	0.0011432719650210643	0.9755298415857729
Birds	K01790	0.20362367567327658	0.16319492814119718	-0.21676645921844737	0.6240138105650005	-1.5740158685450845	1.3044496534780996	21	0.07573330885385143	0.3711632028430556
Birds	K01798	0.26265804070248405	0.19385571157846035	-0.2367142723236298	0.762030353728598	-1.9297565103871455	1.5364925885674054	33	0.05590834826421043	0.310769612519203
Birds	K01803	0.033329687944064525	0.07620035864265186	-0.16296243591940668	0.22962181180753571	-0.22251846494491268	0.5999407230083095	35	0.00576400048245318	0.8853300591539772
Birds	K01807	0.03155152606769978	0.0941643984550596	-0.21101596435253375	0.2741190164879333	-0.19315878692358562	0.7429996199196953	25	0.0048576324082574285	0.931020590754851
Birds	K01808	0.03155152606769978	0.0941643984550596	-0.21101596435253375	0.2741190164879333	-0.19315878692358562	0.7429996199196953	25	0.0048576324082574285	0.931020590754851
Birds	K01814	0.0	0.0	0.0	0.0	0.0	0.0	27	0.0	
Birds	K01817	-0.1953317279381707	0.18238199526182883	-0.6651477477326417	0.2744842918563004	1.6603909079707362	1.4434467016376034	24	0.04955483599347155	1.5182035460165486
Birds	K01823	0.0	0.0	0.0	0.0	0.0	0.0	18	0.0	
Birds	K01837	0.2992255461627764	0.18122221306387146	-0.1676028746897565	0.7660539670153093	-2.2439064568098543	1.4313425058811524	27	0.09832919357052183	0.17629089819352606
Birds	K01845	0.0	0.0	0.0	0.0	0.0	0.0	26	0.0	
Birds	K01847	0.022275251461891847	0.32209702150728725	-0.8074466759408802	0.8519971788646638	-0.0633533933764097	2.587838758289338	12	0.0004780399072236152	0.996959878474601
Birds	K01848	0.022275251461891847	0.32209702150728725	-0.8074466759408802	0.8519971788646638	-0.0633533933764097	2.587838758289338	12	0.0004780399072236152	0.996959878474601
Birds	K01849	0.022275251461891847	0.32209702150728725	-0.8074466759408802	0.8519971788646638	-0.0633533933764097	2.587838758289338	12	0.0004780399072236152	0.996959878474601
Birds	K01851	-0.13321771064720006	0.24957207577228885	-0.7761153778366161	0.5096799565422161	1.1508076639664733	1.9716478189374902	14	0.023193132436408304	1.165889565826571
Birds	K01866	0.17749283269006466	0.08433230222368246	-0.039747177838141357	0.3947328432182707	-1.3363342476265039	0.663098631195425	36	0.11526748079191618	0.059604107069670675
Birds	K01869	0.0	0.0	0.0	0.0	0.0	0.0	36	0.0	
Birds	K01870	0.0	0.0	0.0	0.0	0.0	0.0	36	0.0	
Birds	K01873	0.0	0.0	0.0	0.0	0.0	0.0	36	0.0	
Birds	K01893	0.0	0.0	0.0	0.0	0.0	0.0	17	0.0	
Birds	K01915	-0.09366963334898204	0.25577593776687196	-0.7525484490364442	0.5652091823384802	1.1331607947127833	2.0209667826144293	32	0.004450612915595231	1.0818370886194693
Birds	K01919	0.093880084258032	0.2607220155022067	-0.5777398276756525	0.7654999961917164	-0.5362911807289562	2.067015368569859	22	0.006441027979070424	0.9207733478352425
Birds	K01921	0.11271814868394595	0.13188014089238018	-0.22700509425482537	0.45244139162271724	-0.8068332790734701	1.0430685058391622	33	0.023022462500072227	0.6280974012860852
Birds	K01923	0.03576485006543587	0.07482378887401363	-0.15698123007402323	0.22851093020489496	-0.26055658872887255	0.5923234093958876	31	0.007816769579924943	0.8646331719046221
Birds	K01924	0.08846777741917505	0.09103733795851374	-0.14604440516195633	0.32297996000030643	-0.6344821138324394	0.7148253021659547	35	0.027820420375764376	0.5481593118378121
Birds	K01925	0.0	0.0	0.0	0.0	0.0	0.0	36	0.0	
Birds	K01933	0.0	0.0	0.0	0.0	0.0	0.0	28	0.0	
Birds	K01934	0.0	0.0	0.0	0.0	0.0	0.0	33	0.0	
Birds	K01935	0.08780154185245365	0.13313205449141383	-0.25514663051742836	0.43074971422233566	-0.5807917962877691	1.0501192096914287	25	0.018559872627399776	0.7581321508989136
Birds	K01939	0.3622300379970935	0.11138331675857031	0.07530661402701638	0.6491534619671706	-2.809955588550417	0.881395854813769	33	0.2543806649380487	0.0011909521604680506
Birds	K01945	0.0	0.0	0.0	0.0	0.0	0.0	33	0.0	
Birds	K01952	-0.6849147289155583	0.19144485436853179	-1.1780766737688961	-0.19175278406222035	5.701014763603092	1.5172753363301912	33	0.29222584430809395	1.999710766471629
Birds	K02201	0.0	0.0	0.0	0.0	0.0	0.0	34	0.0	
Birds	K02203	-0.18877589251910168	0.2111223374224726	-0.7326270337193911	0.3550752486811878	1.9157951195770437	1.6786520643841165	30	0.02776128552432877	1.398894490970076
Birds	K02204	0.0	0.0	0.0	0.0	0.0	0.0	26	0.0	
Birds	K02318	0.26076474496239666	0.05934186437971954	0.10790010232023911	0.4136293876045542	-1.3935069188240574	0.4666006738249146	36	0.36221730284150633	4.584027518017564e-06
Birds	K02361	-0.13321771064720006	0.24957207577228885	-0.7761153778366161	0.5096799565422161	1.1508076639664733	1.9716478189374902	14	0.023193132436408304	1.165889565826571
Birds	K02492	0.0	0.0	0.0	0.0	0.0	0.0	26	0.0	
Birds	K02551	0.0	0.0	0.0	0.0	0.0	0.0	23	0.0	
Birds	K02552	-0.13321771064720006	0.24957207577228885	-0.7761153778366161	0.5096799565422161	1.1508076639664733	1.9716478189374902	14	0.023193132436408304	1.165889565826571
Birds	K02564	0.08634634127464769	0.42372770970488266	-1.00517623892513	1.1778689214744253	-0.5861996728020105	3.3426744335128324	17	0.002760719396339817	0.9739104593324011
Birds	K02825	0.0	0.0	0.0	0.0	0.0	0.0	33	0.0	
Birds	K02858	0.48794103433909036	0.14035222416224682	0.12639370489714252	0.8494883637810382	-3.779017727998694	1.1184519907442083	26	0.33492905282496377	0.0004553584336690619
Birds	K03274	0.0	0.0	0.0	0.0	0.0	0.0	10	0.0	
Birds	K03342	-0.128559613528623	0.3455994416359392	-1.0188237751828024	0.7617045481255564	1.121426974075493	2.770198366056305	12	0.013648804941786663	1.084324614757161
Birds	K03431	0.0	0.0	0.0	0.0	0.0	0.0	36	0.0	
Birds	K03465	0.21563596631278925	0.3027370008293573	-0.5642145478236351	0.9954864804492136	-1.4869727181369068	2.2842043807005337	10	0.05963714821390487	0.7239797820369436
Birds	K03474	0.0	0.0	0.0	0.0	0.0	0.0	12	0.0	
Birds	K03526	0.0	0.0	0.0	0.0	0.0	0.0	25	0.0	
Birds	K03527	0.12914776671338632	0.06467905102982247	-0.03746546873943635	0.295761002166209	-0.9861637434047167	0.5073248333652365	27	0.13754449479621522	0.07900811513910111
Birds	K03785	-0.011243988575722631	0.06856653251176498	-0.1878713763260292	0.16538339917458397	0.11030296771960867	0.5409929573567376	32	0.0008955834119024342	1.0169740057280214
Birds	K03786	-0.011243988575722631	0.06856653251176498	-0.1878713763260292	0.16538339917458397	0.11030296771960867	0.5409929573567376	32	0.0008955834119024342	1.0169740057280214
Birds	K03856	0.03176983181918901	0.11543610617571567	-0.2655935776894546	0.3291332413278326	-0.17394379565247187	0.9028494261692671	28	0.002904756886926485	0.9529241830691948
Birds	K04042	0.0	0.0	0.0	0.0	0.6931471805599453	0.0	24	0.0	
Birds	K04486	-0.003491419036679625	0.09352402158290596	-0.24440929863424538	0.23742646056088612	0.05439841659151472	0.7435352368918019	26	5.806589762080705e-05	1.0008868396077046
Birds	K04517	0.0	0.0	0.0	0.0	0.0	0.0	23	0.0	
Birds	K04720	0.0	0.0	0.0	0.0	0.0	0.0	11	0.0	
Birds	K05602	-0.003491419036679625	0.09352402158290596	-0.24440929863424538	0.23742646056088612	0.05439841659151472	0.7435352368918019	26	5.806589762080705e-05	1.0008868396077046
Birds	K05887	0.09471917050300559	0.19272857694621667	-0.4017496437104486	0.5911879847164597	-0.5501277202936563	1.5156447144140348	25	0.010392468069116978	0.8574716294605353
Birds	K06001	-0.04584022847697511	0.12297383093318555	-0.36262081696086107	0.27094036000691085	1.0996660449380011	0.975802709980262	31	0.004768636273824067	1.0846605243653005
Birds	K06048	0.093880084258032	0.2607220155022067	-0.5777398276756525	0.7654999961917164	-0.5362911807289562	2.067015368569859	22	0.006441027979070424	0.9207733478352425
Birds	K06153	0.3809274358237479	0.1649140055074178	-0.04389104236336039	0.8057459140108562	-2.9011903101584786	1.304389632375786	29	0.16500259928180416	0.033485585000770035
Birds	K06879	0.0	0.0	0.0	0.0	0.0	0.0	12	0.0	
Birds	K06966	0.0	0.0	0.0	0.0	0.0	0.0	10	0.0	
Birds	K07127	-0.3200102858488675	0.3379592746833444	-1.1905933774331627	0.5505728057354278	2.7084675646839913	2.690742030285718	11	0.0905968469109063	1.4349233066091904
Birds	K07142	0.06737107066658314	0.11207900153514018	-0.22134443728793796	0.35608657862110427	-0.48351537543353873	0.8874270892416548	28	0.013706644570959714	0.7945122769022184
Birds	K07160	-0.40194782856389205	0.3014597654387642	-1.1785081843341485	0.37461252720636445	3.435923514318157	2.390052734527346	11	0.16494946428283985	1.6775401957835645
Birds	K07173	0.0	0.0	0.0	0.0	0.0	0.0	11	0.0	
Birds	K07404	0.0	0.0	0.0	0.0	0.0	0.0	17	0.0	
Birds	K09007	0.11870518974084954	0.13429770442419314	-0.22724569685587198	0.46465607633757106	-0.8715480328302279	1.0679051114825389	29	0.028122252850620977	0.60812600478492
Birds	K09457	0.0	0.0	0.0	0.0	0.0	0.0	12	0.0	
Birds	K11067	0.0	0.0	0.0	0.0	0.0	0.0	14	0.0	
Birds	K11204	0.093880084258032	0.2607220155022067	-0.5777398276756525	0.7654999961917164	-0.5362911807289562	2.067015368569859	22	0.006441027979070424	0.9207733478352425
Birds	K11205	0.093880084258032	0.2607220155022067	-0.5777398276756525	0.7654999961917164	-0.5362911807289562	2.067015368569859	22	0.006441027979070424	0.9207733478352425
Birds	K11528	0.0	0.0	0.0	0.0	0.0	0.0	24	0.0	
Birds	K11540	0.22278685137773382	0.20784370469894212	-0.31261853192674116	0.7581922346822088	-1.467978705905157	1.650959377109043	30	0.03941688312170899	0.48121004729104166
Birds	K11541	0.0	0.0	0.0	0.0	0.0	0.0	29	0.0	
Birds	K11752	-0.09661687115149577	0.09631165736805805	-0.3447157005316133	0.15148195822862176	1.4514729739253602	0.7667259068931406	28	0.03726339021916514	1.4730560485990207
Birds	K11753	0.0	0.0	0.0	0.0	0.0	0.0	31	0.0	
Birds	K11755	0.05537014463416995	0.08160849237076996	-0.15485333171293347	0.26559362098127337	0.22880227888302773	0.649605418712623	29	0.016763884671346818	0.745975274562539
Birds	K11787	-0.10171998963559685	0.14884981890729304	-0.48515712314078374	0.28171714386959	1.3937268440572046	1.1796930233000502	33	0.014840914610602884	1.257179481194778
Birds	K11788	-0.10171998963559685	0.14884981890729304	-0.48515712314078374	0.28171714386959	1.3937268440572046	1.1796930233000502	33	0.014840914610602884	1.257179481194778
Birds	K11808	-0.04766106960325446	0.16109287394386052	-0.4626363128826391	0.36731417367613023	0.9445865546600255	1.2767240221722265	33	0.0028157146596370364	1.054201406510706
Birds	K12447	0.251029330970828	0.25307714903009826	-0.40089740493070514	0.9029560668723612	-1.8363086625032539	1.9777858544319602	20	0.05182723526047961	0.5345346014588155
Birds	K12506	-0.021681095872788	0.16265612567994198	-0.4406832756243185	0.39732108387874254	0.7239968929639782	1.275830281096164	27	0.0007101875650099565	1.0112472900245562
Birds	K12524	0.4603221217793622	0.14821966078351648	0.07850827560102375	0.8421359679577007	-3.3668755273268007	1.1680028516285585	34	0.2316044606080715	0.0021541981858153036
Birds	K12525	0.4603221217793622	0.14821966078351648	0.07850827560102375	0.8421359679577007	-3.3668755273268007	1.1680028516285585	34	0.2316044606080715	0.0021541981858153036
Birds	K12526	0.5065788889118672	0.13842288175221384	0.1500015455181643	0.8631562323055701	-3.2243858371499394	1.0908021227586617	34	0.2950457467185048	0.00019819501861007005
Birds	K12657	2.13151260450031e-30	8.602956138614647e-17	-2.216121501307112e-16	2.2161215013071543e-16	0.6931471805599452	6.841842258497535e-16	26	0.0	1.0
Birds	K13038	0.0	0.0	0.0	0.0	0.0	0.0	32	0.0	
Birds	K13421	0.0290606100080757	0.053075993394034515	-0.10766314897495721	0.1657843689911086	-0.20899904421087606	0.41733259546942914	36	0.008740207902886987	0.8262561003062969
Birds	K13484	-0.3200102858488675	0.3379592746833444	-1.1905933774331627	0.5505728057354278	2.7084675646839913	2.690742030285718	11	0.0905968469109063	1.4349233066091904
Birds	K13497	-0.025066064305806067	0.07656341672462455	-0.22229342578843891	0.17216129717682677	0.22192803259649008	0.6077515958520494	30	0.003813399903034309	1.0659594354480588
Birds	K13498	-0.1953317279381707	0.18238199526182883	-0.6651477477326417	0.2744842918563004	1.6603909079707362	1.4434467016376034	24	0.04955483599347155	1.5182035460165486
Birds	K13501	-0.1953317279381707	0.18238199526182883	-0.6651477477326417	0.2744842918563004	1.6603909079707362	1.4434467016376034	24	0.04955483599347155	1.5182035460165486
Birds	K13542	0.12350149055169538	0.12811751896637424	-0.20652923830568468	0.4535322194090754	-0.8773422713279475	1.0051606603769372	23	0.04237442331532182	0.5534566635670124
Birds	K13543	0.12350149055169538	0.12811751896637424	-0.20652923830568468	0.4535322194090754	-0.8773422713279475	1.0051606603769372	23	0.04237442331532182	0.5534566635670124
Birds	K13562	0.4853560684913519	0.28392142550491306	-0.24602552360930424	1.216737660592008	-3.5919388243986576	2.2505665226536653	22	0.12748715462466942	0.15561144927723491
Birds	K13713	-0.04965912184823575	0.10961394439311987	-0.33202464260491255	0.23270639890844105	1.0567153901525383	0.8687333743919489	33	0.006577167508495685	1.1224849579259066
Birds	K13786	-0.32957856105030114	0.3184513716649013	-1.149909294459087	0.49075217235848456	2.957511801427777	2.571601288618828	20	0.0561637145422188	1.4943375930797163
Birds	K13829	0.05942256750817117	0.17308332315260314	-0.38644007293293453	0.5052852079492769	-0.10900205989376083	1.3632361854447248	34	0.0036698277441095106	0.9277096355496806
Birds	K13830	-0.04108488410034763	0.2139531279014655	-0.5922281415745227	0.5100583733738275	1.6835423439514465	1.6843804210611906	35	0.0011161637093625165	1.0232016782361546
Birds	K13832	0.1972545715454625	0.20358542074151492	-0.3271814722846799	0.7216906153756049	-0.950611015192068	1.600802512212441	33	0.029392909162264558	0.5501073978262148
Birds	K13853	0.33071989712442	0.21756620269029972	-0.22973064100579205	0.8911704352546321	-2.3320708120332045	1.7016298258861964	28	0.08161831954804977	0.22969160179453385
Birds	K13937	0.0	0.0	0.0	0.0	0.0	0.0	17	0.0	
Birds	K13939	0.06737107066658314	0.11207900153514018	-0.22134443728793796	0.35608657862110427	-0.48351537543353873	0.8874270892416548	28	0.013706644570959714	0.7945122769022184
Birds	K13940	0.06737107066658314	0.11207900153514018	-0.22134443728793796	0.35608657862110427	-0.48351537543353873	0.8874270892416548	28	0.013706644570959714	0.7945122769022184
Birds	K13941	0.06737107066658314	0.11207900153514018	-0.22134443728793796	0.35608657862110427	-0.48351537543353873	0.8874270892416548	28	0.013706644570959714	0.7945122769022184
Birds	K13950	-0.07191376690388682	0.23326904296875905	-0.6728148215914102	0.5289872877836365	0.6380020525103336	1.8662796165114768	11	0.010449733424852004	1.0587107694030313
Birds	K13998	0.0	0.0	0.0	0.0	0.0	0.0	27	0.0	
Birds	K14152	0.05537014463416995	0.08160849237076996	-0.15485333171293347	0.26559362098127337	0.22880227888302773	0.649605418712623	29	0.016763884671346818	0.745975274562539
Birds	K14153	0.632536591421669	0.2019996707260011	0.11218543963149008	1.1528877432118478	-4.400090201181452	1.601909245222783	30	0.2593671298447532	0.0019452230307819285
Birds	K14154	0.7029231373481122	0.25548947391446253	0.04478225254445667	1.3610640221517678	-5.155436209790274	2.026172784279348	26	0.2397735978397323	0.00807549861388246
Birds	K14187	0.46602470130059237	0.2994202194511878	-0.3052817840056674	1.2373311866068522	-3.442889321834394	2.3637034081348585	23	0.10342445029608127	0.21391374220057635
Birds	K14652	0.32712678757259794	0.23759170211062788	-0.28490943706437954	0.9391630122095754	-1.9792494698231402	1.891439917547015	28	0.06795672037083322	0.29914098446683224
Birds	K14656	0.0	0.0	0.0	0.0	0.0	0.0	31	0.0	
Birds	K14681	0.0	0.0	0.0	0.0	0.0	0.0	14	0.0	
Birds	K14682	0.0	0.0	0.0	0.0	0.0	0.0	14	0.0	
Birds	K14759	-0.2287784928430226	0.37192996349322893	-1.1868700788015802	0.7293130931155352	2.3580963783319846	2.9487865861679228	23	0.01769838417231462	1.2140585895943752
Birds	K15461	-0.23701155619997707	0.213926906631638	-0.7880872676830766	0.3140641552831225	2.033915613602564	1.7122660031622035	15	0.08627416653796272	1.5422476107262095
Birds	K15918	0.16099413376552052	0.2997090245558912	-0.6110563134904553	0.9330445810214963	-1.0523026793564991	2.3904776979410887	18	0.017714873219248473	0.8321884387746636
Birds	K18592	0.07550366447921603	0.19039895926841177	-0.4149640545962127	0.5659713835546447	-0.548959622304253	1.544627660566432	11	0.017172818093645903	0.9047358931383584
Birds	K18649	-0.003491419036679625	0.09352402158290596	-0.24440929863424538	0.23742646056088612	0.05439841659151472	0.7435352368918019	26	5.806589762080705e-05	1.0008868396077046
Birds	K19285	0.4853560684913519	0.28392142550491306	-0.24602552360930424	1.216737660592008	-3.5919388243986576	2.2505665226536653	22	0.12748715462466942	0.15561144927723491
Birds	K19286	0.4853560684913519	0.28392142550491306	-0.24602552360930424	1.216737660592008	-3.5919388243986576	2.2505665226536653	22	0.12748715462466942	0.15561144927723491
Birds	K19302	0.3809274358237479	0.1649140055074178	-0.04389104236336039	0.8057459140108562	-2.9011903101584786	1.304389632375786	29	0.16500259928180416	0.033485585000770035
Birds	K19562	0.11895454766268168	0.10411440355267376	-0.14924415588900594	0.3871532512143693	-0.2064953305542384	0.8196963650510466	26	0.05158547384710699	0.43559714456546494
Birds	K19726	-0.038322082661703935	0.1976226383837559	-0.5473979991382592	0.4707538338148513	0.5680729913372731	1.5639072403445038	34	0.0011737208035870195	1.0236546778805324
Birds	K19964	-0.3200102858488675	0.3379592746833444	-1.1905933774331627	0.5505728057354278	2.7084675646839913	2.690742030285718	11	0.0905968469109063	1.4349233066091904
Birds	K21219	0.632536591421669	0.2019996707260011	0.11218543963149008	1.1528877432118478	-4.400090201181452	1.601909245222783	30	0.2593671298447532	0.0019452230307819285
Birds	K21220	0.4154904901323807	0.19350209737915433	-0.08297091271632084	0.9139518929810823	-3.149768165131099	1.5381234732474858	23	0.18002476875990114	0.05312251878444085
Birds	K22305	0.0	0.0	0.0	0.0	0.0	0.0	22	0.0	
Birds	K22391	0.11870518974084954	0.13429770442419314	-0.22724569685587198	0.46465607633757106	-0.8715480328302279	1.0679051114825389	29	0.028122252850620977	0.60812600478492
Birds	K22476	0.0	0.0	0.0	0.0	0.0	0.0	14	0.0	
Birds	K22477	0.0	0.0	0.0	0.0	0.0	0.0	14	0.0	
Birds	K22478	0.0	0.0	0.0	0.0	0.0	0.0	14	0.0	
Birds	K22515	0.8100470607735278	0.5302064026551954	-0.5557646324662554	2.175858754013311	-5.441560058411513	4.248503921751535	11	0.20594025110878145	0.2262822392446271
Birds	K22920	0.319187542842748	0.16563591841187753	-0.10749058298624853	0.7458656686717444	-2.4178321117840595	1.293392458044089	19	0.17927901025702753	0.09403537379863214
Birds	K22949	0.0	0.0	0.0	0.0	0.0	0.0	31	0.0	
Birds	K23123	-0.40194782856389205	0.3014597654387642	-1.1785081843341485	0.37461252720636445	3.435923514318157	2.390052734527346	11	0.16494946428283985	1.6775401957835645
Birds	K23124	-0.40194782856389205	0.3014597654387642	-1.1785081843341485	0.37461252720636445	3.435923514318157	2.390052734527346	11	0.16494946428283985	1.6775401957835645
Birds	K23144	-0.19115075436299056	0.28680302886097386	-0.9299553567088592	0.5476538479828781	2.247910760514838	2.273093793485634	33	0.014126804358615908	1.2463222707458197
Birds	K23264	-0.6849147289155583	0.19144485436853179	-1.1780766737688961	-0.19175278406222035	5.701014763603092	1.5172753363301912	33	0.29222584430809395	1.999710766471629
Birds	K23265	-0.6849147289155583	0.19144485436853179	-1.1780766737688961	-0.19175278406222035	5.701014763603092	1.5172753363301912	33	0.29222584430809395	1.999710766471629
Birds	K23269	-0.6849147289155583	0.19144485436853179	-1.1780766737688961	-0.19175278406222035	5.701014763603092	1.5172753363301912	33	0.29222584430809395	1.999710766471629
Birds	K23270	-0.6849147289155583	0.19144485436853179	-1.1780766737688961	-0.19175278406222035	5.701014763603092	1.5172753363301912	33	0.29222584430809395	1.999710766471629
Birds	K23304	0.25161276936005217	0.123323441774728	-0.06606841665164714	0.5692939553717515	-1.908174870963518	0.9759328438940329	34	0.11511007906757709	0.07064762153240611
Birds	K23987	0.6086128074702624	0.2572622490978635	-0.05409474620583399	1.2713203611463588	-4.414454792307024	2.0470498007084035	25	0.19571067646901308	0.028354950165503823
Birds	K24017	-0.11513854685502052	0.23012659684306386	-0.707944660322753	0.477667566612712	1.4960511742735065	1.8286503802482326	29	0.009186205111528567	1.1473133739765093
Birds	K24018	0.03966870686742705	0.16072122867730787	-0.374349178205318	0.45368659194017213	0.12956446450944964	1.2636048675515898	33	0.0019612606024062007	0.961960434875154
Birds	K24042	0.42612573124923936	0.1977889616759878	-0.08337863402810519	0.9356300965265839	-2.9073829532982827	1.5713930299037413	30	0.14219995282303088	0.05208076699902886
Birds	K25004	0.0	0.0	0.0	0.0	0.0	0.0	30	0.0	
Birds	K25009	2.873611214864133e-30	2.0678992153817332e-16	-5.326908378823316e-16	5.326908378823373e-16	0.693147180559945	1.6429038233779093e-15	30	0.0	1.0
Birds	K25031	-0.14912250015995168	0.1514263047793949	-0.539196661271673	0.2409516609517696	1.2265158990752512	1.2022558047437537	16	0.06478397725116836	1.4606529413783846
Birds	K25528	0.0	0.0	0.0	0.0	0.0	0.0	22	0.0	
Birds	K28126	0.0	0.0	0.0	0.0	0.0	0.0	36	0.0	
Birds	K28192	0.0	0.0	0.0	0.0	0.0	0.0	24	0.0	
Birds	K28660	0.319187542842748	0.16563591841187753	-0.10749058298624853	0.7458656686717444	-2.4178321117840595	1.293392458044089	19	0.17927901025702753	0.09403537379863214
