environment	category	Z_alpha	Z_beta	n_genomes_used
Aquatic	K00005	-0.0074603529229674975	-0.04205096647455869	40
Aquatic	K00010	-2.198149378492707	2.1933855827598427	56
Aquatic	K00014	-0.6463821177090655	0.3993058755381242	443
Aquatic	K00019	-0.5722832596387547	0.5868003717098828	140
Aquatic	K00021	0.6366239126300016	-0.6609859345085803	97
Aquatic	K00027	-2.4584345805169563	2.390099930193334	364
Aquatic	K00028	-2.4584345805169563	2.390099930193334	364
Aquatic	K00029	-0.00364741090149073	0.0459956239706394	66
Aquatic	K00060	-0.26874876035045003	0.2533332426771654	167
Aquatic	K00067	0.3401777895465523	-0.37753609072402305	375
Aquatic	K00077	-2.0159082982536916	1.8792556899110733	139
Aquatic	K00082	-1.1681034612721575	0.9256158110532753	571
Aquatic	K00099	-0.2760679402173009	0.2943595718139986	499
Aquatic	K00107	-2.003034903849999	1.9304984930452884	68
Aquatic	K00108	1.50888272385485	-1.4897961668346347	133
Aquatic	K00121	-0.9033930007234462	0.8885211431046423	230
Aquatic	K00122	-0.12470017486679148	0.059767034008782	300
Aquatic	K00123	-0.12470017486679148	0.059767034008782	300
Aquatic	K00124	-0.12470017486679148	0.059767034008782	300
Aquatic	K00126	-0.12470017486679148	0.059767034008782	300
Aquatic	K00127	-0.12470017486679148	0.059767034008782	300
Aquatic	K00133	-3.4942191299061576	3.481587439603665	594
Aquatic	K00147	2.1838881880861036	-2.0532372920824673	530
Aquatic	K00148	0.884428825327668	-0.9151356230703326	51
Aquatic	K00156	-0.47394263663837366	0.48122455995941604	22
Aquatic	K00200	-0.4916477278980918	0.5236223645472093	25
Aquatic	K00201	-0.4916477278980918	0.5236223645472093	25
Aquatic	K00202	-0.4916477278980918	0.5236223645472093	25
Aquatic	K00203	-0.4916477278980918	0.5236223645472093	25
Aquatic	K00204	-0.4916477278980918	0.5236223645472093	25
Aquatic	K00205	-0.4916477278980918	0.5236223645472093	25
Aquatic	K00220	1.2547328816072616	-1.272354734385031	285
Aquatic	K00228	-0.7658290035280333	0.8656785702031924	410
Aquatic	K00231	-0.39592478113781737	0.3859113378872003	117
Aquatic	K00233	1.7713771425816747	-1.720045496547588	297
Aquatic	K00234	1.7713771425816747	-1.720045496547588	297
Aquatic	K00235	1.7713771425816747	-1.720045496547588	297
Aquatic	K00236	1.7713771425816747	-1.720045496547588	297
Aquatic	K00237	1.7713771425816747	-1.720045496547588	297
Aquatic	K00239	1.7713771425816747	-1.720045496547588	297
Aquatic	K00240	1.7713771425816747	-1.720045496547588	297
Aquatic	K00241	1.7713771425816747	-1.720045496547588	297
Aquatic	K00242	1.7713771425816747	-1.720045496547588	297
Aquatic	K00244	1.7713771425816747	-1.720045496547588	297
Aquatic	K00245	1.7713771425816747	-1.720045496547588	297
Aquatic	K00246	1.7713771425816747	-1.720045496547588	297
Aquatic	K00247	1.7713771425816747	-1.720045496547588	297
Aquatic	K00254	4.209642790768075	-4.282059504584163	570
Aquatic	K00265	-1.2699933685447589	1.300131631795394	90
Aquatic	K00266	-1.2699933685447589	1.300131631795394	90
Aquatic	K00288	-2.540743690849976	2.470752140177199	500
Aquatic	K00297	0.5213276473778734	-0.5306124385612789	493
Aquatic	K00299	0.2508772676382272	-0.40745096662309777	375
Aquatic	K00300	-2.540743690849976	2.470752140177199	500
Aquatic	K00301	-0.410661447185996	0.44596872475367333	83
Aquatic	K00302	-0.410661447185996	0.44596872475367333	83
Aquatic	K00303	-0.410661447185996	0.44596872475367333	83
Aquatic	K00304	-0.410661447185996	0.44596872475367333	83
Aquatic	K00305	-0.410661447185996	0.44596872475367333	83
Aquatic	K00306	-0.5821794839853809	0.6086328138920866	83
Aquatic	K00361	-0.9678772937919161	0.9805432236444925	235
Aquatic	K00362	-0.9678772937919154	0.9805432236444922	235
Aquatic	K00363	-0.9678772937919154	0.9805432236444922	235
Aquatic	K00376	-1.6695224824973423	1.6524812234194572	109
Aquatic	K00384	-1.8317379018452764	1.7648358896574652	567
Aquatic	K00390	-0.5406249483042944	0.5446814509347526	380
Aquatic	K00450	-1.8425742111731125	1.855476769879613	13
Aquatic	K00451	0.03298458910137751	-0.03707328583604449	88
Aquatic	K00452	-0.23214183144300032	0.25071901825352483	81
Aquatic	K00455	0.0979599596817444	-0.07245638703976195	55
Aquatic	K00456	1.6376884975554766	-1.5680328129623102	17
Aquatic	K00544	-0.5200479915987092	0.5439336614076528	27
Aquatic	K00548	0.4478638042622792	-0.4860483907272317	446
Aquatic	K00549	2.958953984045314	-3.0756302190775506	292
Aquatic	K00560	1.76192612062733	-1.789944097980628	353
Aquatic	K00564	-0.8353208722182518	0.7078330257211147	186
Aquatic	K00587	-1.3895382242204442	1.3956629362415927	11
Aquatic	K00603	1.1530360328400842	-1.1334743834189462	549
Aquatic	K00608	0.9272118801261506	-0.8890408070526273	539
Aquatic	K00609	0.9272118801261506	-0.8890408070526273	539
Aquatic	K00610	0.9272118801261506	-0.8890408070526273	539
Aquatic	K00618	-0.1765928531304461	0.19820588917733956	225
Aquatic	K00619	-0.1765928531304461	0.19820588917733956	225
Aquatic	K00620	2.2507622066847124	-2.1181969396279747	447
Aquatic	K00639	0.10265656866123775	-0.1164370625047327	274
Aquatic	K00640	-2.196409911647165	2.167542851345476	541
Aquatic	K00641	1.7870555727181867	-1.737243001801579	242
Aquatic	K00643	-0.4540275169276816	0.4628385737733412	77
Aquatic	K00651	1.7870555727181867	-1.737243001801579	242
Aquatic	K00652	-2.035069862640724	2.0083588927488334	223
Aquatic	K00672	1.0876531437772852	-1.0241067448156065	26
Aquatic	K00674	-1.2179099499028117	1.213088516462866	285
Aquatic	K00681	-2.097113017179334	2.0990270490734275	329
Aquatic	K00748	0.4142701330664182	-0.3544300045084307	437
Aquatic	K00761	0.15803782775148345	-0.2104603926066855	441
Aquatic	K00763	1.003614778116859	-1.0526146330374622	236
Aquatic	K00764	2.9238807922471284	-3.0081003088073643	509
Aquatic	K00766	-2.040139158779794	2.039526125585652	566
Aquatic	K00767	-1.723584595224395	1.636534078683614	557
Aquatic	K00768	-1.6409927668992847	1.6275650529311843	325
Aquatic	K00787	0.006001247192256008	-0.04904398613490907	11
Aquatic	K00788	-0.6068567501824584	0.6717701414330925	454
Aquatic	K00790	0.36748641346072497	-0.4416930310110646	586
Aquatic	K00795	0.006001247192256008	-0.04904398613490907	11
Aquatic	K00800	-3.7703227113577285	3.644133947024579	498
Aquatic	K00804	0.8772211910292178	-0.9649049831299792	103
Aquatic	K00820	-5.395249425165307	5.270320613324842	585
Aquatic	K00833	-1.3587967855564103	1.3513095906932338	383
Aquatic	K00849	-0.6999869510231327	0.7446991602697643	221
Aquatic	K00851	-0.6073242644801038	0.5736291097665187	202
Aquatic	K00854	0.22413129903349854	-0.34778006801521033	224
Aquatic	K00855	-0.4089331777088996	0.42626186768872226	121
Aquatic	K00858	3.0061574950922982	-3.062921890323528	323
Aquatic	K00859	-0.47016009688844934	0.4752626505097304	598
Aquatic	K00863	2.10385764196286	-2.3056156629506908	103
Aquatic	K00864	-2.222085155833744	2.0969298615140506	434
Aquatic	K00872	0.895938206839933	-0.9047956220113323	439
Aquatic	K00877	4.593265702997603	-4.680220169521013	393
Aquatic	K00878	-0.21325109589266783	0.2559773085303584	134
Aquatic	K00883	0.2699952231273868	-0.26706208664384645	11
Aquatic	K00884	-1.2102105653384407	1.16101673114931	79
Aquatic	K00891	0.033323666984835805	-0.008806723476866634	257
Aquatic	K00899	-0.09551687416611457	0.09447393891064344	49
Aquatic	K00927	-0.5123495497157433	0.5412367884096194	447
Aquatic	K00928	2.0412206897145873	-1.8797732333625257	562
Aquatic	K00929	-1.2443230509101362	1.3029575430081626	75
Aquatic	K00931	-0.31975508375652206	0.447513757874892	534
Aquatic	K00941	4.57503660495086	-4.6840942277959865	392
Aquatic	K00945	1.0023402177559264	-0.9796650777523013	63
Aquatic	K00946	-0.48164541454460763	0.3963815363335603	452
Aquatic	K00948	1.7094852070929303	-1.7733449641569146	557
Aquatic	K00950	2.4762383703526027	-2.3543600477820585	580
Aquatic	K00953	2.6192573839788693	-2.582300022009761	525
Aquatic	K00954	-1.8432445624287959	1.8097163651723478	597
Aquatic	K00963	0.005497647321532383	-0.04305585336213881	420
Aquatic	K00965	-0.3011783296687968	0.3530029497300723	202
Aquatic	K00966	0.2881012300750822	-0.27514096780124087	82
Aquatic	K00971	0.2881012300750822	-0.27514096780124087	82
Aquatic	K00972	0.41096036565768357	-0.4103533324532326	414
Aquatic	K00973	-1.6253807966105351	1.6060145746027499	452
Aquatic	K00974	-1.6887174168612737	1.7407567517570166	160
Aquatic	K00975	2.5495642062900763	-2.5511684304522815	308
Aquatic	K00978	0.5164632736515226	-0.5260837437172589	125
Aquatic	K00980	0.38128200377681243	-0.3902590891476243	17
Aquatic	K00991	1.1363758120979985	-1.1748375033422187	457
Aquatic	K00995	-0.7554992359832909	0.8795862165075465	471
Aquatic	K01003	0.9115819329716494	-0.8563804550773418	144
Aquatic	K01006	-0.09193270162338306	0.10708754767766368	222
Aquatic	K01007	0.12642906121264239	-0.09569460926615898	274
Aquatic	K01008	0.9410547416031068	-0.8712386379173614	258
Aquatic	K01011	0.9642942847426687	-1.1569103441896709	151
Aquatic	K01012	-0.9059704905232749	0.8909594763498725	429
Aquatic	K01057	-0.2925158579205108	0.32186951996852353	307
Aquatic	K01067	0.017557407232418394	-0.06715967634541992	99
Aquatic	K01070	-0.3885834674253008	0.38359742477668624	216
Aquatic	K01079	-0.7593710476138801	0.6984453884865399	329
Aquatic	K01089	0.1756687694878297	-0.24077695757816306	510
Aquatic	K01091	-1.44112262899886	1.4563232509206836	177
Aquatic	K01117	-0.4343992686611833	0.45011998449776974	15
Aquatic	K01129	0.36667444661754395	-0.32264810021325857	262
Aquatic	K01433	-1.0760322580766473	1.0388588744570766	362
Aquatic	K01439	-0.4051062907993258	0.48713412050727206	303
Aquatic	K01455	1.0920965726530112	-1.0464037706133096	43
Aquatic	K01457	-2.26447558106341	2.1876897112368137	70
Aquatic	K01458	1.1947231261736375	-1.1786841124373817	97
Aquatic	K01465	-0.1448503206587744	0.03587774137699322	446
Aquatic	K01468	0.35779404039319285	-0.36535606620948474	303
Aquatic	K01469	-0.8603509221985848	0.8180064582350668	305
Aquatic	K01477	0.3983426926046663	-0.39441270869824135	104
Aquatic	K01479	-1.9322737201808804	2.030130080293662	176
Aquatic	K01480	1.0779828864779852	-1.0206136843906282	272
Aquatic	K01484	-0.14859364728232735	0.15027088600120014	109
Aquatic	K01491	-2.540743690849976	2.470752140177199	500
Aquatic	K01495	-2.3588850916564335	2.4431476791062146	469
Aquatic	K01496	1.6217120017300286	-1.5781673444861766	573
Aquatic	K01497	-1.150039314413526	1.178088519701699	466
Aquatic	K01498	-1.0255172302630162	1.017811683468925	572
Aquatic	K01519	-0.46074433281948957	0.5135257323934733	378
Aquatic	K01520	2.195619933332773	-2.2451710826316233	440
Aquatic	K01523	-2.8083005565659316	2.7177579304152686	529
Aquatic	K01525	1.4349465288693866	-1.4059457894662966	190
Aquatic	K01555	-0.3696825475141181	0.3690590424183688	158
Aquatic	K01583	0.308099722584086	-0.25684342591482395	231
Aquatic	K01584	0.308099722584086	-0.25684342591482395	231
Aquatic	K01585	0.308099722584086	-0.25684342591482395	231
Aquatic	K01586	-6.295423408557921	6.098463934168312	573
Aquatic	K01587	-1.159050546408205	1.0229352285034428	594
Aquatic	K01591	3.1517775717396694	-3.2158295322662505	594
Aquatic	K01595	0.5805098133105105	-0.542517550548845	353
Aquatic	K01607	-0.5152347971257327	0.5232125856756238	66
Aquatic	K01610	-0.5614333607716631	0.6107031667291353	276
Aquatic	K01611	-1.366415446285963	1.3967826537012342	231
Aquatic	K01613	-0.7357247344961065	0.6453790125170612	380
Aquatic	K01619	0.10318956000590801	-0.22567808893437394	387
Aquatic	K01626	-2.441482529678298	2.4801582038771324	376
Aquatic	K01627	-1.4563966843197127	1.4372546169379403	427
Aquatic	K01631	0.43431696329321057	-0.47462737883751793	55
Aquatic	K01637	0.6412379348240058	-0.6404221185216299	316
Aquatic	K01638	-0.5905528093788927	0.562527612801568	327
Aquatic	K01643	2.389973432029176	-2.4261318711287205	18
Aquatic	K01644	2.389973432029176	-2.4261318711287205	18
Aquatic	K01646	2.389973432029176	-2.4261318711287205	18
Aquatic	K01647	-1.5823972449704755	1.5248598605396073	33
Aquatic	K01649	-0.11572193535477891	0.21232855386673524	542
Aquatic	K01655	1.246767631080711	-1.1943380011026692	79
Aquatic	K01659	-0.887954408652651	0.830798764131948	169
Aquatic	K01662	-3.479850108612177	3.3382084645191594	567
Aquatic	K01664	1.0343820416845533	-0.9681175710619087	288
Aquatic	K01665	1.0343820416845533	-0.9681175710619087	288
Aquatic	K01666	0.556026064420014	-0.5551797166004522	77
Aquatic	K01675	-1.5907845721185814	1.5355180982706356	396
Aquatic	K01676	-1.5907845721185814	1.5355180982706356	396
Aquatic	K01677	-1.5907845721185814	1.5355180982706356	396
Aquatic	K01678	-1.5907845721185814	1.5355180982706356	396
Aquatic	K01679	-1.5907845721185814	1.5355180982706356	396
Aquatic	K01684	0.26786580622885353	-0.27168341278119446	63
Aquatic	K01686	0.8271946224543233	-0.8419142703532653	160
Aquatic	K01690	-0.0060174196328546155	0.01536947321445176	196
Aquatic	K01694	-1.9213347854566238	2.099538886328071	584
Aquatic	K01695	-1.9213347854566238	2.099538886328071	584
Aquatic	K01696	-1.9213347854566238	2.099538886328071	584
Aquatic	K01698	-0.33482529273416095	0.3034942718316219	570
Aquatic	K01708	-0.3537838022785989	0.2875015859241818	40
Aquatic	K01709	-0.24973716907732132	0.2373426724899769	85
Aquatic	K01710	-2.797303635008254	2.6926433872388444	478
Aquatic	K01711	0.14241511301263962	-0.1608740509545609	276
Aquatic	K01712	-0.022552369245705126	-0.037984657012235926	304
Aquatic	K01719	-3.47643975307632	3.4117079749347656	412
Aquatic	K01720	-0.7069177474770981	0.7112375825468964	79
Aquatic	K01724	-2.008378633527233	1.9516026241627789	340
Aquatic	K01734	0.3729486362497787	-0.4129770040582906	244
Aquatic	K01735	-1.535799587788304	1.5106565179176337	570
Aquatic	K01736	0.3665608430078965	-0.35562853538036493	591
Aquatic	K01746	1.186242567874922	-1.2239551511518598	52
Aquatic	K01749	-9.12710262872557	8.965076967042862	564
Aquatic	K01756	-0.7666140140414146	0.6789677075040547	591
Aquatic	K01759	0.6417736049422353	-0.5749846531991419	181
Aquatic	K01772	-0.313087757091807	0.4337478489569177	534
Aquatic	K01774	-1.5907845721185814	1.5355180982706356	396
Aquatic	K01775	1.3186100742302542	-1.49180203478982	569
Aquatic	K01776	-0.35280301014086873	0.22076653351409395	509
Aquatic	K01778	-1.0718235373419747	0.9429948612009316	563
Aquatic	K01783	-2.044405719208942	1.9289091849547078	598
Aquatic	K01790	-0.8228217714800006	0.8478904034690643	419
Aquatic	K01798	1.3186100742302542	-1.49180203478982	569
Aquatic	K01803	-0.198647976293424	0.14960330547249379	582
Aquatic	K01807	0.9822331588678528	-1.0982845155778789	557
Aquatic	K01808	0.9822331588678528	-1.0982845155778789	557
Aquatic	K01813	-0.9339339597642299	0.8719069822249069	83
Aquatic	K01814	0.0626281798873855	-0.04134927966995765	544
Aquatic	K01815	-0.0953922206377077	0.11048457460025159	117
Aquatic	K01817	2.4111604225997385	-2.592680836880444	453
Aquatic	K01820	-0.9339339597642299	0.8719069822249069	83
Aquatic	K01823	0.44946411934283476	-0.4527537013958636	232
Aquatic	K01837	-1.7117801518912283	1.5615071195496615	422
Aquatic	K01838	-0.29148279004829303	0.14008021553905683	110
Aquatic	K01841	1.7189233233128867	-1.7223982191948586	22
Aquatic	K01843	-0.47303014564933055	0.47440600952219136	54
Aquatic	K01845	2.382114676145156	-2.4671696368277654	493
Aquatic	K01846	0.3272933302379459	-0.3826750643096205	22
Aquatic	K01847	2.4678518843471418	-2.542654529974698	248
Aquatic	K01848	2.4678518843471418	-2.542654529974698	248
Aquatic	K01849	2.4678518843471418	-2.542654529974698	248
Aquatic	K01850	2.170195123887102	-2.266837416678494	181
Aquatic	K01851	0.07739264369394568	-0.20558528236907436	128
Aquatic	K01857	-3.126998773881213	3.09965420435965	44
Aquatic	K01858	-0.7813209689667389	0.753108124242326	39
Aquatic	K01866	2.001709270050794	-1.9562665426901071	598
Aquatic	K01869	-3.7821183290204328	3.6847247219137644	593
Aquatic	K01870	-0.5856858768797081	0.5634267567860841	593
Aquatic	K01873	-3.8002017829699786	3.6798828356593387	595
Aquatic	K01893	0.798454779153329	-0.8052308550025735	300
Aquatic	K01907	-0.3693103261459927	0.39071083004878193	129
Aquatic	K01910	0.02533087134633722	-0.041026098754281974	13
Aquatic	K01912	0.24914123998722718	-0.18029850810612913	198
Aquatic	K01915	-1.6113085855531895	1.4832434749914984	593
Aquatic	K01919	-1.6750892721958455	1.5001202996856153	385
Aquatic	K01920	0.12972147788263194	-0.08515183603538641	295
Aquatic	K01921	-3.434175192354346	3.238831549710343	583
Aquatic	K01923	-4.738075863628678	4.538486443405017	579
Aquatic	K01924	-0.17342333898116397	0.3048368100237931	585
Aquatic	K01925	-0.36001201935416793	0.3762351900533707	582
Aquatic	K01928	-0.27274504367825764	0.2796083442006694	29
Aquatic	K01933	-0.1021543077716441	0.07469569006645092	498
Aquatic	K01934	1.1530360328400842	-1.1334743834189462	549
Aquatic	K01935	1.1987945352911635	-1.4828315515042154	393
Aquatic	K01939	0.6508465606030244	-0.6645491176291608	591
Aquatic	K01941	0.6099423097976931	-0.6694925198952367	59
Aquatic	K01945	0.7531153116741932	-0.7025055048406229	590
Aquatic	K01952	-3.700588349636892	3.6356366873772106	564
Aquatic	K01958	-1.4289279361169567	1.415376372006118	156
Aquatic	K01959	-1.4289279361169567	1.415376372006118	156
Aquatic	K01960	-1.4289279361169567	1.415376372006118	156
Aquatic	K02201	-1.8432445624287959	1.8097163651723478	597
Aquatic	K02203	-2.581083195276626	2.407804166922407	510
Aquatic	K02204	0.895938206839933	-0.9047956220113323	439
Aquatic	K02226	0.9264527866969086	-0.9326017119375887	83
Aquatic	K02228	-0.05076492818984237	0.08070200342772929	66
Aquatic	K02230	-1.0483968224301525	1.1168581517083784	171
Aquatic	K02231	0.44319816566799586	-0.4385765021173699	45
Aquatic	K02302	0.10709603562530863	-0.18272316913882194	235
Aquatic	K02304	0.10709603562530863	-0.18272316913882194	235
Aquatic	K02318	-2.1626228730896675	2.1955610384709345	598
Aquatic	K02361	0.07739264369394568	-0.20558528236907436	128
Aquatic	K02439	0.9642942847426687	-1.1569103441896709	151
Aquatic	K02488	0.14141007886972007	-0.03583493797079696	332
Aquatic	K02492	-0.16288963816355978	0.2291998556707609	489
Aquatic	K02551	1.9209523604130494	-1.93159428249609	216
Aquatic	K02552	0.07739264369394568	-0.20558528236907436	128
Aquatic	K02564	0.6154533714613414	-0.5213930950612832	175
Aquatic	K02594	1.246767631080711	-1.1943380011026692	79
Aquatic	K02609	-2.2441907978790985	2.1972189994431277	132
Aquatic	K02610	-2.2441907978790985	2.1972189994431277	132
Aquatic	K02611	-2.2441907978790985	2.1972189994431277	132
Aquatic	K02612	-2.2441907978790985	2.1972189994431277	132
Aquatic	K02613	-2.2441907978790985	2.1972189994431277	132
Aquatic	K02626	0.308099722584086	-0.25684342591482395	231
Aquatic	K02636	1.044443961596621	-1.029365406029298	17
Aquatic	K02805	-1.3838007484825037	1.3980236686365903	59
Aquatic	K02825	0.15803782775148345	-0.2104603926066855	441
Aquatic	K02851	0.30651144219278637	-0.30291095553177527	32
Aquatic	K02858	1.6687435174708838	-1.630254491521744	535
Aquatic	K03077	0.07872989462921683	-0.13889634557411973	67
Aquatic	K03181	0.47850433230064854	-0.45562423166458604	113
Aquatic	K03342	0.8814973119501257	-0.7377245308836609	301
Aquatic	K03394	0.0010457990809703691	0.01601484700817771	188
Aquatic	K03396	-0.033073941356484955	0.03442942384884082	16
Aquatic	K03403	0.4127546422944234	-0.3800112059228009	58
Aquatic	K03404	0.4127546422944234	-0.3800112059228009	58
Aquatic	K03405	0.4127546422944234	-0.3800112059228009	58
Aquatic	K03417	-2.732392658287509	2.660767132217017	173
Aquatic	K03430	-0.9148019149052414	0.8792859247013364	58
Aquatic	K03431	-1.182858404742521	1.3073269261964768	575
Aquatic	K03465	1.2214326929804271	-1.319258071741806	203
Aquatic	K03474	-0.4784698478969195	0.4905037352440515	429
Aquatic	K03526	-10.070198235216766	9.845335945079153	509
Aquatic	K03527	-3.6611053942155927	3.6119179426527066	456
Aquatic	K03707	0.06790043132176293	-0.06639603389413319	80
Aquatic	K03777	0.5606721263259757	-0.5423938128526233	166
Aquatic	K03778	0.5606721263259757	-0.5423938128526233	166
Aquatic	K03785	-3.010230012400952	2.779893595775852	555
Aquatic	K03786	-3.010230012400952	2.779893595775852	555
Aquatic	K03794	0.3032583729208648	-0.3351432862399031	123
Aquatic	K03852	0.5161120270226601	-0.5182487607536908	41
Aquatic	K03856	-2.441482529678298	2.4801582038771324	376
Aquatic	K03921	1.2327586845700074	-1.1499906323844702	15
Aquatic	K03922	1.2327586845700074	-1.1499906323844702	15
Aquatic	K04042	0.46406310154333374	-0.4564026235683116	414
Aquatic	K04092	2.170195123887102	-2.266837416678494	181
Aquatic	K04093	2.170195123887102	-2.266837416678494	181
Aquatic	K04486	0.5184298247834394	-0.5596705258708573	310
Aquatic	K04516	2.170195123887102	-2.266837416678494	181
Aquatic	K04517	1.2547328816072616	-1.272354734385031	285
Aquatic	K04720	2.648439944557988	-2.5507740012102684	317
Aquatic	K04835	-0.6042802497347246	0.6227615366137292	16
Aquatic	K05306	-0.5269148780561693	0.5113810871454842	54
Aquatic	K05308	0.26786580622885353	-0.27168341278119446	63
Aquatic	K05526	-0.0386641649257385	0.03461478860413735	85
Aquatic	K05602	0.5184298247834394	-0.5596705258708573	310
Aquatic	K05774	-0.3384492810524453	0.36607342739246584	59
Aquatic	K05822	0.3693537629700078	-0.34068091668095185	50
Aquatic	K05878	0.2826459979207095	-0.3440091178004543	82
Aquatic	K05879	0.2826459979207095	-0.3440091178004543	82
Aquatic	K05881	0.2826459979207095	-0.3440091178004543	82
Aquatic	K05887	-0.6463821177090655	0.3993058755381242	443
Aquatic	K05942	-1.5823972449704755	1.5248598605396073	33
Aquatic	K06001	-1.9213347854566238	2.099538886328071	584
Aquatic	K06048	-1.6750892721958455	1.5001202996856153	385
Aquatic	K06153	-5.228179334095119	4.964051505697532	530
Aquatic	K06208	2.170195123887102	-2.266837416678494	181
Aquatic	K06209	2.170195123887102	-2.266837416678494	181
Aquatic	K06447	-0.06243080290910895	0.06384454241197442	130
Aquatic	K06879	0.3532910680834326	-0.33504058561082234	380
Aquatic	K07024	-0.01629469298634403	-0.001566212941681944	15
Aquatic	K07127	0.13317207644813797	-0.23790266248613962	155
Aquatic	K07142	2.4762383703526027	-2.3543600477820585	580
Aquatic	K07160	-0.8603509221985848	0.8180064582350668	305
Aquatic	K07173	1.2437013749600065	-1.2155086580153196	34
Aquatic	K07404	-0.2925158579205108	0.32186951996852353	307
Aquatic	K07558	-1.6887174168612737	1.7407567517570166	160
Aquatic	K07749	-1.328536854340006	1.3457579866524874	16
Aquatic	K08316	-0.8353208722182518	0.7078330257211147	186
Aquatic	K08323	0.8271946224543233	-0.8419142703532653	160
Aquatic	K08678	-1.4195852746289312	1.352951846750513	220
Aquatic	K08963	-1.9459772811445992	1.9344339253889553	260
Aquatic	K09007	-2.3588850916564335	2.4431476791062146	469
Aquatic	K09457	0.3532910680834326	-0.33504058561082234	380
Aquatic	K09834	0.48229571212889255	-0.44703574713261646	17
Aquatic	K09882	-1.0483968224301525	1.1168581517083784	171
Aquatic	K09883	-1.0483968224301525	1.1168581517083784	171
Aquatic	K10977	1.246767631080711	-1.1943380011026692	79
Aquatic	K11067	-0.1765928531304461	0.19820588917733956	225
Aquatic	K11204	-1.6750892721958455	1.5001202996856153	385
Aquatic	K11205	-1.6750892721958455	1.5001202996856153	385
Aquatic	K11260	-0.4916477278980918	0.5236223645472093	25
Aquatic	K11261	-0.4916477278980918	0.5236223645472093	25
Aquatic	K11391	-0.8353208722182518	0.7078330257211147	186
Aquatic	K11395	0.43431696329321057	-0.47462737883751793	55
Aquatic	K11528	0.41096036565768357	-0.4103533324532326	414
Aquatic	K11540	1.8476411563732658	-1.8301961204369706	589
Aquatic	K11541	0.9272118801261506	-0.8890408070526273	539
Aquatic	K11752	1.5342881962243637	-1.6273074982318352	576
Aquatic	K11753	1.6971621131177557	-1.6793555650440344	526
Aquatic	K11755	-0.06390889329971927	-0.01395376229830961	576
Aquatic	K11787	-0.4973311134561648	0.3763716312748921	593
Aquatic	K11788	-0.4973311134561648	0.3763716312748921	593
Aquatic	K11808	0.33292695188752325	-0.4006828414697199	582
Aquatic	K12251	0.47787793813989554	-0.45932031578548554	85
Aquatic	K12297	-0.8353208722182518	0.7078330257211147	186
Aquatic	K12350	-0.4343992686611833	0.45011998449776974	15
Aquatic	K12351	-0.4343992686611833	0.45011998449776974	15
Aquatic	K12352	-0.4343992686611833	0.45011998449776974	15
Aquatic	K12353	-0.4343992686611833	0.45011998449776974	15
Aquatic	K12354	-0.4343992686611833	0.45011998449776974	15
Aquatic	K12447	1.3220180033261835	-1.4088362702621542	420
Aquatic	K12449	-1.4195852746289312	1.352951846750513	220
Aquatic	K12506	-1.3362634941899438	1.4007589890569498	508
Aquatic	K12524	2.0412206897145873	-1.8797732333625257	562
Aquatic	K12525	2.0412206897145873	-1.8797732333625257	562
Aquatic	K12526	-2.1285429662513273	2.196379057295803	593
Aquatic	K12657	0.7769622356148911	-0.6361497793133642	535
Aquatic	K13069	0.14141007886972007	-0.03583493797079696	332
Aquatic	K13243	-1.4876450952098186	1.5175939477988756	296
Aquatic	K13244	-1.4876450952098186	1.5175939477988756	296
Aquatic	K13245	-1.4876450952098186	1.5175939477988756	296
Aquatic	K13246	-1.4876450952098186	1.5175939477988756	296
Aquatic	K13421	3.1517775717396694	-3.2158295322662505	594
Aquatic	K13484	0.014799420778417307	-0.12090680881835011	155
Aquatic	K13497	-2.040139158779794	2.039526125585652	566
Aquatic	K13498	2.4111604225997385	-2.592680836880444	453
Aquatic	K13501	2.4111604225997385	-2.592680836880444	453
Aquatic	K13540	0.0010457990809703691	0.01601484700817771	188
Aquatic	K13542	-3.47643975307632	3.4117079749347656	412
Aquatic	K13543	-3.47643975307632	3.4117079749347656	412
Aquatic	K13562	0.2508772676382272	-0.40745096662309777	375
Aquatic	K13713	-0.8446544228129129	0.7733565635701554	594
Aquatic	K13786	-1.7313554483584064	1.6078369907917154	511
Aquatic	K13787	0.8772211910292178	-0.9649049831299792	103
Aquatic	K13789	0.8772211910292178	-0.9649049831299792	103
Aquatic	K13799	1.0023402177559264	-0.9796650777523013	63
Aquatic	K13800	1.0023402177559264	-0.9796650777523013	63
Aquatic	K13809	1.0023402177559264	-0.9796650777523013	63
Aquatic	K13829	-0.9043585124088381	0.7334302086034444	585
Aquatic	K13830	-4.4153037746297965	4.190492837855516	594
Aquatic	K13832	-3.3971971420894636	3.1632767040936915	582
Aquatic	K13853	-2.5664308697343774	2.6969265533253948	403
Aquatic	K13937	-0.2925158579205108	0.32186951996852353	307
Aquatic	K13939	2.4762383703526027	-2.3543600477820585	580
Aquatic	K13940	2.4762383703526027	-2.3543600477820585	580
Aquatic	K13941	2.4762383703526027	-2.3543600477820585	580
Aquatic	K13950	1.0343820416845533	-0.9681175710619087	288
Aquatic	K13990	1.186242567874922	-1.2239551511518598	52
Aquatic	K13998	1.76192612062733	-1.789944097980628	353
Aquatic	K14152	-0.06390889329971927	-0.01395376229830961	576
Aquatic	K14153	-1.539259053999691	1.4286334229668898	497
Aquatic	K14154	2.5402542286728056	-2.6094429900817437	456
Aquatic	K14170	2.170195123887102	-2.266837416678494	181
Aquatic	K14187	0.6332322945682468	-0.6165903160018376	372
Aquatic	K14541	-0.44473675648365185	0.4611212701999426	71
Aquatic	K14584	-0.2034544244603741	0.21710079040722335	16
Aquatic	K14652	-0.4454126862101973	0.461163228747766	567
Aquatic	K14656	2.6192573839788693	-2.582300022009761	525
Aquatic	K14681	-0.1765928531304461	0.19820588917733956	225
Aquatic	K14682	-0.1765928531304461	0.19820588917733956	225
Aquatic	K14727	-0.5152347971257327	0.5232125856756238	66
Aquatic	K14759	1.417251390132048	-1.4897573594196725	228
Aquatic	K15461	1.3270903515904346	-1.3353824090784803	282
Aquatic	K15789	-0.26874876035045003	0.2533332426771654	167
Aquatic	K15792	-0.27274504367825764	0.2796083442006694	29
Aquatic	K15918	1.9953732266991184	-2.1326989512656582	245
Aquatic	K16011	0.2881012300750822	-0.27514096780124087	82
Aquatic	K16047	-0.12088606362655335	0.08410607196506929	10
Aquatic	K16048	-0.12088606362655335	0.08410607196506929	10
Aquatic	K16171	-0.3696825475141181	0.3690590424183688	158
Aquatic	K16881	0.2881012300750822	-0.27514096780124087	82
Aquatic	K16953	1.396224371849023	-1.3747651566346692	28
Aquatic	K17877	-0.9678772937919161	0.9805432236444925	235
Aquatic	K18126	0.2699952231273868	-0.26706208664384645	11
Aquatic	K18240	0.47850433230064854	-0.45562423166458604	113
Aquatic	K18365	0.556026064420014	-0.5551797166004522	77
Aquatic	K18592	-2.097113017179334	2.0990270490734275	329
Aquatic	K18649	0.5184298247834394	-0.5596705258708573	310
Aquatic	K18859	1.7713771425816747	-1.720045496547588	297
Aquatic	K18860	1.7713771425816747	-1.720045496547588	297
Aquatic	K18911	0.2521458938148144	-0.23490544883590148	144
Aquatic	K19107	0.3693537629700078	-0.34068091668095185	50
Aquatic	K19268	0.3272933302379459	-0.3826750643096205	22
Aquatic	K19269	-1.44112262899886	1.4563232509206836	177
Aquatic	K19285	0.2508772676382272	-0.40745096662309777	375
Aquatic	K19286	0.2508772676382272	-0.40745096662309777	375
Aquatic	K19302	-5.228179334095119	4.964051505697532	530
Aquatic	K19562	-3.2470117573668715	3.107334912165846	400
Aquatic	K19670	-0.5938254822630328	0.5943040923359701	14
Aquatic	K19712	0.44319816566799586	-0.4385765021173699	45
Aquatic	K19726	0.5002699950306656	-0.6177312493723641	550
Aquatic	K19964	0.13317207644813797	-0.23790266248613962	155
Aquatic	K20023	-0.3537838022785989	0.2875015859241818	40
Aquatic	K20246	0.2521458938148144	-0.23490544883590148	144
Aquatic	K21219	-1.539259053999691	1.4286334229668898	497
Aquatic	K21220	-0.6068567501824584	0.6717701414330925	454
Aquatic	K21456	0.12972147788263194	-0.08515183603538641	295
Aquatic	K22223	-1.44112262899886	1.4563232509206836	177
Aquatic	K22251	-0.0074603529229674975	-0.04205096647455869	40
Aquatic	K22305	-0.7593710476138801	0.6984453884865399	329
Aquatic	K22316	0.9264527866969086	-0.9326017119375887	83
Aquatic	K22373	1.7515112036980505	-1.7265807823903836	87
Aquatic	K22391	-2.3588850916564335	2.4431476791062146	469
Aquatic	K22476	-0.1765928531304461	0.19820588917733956	225
Aquatic	K22477	-0.1765928531304461	0.19820588917733956	225
Aquatic	K22478	-0.1765928531304461	0.19820588917733956	225
Aquatic	K22515	-0.12470017486679148	0.059767034008782	300
Aquatic	K22920	0.005497647321532383	-0.04305585336213881	420
Aquatic	K22949	2.6192573839788693	-2.582300022009761	525
Aquatic	K23123	-0.8603509221985848	0.8180064582350668	305
Aquatic	K23124	-0.8603509221985848	0.8180064582350668	305
Aquatic	K23144	-2.0664093500739273	1.8530566344646542	578
Aquatic	K23264	-3.700588349636892	3.6356366873772106	564
Aquatic	K23265	-3.700588349636892	3.6356366873772106	564
Aquatic	K23269	-3.700588349636892	3.6356366873772106	564
Aquatic	K23270	-3.700588349636892	3.6356366873772106	564
Aquatic	K23304	-2.196409911647165	2.167542851345476	541
Aquatic	K23987	-1.0749182818638872	1.224235795012677	438
Aquatic	K23999	1.7189233233128867	-1.7223982191948586	22
Aquatic	K24017	-1.6397884856474774	1.6099356358757584	566
Aquatic	K24018	0.3820002880893893	-0.4594135274794542	561
Aquatic	K24042	-1.491638401630309	1.6359888342263733	535
Aquatic	K24263	-2.0159082982536916	1.8792556899110733	139
Aquatic	K24866	-0.3236021327051815	0.27630277439107875	235
Aquatic	K25004	0.5213276473778734	-0.5306124385612789	493
Aquatic	K25009	0.5213276473778756	-0.5306124385612792	493
Aquatic	K25031	-0.6073242644801038	0.5736291097665187	202
Aquatic	K25528	-0.7593710476138801	0.6984453884865399	329
Aquatic	K25801	1.7713771425816747	-1.720045496547588	297
Aquatic	K25995	1.7713771425816747	-1.720045496547588	297
Aquatic	K25996	1.7713771425816747	-1.720045496547588	297
Aquatic	K26138	-0.9678772937919161	0.9805432236444925	235
Aquatic	K26139	-0.9678772937919161	0.9805432236444925	235
Aquatic	K27797	-0.887954408652651	0.830798764131948	169
Aquatic	K28067	1.396224371849023	-1.3747651566346692	28
Aquatic	K28068	1.396224371849023	-1.3747651566346692	28
Aquatic	K28069	1.396224371849023	-1.3747651566346692	28
Aquatic	K28126	-1.182858404742521	1.3073269261964768	575
Aquatic	K28192	0.535063233189501	-0.5172828005408747	414
Aquatic	K28203	-1.44112262899886	1.4563232509206836	177
Aquatic	K28207	-1.2102105653384407	1.16101673114931	79
Aquatic	K28208	-1.2102105653384407	1.16101673114931	79
Aquatic	K28462	-0.4089331777088996	0.42626186768872226	121
Aquatic	K28660	0.005497647321532383	-0.04305585336213881	420
Terrestrial	K00005	0.23047871833626501	-0.2300401504468998	52
Terrestrial	K00010	0.05758926452395946	-0.0697697755914344	60
Terrestrial	K00014	-1.2377218286313434	1.1683312522649367	401
Terrestrial	K00019	-3.1244606767835608	2.9992907817796226	195
Terrestrial	K00021	1.1737471864691618	-1.165444173038498	46
Terrestrial	K00027	-1.3914893807275517	1.3945529665772045	298
Terrestrial	K00028	-1.3914893807275517	1.3945529665772045	298
Terrestrial	K00029	-1.565342709101438	1.5198457652037596	106
Terrestrial	K00060	-0.725553109339799	0.7395293209850771	187
Terrestrial	K00067	-1.023824386830143	1.0386649675954065	290
Terrestrial	K00077	-1.8001533025742367	1.8005150939848056	181
Terrestrial	K00082	2.0272819345072937	-1.9396558387534388	461
Terrestrial	K00099	1.5085389532771925	-1.5136832745446878	447
Terrestrial	K00107	0.3484615551176301	-0.29132964723196725	186
Terrestrial	K00108	-0.18304866896688946	0.19505039607428562	108
Terrestrial	K00121	-0.4831453120776803	0.4284478628171061	158
Terrestrial	K00122	-1.382945206679228	1.291856596476788	274
Terrestrial	K00123	-1.382945206679228	1.291856596476788	274
Terrestrial	K00124	-1.382945206679228	1.291856596476788	274
Terrestrial	K00126	-1.382945206679228	1.291856596476788	274
Terrestrial	K00127	-1.382945206679228	1.291856596476788	274
Terrestrial	K00133	5.722098939044465	-5.625896072060519	479
Terrestrial	K00147	0.9313868186563387	-0.9632444360782713	423
Terrestrial	K00148	-0.6758619119517935	0.7193082571255428	93
Terrestrial	K00156	1.0219214826138034	-0.9911733850789121	62
Terrestrial	K00200	1.9015506514616272	-1.9021869149356687	13
Terrestrial	K00201	1.9015506514616272	-1.9021869149356687	13
Terrestrial	K00202	1.9015506514616272	-1.9021869149356687	13
Terrestrial	K00203	1.9015506514616272	-1.9021869149356687	13
Terrestrial	K00204	1.9015506514616272	-1.9021869149356687	13
Terrestrial	K00205	1.9015506514616272	-1.9021869149356687	13
Terrestrial	K00211	-0.2762246023232349	0.3081705830187011	124
Terrestrial	K00216	0.17265045253347253	-0.1740820391773966	60
Terrestrial	K00220	1.6251327958843356	-1.5908853831126175	207
Terrestrial	K00228	-2.234042983655315	2.134186496345768	214
Terrestrial	K00231	-0.42485073269140616	0.4678154313312178	232
Terrestrial	K00233	-0.9582490678102447	0.9412932469550009	285
Terrestrial	K00234	-0.9582490678102447	0.9412932469550009	285
Terrestrial	K00235	-0.9582490678102447	0.9412932469550009	285
Terrestrial	K00236	-0.9582490678102447	0.9412932469550009	285
Terrestrial	K00237	-0.9582490678102447	0.9412932469550009	285
Terrestrial	K00239	-0.9582490678102447	0.9412932469550009	285
Terrestrial	K00240	-0.9582490678102447	0.9412932469550009	285
Terrestrial	K00241	-0.9582490678102447	0.9412932469550009	285
Terrestrial	K00242	-0.9582490678102447	0.9412932469550009	285
Terrestrial	K00244	-0.9582490678102447	0.9412932469550009	285
Terrestrial	K00245	-0.9582490678102447	0.9412932469550009	285
Terrestrial	K00246	-0.9582490678102447	0.9412932469550009	285
Terrestrial	K00247	-0.9582490678102447	0.9412932469550009	285
Terrestrial	K00254	2.5320442539579284	-2.498268441224623	471
Terrestrial	K00265	1.0191808361776888	-1.007488946744223	30
Terrestrial	K00266	1.0191808361776888	-1.007488946744223	30
Terrestrial	K00288	1.951067712855337	-1.8892233669573062	416
Terrestrial	K00297	-0.15791638141531583	0.200631756188634	384
Terrestrial	K00299	1.1548413832031086	-1.049817635871755	407
Terrestrial	K00300	1.951067712855337	-1.8892233669573062	416
Terrestrial	K00301	-1.864521750843545	1.874686181312285	100
Terrestrial	K00302	-1.864521750843545	1.874686181312285	100
Terrestrial	K00303	-1.864521750843545	1.874686181312285	100
Terrestrial	K00304	-1.864521750843545	1.874686181312285	100
Terrestrial	K00305	-1.864521750843545	1.874686181312285	100
Terrestrial	K00306	-2.241602206163703	2.229101136178379	100
Terrestrial	K00361	-1.630610278378555	1.7156364522245018	297
Terrestrial	K00362	-1.6306102783785552	1.715636452224502	297
Terrestrial	K00363	-1.6306102783785552	1.715636452224502	297
Terrestrial	K00376	0.42188192523631696	-0.39075376476318613	48
Terrestrial	K00384	-0.27046066633547666	0.3383676482635108	473
Terrestrial	K00390	-0.8350967281492148	0.8385646035684403	398
Terrestrial	K00450	2.370887073072111	-2.359627497949802	23
Terrestrial	K00451	0.4937768750862877	-0.4953160589795635	173
Terrestrial	K00452	0.8568016749472892	-0.8462294455829065	54
Terrestrial	K00455	0.26668714278033095	-0.24470626995275652	93
Terrestrial	K00456	-0.1358605746425085	0.12104886855441555	75
Terrestrial	K00548	2.1167165686986515	-2.1087393517449873	403
Terrestrial	K00549	-0.9076104825338516	0.8074526485541421	289
Terrestrial	K00560	-1.0384114526269308	1.0490207764432349	291
Terrestrial	K00564	-1.18121709416306	0.988759829239618	101
Terrestrial	K00603	-1.0390481334425001	0.9494202681503116	455
Terrestrial	K00608	0.13294819721335116	-0.17661672760076566	471
Terrestrial	K00609	0.13294819721335116	-0.17661672760076566	471
Terrestrial	K00610	0.13294819721335116	-0.17661672760076566	471
Terrestrial	K00620	-0.1468870711383552	0.10985937293660286	410
Terrestrial	K00639	-0.5088682359867348	0.5248777316373675	242
Terrestrial	K00640	2.7306986676539537	-2.755497323640615	339
Terrestrial	K00641	-0.8156975322408431	0.82158835460452	210
Terrestrial	K00643	-0.908284406948646	0.8926109838568597	67
Terrestrial	K00651	-0.8156975322408431	0.82158835460452	210
Terrestrial	K00652	0.48620517064519336	-0.49428001195456817	276
Terrestrial	K00654	0.26479595601968386	-0.2399622521810189	22
Terrestrial	K00672	1.3309030257187604	-1.3447860878591482	13
Terrestrial	K00674	-0.15933524678655317	0.16074862895781053	311
Terrestrial	K00681	-1.37234678941137	1.2696542855674027	324
Terrestrial	K00748	0.5769761236420257	-0.6379582332931321	222
Terrestrial	K00761	0.35596210523262506	-0.32763942071227437	425
Terrestrial	K00763	-1.5039370485665686	1.3789928731085528	374
Terrestrial	K00764	-0.11124777761566831	0.07172967931846429	439
Terrestrial	K00766	2.2048833551904186	-2.2223986113064567	466
Terrestrial	K00767	2.92103656015214	-2.780645665531874	463
Terrestrial	K00768	5.82627098058832	-5.723239778679662	328
Terrestrial	K00787	1.14418234344666	-1.1737333601010393	16
Terrestrial	K00788	-2.2491153168146303	2.281174402606959	396
Terrestrial	K00790	0.507376360976383	-0.4841152624143168	466
Terrestrial	K00795	1.14418234344666	-1.1737333601010393	16
Terrestrial	K00800	2.5609666584125503	-2.5232455819186685	421
Terrestrial	K00804	-1.4249751178883643	1.3664237576422458	157
Terrestrial	K00820	6.87162234911011	-6.777332497059619	477
Terrestrial	K00821	0.8031556744028773	-0.7801673399567701	87
Terrestrial	K00833	0.8585864144382578	-0.8399330953908344	331
Terrestrial	K00849	0.8910072745325641	-0.8873597807867974	256
Terrestrial	K00851	-0.36961294221718116	0.41400670074099905	354
Terrestrial	K00854	2.013530684929956	-2.0523292855509383	307
Terrestrial	K00855	1.7099557365247464	-1.6834981233061106	58
Terrestrial	K00858	-0.6157619457562918	0.683269082586781	359
Terrestrial	K00863	-0.8263909961877652	0.8360313927321704	185
Terrestrial	K00864	4.14793906459956	-4.013445691365246	429
Terrestrial	K00869	0.005174184423616446	0.006249057372138443	22
Terrestrial	K00872	0.07362738539581883	-0.1631232615474677	429
Terrestrial	K00877	0.47490512919200156	-0.4829316890213706	399
Terrestrial	K00878	-0.12457371485087966	0.14075576117255625	106
Terrestrial	K00884	2.821123119619214	-2.7582652519209505	108
Terrestrial	K00891	0.7431438957596828	-0.795617172283218	298
Terrestrial	K00899	0.8573522056153303	-0.8962963422793495	51
Terrestrial	K00919	1.7678348994294721	-1.740562566646295	456
Terrestrial	K00927	0.20137804278781612	-0.22428211930904385	341
Terrestrial	K00928	-2.3082563817090422	2.209555895549933	456
Terrestrial	K00929	0.30081872152813716	-0.3083065442388413	44
Terrestrial	K00931	-1.28837284324671	1.2954851332994024	435
Terrestrial	K00938	0.6464131048169488	-0.6103262880450391	16
Terrestrial	K00941	1.832892001936043	-1.7918265711752337	398
Terrestrial	K00946	1.5684178271672529	-1.5785207506032195	402
Terrestrial	K00948	2.7086293652315834	-2.683582303480179	461
Terrestrial	K00950	-4.588566855907907	4.377660750703797	470
Terrestrial	K00954	2.591492667362982	-2.5491137877154983	477
Terrestrial	K00963	-0.29060162502504133	0.32627146507849547	396
Terrestrial	K00965	0.5328207966728901	-0.5183951746637897	189
Terrestrial	K00966	-0.3329626953105784	0.30454339401473046	54
Terrestrial	K00971	-0.3329626953105784	0.30454339401473046	54
Terrestrial	K00972	0.14570591642504357	-0.10147633849824249	410
Terrestrial	K00973	2.5934864536311735	-2.548880630496956	411
Terrestrial	K00975	0.24573348318324667	-0.2759028518068414	281
Terrestrial	K00978	1.150419864946961	-1.1258634631886133	103
Terrestrial	K00991	2.1423553445730024	-2.1758986777086893	386
Terrestrial	K00995	-0.552726282131026	0.3293626496559248	423
Terrestrial	K01003	-1.0104591898301032	1.0061574598763363	40
Terrestrial	K01006	1.550896659353858	-1.5797883453746018	191
Terrestrial	K01007	-0.6531447335954772	0.7217890149859998	198
Terrestrial	K01008	-0.36859663252291364	0.3378432694635649	207
Terrestrial	K01011	-0.6271150264275814	0.524562795179208	78
Terrestrial	K01012	0.45817817362970503	-0.4698340016172464	370
Terrestrial	K01057	-0.17282775442389717	0.1647425572662008	355
Terrestrial	K01067	-2.0445273123206174	1.9985620600531642	97
Terrestrial	K01070	0.13569134851738185	-0.15770721918716232	153
Terrestrial	K01079	0.9638987019515447	-0.9575200938730356	319
Terrestrial	K01089	1.6983549952042947	-1.7901129251590377	457
Terrestrial	K01091	3.248013226550585	-3.2116003718428376	117
Terrestrial	K01117	0.7550420867128422	-0.7631325455788156	48
Terrestrial	K01129	0.42055685921012254	-0.4693640261349876	261
Terrestrial	K01433	-2.0339321451867742	1.9158478895512636	366
Terrestrial	K01439	1.9779192372529877	-2.0428254123450915	325
Terrestrial	K01455	-0.8814655659560607	0.8704851957918506	63
Terrestrial	K01457	-1.1758022708249387	1.1242829385664417	107
Terrestrial	K01458	0.10408794714794248	-0.09912714896982079	121
Terrestrial	K01465	-1.787680522825651	1.7537226257560032	273
Terrestrial	K01468	0.7210676659660009	-0.7091021458677136	315
Terrestrial	K01469	-1.9637884963887924	1.9037436898600872	283
Terrestrial	K01470	-0.3952378689934574	0.41825117961074376	20
Terrestrial	K01477	0.2903784011370925	-0.26129229160099976	203
Terrestrial	K01479	-0.7736903886625153	0.7825501674459687	94
Terrestrial	K01480	-1.2711313476159076	1.1926366833762247	261
Terrestrial	K01483	0.6991939089303245	-0.6847637213841073	11
Terrestrial	K01491	1.951067712855337	-1.8892233669573062	416
Terrestrial	K01495	1.6238449374110662	-1.6482543031507506	423
Terrestrial	K01496	-1.7150211583983852	1.6205957176833603	469
Terrestrial	K01497	3.206365730086657	-3.235681376963298	417
Terrestrial	K01498	2.410115227323143	-2.3841316444762017	423
Terrestrial	K01499	-0.012235147540374238	0.05393878328523254	15
Terrestrial	K01519	-0.8872088876066365	0.8937826604646631	352
Terrestrial	K01520	2.5264321668208667	-2.5363897650683365	422
Terrestrial	K01523	-1.5922107634589004	1.5191349726184413	445
Terrestrial	K01555	0.45337953313414553	-0.43799913566851545	214
Terrestrial	K01586	5.727687815054877	-5.668063861625904	463
Terrestrial	K01587	0.14213371510935843	-0.126901669683997	476
Terrestrial	K01591	0.49894076732591	-0.5173330406387828	479
Terrestrial	K01595	0.09981630999751019	-0.09219116835813904	340
Terrestrial	K01597	0.3518342512740226	-0.31928991211950764	29
Terrestrial	K01607	0.04282487083926007	-0.05878923260029888	160
Terrestrial	K01610	0.20156297243143365	-0.24330013103388426	143
Terrestrial	K01611	0.5063453178674688	-0.4779320925943747	142
Terrestrial	K01613	-1.494208479808469	1.322588013354662	246
Terrestrial	K01619	-0.0854056708297264	0.009950851688226695	363
Terrestrial	K01626	3.160832735298574	-3.028148267543054	369
Terrestrial	K01627	2.403642547525491	-2.4062501881331273	228
Terrestrial	K01631	-0.13555532046520696	0.13167816977530794	68
Terrestrial	K01637	-1.6485390672665026	1.6302558965652403	277
Terrestrial	K01638	1.5252587904531696	-1.464923321538733	330
Terrestrial	K01641	0.38661196847743057	-0.35570544453270425	20
Terrestrial	K01643	-0.40802710359051675	0.35435961802980703	19
Terrestrial	K01644	-0.40802710359051675	0.35435961802980703	19
Terrestrial	K01646	-0.40802710359051675	0.35435961802980703	19
Terrestrial	K01647	-1.3455274178152956	1.3586762353428974	26
Terrestrial	K01649	0.14071291490492308	-0.1850197611013382	451
Terrestrial	K01655	0.35208901066103393	-0.3779790443280126	49
Terrestrial	K01659	-0.06458880687776263	0.08213672932463933	127
Terrestrial	K01662	7.124323468769179	-7.027832926887943	465
Terrestrial	K01664	3.4959192085193194	-3.569814054141093	205
Terrestrial	K01665	3.4959192085193194	-3.569814054141093	205
Terrestrial	K01666	-0.8708193539336584	0.866176283095319	127
Terrestrial	K01675	2.383719279519758	-2.3662128030019614	414
Terrestrial	K01676	2.383719279519758	-2.3662128030019614	414
Terrestrial	K01677	2.383719279519758	-2.3662128030019614	414
Terrestrial	K01678	2.383719279519758	-2.3662128030019614	414
Terrestrial	K01679	2.383719279519758	-2.3662128030019614	414
Terrestrial	K01682	0.7348192610986652	-0.7249188344447269	66
Terrestrial	K01684	-0.8530711694546242	0.8887823173066789	125
Terrestrial	K01686	-2.208956112100092	2.1599641024453233	172
Terrestrial	K01690	-0.2943178580469429	0.3158935493835585	143
Terrestrial	K01693	-0.30292104111241924	0.3122751208628317	446
Terrestrial	K01694	0.22893536244133272	-0.1946623149370088	469
Terrestrial	K01695	0.22893536244133272	-0.1946623149370088	469
Terrestrial	K01696	0.22893536244133272	-0.1946623149370088	469
Terrestrial	K01698	-0.31931895133852406	0.27708662880071305	474
Terrestrial	K01707	-0.30703470271953454	0.29112701043180833	75
Terrestrial	K01708	0.038832900719535685	-0.13519845245162132	76
Terrestrial	K01709	0.6038969774814817	-0.590919491163908	81
Terrestrial	K01710	2.757048432389397	-2.6662577800648877	425
Terrestrial	K01711	-2.273601541866395	2.2973744280856563	225
Terrestrial	K01712	-1.011552035757617	0.9796770488418052	319
Terrestrial	K01719	3.0193972409123155	-2.912057193684202	391
Terrestrial	K01720	1.0265035116825827	-1.028584004129008	93
Terrestrial	K01724	0.6939528915619498	-0.6315051304942652	311
Terrestrial	K01734	0.15743063535202428	-0.259113082010591	151
Terrestrial	K01735	2.167645713495136	-2.135858819177946	466
Terrestrial	K01736	-0.9767877568591711	0.9714857716225364	468
Terrestrial	K01746	-0.16872127523844307	0.16051109768970184	22
Terrestrial	K01749	7.305419061673931	-7.180619524878903	474
Terrestrial	K01756	0.9325883559679546	-1.0137186953819528	478
Terrestrial	K01759	-0.5894558219683368	0.5840369663044025	114
Terrestrial	K01770	0.8687627729911336	-0.8375130826184919	437
Terrestrial	K01772	-0.5539852835339161	0.5640960646074178	465
Terrestrial	K01774	2.383719279519758	-2.3662128030019614	414
Terrestrial	K01775	-3.596809422878122	3.5374105296836027	473
Terrestrial	K01776	0.5986221524726645	-0.5831533217726885	412
Terrestrial	K01778	0.7554420547606877	-0.8080724154606669	462
Terrestrial	K01783	-0.6394890154927831	0.569652129487017	479
Terrestrial	K01790	-0.5436519202711707	0.4554244906730082	324
Terrestrial	K01798	-3.596809422878122	3.5374105296836027	473
Terrestrial	K01803	-2.39599966245021	2.315465847162701	476
Terrestrial	K01804	0.18967635752925247	-0.1644370470284036	121
Terrestrial	K01807	0.7480597824214814	-0.7364488573124408	316
Terrestrial	K01808	0.7480597824214814	-0.7364488573124408	316
Terrestrial	K01813	-0.2966791124374127	0.34887543921026065	128
Terrestrial	K01815	0.48124544087887444	-0.5139463055031591	114
Terrestrial	K01817	1.69140368735173	-1.6429071549888157	390
Terrestrial	K01820	-0.2966791124374127	0.34887543921026065	128
Terrestrial	K01823	0.5098418247536773	-0.4675010533631585	266
Terrestrial	K01837	-2.0894555429009123	1.8816730474425278	397
Terrestrial	K01838	0.08751172257248985	-0.062179155303507073	57
Terrestrial	K01841	-0.2863610954116098	0.2856198762543195	36
Terrestrial	K01843	1.1939969755006783	-1.1729978674396022	31
Terrestrial	K01845	-0.891480079124538	0.955175059816347	424
Terrestrial	K01846	-3.2669581309603872	3.1877575737838932	12
Terrestrial	K01847	1.131073444249703	-1.1230145063028263	251
Terrestrial	K01848	1.131073444249703	-1.1230145063028263	251
Terrestrial	K01849	1.131073444249703	-1.1230145063028263	251
Terrestrial	K01850	1.2722252013660114	-1.5237400317432266	162
Terrestrial	K01851	-0.3961047543312118	0.26764767082491076	130
Terrestrial	K01857	-0.39690246319233047	0.38852766661634375	125
Terrestrial	K01858	1.5542695923870524	-1.5267417854245326	175
Terrestrial	K01866	-1.3568872407991268	1.3023971342411405	479
Terrestrial	K01869	-0.19996882479454614	0.13066730693576034	476
Terrestrial	K01870	2.2446921881169852	-2.1828378531675416	479
Terrestrial	K01873	4.357077330823683	-4.266541259277366	476
Terrestrial	K01907	-0.4027593023181207	0.38523948830163357	195
Terrestrial	K01910	0.11972517438322328	-0.12682677778766405	14
Terrestrial	K01912	0.05079472355900249	-0.05015620863723276	261
Terrestrial	K01915	0.21461855495503673	-0.24734790213440788	476
Terrestrial	K01919	2.266210510905853	-2.1468059722263897	373
Terrestrial	K01920	-1.1655810175589063	1.1999519746462324	167
Terrestrial	K01921	1.2344533354492628	-1.305396746623404	469
Terrestrial	K01923	-1.5875678805914328	1.4587630658914639	474
Terrestrial	K01924	-0.16202155059276888	0.15642662803869123	478
Terrestrial	K01925	-0.29618325494461367	0.3144345741883523	479
Terrestrial	K01928	-0.3849623113853507	0.3622128609091799	23
Terrestrial	K01933	0.31448539147899746	-0.3120446144278775	434
Terrestrial	K01934	-1.0390481334425001	0.9494202681503116	455
Terrestrial	K01935	-0.8465743152812306	0.628654569546002	344
Terrestrial	K01939	3.1218508648337475	-3.093518380348655	477
Terrestrial	K01941	-0.46499432779972666	0.4421889018389637	71
Terrestrial	K01945	-0.24244319874514966	0.24184343571363137	479
Terrestrial	K01952	1.698753792959483	-1.458310430489127	463
Terrestrial	K01958	-0.1415860367634719	0.11043985083626665	199
Terrestrial	K01959	-0.1415860367634719	0.11043985083626665	199
Terrestrial	K01960	-0.1415860367634719	0.11043985083626665	199
Terrestrial	K02201	2.591492667362982	-2.5491137877154983	477
Terrestrial	K02203	2.2019109139222577	-2.274963400842311	451
Terrestrial	K02204	0.07362738539581883	-0.1631232615474677	429
Terrestrial	K02230	-3.549827496335972	3.473568292739177	238
Terrestrial	K02231	-1.2075962604874804	1.2142211663756965	35
Terrestrial	K02302	-1.8788100570140522	1.724691865125519	149
Terrestrial	K02304	-1.8788100570140522	1.724691865125519	149
Terrestrial	K02318	1.3799633660513393	-1.3856245823230906	479
Terrestrial	K02361	-0.3961047543312118	0.26764767082491076	130
Terrestrial	K02439	-0.6271150264275814	0.524562795179208	78
Terrestrial	K02488	-4.752121203124547	4.687076908849181	312
Terrestrial	K02492	0.22841652275856336	-0.19465360244080318	427
Terrestrial	K02551	-0.9226782121309287	0.9090039533661247	154
Terrestrial	K02552	-0.3961047543312118	0.26764767082491076	130
Terrestrial	K02564	-3.1017790149956928	3.0923554859085476	199
Terrestrial	K02594	0.35208901066103393	-0.3779790443280126	49
Terrestrial	K02609	0.7349040030973317	-0.6988584489139196	229
Terrestrial	K02610	0.7349040030973317	-0.6988584489139196	229
Terrestrial	K02611	0.7349040030973317	-0.6988584489139196	229
Terrestrial	K02612	0.7349040030973317	-0.6988584489139196	229
Terrestrial	K02613	0.7349040030973317	-0.6988584489139196	229
Terrestrial	K02825	0.35596210523262506	-0.32763942071227437	425
Terrestrial	K02858	-1.7606351304996022	1.7091200804295907	445
Terrestrial	K03077	-0.4261066075972756	0.30539992860031273	68
Terrestrial	K03181	-0.09622977592047315	0.14090068779648243	63
Terrestrial	K03274	0.6939377795990489	-0.684070714887137	104
Terrestrial	K03335	-2.881592706107198	2.8074189304604698	75
Terrestrial	K03342	0.1177708357935821	-0.21251829793808025	220
Terrestrial	K03394	0.43068255786270143	-0.43894988742179036	242
Terrestrial	K03396	0.3138215268092189	-0.30553714180837216	21
Terrestrial	K03403	2.3386513308735126	-2.4192067367207044	16
Terrestrial	K03404	2.3386513308735126	-2.4192067367207044	16
Terrestrial	K03405	2.3386513308735126	-2.4192067367207044	16
Terrestrial	K03417	1.1481632544880735	-1.1004122496936302	147
Terrestrial	K03430	3.53367447293481	-3.4840554689371253	66
Terrestrial	K03431	0.7769550985410673	-0.8562078889410251	474
Terrestrial	K03465	1.3299146721695312	-1.3440878140274615	203
Terrestrial	K03474	1.623295601514394	-1.6014756437267827	223
Terrestrial	K03526	8.38714471717791	-8.260718059602938	452
Terrestrial	K03527	3.9586257286408197	-3.9005682841569143	423
Terrestrial	K03707	-0.015214013973038917	0.021657905500129332	75
Terrestrial	K03777	0.46744068858310783	-0.6102403962415895	148
Terrestrial	K03778	0.46744068858310783	-0.6102403962415895	148
Terrestrial	K03785	-0.3765540889067053	0.30921232957709976	454
Terrestrial	K03786	-0.3765540889067053	0.30921232957709976	454
Terrestrial	K03794	0.2601342900561059	-0.3638597634985875	81
Terrestrial	K03852	-1.1383719728969919	1.1452852477645044	26
Terrestrial	K03856	3.160832735298574	-3.028148267543054	369
Terrestrial	K03921	-0.09267841913260626	0.07170760709108132	39
Terrestrial	K03922	-0.09267841913260626	0.07170760709108132	39
Terrestrial	K04042	0.3381228492637766	-0.29726659561365437	410
Terrestrial	K04092	1.2722252013660114	-1.5237400317432266	162
Terrestrial	K04093	1.2722252013660114	-1.5237400317432266	162
Terrestrial	K04486	-0.02811492980910193	0.026244705503151913	303
Terrestrial	K04516	1.2722252013660114	-1.5237400317432266	162
Terrestrial	K04517	1.6251327958843356	-1.5908853831126175	207
Terrestrial	K04720	-0.918015417655092	0.8649062023373263	312
Terrestrial	K05306	-0.1963918314094437	0.19562312859638245	49
Terrestrial	K05308	-0.8530711694546242	0.8887823173066789	125
Terrestrial	K05602	-0.02811492980910193	0.026244705503151913	303
Terrestrial	K05774	1.2710219479457452	-1.3144974722752185	77
Terrestrial	K05878	-0.10242072316968125	0.03272337953864479	161
Terrestrial	K05879	-0.10242072316968125	0.03272337953864479	161
Terrestrial	K05881	-0.10242072316968125	0.03272337953864479	161
Terrestrial	K05887	-1.2377218286313434	1.1683312522649367	401
Terrestrial	K05942	-1.3455274178152956	1.3586762353428974	26
Terrestrial	K05979	0.47729179703916125	-0.4653421294474953	52
Terrestrial	K06001	0.22893536244133272	-0.1946623149370088	469
Terrestrial	K06048	2.266210510905853	-2.1468059722263897	373
Terrestrial	K06153	1.4185119199024434	-1.479458826703576	449
Terrestrial	K06208	1.2722252013660114	-1.5237400317432266	162
Terrestrial	K06209	1.2722252013660114	-1.5237400317432266	162
Terrestrial	K06447	-0.8942875583250831	0.8862469491862573	69
Terrestrial	K06718	-0.015104523990832215	0.02657947862892465	131
Terrestrial	K06720	0.1764099826577311	-0.16471102836539792	10
Terrestrial	K06879	0.39038176491079607	-0.40610538002170804	230
Terrestrial	K07127	-1.0275214579242236	0.9260801872948621	262
Terrestrial	K07142	-4.588566855907907	4.377660750703797	470
Terrestrial	K07160	-1.9637884963887924	1.9037436898600872	283
Terrestrial	K07404	-0.17282775442389717	0.1647425572662008	355
Terrestrial	K07749	-1.703822585581785	1.7034283513902309	67
Terrestrial	K08316	-1.18121709416306	0.988759829239618	101
Terrestrial	K08323	-2.208956112100092	2.1599641024453233	172
Terrestrial	K08678	-2.31599508865249	2.2060772333393572	150
Terrestrial	K08963	1.0180357686680621	-1.021262464413356	220
Terrestrial	K08967	0.4683367255181603	-0.5461936080947799	52
Terrestrial	K09007	1.6238449374110662	-1.6482543031507506	423
Terrestrial	K09457	0.39038176491079607	-0.40610538002170804	230
Terrestrial	K09459	-0.1324951867355006	0.1310942736095202	39
Terrestrial	K09882	-3.549827496335972	3.473568292739177	238
Terrestrial	K09883	-3.549827496335972	3.473568292739177	238
Terrestrial	K10977	0.35208901066103393	-0.3779790443280126	49
Terrestrial	K11204	2.266210510905853	-2.1468059722263897	373
Terrestrial	K11205	2.266210510905853	-2.1468059722263897	373
Terrestrial	K11260	1.9015506514616272	-1.9021869149356687	13
Terrestrial	K11261	1.9015506514616272	-1.9021869149356687	13
Terrestrial	K11391	-1.18121709416306	0.988759829239618	101
Terrestrial	K11395	-0.13555532046520696	0.13167816977530794	68
Terrestrial	K11528	0.14570591642504357	-0.10147633849824249	410
Terrestrial	K11540	-3.7390829566036325	3.617160055761908	475
Terrestrial	K11541	0.13294819721335116	-0.17661672760076566	471
Terrestrial	K11752	-1.4183095731852604	1.452729669924795	461
Terrestrial	K11753	0.586204707369984	-0.5916080188893265	404
Terrestrial	K11755	-0.6825121337209796	0.5952412016949106	469
Terrestrial	K11787	0.8150940764471881	-0.784409925507914	479
Terrestrial	K11788	0.8150940764471881	-0.784409925507914	479
Terrestrial	K11808	1.2834096194206437	-1.232229613094657	474
Terrestrial	K12251	-0.04596774420648834	0.033815675608569	76
Terrestrial	K12297	-1.18121709416306	0.988759829239618	101
Terrestrial	K12350	0.7550420867128422	-0.7631325455788156	48
Terrestrial	K12351	0.7550420867128422	-0.7631325455788156	48
Terrestrial	K12352	0.7550420867128422	-0.7631325455788156	48
Terrestrial	K12353	0.7550420867128422	-0.7631325455788156	48
Terrestrial	K12354	0.7550420867128422	-0.7631325455788156	48
Terrestrial	K12447	0.05347496970596382	-0.007218482263299551	397
Terrestrial	K12449	-2.31599508865249	2.2060772333393572	150
Terrestrial	K12506	0.6956603222638745	-0.7719886472039341	453
Terrestrial	K12524	-2.3082563817090422	2.209555895549933	456
Terrestrial	K12525	-2.3082563817090422	2.209555895549933	456
Terrestrial	K12526	1.9808326542449	-2.0625980979920953	478
Terrestrial	K12657	-1.1188704809667092	1.0836665979494218	435
Terrestrial	K13069	-4.752121203124547	4.687076908849181	312
Terrestrial	K13243	-2.0067782361341377	1.9564820274699013	268
Terrestrial	K13244	-2.0067782361341377	1.9564820274699013	268
Terrestrial	K13245	-2.0067782361341377	1.9564820274699013	268
Terrestrial	K13246	-2.0067782361341377	1.9564820274699013	268
Terrestrial	K13273	0.6464131048169488	-0.6103262880450391	16
Terrestrial	K13421	0.49894076732591	-0.5173330406387828	479
Terrestrial	K13484	-1.061290896476591	0.9609349580730796	262
Terrestrial	K13497	2.2048833551904186	-2.2223986113064567	466
Terrestrial	K13498	1.69140368735173	-1.6429071549888157	390
Terrestrial	K13501	1.69140368735173	-1.6429071549888157	390
Terrestrial	K13540	0.43068255786270143	-0.43894988742179036	242
Terrestrial	K13542	3.0193972409123155	-2.912057193684202	391
Terrestrial	K13543	3.0193972409123155	-2.912057193684202	391
Terrestrial	K13562	1.1548413832031086	-1.049817635871755	407
Terrestrial	K13713	-2.3471062129880016	2.2782527667364567	479
Terrestrial	K13786	2.076421106095901	-2.128388958804279	433
Terrestrial	K13787	-1.4249751178883643	1.3664237576422458	157
Terrestrial	K13789	-1.4249751178883643	1.3664237576422458	157
Terrestrial	K13829	3.538133331092991	-3.4252979138812014	471
Terrestrial	K13830	0.7688610691167076	-0.7468051586263512	476
Terrestrial	K13832	-0.7172357210486451	0.6422861096452103	472
Terrestrial	K13853	5.970416752359016	-5.917377057960238	394
Terrestrial	K13937	-0.17282775442389717	0.1647425572662008	355
Terrestrial	K13939	-4.588566855907907	4.377660750703797	470
Terrestrial	K13940	-4.588566855907907	4.377660750703797	470
Terrestrial	K13941	-4.588566855907907	4.377660750703797	470
Terrestrial	K13950	3.4959192085193194	-3.569814054141093	205
Terrestrial	K13990	-0.16872127523844307	0.16051109768970184	22
Terrestrial	K13998	-1.0384114526269308	1.0490207764432349	291
Terrestrial	K14152	-0.6825121337209796	0.5952412016949106	469
Terrestrial	K14153	-0.34214623514886694	0.41453870154195827	426
Terrestrial	K14154	-2.714393402146552	2.6544930451591515	402
Terrestrial	K14170	1.2722252013660114	-1.5237400317432266	162
Terrestrial	K14187	2.0648384259884764	-2.266325029818438	325
Terrestrial	K14267	0.8031556744028773	-0.7801673399567701	87
Terrestrial	K14541	-0.29955341102980876	0.2475151928141258	111
Terrestrial	K14584	-0.11573105436396905	0.14360472209593983	28
Terrestrial	K14652	0.8749491770640253	-0.8279972099596382	457
Terrestrial	K14727	0.04282487083926007	-0.05878923260029888	160
Terrestrial	K14759	0.6677888080903763	-0.8362795822854563	188
Terrestrial	K15461	1.8551701808235157	-2.0963902253603948	141
Terrestrial	K15789	-0.725553109339799	0.7395293209850771	187
Terrestrial	K15792	-0.3849623113853507	0.3622128609091799	23
Terrestrial	K15918	-1.368566884258903	1.2958628981994937	313
Terrestrial	K16011	-0.3329626953105784	0.30454339401473046	54
Terrestrial	K16047	-1.4738719829353435	1.4250818069869813	45
Terrestrial	K16048	-1.4738719829353435	1.4250818069869813	45
Terrestrial	K16171	0.45337953313414553	-0.43799913566851545	214
Terrestrial	K16856	0.6991939089303245	-0.6847637213841073	11
Terrestrial	K16881	-0.3329626953105784	0.30454339401473046	54
Terrestrial	K16953	0.35876724972479257	-0.40212146951239763	16
Terrestrial	K17877	-1.630610278378555	1.7156364522245018	297
Terrestrial	K18240	-0.09622977592047315	0.14090068779648243	63
Terrestrial	K18365	-0.8708193539336584	0.866176283095319	127
Terrestrial	K18384	0.8825337677305332	-0.8641044430891524	29
Terrestrial	K18592	-1.37234678941137	1.2696542855674027	324
Terrestrial	K18649	-0.02811492980910193	0.026244705503151913	303
Terrestrial	K18859	-0.9582490678102447	0.9412932469550009	285
Terrestrial	K18860	-0.9582490678102447	0.9412932469550009	285
Terrestrial	K18911	-0.8786012623315362	0.8688024160539134	235
Terrestrial	K19268	-3.2669581309603872	3.1877575737838932	12
Terrestrial	K19269	3.248013226550585	-3.2116003718428376	117
Terrestrial	K19285	1.1548413832031086	-1.049817635871755	407
Terrestrial	K19286	1.1548413832031086	-1.049817635871755	407
Terrestrial	K19302	1.4185119199024434	-1.479458826703576	449
Terrestrial	K19562	-0.3926155075907042	0.3162151064638867	344
Terrestrial	K19670	2.1819481251064525	-2.1710726693406217	30
Terrestrial	K19712	-1.2075962604874804	1.2142211663756965	35
Terrestrial	K19726	0.876064506545001	-0.8726720913162178	364
Terrestrial	K19964	-1.0275214579242236	0.9260801872948621	262
Terrestrial	K20023	0.038832900719535685	-0.13519845245162132	76
Terrestrial	K20246	-0.8786012623315362	0.8688024160539134	235
Terrestrial	K21219	-0.34214623514886694	0.41453870154195827	426
Terrestrial	K21220	-2.2491153168146303	2.281174402606959	396
Terrestrial	K21456	-1.1655810175589063	1.1999519746462324	167
Terrestrial	K22223	3.248013226550585	-3.2116003718428376	117
Terrestrial	K22251	0.23047871833626501	-0.2300401504468998	52
Terrestrial	K22305	0.9638987019515447	-0.9575200938730356	319
Terrestrial	K22373	-2.0921162131470807	2.0465705873683553	75
Terrestrial	K22391	1.6238449374110662	-1.6482543031507506	423
Terrestrial	K22515	-1.382945206679228	1.291856596476788	274
Terrestrial	K22548	0.8825337677305332	-0.8641044430891524	29
Terrestrial	K22920	-0.29060162502504133	0.32627146507849547	396
Terrestrial	K23123	-1.9637884963887924	1.9037436898600872	283
Terrestrial	K23124	-1.9637884963887924	1.9037436898600872	283
Terrestrial	K23144	1.4178636943674856	-1.3590814910723223	477
Terrestrial	K23264	1.698753792959483	-1.458310430489127	463
Terrestrial	K23265	1.698753792959483	-1.458310430489127	463
Terrestrial	K23269	1.698753792959483	-1.458310430489127	463
Terrestrial	K23270	1.698753792959483	-1.458310430489127	463
Terrestrial	K23304	2.7306986676539537	-2.755497323640615	339
Terrestrial	K23987	-1.891793139274075	1.8095939408352544	365
Terrestrial	K23999	-0.2863610954116098	0.2856198762543195	36
Terrestrial	K24017	1.048952433732475	-1.0855110474256702	461
Terrestrial	K24018	0.09280298040642362	-0.13209396824697586	461
Terrestrial	K24042	-0.5111827499961242	0.48797581451229244	447
Terrestrial	K24263	-1.8001533025742367	1.8005150939848056	181
Terrestrial	K24866	-0.6059764666554676	0.45525945425035447	149
Terrestrial	K25004	-0.15791638141531583	0.200631756188634	384
Terrestrial	K25009	-0.1579163814153126	0.20063175618863263	384
Terrestrial	K25031	-0.36961294221718116	0.41400670074099905	354
Terrestrial	K25528	0.9638987019515447	-0.9575200938730356	319
Terrestrial	K25801	-0.9582490678102447	0.9412932469550009	285
Terrestrial	K25995	-0.9582490678102447	0.9412932469550009	285
Terrestrial	K25996	-0.9582490678102447	0.9412932469550009	285
Terrestrial	K26138	-1.630610278378555	1.7156364522245018	297
Terrestrial	K26139	-1.630610278378555	1.7156364522245018	297
Terrestrial	K27797	-0.06458880687776263	0.08213672932463933	127
Terrestrial	K27802	0.7348192610986652	-0.7249188344447269	66
Terrestrial	K28067	0.35876724972479257	-0.40212146951239763	16
Terrestrial	K28068	0.35876724972479257	-0.40212146951239763	16
Terrestrial	K28069	0.35876724972479257	-0.40212146951239763	16
Terrestrial	K28126	0.7769550985410673	-0.8562078889410251	474
Terrestrial	K28192	0.6361781489589114	-0.6075276710243451	410
Terrestrial	K28203	3.248013226550585	-3.2116003718428376	117
Terrestrial	K28207	2.821123119619214	-2.7582652519209505	108
Terrestrial	K28208	2.821123119619214	-2.7582652519209505	108
Terrestrial	K28462	1.7099557365247464	-1.6834981233061106	58
Terrestrial	K28660	-0.29060162502504133	0.32627146507849547	396
Mammals: Human	K00005	0.8934811307882267	-0.8158750870860346	100
Mammals: Human	K00010	-1.0776437949805509	1.0587304342435881	48
Mammals: Human	K00012	-2.6052926026299636	2.5924183928402473	27
Mammals: Human	K00014	-0.16839043292246364	0.255418168812104	277
Mammals: Human	K00021	1.5460870454323303	-1.4724496849431452	83
Mammals: Human	K00027	0.9994798275039307	-0.9360909881424441	202
Mammals: Human	K00028	0.9994798275039307	-0.9360909881424441	202
Mammals: Human	K00029	0.7689108045002233	-0.8279269963467304	57
Mammals: Human	K00060	-0.709898964060898	0.6892413765340877	86
Mammals: Human	K00067	0.6198260407115046	-0.5414421009118946	222
Mammals: Human	K00077	-2.5502407625263817	2.404105048745998	112
Mammals: Human	K00082	-2.964566776307838	2.959930470050508	327
Mammals: Human	K00099	-0.9831783994687329	0.9652693743137921	308
Mammals: Human	K00107	0.483553556094078	-0.5084418604941295	52
Mammals: Human	K00121	0.4120865519763015	-0.43088030788288484	92
Mammals: Human	K00122	4.413037704670469	-4.274885344821394	153
Mammals: Human	K00123	4.413037704670469	-4.274885344821394	153
Mammals: Human	K00124	4.413037704670469	-4.274885344821394	153
Mammals: Human	K00126	4.413037704670469	-4.274885344821394	153
Mammals: Human	K00127	4.413037704670469	-4.274885344821394	153
Mammals: Human	K00133	-5.359576768085788	5.24935371833011	390
Mammals: Human	K00147	-3.0059119594462724	2.7836833727582615	324
Mammals: Human	K00158	1.648359396649729	-1.6674443568014865	26
Mammals: Human	K00228	1.8134559149557892	-1.9408919042635273	132
Mammals: Human	K00231	-1.3182570730815901	1.2260598371433353	116
Mammals: Human	K00233	-0.484946912265207	0.42157922877183185	130
Mammals: Human	K00234	-0.484946912265207	0.42157922877183185	130
Mammals: Human	K00235	-0.484946912265207	0.42157922877183185	130
Mammals: Human	K00236	-0.484946912265207	0.42157922877183185	130
Mammals: Human	K00237	-0.484946912265207	0.42157922877183185	130
Mammals: Human	K00239	-0.484946912265207	0.42157922877183185	130
Mammals: Human	K00240	-0.484946912265207	0.42157922877183185	130
Mammals: Human	K00241	-0.484946912265207	0.42157922877183185	130
Mammals: Human	K00242	-0.484946912265207	0.42157922877183185	130
Mammals: Human	K00244	-0.484946912265207	0.42157922877183185	130
Mammals: Human	K00245	-0.484946912265207	0.42157922877183185	130
Mammals: Human	K00246	-0.484946912265207	0.42157922877183185	130
Mammals: Human	K00247	-0.484946912265207	0.42157922877183185	130
Mammals: Human	K00254	-3.6525739367136842	3.777387969046728	378
Mammals: Human	K00265	-1.3673095645141469	1.229763785775699	60
Mammals: Human	K00266	-1.3673095645141469	1.229763785775699	60
Mammals: Human	K00288	-9.029321545175568	8.654167486051955	320
Mammals: Human	K00297	-2.8970229655877318	2.73801898400105	235
Mammals: Human	K00299	-3.336332603718635	3.3202487026051015	226
Mammals: Human	K00300	-9.029321545175568	8.654167486051955	320
Mammals: Human	K00301	-0.14413783171706465	0.07640270879129317	16
Mammals: Human	K00302	-0.14413783171706465	0.07640270879129317	16
Mammals: Human	K00303	-0.14413783171706465	0.07640270879129317	16
Mammals: Human	K00304	-0.14413783171706465	0.07640270879129317	16
Mammals: Human	K00305	-0.14413783171706465	0.07640270879129317	16
Mammals: Human	K00306	-0.23714162369752464	0.16750247283645617	16
Mammals: Human	K00361	0.24225123892682063	-0.32005407344333336	129
Mammals: Human	K00362	0.24225123892682074	-0.32005407344333353	129
Mammals: Human	K00363	0.24225123892682074	-0.32005407344333353	129
Mammals: Human	K00384	-0.11354775670670038	0.023986027701854064	376
Mammals: Human	K00390	1.872427535787381	-1.7885280570788868	186
Mammals: Human	K00455	-0.8651829065573641	0.8092334243881657	49
Mammals: Human	K00456	-0.0535405171104534	0.04813740516370486	21
Mammals: Human	K00548	-0.7297386060335884	0.8268371178308186	203
Mammals: Human	K00549	1.493079128014209	-1.3909716994619707	267
Mammals: Human	K00560	-0.13105305732691183	0.017919857719870338	314
Mammals: Human	K00564	4.414801871886426	-4.079202666458455	107
Mammals: Human	K00603	-1.574665365337434	1.3230621921804813	363
Mammals: Human	K00608	-0.5274912341602671	0.487747817627896	385
Mammals: Human	K00609	-0.5274912341602671	0.487747817627896	385
Mammals: Human	K00610	-0.5274912341602671	0.487747817627896	385
Mammals: Human	K00620	-0.9226912997684672	0.7630892641054291	268
Mammals: Human	K00634	0.3339686863693831	-0.31111917537728895	10
Mammals: Human	K00639	-0.5263779324194682	0.5139427884406448	140
Mammals: Human	K00640	-4.967191648045097	4.813999580656878	333
Mammals: Human	K00641	-1.1295618435791563	1.0056282147770474	239
Mammals: Human	K00643	0.087572536700414	-0.0689444876103018	15
Mammals: Human	K00651	-1.1295618435791563	1.0056282147770474	239
Mammals: Human	K00652	-1.833695475949774	1.8019798441541848	153
Mammals: Human	K00681	-0.14308379542939062	0.08114566997880597	112
Mammals: Human	K00748	-0.013791530695740144	-0.033458884475318716	173
Mammals: Human	K00761	0.4327913825024081	-0.34795872745251494	380
Mammals: Human	K00763	-1.2191128554200028	1.0621289857488636	365
Mammals: Human	K00764	0.9931789967762438	-0.8543320446730619	374
Mammals: Human	K00766	-4.037507161774942	3.8191232032505558	305
Mammals: Human	K00767	0.9658661145010465	-0.883931720170603	310
Mammals: Human	K00768	-7.084336841894338	6.9112070628758	208
Mammals: Human	K00787	-3.2710645302029286	3.327944950681624	37
Mammals: Human	K00788	0.890344568140679	-1.0106056224305138	282
Mammals: Human	K00790	-1.0559845661491571	1.0078317893701205	398
Mammals: Human	K00795	-3.2710645302029286	3.327944950681624	37
Mammals: Human	K00800	-9.673773477777683	9.318987660310759	348
Mammals: Human	K00804	3.2999764349850236	-3.0255480242569766	57
Mammals: Human	K00820	-5.702098170978701	5.6731515749172035	382
Mammals: Human	K00833	-1.3831613023313305	1.334196449835942	230
Mammals: Human	K00849	0.8343128494254296	-0.8804608867732854	233
Mammals: Human	K00851	-2.241586758022231	2.060869778132341	138
Mammals: Human	K00854	-0.2896217467162543	0.4331382719777567	165
Mammals: Human	K00858	0.8281793558302397	-0.9609338673994314	278
Mammals: Human	K00859	-0.8702188980510707	0.888582718688097	402
Mammals: Human	K00863	0.2577903902052383	-0.17035595012891713	160
Mammals: Human	K00864	-2.859287494901297	2.8125361587369566	331
Mammals: Human	K00872	-0.5918077434741076	0.573366030705211	309
Mammals: Human	K00877	-0.23893061809756705	0.21508953779085516	321
Mammals: Human	K00878	-1.396884997979369	1.3217212735616533	149
Mammals: Human	K00884	-7.264681614791959	7.018151288881016	66
Mammals: Human	K00891	0.019949636637800944	0.009606409386583291	232
Mammals: Human	K00899	0.8688034688329468	-0.8951132303417678	45
Mammals: Human	K00927	-0.5878369419436931	0.5751665828021705	206
Mammals: Human	K00928	3.248147227488361	-3.182259942451108	387
Mammals: Human	K00929	-0.16979090488005247	0.13103262988341893	47
Mammals: Human	K00931	-0.03840630872868406	-0.16756253631696494	326
Mammals: Human	K00941	-0.4556236421271109	0.3920954747915604	318
Mammals: Human	K00946	-1.9190558134406834	2.0030090289173383	240
Mammals: Human	K00948	-3.661510110670448	3.5627571897312174	339
Mammals: Human	K00950	2.197029406821183	-2.220347782455136	317
Mammals: Human	K00954	-1.457350271655346	1.441519210382292	405
Mammals: Human	K00963	-1.4091140643019022	1.342946276964152	278
Mammals: Human	K00965	0.42005116091794176	-0.5052682309296234	126
Mammals: Human	K00966	0.5180941508774198	-0.4214231535637235	16
Mammals: Human	K00971	0.5180941508774198	-0.4214231535637235	16
Mammals: Human	K00972	0.0608085571760534	-0.07783215497838585	323
Mammals: Human	K00973	-1.454021388697085	1.4511091771821523	314
Mammals: Human	K00975	-0.5272574503021413	0.6247080530199928	266
Mammals: Human	K00980	0.7134839425771731	-0.7272917699762881	37
Mammals: Human	K00991	0.06073403962204935	-0.06001183144893721	273
Mammals: Human	K00995	0.11812964645061426	-0.3144281019583003	359
Mammals: Human	K01003	2.4135028726812973	-2.413398668974394	67
Mammals: Human	K01007	-1.6765766287785664	1.495699611813725	127
Mammals: Human	K01011	2.094317802816142	-1.8512227660531737	70
Mammals: Human	K01012	-0.25161707093958496	0.28197609861641154	273
Mammals: Human	K01057	-0.22448700610147565	0.17202984379199754	219
Mammals: Human	K01067	4.784081829674298	-4.564782556402106	65
Mammals: Human	K01070	0.2103851671391212	-0.1728706131462722	87
Mammals: Human	K01079	0.7831342991318613	-0.6817431219544593	246
Mammals: Human	K01089	1.8118774872473622	-1.5489929106011073	308
Mammals: Human	K01091	-0.4244226372814764	0.3681503232389983	72
Mammals: Human	K01129	0.007224356273682849	-0.06984929241507554	234
Mammals: Human	K01433	-3.3322979213034385	3.118569988402138	166
Mammals: Human	K01457	0.03146178679785415	-0.08419863493925528	43
Mammals: Human	K01458	-1.2826310748729473	1.208477897058513	37
Mammals: Human	K01465	-4.657183951811831	4.651844057944656	241
Mammals: Human	K01468	-1.0614167015502638	1.0856647374907047	171
Mammals: Human	K01469	-0.012477828140824756	-0.014570965255762089	148
Mammals: Human	K01477	0.5465062879450189	-0.471211268465552	38
Mammals: Human	K01479	0.4927097374208414	-0.6637715742501309	113
Mammals: Human	K01480	2.0552575320599593	-2.0947094243850075	114
Mammals: Human	K01484	1.0496030486454078	-1.0193161965760178	62
Mammals: Human	K01491	-9.029321545175568	8.654167486051955	320
Mammals: Human	K01495	-2.4329790775957156	2.225228735731506	336
Mammals: Human	K01496	-0.09127981885483574	0.011198735614790725	301
Mammals: Human	K01497	-1.1038232310980747	1.0369746172000094	281
Mammals: Human	K01498	-2.810426353130867	2.7392417314486255	313
Mammals: Human	K01520	-1.7398854556221732	1.7787757324056097	282
Mammals: Human	K01521	-0.13594223767722827	0.14934159881033343	11
Mammals: Human	K01523	-2.4476767999301936	2.358929188089356	299
Mammals: Human	K01555	0.48285649772670763	-0.4769043211895454	34
Mammals: Human	K01577	0.9398673804784545	-0.8965139808586122	31
Mammals: Human	K01581	-0.09844087357537934	0.098046411938596	30
Mammals: Human	K01586	1.0291260408380414	-0.8930024407695409	351
Mammals: Human	K01587	0.6409305862737203	-0.6196050643557472	389
Mammals: Human	K01591	-1.9875864678352722	1.9909650870242785	393
Mammals: Human	K01595	-1.232291550830189	1.1999922014046454	208
Mammals: Human	K01607	-0.2664475396166891	0.27112979483542254	39
Mammals: Human	K01610	3.009580825886509	-2.9657680076377786	189
Mammals: Human	K01611	0.07518005391014808	-0.13139770884637514	81
Mammals: Human	K01613	2.795486562525881	-2.6828296819477986	210
Mammals: Human	K01619	1.322047030857535	-1.1653998207919132	310
Mammals: Human	K01626	-3.1551158742876724	2.9766266681454674	242
Mammals: Human	K01627	-0.2759816096527701	0.2992620731924953	175
Mammals: Human	K01631	1.2352196403493179	-1.1808026314068987	35
Mammals: Human	K01635	-0.7782675075715846	0.7707453166390641	72
Mammals: Human	K01637	3.2106655646621713	-3.1962368999049997	176
Mammals: Human	K01638	-1.8635137069840877	1.7591062511651967	152
Mammals: Human	K01641	0.025359050687172546	-0.004107590464669936	76
Mammals: Human	K01643	-0.2799329285775001	0.27629760605364667	76
Mammals: Human	K01644	-0.2799329285775001	0.27629760605364667	76
Mammals: Human	K01646	-0.2799329285775001	0.27629760605364667	76
Mammals: Human	K01647	2.068743493451918	-2.1080532067670092	14
Mammals: Human	K01649	2.126979940386995	-2.0922338524777992	317
Mammals: Human	K01659	-2.6327924812120376	2.5602540655793162	99
Mammals: Human	K01662	-4.536896729542639	4.563706766008975	332
Mammals: Human	K01664	-3.3277607170905608	3.3766034033853134	102
Mammals: Human	K01665	-3.3277607170905608	3.3766034033853134	102
Mammals: Human	K01666	2.069597333453063	-2.0267357370725883	62
Mammals: Human	K01668	-0.35358904439559263	0.3706557500835816	16
Mammals: Human	K01675	-2.61392533239334	2.5268781603888724	285
Mammals: Human	K01676	-2.61392533239334	2.5268781603888724	285
Mammals: Human	K01677	-2.61392533239334	2.5268781603888724	285
Mammals: Human	K01678	-2.61392533239334	2.5268781603888724	285
Mammals: Human	K01679	-2.61392533239334	2.5268781603888724	285
Mammals: Human	K01684	0.769508475176595	-0.7968514294507839	36
Mammals: Human	K01686	0.8685813316795845	-0.8417058372048687	121
Mammals: Human	K01690	0.9912925751954563	-0.9598354540515149	89
Mammals: Human	K01694	2.645345714676069	-2.7862719028494274	343
Mammals: Human	K01695	2.645345714676069	-2.7862719028494274	343
Mammals: Human	K01696	2.645345714676069	-2.7862719028494274	343
Mammals: Human	K01698	-2.4317177958154583	2.3393820615115812	286
Mammals: Human	K01708	0.8528184395828904	-0.7852004522833076	43
Mammals: Human	K01710	-2.8541760894874693	2.830108287507739	341
Mammals: Human	K01711	-2.3746613656108013	2.2166591148374533	111
Mammals: Human	K01712	-0.311771146991746	0.3720936627295894	172
Mammals: Human	K01719	0.3056330761827768	-0.3046182769853075	245
Mammals: Human	K01720	0.7544162350517196	-0.7553086876709101	100
Mammals: Human	K01724	0.5289293812575171	-0.5453295685081005	75
Mammals: Human	K01734	0.1809110867409013	-0.06772769775674886	140
Mammals: Human	K01735	-2.8421104324499025	2.783086304716873	369
Mammals: Human	K01736	-3.691166713677433	3.517329505511913	378
Mammals: Human	K01746	-0.8021854812164902	0.8170420328757092	38
Mammals: Human	K01749	-8.603213807554813	8.445672146028022	289
Mammals: Human	K01756	0.935707472403254	-0.9272194231056038	398
Mammals: Human	K01759	0.8425542467419975	-0.8829344839022608	49
Mammals: Human	K01772	0.3972209743836349	-0.6175932505315272	293
Mammals: Human	K01774	-2.61392533239334	2.5268781603888724	285
Mammals: Human	K01775	3.3319039181951737	-3.1634100882764438	393
Mammals: Human	K01776	0.3669594251819645	-0.33968650521689714	389
Mammals: Human	K01778	0.07896935248547522	0.015131163788910723	314
Mammals: Human	K01783	0.652643817273706	-0.5528859369730735	403
Mammals: Human	K01790	-1.0376796638188293	1.0005505846030474	201
Mammals: Human	K01798	3.3319039181951737	-3.1634100882764438	393
Mammals: Human	K01803	0.47651044137321585	-0.5180952285821128	389
Mammals: Human	K01804	-1.6803479292944603	1.6389710559615251	81
Mammals: Human	K01807	1.497683475151989	-1.4553736784387499	293
Mammals: Human	K01808	1.497683475151989	-1.4553736784387499	293
Mammals: Human	K01813	-1.336290437245275	1.2759315232250503	82
Mammals: Human	K01815	-0.12982080504181606	0.1623152142999861	72
Mammals: Human	K01817	-2.8309453512250666	2.929001745348717	241
Mammals: Human	K01819	0.08306898143900897	-0.07953498803344809	22
Mammals: Human	K01820	-1.336290437245275	1.2759315232250503	82
Mammals: Human	K01823	-1.539009786013936	1.5075090096485337	215
Mammals: Human	K01837	5.201774362001429	-4.916990032158537	291
Mammals: Human	K01838	0.34661706655076097	-0.3223925791880495	58
Mammals: Human	K01841	0.13762825763182185	-0.10384678836847161	19
Mammals: Human	K01845	-1.6510666232399733	1.5754555318297632	271
Mammals: Human	K01846	0.5765852161220869	-0.39329341575454513	28
Mammals: Human	K01847	1.93630694149919	-1.6563387983060462	124
Mammals: Human	K01848	1.93630694149919	-1.6563387983060462	124
Mammals: Human	K01849	1.93630694149919	-1.6563387983060462	124
Mammals: Human	K01850	4.370623261176613	-4.046603693688731	83
Mammals: Human	K01851	2.056265156765293	-1.8944864671529067	168
Mammals: Human	K01857	-1.9703944863563787	1.971797658351175	32
Mammals: Human	K01858	-4.044174117349005	3.8783363591812354	78
Mammals: Human	K01866	0.886472519346192	-0.8807344828712227	406
Mammals: Human	K01869	-1.376129603585938	1.3860389375776763	401
Mammals: Human	K01870	-0.3998401969481264	0.42816965162804466	399
Mammals: Human	K01873	-6.058796252729948	5.9797556513437256	404
Mammals: Human	K01893	1.22350226095918	-1.2475126954780595	229
Mammals: Human	K01907	1.4802388399293638	-1.471992491264671	55
Mammals: Human	K01910	0.18652700732175873	-0.22227346449959087	72
Mammals: Human	K01912	-2.2358519659197795	2.186269938704623	85
Mammals: Human	K01915	-2.312452983438267	2.3708386054248196	383
Mammals: Human	K01919	1.7170540502637555	-1.463715566233533	245
Mammals: Human	K01921	-0.036834157993174715	0.12663080502757532	370
Mammals: Human	K01923	-6.155997580813113	5.972076460143191	381
Mammals: Human	K01924	-1.1504171243764034	0.9305997181409628	399
Mammals: Human	K01925	0.2103401504243291	-0.26260404996639874	403
Mammals: Human	K01928	0.576994881838731	-0.573675747192934	21
Mammals: Human	K01933	0.9250814291745261	-0.8601021184572741	358
Mammals: Human	K01934	-1.574665365337434	1.3230621921804813	363
Mammals: Human	K01935	2.3837488759086587	-2.1380718314976375	234
Mammals: Human	K01939	0.5046350645008801	-0.4056225668969164	398
Mammals: Human	K01941	-1.1696155122312424	1.1683716299240092	31
Mammals: Human	K01945	0.4542608781954155	-0.5015823876537971	383
Mammals: Human	K01952	-0.6718316822346617	0.42859936908435736	388
Mammals: Human	K01958	2.2755146942480757	-2.1918439568161	127
Mammals: Human	K01959	2.2755146942480757	-2.1918439568161	127
Mammals: Human	K01960	2.2755146942480757	-2.1918439568161	127
Mammals: Human	K02201	-1.457350271655346	1.441519210382292	405
Mammals: Human	K02203	1.8180125598391312	-1.6403788115540965	335
Mammals: Human	K02204	-0.5918077434741076	0.573366030705211	309
Mammals: Human	K02226	-3.1770952091737397	3.184705047916434	48
Mammals: Human	K02230	0.04242538167808083	-0.3304729620098059	107
Mammals: Human	K02231	0.5664665147718158	-0.5440155105058815	25
Mammals: Human	K02302	3.343079370259076	-3.1999194033946283	99
Mammals: Human	K02304	3.343079370259076	-3.1999194033946283	99
Mammals: Human	K02318	-0.8901422613914923	0.864359278257317	406
Mammals: Human	K02361	2.056265156765293	-1.8944864671529067	168
Mammals: Human	K02439	2.094317802816142	-1.8512227660531737	70
Mammals: Human	K02488	2.369219689520141	-2.5465443624937185	119
Mammals: Human	K02492	-1.9554678790329665	1.7773518711557965	262
Mammals: Human	K02551	0.3791856127958802	-0.32981992065933363	209
Mammals: Human	K02552	2.056265156765293	-1.8944864671529067	168
Mammals: Human	K02564	1.8766310279396836	-1.918710737205503	237
Mammals: Human	K02805	-1.0592875404203028	1.05755135188885	84
Mammals: Human	K02825	0.4327913825024081	-0.34795872745251494	380
Mammals: Human	K02851	-0.9761498662917579	0.9368804396833311	53
Mammals: Human	K02858	3.6603131474095902	-3.4951460192953347	287
Mammals: Human	K03077	3.0288451417098465	-2.9249032133243493	94
Mammals: Human	K03181	0.3683260352237076	-0.37738965909651256	84
Mammals: Human	K03335	-0.1502071506296392	0.18875831907729265	62
Mammals: Human	K03342	-2.989720733711879	2.822208627980829	148
Mammals: Human	K03430	-0.8952052377032068	0.8981028049010911	67
Mammals: Human	K03431	1.546033374240817	-1.6611412389856612	399
Mammals: Human	K03465	-2.6194381475053445	2.6823874395170746	115
Mammals: Human	K03474	1.0518480344320638	-1.054859886449914	132
Mammals: Human	K03526	-8.309480968184166	8.183336551951719	299
Mammals: Human	K03527	-2.480100278362247	2.4496267244017913	313
Mammals: Human	K03707	0.0817072051642237	-0.14158410986203598	81
Mammals: Human	K03777	2.3929133616883	-2.3636364806568784	116
Mammals: Human	K03778	2.3929133616883	-2.3636364806568784	116
Mammals: Human	K03785	-2.980146769005646	2.9207507995462545	368
Mammals: Human	K03786	-2.980146769005646	2.9207507995462545	368
Mammals: Human	K03794	1.8765037608718833	-1.735707694735004	66
Mammals: Human	K03856	-3.1551158742876724	2.9766266681454674	242
Mammals: Human	K03921	-0.06317124496766215	0.04264805113306412	48
Mammals: Human	K03922	-0.06317124496766215	0.04264805113306412	48
Mammals: Human	K04042	-0.18934128268332487	0.14536024655399385	323
Mammals: Human	K04092	4.370623261176613	-4.046603693688731	83
Mammals: Human	K04093	4.370623261176613	-4.046603693688731	83
Mammals: Human	K04486	-1.499719543919304	1.5133012077273476	246
Mammals: Human	K04516	4.370623261176613	-4.046603693688731	83
Mammals: Human	K04720	-1.3008189173934392	1.2326275931484683	170
Mammals: Human	K05306	0.8196650066950211	-0.8505892927052717	57
Mammals: Human	K05308	0.769508475176595	-0.7968514294507839	36
Mammals: Human	K05526	0.966165215857281	-0.93780985795898	58
Mammals: Human	K05602	-1.499719543919304	1.5133012077273476	246
Mammals: Human	K05774	-0.37077845365373885	0.37402993701107945	43
Mammals: Human	K05878	1.905429730778833	-1.8568620691638373	118
Mammals: Human	K05879	1.905429730778833	-1.8568620691638373	118
Mammals: Human	K05881	1.905429730778833	-1.8568620691638373	118
Mammals: Human	K05887	-0.16839043292246364	0.255418168812104	277
Mammals: Human	K05942	2.068743493451918	-2.1080532067670092	14
Mammals: Human	K06001	2.645345714676069	-2.7862719028494274	343
Mammals: Human	K06048	1.7170540502637555	-1.463715566233533	245
Mammals: Human	K06153	1.6215587707627648	-1.4130639266833678	350
Mammals: Human	K06208	4.370623261176613	-4.046603693688731	83
Mammals: Human	K06209	4.370623261176613	-4.046603693688731	83
Mammals: Human	K06211	-2.335994298969983	2.3993720371633973	58
Mammals: Human	K06447	1.5175967730029962	-1.4987812940960201	65
Mammals: Human	K06879	0.3424604147186581	-0.33746462904746005	179
Mammals: Human	K07127	1.0950947966636044	-0.9868209143541262	72
Mammals: Human	K07142	2.197029406821183	-2.220347782455136	317
Mammals: Human	K07160	-0.012477828140824756	-0.014570965255762089	148
Mammals: Human	K07173	-0.526356392358809	0.5184134794573203	113
Mammals: Human	K07404	-0.22448700610147565	0.17202984379199754	219
Mammals: Human	K07749	1.4029787931547886	-1.3881779010064224	16
Mammals: Human	K08302	-0.7782675075715846	0.7707453166390641	72
Mammals: Human	K08316	4.414801871886426	-4.079202666458455	107
Mammals: Human	K08323	0.8685813316795845	-0.8417058372048687	121
Mammals: Human	K08678	-0.9281020143239944	0.9859885477989292	38
Mammals: Human	K08963	-1.4929655645463589	1.4258315012705864	78
Mammals: Human	K08967	0.4683367255181603	-0.5461936080947815	27
Mammals: Human	K09007	-2.4329790775957156	2.225228735731506	336
Mammals: Human	K09457	0.3424604147186581	-0.33746462904746005	179
Mammals: Human	K09882	0.04242538167808083	-0.3304729620098059	107
Mammals: Human	K09883	0.04242538167808083	-0.3304729620098059	107
Mammals: Human	K10524	-2.335994298969983	2.3993720371633973	58
Mammals: Human	K11204	1.7170540502637555	-1.463715566233533	245
Mammals: Human	K11205	1.7170540502637555	-1.463715566233533	245
Mammals: Human	K11391	4.414801871886426	-4.079202666458455	107
Mammals: Human	K11395	1.2352196403493179	-1.1808026314068987	35
Mammals: Human	K11528	0.0608085571760534	-0.07783215497838585	323
Mammals: Human	K11540	-2.7067925839667537	2.585622253426126	390
Mammals: Human	K11541	-0.5274912341602671	0.487747817627896	385
Mammals: Human	K11752	0.3110440427878478	-0.3621479635347609	327
Mammals: Human	K11753	-2.3758296320349417	2.3423342169810013	371
Mammals: Human	K11755	-0.17923422106475817	0.1915716489948888	307
Mammals: Human	K11787	1.1371329626753017	-1.097688654522238	390
Mammals: Human	K11788	1.1371329626753017	-1.097688654522238	390
Mammals: Human	K11808	1.6551353356684901	-1.6185290699407195	388
Mammals: Human	K12251	0.31078381993486015	-0.2734661006851045	24
Mammals: Human	K12297	4.414801871886426	-4.079202666458455	107
Mammals: Human	K12447	-1.9520645244945336	1.9357281153142805	299
Mammals: Human	K12449	-0.9281020143239944	0.9859885477989292	38
Mammals: Human	K12506	0.5021912160178564	-0.4783171867485152	324
Mammals: Human	K12524	3.248147227488361	-3.182259942451108	387
Mammals: Human	K12525	3.248147227488361	-3.182259942451108	387
Mammals: Human	K12526	4.5495067031184355	-4.4574985908482345	390
Mammals: Human	K12657	-1.1114318696807428	0.9260952643138991	327
Mammals: Human	K13069	2.369219689520141	-2.5465443624937185	119
Mammals: Human	K13243	0.9164126771499226	-1.0448191447742021	89
Mammals: Human	K13244	0.9164126771499226	-1.0448191447742021	89
Mammals: Human	K13245	0.9164126771499226	-1.0448191447742021	89
Mammals: Human	K13246	0.9164126771499226	-1.0448191447742021	89
Mammals: Human	K13421	-1.9875864678352722	1.9909650870242785	393
Mammals: Human	K13484	1.0314866800193634	-0.9245941432464494	72
Mammals: Human	K13497	-4.037507161774942	3.8191232032505558	305
Mammals: Human	K13498	-2.8309453512250666	2.929001745348717	241
Mammals: Human	K13501	-2.8309453512250666	2.929001745348717	241
Mammals: Human	K13542	0.3056330761827768	-0.3046182769853075	245
Mammals: Human	K13543	0.3056330761827768	-0.3046182769853075	245
Mammals: Human	K13562	-3.336332603718635	3.3202487026051015	226
Mammals: Human	K13713	-1.3395219250550763	1.2995520213262195	387
Mammals: Human	K13786	-0.995363905373183	1.1241849926109608	226
Mammals: Human	K13787	3.2999764349850236	-3.0255480242569766	57
Mammals: Human	K13789	3.2999764349850236	-3.0255480242569766	57
Mammals: Human	K13829	1.3523279860963129	-1.1365548232300806	371
Mammals: Human	K13830	0.9722441188120275	-0.8875207157586167	386
Mammals: Human	K13832	1.9209923592506883	-1.9029917167564583	374
Mammals: Human	K13853	-0.40845808405318235	0.313992894988828	285
Mammals: Human	K13937	-0.22448700610147565	0.17202984379199754	219
Mammals: Human	K13939	2.197029406821183	-2.220347782455136	317
Mammals: Human	K13940	2.197029406821183	-2.220347782455136	317
Mammals: Human	K13941	2.197029406821183	-2.220347782455136	317
Mammals: Human	K13950	-3.3277607170905608	3.3766034033853134	102
Mammals: Human	K13990	-0.8021854812164902	0.8170420328757092	38
Mammals: Human	K13998	-0.13105305732691183	0.017919857719870338	314
Mammals: Human	K14152	-0.17923422106475817	0.1915716489948888	307
Mammals: Human	K14153	1.8616019501655188	-1.8802928579024354	336
Mammals: Human	K14154	0.577934559097057	-0.5109061057492067	290
Mammals: Human	K14170	4.370623261176613	-4.046603693688731	83
Mammals: Human	K14187	3.1386442727660455	-3.0124820879697527	244
Mammals: Human	K14541	-1.0977877252403325	1.1056192184865261	43
Mammals: Human	K14652	2.004901501558075	-1.8076165810259297	307
Mammals: Human	K14727	-0.2664475396166891	0.27112979483542254	39
Mammals: Human	K14759	3.3290513950091665	-3.139308049255392	215
Mammals: Human	K15461	3.6189904266132675	-3.423987003185866	143
Mammals: Human	K15789	-0.709898964060898	0.6892413765340877	86
Mammals: Human	K15792	0.576994881838731	-0.573675747192934	21
Mammals: Human	K15918	-0.6570647249441304	0.6509625605479447	239
Mammals: Human	K16011	0.5180941508774198	-0.4214231535637235	16
Mammals: Human	K16047	3.5653743639778854	-3.5368232941897273	46
Mammals: Human	K16048	3.5653743639778854	-3.5368232941897273	46
Mammals: Human	K16171	0.48285649772670763	-0.4769043211895454	34
Mammals: Human	K16371	-0.7782675075715846	0.7707453166390641	72
Mammals: Human	K16881	0.5180941508774198	-0.4214231535637235	16
Mammals: Human	K17877	0.24225123892682063	-0.32005407344333336	129
Mammals: Human	K18240	0.3683260352237076	-0.37738965909651256	84
Mammals: Human	K18365	2.069597333453063	-2.0267357370725883	62
Mammals: Human	K18592	-0.14308379542939062	0.08114566997880597	112
Mammals: Human	K18649	-1.499719543919304	1.5133012077273476	246
Mammals: Human	K18859	-0.484946912265207	0.42157922877183185	130
Mammals: Human	K18860	-0.484946912265207	0.42157922877183185	130
Mammals: Human	K19268	0.5765852161220869	-0.39329341575454513	28
Mammals: Human	K19269	-0.4244226372814764	0.3681503232389983	72
Mammals: Human	K19285	-3.336332603718635	3.3202487026051015	226
Mammals: Human	K19286	-3.336332603718635	3.3202487026051015	226
Mammals: Human	K19302	1.6215587707627648	-1.4130639266833678	350
Mammals: Human	K19562	2.169551369518874	-1.9888267134027438	238
Mammals: Human	K19712	0.5664665147718158	-0.5440155105058815	25
Mammals: Human	K19726	-4.543445585429357	4.50484096668343	344
Mammals: Human	K19964	1.0950947966636044	-0.9868209143541262	72
Mammals: Human	K20023	0.8528184395828904	-0.7852004522833076	43
Mammals: Human	K21219	1.8616019501655188	-1.8802928579024354	336
Mammals: Human	K21220	0.890344568140679	-1.0106056224305138	282
Mammals: Human	K22223	-0.4244226372814764	0.3681503232389983	72
Mammals: Human	K22251	0.8934811307882267	-0.8158750870860346	100
Mammals: Human	K22305	0.7831342991318613	-0.6817431219544593	246
Mammals: Human	K22316	-3.1770952091737397	3.184705047916434	48
Mammals: Human	K22373	0.5716966708000406	-0.5942103783068893	42
Mammals: Human	K22391	-2.4329790775957156	2.225228735731506	336
Mammals: Human	K22515	4.413037704670469	-4.274885344821394	153
Mammals: Human	K22920	-1.4091140643019022	1.342946276964152	278
Mammals: Human	K23123	-0.012477828140824756	-0.014570965255762089	148
Mammals: Human	K23124	-0.012477828140824756	-0.014570965255762089	148
Mammals: Human	K23144	-0.38698688354795835	0.4737090154615231	393
Mammals: Human	K23264	-0.6718316822346617	0.42859936908435736	388
Mammals: Human	K23265	-0.6718316822346617	0.42859936908435736	388
Mammals: Human	K23269	-0.6718316822346617	0.42859936908435736	388
Mammals: Human	K23270	-0.6718316822346617	0.42859936908435736	388
Mammals: Human	K23304	-4.967191648045097	4.813999580656878	333
Mammals: Human	K23987	0.9016970632717494	-0.9647754334243779	256
Mammals: Human	K23999	0.13762825763182185	-0.10384678836847161	19
Mammals: Human	K24017	0.38645065808450724	-0.39102150292015236	307
Mammals: Human	K24018	3.9571123951314173	-3.7185617303936636	369
Mammals: Human	K24042	-0.09656894468061664	-0.13140821921907006	291
Mammals: Human	K24263	-2.5502407625263817	2.404105048745998	112
Mammals: Human	K24866	3.113074328700687	-2.9247864107865804	99
Mammals: Human	K25004	-2.8970229655877318	2.73801898400105	235
Mammals: Human	K25009	-2.8970229655877278	2.738018984001049	235
Mammals: Human	K25031	-2.241586758022231	2.060869778132341	138
Mammals: Human	K25528	0.7831342991318613	-0.6817431219544593	246
Mammals: Human	K25801	-0.484946912265207	0.42157922877183185	130
Mammals: Human	K25995	-0.484946912265207	0.42157922877183185	130
Mammals: Human	K25996	-0.484946912265207	0.42157922877183185	130
Mammals: Human	K26138	0.24225123892682063	-0.32005407344333336	129
Mammals: Human	K26139	0.24225123892682063	-0.32005407344333336	129
Mammals: Human	K27797	-2.6327924812120376	2.5602540655793162	99
Mammals: Human	K28126	1.546033374240817	-1.6611412389856612	399
Mammals: Human	K28203	-0.4244226372814764	0.3681503232389983	72
Mammals: Human	K28207	-7.264681614791959	7.018151288881016	66
Mammals: Human	K28208	-7.264681614791959	7.018151288881016	66
Mammals: Human	K28660	-1.4091140643019022	1.342946276964152	278
Plants	K00005	-0.9619937279618267	0.9715657578111934	35
Plants	K00010	1.4243356242459244	-1.4046118857088457	86
Plants	K00014	1.8308804846033608	-1.7097660266196717	241
Plants	K00019	3.136135918693341	-3.0297640443496845	96
Plants	K00021	0.4230969875820208	-0.47617503272109774	26
Plants	K00027	3.2407970572507723	-3.2700618495448843	189
Plants	K00028	3.2407970572507723	-3.2700618495448843	189
Plants	K00029	0.21571634079741836	-0.19790505789213697	20
Plants	K00060	0.7651031714875943	-0.7475091664861098	107
Plants	K00067	0.02451363142171859	-0.056718805098237596	194
Plants	K00077	3.1368383368186765	-3.034108520103781	157
Plants	K00082	-1.7046524865407724	1.7388894763514846	274
Plants	K00099	0.14101251355929567	-0.2156535532981607	252
Plants	K00107	-1.805833864798723	1.7477875538480472	75
Plants	K00108	-0.826077013578863	0.8145579948663806	140
Plants	K00121	0.6745700763295632	-0.6362052242540867	188
Plants	K00122	-0.7112922418031703	0.7153982925510459	169
Plants	K00123	-0.7112922418031703	0.7153982925510459	169
Plants	K00124	-0.7112922418031703	0.7153982925510459	169
Plants	K00126	-0.7112922418031703	0.7153982925510459	169
Plants	K00127	-0.7112922418031703	0.7153982925510459	169
Plants	K00133	4.159188406233747	-4.22597525625776	275
Plants	K00147	-0.248823193020498	0.17253548973705637	262
Plants	K00156	-1.5882229864289392	1.60294591304611	92
Plants	K00200	0.014397961061066097	-0.04414845007721097	16
Plants	K00201	0.014397961061066097	-0.04414845007721097	16
Plants	K00202	0.014397961061066097	-0.04414845007721097	16
Plants	K00203	0.014397961061066097	-0.04414845007721097	16
Plants	K00204	0.014397961061066097	-0.04414845007721097	16
Plants	K00205	0.014397961061066097	-0.04414845007721097	16
Plants	K00211	-2.7243911826360048	2.7514574435437744	75
Plants	K00216	2.0216376941199807	-1.9820060225785867	39
Plants	K00220	-1.9956467601029062	2.0169338453283725	128
Plants	K00228	2.148820527489509	-2.1370529733500656	220
Plants	K00231	-0.1537734826050614	0.11020399517902231	50
Plants	K00233	1.1433526602341617	-1.1721475119410334	221
Plants	K00234	1.1433526602341617	-1.1721475119410334	221
Plants	K00235	1.1433526602341617	-1.1721475119410334	221
Plants	K00236	1.1433526602341617	-1.1721475119410334	221
Plants	K00237	1.1433526602341617	-1.1721475119410334	221
Plants	K00239	1.1433526602341617	-1.1721475119410334	221
Plants	K00240	1.1433526602341617	-1.1721475119410334	221
Plants	K00241	1.1433526602341617	-1.1721475119410334	221
Plants	K00242	1.1433526602341617	-1.1721475119410334	221
Plants	K00244	1.1433526602341617	-1.1721475119410334	221
Plants	K00245	1.1433526602341617	-1.1721475119410334	221
Plants	K00246	1.1433526602341617	-1.1721475119410334	221
Plants	K00247	1.1433526602341617	-1.1721475119410334	221
Plants	K00254	0.8643761338685076	-0.9592320873499086	273
Plants	K00288	3.514742151243107	-3.4616945933777137	246
Plants	K00297	0.9851440667944882	-0.9881961629448703	241
Plants	K00299	3.003999509154113	-2.996567447157226	236
Plants	K00300	3.514742151243107	-3.4616945933777137	246
Plants	K00301	1.936997325267971	-1.9307206296812611	119
Plants	K00302	1.936997325267971	-1.9307206296812611	119
Plants	K00303	1.936997325267971	-1.9307206296812611	119
Plants	K00304	1.936997325267971	-1.9307206296812611	119
Plants	K00305	1.936997325267971	-1.9307206296812611	119
Plants	K00306	1.3901660982097144	-1.3514382600653554	119
Plants	K00361	1.757551217571002	-1.7757594415835156	201
Plants	K00362	1.7575512175710017	-1.775759441583516	201
Plants	K00363	1.7575512175710017	-1.775759441583516	201
Plants	K00376	0.29075698465091326	-0.2856286310720705	24
Plants	K00384	-0.07533053299333863	0.07196561694339453	280
Plants	K00390	0.022483082912840433	-0.08339842464228865	241
Plants	K00450	-0.3002964749034679	0.2946424205381196	19
Plants	K00451	-0.0529454327405899	0.04874318834016036	140
Plants	K00455	-0.20472165659619468	0.19973029333340042	69
Plants	K00456	0.05747672459639453	-0.07367138078848423	15
Plants	K00548	-1.9237638403798234	1.7873362839590725	245
Plants	K00549	0.5305046127149515	-0.47002785398677593	194
Plants	K00560	0.6541663021309418	-0.6354869258745998	196
Plants	K00564	-4.606530369481605	4.6219353360479	113
Plants	K00587	0.22371468056027277	-0.19122700582765362	24
Plants	K00603	1.4574062412301685	-1.3926617437348527	273
Plants	K00608	0.30624139693197183	-0.3051483141169106	271
Plants	K00609	0.30624139693197183	-0.3051483141169106	271
Plants	K00610	0.30624139693197183	-0.3051483141169106	271
Plants	K00620	0.5352107213146858	-0.5839432058695527	234
Plants	K00639	0.22869501621582478	-0.215480989971694	137
Plants	K00640	0.8396326324979364	-0.7173464004835193	240
Plants	K00641	1.6073475744870338	-1.6356354195165754	168
Plants	K00643	0.914989862989431	-0.8915299146580254	78
Plants	K00651	1.6073475744870338	-1.6356354195165754	168
Plants	K00652	1.2583866470696803	-1.2311618131615532	171
Plants	K00672	-0.4616002661769719	0.40927404401917045	16
Plants	K00674	2.203598952745145	-2.18744799222358	226
Plants	K00681	2.568792521381543	-2.4666546825335907	238
Plants	K00748	-0.6503926565425944	0.6469355998968219	216
Plants	K00761	2.1305168542203146	-2.1955853379797667	267
Plants	K00763	-0.2023227266841187	0.2955158720385157	249
Plants	K00766	3.7885878313203554	-3.7833279543972496	269
Plants	K00767	-1.4650250412012935	1.284171651923161	262
Plants	K00768	1.5870649226264006	-1.6526715028665988	201
Plants	K00788	1.692646662086136	-1.7233545696887127	241
Plants	K00790	1.6803189756515593	-1.7506679139512031	275
Plants	K00800	2.9302299294954914	-2.879628027504691	234
Plants	K00804	-0.8772911587243066	0.7437976044729336	70
Plants	K00820	4.7360558789710785	-4.7868363374308815	277
Plants	K00833	0.718172760169235	-0.7110478373664372	208
Plants	K00849	-2.401074234900751	2.3756511380960106	107
Plants	K00851	-0.8076406777183488	0.8311834609953196	225
Plants	K00854	1.6136897607754705	-1.638227520624506	219
Plants	K00855	0.5871741093582897	-0.6085071022445336	65
Plants	K00858	1.601124126909533	-1.7236488985801506	245
Plants	K00863	1.0088932019055477	-1.0223990710574011	133
Plants	K00864	0.651100232533452	-0.7362745498182831	258
Plants	K00872	0.8613710699056056	-0.8412050752526854	266
Plants	K00877	1.6008578430318916	-1.6650481055339483	240
Plants	K00878	-0.9738413736647831	0.9159966909751601	85
Plants	K00884	2.5615284917648795	-2.5741733487188085	54
Plants	K00891	0.09346729055407985	-0.10110943504387702	115
Plants	K00899	0.06264838742664808	-0.1147330115395786	67
Plants	K00927	0.5127071116960359	-0.544788600732458	194
Plants	K00928	-2.141386636836079	2.0867315801737596	271
Plants	K00931	1.4817095664700832	-1.5213182146241389	262
Plants	K00941	-1.581207164411406	1.5207985830949764	240
Plants	K00946	1.3978200135880765	-1.393636459633453	218
Plants	K00948	0.3481316515257434	-0.3394285256105852	242
Plants	K00950	-1.7826608695480792	1.8727632813435673	258
Plants	K00954	0.15238264771757917	-0.1865065589757334	281
Plants	K00963	1.3422587606913217	-1.3501178456566554	230
Plants	K00965	0.11248019922105207	-0.20093625378247307	87
Plants	K00966	0.0855207734291246	-0.10547645453115698	18
Plants	K00971	0.0855207734291246	-0.10547645453115698	18
Plants	K00973	-0.6753140278574973	0.621060384240636	246
Plants	K00975	1.3488456059900387	-1.4655281569975311	158
Plants	K00978	-0.9811849596366922	0.9815445429932572	93
Plants	K00995	0.633464303782685	-0.5302331672121227	254
Plants	K01003	-3.355414278945418	3.3242445348552887	53
Plants	K01006	1.9028576819566252	-1.9025869720396125	97
Plants	K01007	1.8139021620008144	-1.8319792683047627	132
Plants	K01008	0.022507024367102724	-0.01766853363296253	106
Plants	K01011	-5.790645697190962	5.816677788699239	147
Plants	K01012	2.0108353261170597	-2.011074496376512	218
Plants	K01057	1.9311684048163096	-1.9596022285548191	233
Plants	K01067	-0.8924678718093271	0.8784134060168153	23
Plants	K01070	0.2515955650100458	-0.2486066107689835	184
Plants	K01079	-1.385987269036392	1.3181557778353021	220
Plants	K01089	0.29831787607203103	-0.28125620908760207	264
Plants	K01091	3.3267486714180126	-3.3908975226024065	107
Plants	K01129	-1.9578783673629054	1.9809337723625204	139
Plants	K01433	2.321146628503734	-2.121328329255246	237
Plants	K01439	1.0392574389819536	-1.0370238182282725	228
Plants	K01455	1.9628079284044961	-1.9537158642296215	54
Plants	K01457	0.7363934487969479	-0.6730773943810751	127
Plants	K01458	0.019913760041992117	-0.02694036652252292	152
Plants	K01465	2.1344525912246404	-1.9991862711992863	208
Plants	K01468	0.2928554148780815	-0.3091995534501644	207
Plants	K01469	1.5152938495353028	-1.409324648647835	198
Plants	K01477	-1.236691089785429	1.113222115274145	130
Plants	K01479	-0.9036354468048733	0.9101976995783999	42
Plants	K01480	0.2979893663492639	-0.23565119114104516	148
Plants	K01484	-0.5103066431424388	0.5033058037799553	82
Plants	K01491	3.514742151243107	-3.4616945933777137	246
Plants	K01495	1.3375953937839056	-1.3090248497467023	267
Plants	K01496	-0.052830594758490064	0.0741635706739384	269
Plants	K01497	2.2297124347071686	-2.212956005752954	200
Plants	K01498	-0.5111892703154551	0.49355852521530236	260
Plants	K01499	0.3626390936242707	-0.3845673689882786	16
Plants	K01505	0.47084829738446327	-0.4359345193401236	86
Plants	K01523	3.5655740745317823	-3.4968977649409174	269
Plants	K01525	-1.3638474772948566	1.3695478779936887	115
Plants	K01555	0.8693190032437624	-0.9137903142929878	114
Plants	K01583	0.30659471023537826	-0.3260995796962794	98
Plants	K01584	0.30659471023537826	-0.3260995796962794	98
Plants	K01585	0.30659471023537826	-0.3260995796962794	98
Plants	K01586	-1.6464351487830615	1.609993257857023	258
Plants	K01587	-1.1691370249244946	1.3293490658035827	274
Plants	K01591	2.3554191492967096	-2.3585336717262098	275
Plants	K01595	1.646415720161674	-1.7154155562583748	208
Plants	K01607	1.0075529779028536	-0.9969625512212988	127
Plants	K01608	0.4513124057728179	-0.42702353342667887	88
Plants	K01610	-1.5181373526409514	1.5083837963926807	126
Plants	K01611	0.6154890169405433	-0.6419077622551101	85
Plants	K01613	-3.2356530624400848	3.3349788070536506	176
Plants	K01619	0.48213099994623076	-0.4916737733110246	189
Plants	K01626	0.9161358613942922	-1.0929006448994762	219
Plants	K01627	-0.575864250289104	0.5228470830910117	213
Plants	K01631	-1.3461294623782514	1.3058948155131163	131
Plants	K01637	-1.0907206283683222	1.0698676445428361	201
Plants	K01638	-0.6641644937966407	0.6249961968243541	214
Plants	K01643	0.2641474684998349	-0.1905267701060131	31
Plants	K01644	0.2641474684998349	-0.1905267701060131	31
Plants	K01646	0.2641474684998349	-0.1905267701060131	31
Plants	K01647	-0.5709140194536837	0.5927916566125837	33
Plants	K01649	-1.7904849465203314	1.7332368243878304	266
Plants	K01655	0.2297232474390231	-0.24667997889249385	30
Plants	K01659	1.6482131612705762	-1.593913601248452	107
Plants	K01662	1.1605920326892398	-1.230865050902323	272
Plants	K01664	0.5263550582314024	-0.5514755356750637	118
Plants	K01665	0.5263550582314024	-0.5514755356750637	118
Plants	K01666	-0.9574693192286208	0.9312129438227683	40
Plants	K01675	1.5959795654193127	-1.5632303767790114	242
Plants	K01676	1.5959795654193127	-1.5632303767790114	242
Plants	K01677	1.5959795654193127	-1.5632303767790114	242
Plants	K01678	1.5959795654193127	-1.5632303767790114	242
Plants	K01679	1.5959795654193127	-1.5632303767790114	242
Plants	K01684	0.48809358654434754	-0.49925513222850154	118
Plants	K01686	-1.4972578969885846	1.5631820671314671	139
Plants	K01690	-0.20427784649200173	0.10811664634272918	157
Plants	K01693	0.6124498025228153	-0.5961009240344709	264
Plants	K01694	-1.9112478975357592	1.6600891181289492	268
Plants	K01695	-1.9112478975357592	1.6600891181289492	268
Plants	K01696	-1.9112478975357592	1.6600891181289492	268
Plants	K01698	0.10018125716205963	-0.011922490422958591	273
Plants	K01707	0.42328021118569475	-0.40439701691350827	116
Plants	K01708	-0.8440771907289323	0.8718274888248245	112
Plants	K01709	-0.7074485345506872	0.7160289191654255	74
Plants	K01710	0.31597462219390254	-0.36162408015963127	257
Plants	K01711	3.358744471879329	-3.3312079740909244	152
Plants	K01712	1.3779274286728773	-1.3581522820729772	208
Plants	K01719	0.8180629252605757	-0.9377324511452211	205
Plants	K01724	1.0073913289524228	-1.056104758513193	164
Plants	K01734	-0.15508016997402835	0.11643502734240145	119
Plants	K01735	1.414794149651642	-1.4372275653095934	267
Plants	K01736	2.352552544319297	-2.3197807086233873	271
Plants	K01749	2.5374865871085435	-2.6171040739609484	272
Plants	K01756	-0.7395193169929976	0.8405565043200887	281
Plants	K01759	-0.4671401063106753	0.42786111175228764	119
Plants	K01772	-0.340086439495567	0.281708731059665	272
Plants	K01774	1.5959795654193127	-1.5632303767790114	242
Plants	K01775	-0.9680931120949505	1.0290111430516662	275
Plants	K01776	-0.5547161183221139	0.5594778737335446	249
Plants	K01778	0.05394021963133553	0.001169098633207238	274
Plants	K01783	3.3535518262175863	-3.271921629957608	281
Plants	K01790	1.7559700325951302	-1.651480292971601	229
Plants	K01798	-0.9680931120949505	1.0290111430516662	275
Plants	K01803	1.7662445210289561	-1.6553760315520212	280
Plants	K01804	0.3314204458978774	-0.296740369137583	78
Plants	K01807	-0.04207611870724289	0.01176312340902207	243
Plants	K01808	-0.04207611870724289	0.01176312340902207	243
Plants	K01813	0.14366542512909436	-0.1638959826450563	102
Plants	K01814	1.5934028877710118	-1.5778812451530264	264
Plants	K01815	0.3982496003902139	-0.3985360743728495	104
Plants	K01817	1.6227267858383532	-1.670083650890619	235
Plants	K01820	0.14366542512909436	-0.1638959826450563	102
Plants	K01823	-0.276760682645367	0.24639704201308665	125
Plants	K01837	-1.7315408671298693	1.7960519279541278	244
Plants	K01838	1.4061658355483606	-1.3912662763216699	39
Plants	K01845	2.0224337176651996	-2.044212646899053	197
Plants	K01847	-0.0438476931414053	-0.15915913495692008	123
Plants	K01848	-0.0438476931414053	-0.15915913495692008	123
Plants	K01849	-0.0438476931414053	-0.15915913495692008	123
Plants	K01850	-4.537134531709189	4.667512211487701	66
Plants	K01851	-0.27606544945424366	0.3316923030868486	66
Plants	K01857	2.752422040036419	-2.7401195151580695	143
Plants	K01858	1.4347327814120594	-1.398874673199602	34
Plants	K01866	0.05649860796677853	-0.09955224239125984	281
Plants	K01869	2.0568927555842738	-1.9731991367039383	278
Plants	K01870	-2.704479892338217	2.5973668132147973	281
Plants	K01873	-2.594640990326737	2.435638296573864	281
Plants	K01907	1.9487102511012737	-1.9633510274742412	114
Plants	K01910	-1.3353463745113612	1.3550357586276303	29
Plants	K01912	2.5058850818315968	-2.5439804301652393	113
Plants	K01915	2.492692572040229	-2.3472594075315687	276
Plants	K01919	-0.659553301194264	0.47647190764527175	255
Plants	K01920	1.6806000680716375	-1.7143147222161785	195
Plants	K01921	0.7097097912677558	-0.5632434598086644	273
Plants	K01923	3.637211572895015	-3.4347213449000105	271
Plants	K01924	-1.3226811548351665	1.3260877473220376	275
Plants	K01925	-1.1935313471399653	1.1875489304049578	275
Plants	K01928	-0.30058718465226936	0.33197131313537764	15
Plants	K01933	-0.3207360672188606	0.293877991795034	248
Plants	K01934	1.4574062412301685	-1.3926617437348527	273
Plants	K01935	-2.236104631026697	2.3192918029074354	210
Plants	K01939	-1.5650728742146967	1.3954172665149014	281
Plants	K01941	-0.7817286753567317	0.8319571088708272	91
Plants	K01945	-0.8986955103519216	0.8684475824957787	275
Plants	K01952	2.057094449904146	-2.1056384178527514	274
Plants	K01958	-1.0786159332201484	1.0585113967348518	83
Plants	K01959	-1.0786159332201484	1.0585113967348518	83
Plants	K01960	-1.0786159332201484	1.0585113967348518	83
Plants	K02201	0.15238264771757917	-0.1865065589757334	281
Plants	K02203	-0.5193262254214053	0.6604852254992505	269
Plants	K02204	0.8613710699056056	-0.8412050752526854	266
Plants	K02226	0.25886655540647485	-0.2511683205569884	66
Plants	K02230	1.8970430331549744	-1.7785602764264457	165
Plants	K02302	-4.409707751970883	4.506387440055788	165
Plants	K02304	-4.409707751970883	4.506387440055788	165
Plants	K02318	-0.2683439410160295	0.24807979048577256	281
Plants	K02361	-0.27606544945424366	0.3316923030868486	66
Plants	K02439	-5.790645697190962	5.816677788699239	147
Plants	K02488	0.12246469422509494	0.03115156645116112	191
Plants	K02492	1.0173809888454983	-1.0433385640670816	198
Plants	K02552	-0.27606544945424366	0.3316923030868486	66
Plants	K02564	-0.7739989796828901	0.7486416093630184	95
Plants	K02594	0.2297232474390231	-0.24667997889249385	30
Plants	K02609	-0.5749125744260212	0.5553296787289	94
Plants	K02610	-0.5749125744260212	0.5553296787289	94
Plants	K02611	-0.5749125744260212	0.5553296787289	94
Plants	K02612	-0.5749125744260212	0.5553296787289	94
Plants	K02613	-0.5749125744260212	0.5553296787289	94
Plants	K02619	-0.4436217160736502	0.4563022779481271	84
Plants	K02626	0.30659471023537826	-0.3260995796962794	98
Plants	K02805	0.7344707247676162	-0.7174957193946226	58
Plants	K02825	2.1305168542203146	-2.1955853379797667	267
Plants	K02851	1.101887480887963	-1.070206995920906	29
Plants	K02858	0.6306275459046373	-0.6912139167136738	259
Plants	K03077	-1.2492521831316818	1.2915839929958786	61
Plants	K03274	1.1240496129226947	-1.116100127614889	88
Plants	K03335	2.055497542109462	-2.0047438203088186	115
Plants	K03342	0.3204630744404038	-0.2848975573532027	147
Plants	K03394	-0.354030486255245	0.3588420136359632	167
Plants	K03396	0.28025599593134104	-0.28857952680933113	50
Plants	K03417	1.9175164158099218	-1.9140379564067305	104
Plants	K03430	-0.25349173220391075	0.1829001064612779	65
Plants	K03431	-0.17537272262384068	0.08897970384770414	274
Plants	K03465	1.5642017749311092	-1.526409403268242	52
Plants	K03474	-0.06389965444320686	-0.0017818400416321689	215
Plants	K03526	1.7335603668058597	-1.8514086929077422	264
Plants	K03527	2.381670396459817	-2.4287750001463615	252
Plants	K03707	0.6158335342391943	-0.6737920216779748	45
Plants	K03777	-1.1303582527207197	1.1744971761339196	127
Plants	K03778	-1.1303582527207197	1.1744971761339196	127
Plants	K03785	1.9712624545527186	-1.7869589413375313	265
Plants	K03786	1.9712624545527186	-1.7869589413375313	265
Plants	K03794	-3.0410974376585402	3.033412491606313	147
Plants	K03856	0.9161358613942922	-1.0929006448994762	219
Plants	K04092	-4.537134531709189	4.667512211487701	66
Plants	K04093	-4.537134531709189	4.667512211487701	66
Plants	K04118	-0.8755178210838488	0.8781906650253251	14
Plants	K04486	-0.9893486049928334	1.049351969071808	187
Plants	K04516	-4.537134531709189	4.667512211487701	66
Plants	K04517	-1.9956467601029062	2.0169338453283725	128
Plants	K04720	0.424582634856306	-0.4580633893534592	195
Plants	K04835	0.7312433182654756	-0.7229579807107424	11
Plants	K05306	0.3307504635399946	-0.3255818622971874	57
Plants	K05308	0.48809358654434754	-0.49925513222850154	118
Plants	K05602	-0.9893486049928334	1.049351969071808	187
Plants	K05774	0.23828223377806187	-0.25180161493299863	138
Plants	K05878	1.2208947679558442	-1.1649831038878422	108
Plants	K05879	1.2208947679558442	-1.1649831038878422	108
Plants	K05881	1.2208947679558442	-1.1649831038878422	108
Plants	K05887	1.8308804846033608	-1.7097660266196717	241
Plants	K05942	-0.5709140194536837	0.5927916566125837	33
Plants	K06001	-1.9112478975357592	1.6600891181289492	268
Plants	K06048	-0.659553301194264	0.47647190764527175	255
Plants	K06153	0.9731567626365244	-0.9051081723116563	266
Plants	K06208	-4.537134531709189	4.667512211487701	66
Plants	K06209	-4.537134531709189	4.667512211487701	66
Plants	K06447	-0.7263271670994628	0.7277539721445363	86
Plants	K06718	0.3577574477243529	-0.3406144570995655	28
Plants	K06879	-1.0853734387097347	1.0716832616388454	207
Plants	K07026	1.2905792443490585	-1.2823101797240544	20
Plants	K07127	-0.6674330157525645	0.7351571764072212	189
Plants	K07142	-1.7826608695480792	1.8727632813435673	258
Plants	K07160	1.5152938495353028	-1.409324648647835	198
Plants	K07404	1.9311684048163096	-1.9596022285548191	233
Plants	K07749	-0.9955432616571055	1.003968573365703	43
Plants	K08316	-4.606530369481605	4.6219353360479	113
Plants	K08323	-1.4972578969885846	1.5631820671314671	139
Plants	K08678	1.6855827916195167	-1.5910544113367078	86
Plants	K08963	2.611619654422338	-2.629829036715641	147
Plants	K08967	-1.426263957696934	1.4688043721941904	56
Plants	K09007	1.3375953937839056	-1.3090248497467023	267
Plants	K09457	-1.0853734387097347	1.0716832616388454	207
Plants	K09882	1.8970430331549744	-1.7785602764264457	165
Plants	K09883	1.8970430331549744	-1.7785602764264457	165
Plants	K10977	0.2297232474390231	-0.24667997889249385	30
Plants	K11204	-0.659553301194264	0.47647190764527175	255
Plants	K11205	-0.659553301194264	0.47647190764527175	255
Plants	K11260	0.014397961061066097	-0.04414845007721097	16
Plants	K11261	0.014397961061066097	-0.04414845007721097	16
Plants	K11391	-4.606530369481605	4.6219353360479	113
Plants	K11395	-1.3461294623782514	1.3058948155131163	131
Plants	K11540	3.7335882621046412	-3.53915973191251	275
Plants	K11541	0.30624139693197183	-0.3051483141169106	271
Plants	K11752	-3.493467434673143	3.544610320803977	274
Plants	K11753	1.3079106091986943	-1.3468144311843842	242
Plants	K11755	1.118376920706886	-0.9460727515913955	269
Plants	K11787	0.5149347864125624	-0.5109993136694782	275
Plants	K11788	0.5149347864125624	-0.5109993136694782	275
Plants	K11808	-3.9919533183757774	3.9365220568036294	274
Plants	K12251	0.4881889231543664	-0.5121880440933253	59
Plants	K12297	-4.606530369481605	4.6219353360479	113
Plants	K12447	2.269256028524922	-2.299455039786708	230
Plants	K12449	1.6855827916195167	-1.5910544113367078	86
Plants	K12506	4.548896189498632	-4.591407598857724	263
Plants	K12524	-2.141386636836079	2.0867315801737596	271
Plants	K12525	-2.141386636836079	2.0867315801737596	271
Plants	K12526	-1.406946435311674	1.332836554043682	274
Plants	K12657	1.7333942530203563	-1.7237001146180355	262
Plants	K13069	0.12246469422509494	0.03115156645116112	191
Plants	K13243	1.232070181880716	-1.0988426725390281	174
Plants	K13244	1.232070181880716	-1.0988426725390281	174
Plants	K13245	1.232070181880716	-1.0988426725390281	174
Plants	K13246	1.232070181880716	-1.0988426725390281	174
Plants	K13421	2.3554191492967096	-2.3585336717262098	275
Plants	K13484	-0.43825991745153536	0.5066948596686025	189
Plants	K13497	3.7885878313203554	-3.7833279543972496	269
Plants	K13498	1.6227267858383532	-1.670083650890619	235
Plants	K13501	1.6227267858383532	-1.670083650890619	235
Plants	K13540	-0.354030486255245	0.3588420136359632	167
Plants	K13542	0.8180629252605757	-0.9377324511452211	205
Plants	K13543	0.8180629252605757	-0.9377324511452211	205
Plants	K13562	3.003999509154113	-2.996567447157226	236
Plants	K13713	3.373997156696427	-3.217602445813198	275
Plants	K13786	2.377532580617907	-2.3404413157641257	255
Plants	K13787	-0.8772911587243066	0.7437976044729336	70
Plants	K13789	-0.8772911587243066	0.7437976044729336	70
Plants	K13829	-2.2910482429990444	2.152754799632248	267
Plants	K13830	2.650112011083338	-2.531805342612968	275
Plants	K13832	2.7349246909540788	-2.573020396952949	272
Plants	K13853	-0.6735111214713603	0.4973382202465567	245
Plants	K13937	1.9311684048163096	-1.9596022285548191	233
Plants	K13939	-1.7826608695480792	1.8727632813435673	258
Plants	K13940	-1.7826608695480792	1.8727632813435673	258
Plants	K13941	-1.7826608695480792	1.8727632813435673	258
Plants	K13950	0.5263550582314024	-0.5514755356750637	118
Plants	K13998	0.6541663021309418	-0.6354869258745998	196
Plants	K14152	1.118376920706886	-0.9460727515913955	269
Plants	K14153	1.0301755927861778	-1.0276529598163906	255
Plants	K14154	0.6783263163424338	-0.6859022650293508	247
Plants	K14170	-4.537134531709189	4.667512211487701	66
Plants	K14187	-3.7723721011515674	3.8235240634440606	156
Plants	K14541	-0.9973616947307266	1.0681503674324249	131
Plants	K14584	1.3377753349391364	-1.37553408527863	29
Plants	K14652	1.9193716562129584	-2.093671997168424	271
Plants	K14727	1.0075529779028536	-0.9969625512212988	127
Plants	K14759	-0.5695793506095178	0.5913764661653051	84
Plants	K15461	-0.7935546863472529	0.7259040211218384	146
Plants	K15789	0.7651031714875943	-0.7475091664861098	107
Plants	K15792	-0.30058718465226936	0.33197131313537764	15
Plants	K15918	0.6081139561407846	-0.49284927276617435	187
Plants	K16011	0.0855207734291246	-0.10547645453115698	18
Plants	K16171	0.8693190032437624	-0.9137903142929878	114
Plants	K16881	0.0855207734291246	-0.10547645453115698	18
Plants	K16953	-1.2302140169631604	1.2409705708379115	43
Plants	K17877	1.757551217571002	-1.7757594415835156	201
Plants	K18365	-0.9574693192286208	0.9312129438227683	40
Plants	K18482	-0.4436217160736502	0.4563022779481271	84
Plants	K18592	2.568792521381543	-2.4666546825335907	238
Plants	K18649	-0.9893486049928334	1.049351969071808	187
Plants	K18859	1.1433526602341617	-1.1721475119410334	221
Plants	K18860	1.1433526602341617	-1.1721475119410334	221
Plants	K18911	1.358808759562872	-1.326451107945678	81
Plants	K19269	3.3267486714180126	-3.3908975226024065	107
Plants	K19285	3.003999509154113	-2.996567447157226	236
Plants	K19286	3.003999509154113	-2.996567447157226	236
Plants	K19302	0.9731567626365244	-0.9051081723116563	266
Plants	K19562	-2.001169492722879	2.1058739211175457	211
Plants	K19670	-1.2297237287717822	1.1865633905274537	19
Plants	K19726	1.6139723885877784	-1.51321416563637	247
Plants	K19964	-0.6674330157525645	0.7351571764072212	189
Plants	K20023	-0.8440771907289323	0.8718274888248245	112
Plants	K20246	1.358808759562872	-1.326451107945678	81
Plants	K21219	1.0301755927861778	-1.0276529598163906	255
Plants	K21220	1.692646662086136	-1.7233545696887127	241
Plants	K21456	1.6806000680716375	-1.7143147222161785	195
Plants	K22223	3.3267486714180126	-3.3908975226024065	107
Plants	K22251	-0.9619937279618267	0.9715657578111934	35
Plants	K22305	-1.385987269036392	1.3181557778353021	220
Plants	K22316	0.25886655540647485	-0.2511683205569884	66
Plants	K22373	0.2172025783772946	-0.2203383917609542	10
Plants	K22391	1.3375953937839056	-1.3090248497467023	267
Plants	K22515	-0.7112922418031703	0.7153982925510459	169
Plants	K22920	1.3422587606913217	-1.3501178456566554	230
Plants	K23123	1.5152938495353028	-1.409324648647835	198
Plants	K23124	1.5152938495353028	-1.409324648647835	198
Plants	K23144	-0.8485750434373234	0.9586016210081988	275
Plants	K23264	2.057094449904146	-2.1056384178527514	274
Plants	K23265	2.057094449904146	-2.1056384178527514	274
Plants	K23269	2.057094449904146	-2.1056384178527514	274
Plants	K23270	2.057094449904146	-2.1056384178527514	274
Plants	K23304	0.8396326324979364	-0.7173464004835193	240
Plants	K23987	0.6550521959240783	-0.5720032915867416	242
Plants	K24017	0.5084900100727409	-0.48156755741892127	266
Plants	K24018	-2.4246401918733844	2.4014655517536188	266
Plants	K24042	-1.7336822064722965	1.7995606182832216	260
Plants	K24263	3.1368383368186765	-3.034108520103781	157
Plants	K24866	-3.706899882439549	3.722856122602762	165
Plants	K25004	0.9851440667944882	-0.9881961629448703	241
Plants	K25009	0.9851440667944893	-0.9881961629448701	241
Plants	K25031	-0.8076406777183488	0.8311834609953196	225
Plants	K25528	-1.385987269036392	1.3181557778353021	220
Plants	K25801	1.1433526602341617	-1.1721475119410334	221
Plants	K25995	1.1433526602341617	-1.1721475119410334	221
Plants	K25996	1.1433526602341617	-1.1721475119410334	221
Plants	K26138	1.757551217571002	-1.7757594415835156	201
Plants	K26139	1.757551217571002	-1.7757594415835156	201
Plants	K27797	1.6482131612705762	-1.593913601248452	107
Plants	K28067	-1.2302140169631604	1.2409705708379115	43
Plants	K28068	-1.2302140169631604	1.2409705708379115	43
Plants	K28069	-1.2302140169631604	1.2409705708379115	43
Plants	K28126	-0.17537272262384068	0.08897970384770414	274
Plants	K28203	3.3267486714180126	-3.3908975226024065	107
Plants	K28207	2.5615284917648795	-2.5741733487188085	54
Plants	K28208	2.5615284917648795	-2.5741733487188085	54
Plants	K28462	0.5871741093582897	-0.6085071022445336	65
Plants	K28556	-0.8755178210838488	0.8781906650253251	14
Plants	K28660	1.3422587606913217	-1.3501178456566554	230
Mammals	K00005	-1.7933236720901575	1.7241808985165454	23
Mammals	K00010	0.7425020360035798	-0.753806272797674	25
Mammals	K00014	-1.456505414397186	1.5451780618997335	153
Mammals	K00027	2.391045676730403	-2.380025274951687	89
Mammals	K00028	2.391045676730403	-2.380025274951687	89
Mammals	K00029	2.845003157128649	-2.84502492036667	37
Mammals	K00067	0.3806902332155917	-0.3827579433400392	85
Mammals	K00077	-0.9148371715605892	0.9202748936442011	29
Mammals	K00082	1.7907751172431516	-1.678397815462639	161
Mammals	K00107	0.3737758594215168	-0.357940455489472	30
Mammals	K00121	-0.5811712583663281	0.5895505974160202	30
Mammals	K00122	0.7419982920104454	-0.71968849532338	74
Mammals	K00123	0.7419982920104454	-0.71968849532338	74
Mammals	K00124	0.7419982920104454	-0.71968849532338	74
Mammals	K00126	0.7419982920104454	-0.71968849532338	74
Mammals	K00127	0.7419982920104454	-0.71968849532338	74
Mammals	K00133	-6.0219959483270555	5.986891123948309	195
Mammals	K00228	2.088527850764617	-2.0776991752841996	69
Mammals	K00231	2.158501209398586	-2.155330137826834	64
Mammals	K00233	0.06667628663405803	-0.07175802817797296	56
Mammals	K00234	0.06667628663405803	-0.07175802817797296	56
Mammals	K00235	0.06667628663405803	-0.07175802817797296	56
Mammals	K00236	0.06667628663405803	-0.07175802817797296	56
Mammals	K00237	0.06667628663405803	-0.07175802817797296	56
Mammals	K00239	0.06667628663405803	-0.07175802817797296	56
Mammals	K00240	0.06667628663405803	-0.07175802817797296	56
Mammals	K00241	0.06667628663405803	-0.07175802817797296	56
Mammals	K00242	0.06667628663405803	-0.07175802817797296	56
Mammals	K00244	0.06667628663405803	-0.07175802817797296	56
Mammals	K00245	0.06667628663405803	-0.07175802817797296	56
Mammals	K00246	0.06667628663405803	-0.07175802817797296	56
Mammals	K00247	0.06667628663405803	-0.07175802817797296	56
Mammals	K00254	-0.5793007670605094	0.562335380106503	185
Mammals	K00265	-0.5451696247085204	0.49593283597695476	23
Mammals	K00266	-0.5451696247085204	0.49593283597695476	23
Mammals	K00288	-4.013243910252796	4.007545017798429	156
Mammals	K00297	0.10652136173770138	-0.060921784839592374	119
Mammals	K00299	-1.8846587615808197	1.917757033025207	112
Mammals	K00300	-4.013243910252796	4.007545017798429	156
Mammals	K00306	1.530909588072703	-1.6843162564623098	10
Mammals	K00361	0.13422502758020916	-0.15893820790698868	44
Mammals	K00362	0.1342250275802094	-0.15893820790698907	44
Mammals	K00363	0.1342250275802094	-0.15893820790698907	44
Mammals	K00384	0.6252083682880059	-0.5846291091545418	184
Mammals	K00390	1.2916205615643894	-1.3025327924575778	79
Mammals	K00544	-0.9486481209052471	0.9634414252903661	26
Mammals	K00548	0.7010705634619144	-0.67875246048361	75
Mammals	K00549	-0.08446024914563967	0.13459397986771476	115
Mammals	K00560	-0.9047585521740186	0.9265674268170924	128
Mammals	K00564	3.0557396645203854	-2.9973486912661933	45
Mammals	K00603	-1.8971989794539912	1.7764689134444125	191
Mammals	K00608	-0.5544112992300486	0.5390053310744806	178
Mammals	K00609	-0.5544112992300486	0.5390053310744806	178
Mammals	K00610	-0.5544112992300486	0.5390053310744806	178
Mammals	K00620	-1.100730161276345	1.0982340258467487	137
Mammals	K00640	-2.653777684049883	2.614475192321245	170
Mammals	K00641	-0.14924686276138302	0.1622301970585581	92
Mammals	K00651	-0.14924686276138302	0.1622301970585581	92
Mammals	K00681	-0.41917728625892575	0.28267185109497284	47
Mammals	K00748	0.6270507114460879	-0.6066590802678443	85
Mammals	K00761	-4.110576751164978	4.033561159849504	169
Mammals	K00763	0.8743245463060414	-0.861431400665895	161
Mammals	K00764	1.3508074762431799	-1.2899712296999442	184
Mammals	K00766	0.5839132364284478	-0.549804494586376	145
Mammals	K00767	2.1177089582527744	-1.982764440545579	127
Mammals	K00768	-5.113951627051745	5.104299964525952	67
Mammals	K00788	0.8195439993390621	-0.8394264691223705	124
Mammals	K00790	1.5728359541185366	-1.5004233869902805	184
Mammals	K00800	-0.05145991973376696	0.15545417954921803	180
Mammals	K00804	3.679409444257969	-3.6707313461273046	13
Mammals	K00820	-4.630664283513362	4.701836820971649	187
Mammals	K00849	0.2327588673692426	-0.2181079111475651	107
Mammals	K00851	1.749047337684386	-1.7082417260141067	97
Mammals	K00854	-0.5652786900991471	0.6316838794509122	89
Mammals	K00858	-0.31061579948857176	0.34645632603977766	132
Mammals	K00859	-0.23107226459099173	0.23354857564832301	197
Mammals	K00863	1.4976589098082278	-1.4377885216570472	85
Mammals	K00864	-1.75156652819335	1.7657728836001314	138
Mammals	K00877	0.2739105050504863	-0.16402758413697172	143
Mammals	K00878	1.322566877483201	-1.3293869053538383	84
Mammals	K00884	-3.5562940217177768	3.5778329022435704	33
Mammals	K00891	1.4108444250093104	-1.3874538903564257	110
Mammals	K00899	-0.24742709643175742	0.2830318812741368	11
Mammals	K00928	0.6716103378917252	-0.8303157250759156	191
Mammals	K00929	1.134311139119895	-1.2323335206954324	30
Mammals	K00931	-0.10326597606457856	-0.0723250876338775	158
Mammals	K00941	0.26066818776624784	-0.18076215740120782	142
Mammals	K00948	-0.6723258289126218	0.5773995802804828	189
Mammals	K00950	0.18213558431221008	-0.27023507845368755	169
Mammals	K00953	0.7601770650350093	-0.719248680442439	192
Mammals	K00963	0.29331581256953754	-0.23516026844327947	143
Mammals	K00965	1.1344576538876436	-1.1571889616481752	50
Mammals	K00966	-0.1726899967487225	0.13102881988482895	27
Mammals	K00971	-0.1726899967487225	0.13102881988482895	27
Mammals	K00972	-1.055797060437526	1.0687393485421535	165
Mammals	K00973	1.2431361865382706	-1.2415633392413388	133
Mammals	K00974	0.8652923739354229	-0.8809314883995706	28
Mammals	K00975	1.3200070079762503	-1.2856223811686833	117
Mammals	K00980	0.05390468566665216	-0.06994949741947265	39
Mammals	K00991	-0.7098708831807711	0.7771464731299053	140
Mammals	K00995	-0.7833773224681772	0.8112670184204357	182
Mammals	K01003	1.3351621988101912	-1.3822779613979725	36
Mammals	K01007	0.6385672806724643	-0.6531394494343845	40
Mammals	K01011	3.2779330062868106	-3.2606182670678554	29
Mammals	K01012	-0.88616568334904	0.8980976584574093	101
Mammals	K01067	0.9471457208962416	-0.9426175227487159	31
Mammals	K01089	0.44080249150651946	-0.42125908289817154	152
Mammals	K01091	-1.5205565848145364	1.5103417825403682	38
Mammals	K01129	-1.8711820104938808	1.76755352520521	108
Mammals	K01433	-1.8922186191455357	1.8614845125382222	94
Mammals	K01439	-1.2128304685376707	1.1759939872590035	109
Mammals	K01455	-1.3134273286633822	1.2952241567520935	22
Mammals	K01458	-0.4248080135576535	0.4683692496695423	13
Mammals	K01465	-0.8583411856090882	0.8537887227029879	121
Mammals	K01468	0.03800755109428226	-0.027012701835578315	69
Mammals	K01469	0.5502970515193307	-0.6837759366752718	70
Mammals	K01477	0.8571184586981738	-0.864872281201655	18
Mammals	K01479	-0.6341159263360946	0.4299730000583714	36
Mammals	K01480	-2.2431446022795303	2.1713813101612214	49
Mammals	K01491	-4.013243910252796	4.007545017798429	156
Mammals	K01495	-1.2236554701745597	1.135838997609953	143
Mammals	K01496	1.470518229270624	-1.4727721892549244	158
Mammals	K01497	-4.6806350293057655	4.696875675583096	131
Mammals	K01498	-0.617596467334806	0.6471949415829774	159
Mammals	K01520	0.3442573576538828	-0.31220912485313734	133
Mammals	K01523	0.9566492514080019	-0.9190145465598898	153
Mammals	K01586	-2.8216081674733733	2.8710580479177716	181
Mammals	K01587	0.8892705294576554	-0.8781761141448894	190
Mammals	K01591	0.04992007349005839	-0.037591556017377195	194
Mammals	K01595	0.9852589966060611	-0.964530785808809	71
Mammals	K01613	0.6252651522389765	-0.5704739158513483	75
Mammals	K01619	1.3118338507713885	-1.2840668587442936	139
Mammals	K01626	-0.18909876804574544	0.181255066680523	133
Mammals	K01627	2.099603162592882	-2.0342112939945967	84
Mammals	K01635	-0.006176876638357575	0.021072794843955286	29
Mammals	K01637	0.8264884108540017	-0.7591188058584599	64
Mammals	K01638	1.3755256151597721	-1.2650265030298908	55
Mammals	K01639	-0.48069569390330374	0.4952228118677649	30
Mammals	K01643	0.07510556212751028	-0.051762500722634615	28
Mammals	K01644	0.07510556212751028	-0.051762500722634615	28
Mammals	K01646	0.07510556212751028	-0.051762500722634615	28
Mammals	K01647	-0.7038020557394306	0.7129960162082541	11
Mammals	K01649	2.4966130076704474	-2.5660812276906175	167
Mammals	K01659	-1.41543159533555	1.4352851277871215	40
Mammals	K01662	-2.8687533820760094	2.9264186617576917	176
Mammals	K01664	-0.7256515775244807	0.6356336741599069	67
Mammals	K01665	-0.7256515775244807	0.6356336741599069	67
Mammals	K01666	-0.9183356327574258	0.8678805176456722	14
Mammals	K01675	-1.5013021255443664	1.546464478388516	147
Mammals	K01676	-1.5013021255443664	1.546464478388516	147
Mammals	K01677	-1.5013021255443664	1.546464478388516	147
Mammals	K01678	-1.5013021255443664	1.546464478388516	147
Mammals	K01679	-1.5013021255443664	1.546464478388516	147
Mammals	K01686	-0.3385525497741227	0.2757488113819272	61
Mammals	K01694	2.247935376296116	-2.261139519868827	168
Mammals	K01695	2.247935376296116	-2.261139519868827	168
Mammals	K01696	2.247935376296116	-2.261139519868827	168
Mammals	K01698	0.1581957066242444	-0.14283471619952362	155
Mammals	K01708	0.3328262044384924	-0.3502908785635172	14
Mammals	K01710	0.24075488578970897	-0.24926684504927818	140
Mammals	K01711	1.999735486478626	-1.8372497203596427	48
Mammals	K01712	0.20295452166862693	-0.19100479036417709	70
Mammals	K01719	-0.4785441728716605	0.5307020275656861	125
Mammals	K01724	0.9524506145390438	-0.9176165392891749	33
Mammals	K01734	1.2294853918908641	-1.215440613597374	52
Mammals	K01735	0.281150721924164	-0.22185402231662976	184
Mammals	K01736	-0.9505377369613429	0.9759289697338196	190
Mammals	K01746	0.7892716424126602	-0.7699812677269989	15
Mammals	K01756	-0.5753869170834836	0.5990471595703295	193
Mammals	K01772	-0.3691736671902555	0.37554147516799463	154
Mammals	K01774	-1.5013021255443664	1.546464478388516	147
Mammals	K01775	1.4850602548933234	-1.4573885945145257	181
Mammals	K01776	-1.1937275466947623	1.1825005945756573	183
Mammals	K01778	-0.5646907934759895	0.59564373168032	145
Mammals	K01783	-1.5881881463140781	1.590541498134303	198
Mammals	K01790	-1.0117402605573549	0.9290997798019466	73
Mammals	K01798	1.4850602548933234	-1.4573885945145257	181
Mammals	K01803	0.9397155989327008	-0.8494430593015119	179
Mammals	K01807	1.3746069662026625	-1.300555576292076	139
Mammals	K01808	1.3746069662026625	-1.300555576292076	139
Mammals	K01813	1.3493900124150262	-1.3388672861854711	26
Mammals	K01815	0.23862467472349602	-0.24925513662574958	28
Mammals	K01817	-1.6165831140958267	1.6430095165827883	117
Mammals	K01819	-0.3489823826692131	0.34172663865108643	13
Mammals	K01820	1.3493900124150262	-1.3388672861854711	26
Mammals	K01837	3.012476511875824	-2.9910713904712574	128
Mammals	K01838	-1.4221732774741787	1.4157010398863736	17
Mammals	K01845	-0.7514730452207002	0.815983457444953	142
Mammals	K01847	-0.7010257524732612	0.8161608113634474	44
Mammals	K01848	-0.7010257524732612	0.8161608113634474	44
Mammals	K01849	-0.7010257524732612	0.8161608113634474	44
Mammals	K01850	-0.9138641780031136	0.9535587345864418	48
Mammals	K01851	0.2615370040753638	-0.25488157211888984	80
Mammals	K01858	-1.8783624118869868	1.9024871760280948	41
Mammals	K01866	1.3288072379569784	-1.290037675841294	198
Mammals	K01870	-0.12496913257030132	0.1458231472024494	197
Mammals	K01893	-0.2071452312641231	0.2138734814169977	86
Mammals	K01910	-0.16491562220470413	0.16090350513204504	28
Mammals	K01912	0.6267131133428726	-0.6787221592768703	30
Mammals	K01915	0.42973934450301177	-0.3852685167315105	186
Mammals	K01919	0.995560173490199	-0.8236103673427915	116
Mammals	K01921	0.4841804180362265	-0.4044291471722053	183
Mammals	K01923	-2.6198302049039737	2.6397825648319544	185
Mammals	K01924	-0.23257957654302613	-0.016754026297737878	194
Mammals	K01925	1.4735766979558254	-1.4737883586323965	195
Mammals	K01934	-1.8971989794539912	1.7764689134444125	191
Mammals	K01935	1.5874027773217159	-1.501696079136824	100
Mammals	K01939	-4.355294424793806	4.361222001305542	194
Mammals	K01952	0.07725613488642581	-0.043229397356066714	187
Mammals	K01958	1.3866006421124508	-1.356753360765995	68
Mammals	K01959	1.3866006421124508	-1.356753360765995	68
Mammals	K01960	1.3866006421124508	-1.356753360765995	68
Mammals	K02203	-0.8522215047837705	1.0008488584267714	175
Mammals	K02226	0.516885974544699	-0.5022705971372676	15
Mammals	K02230	-0.19372673036666302	0.16483129628723986	33
Mammals	K02302	1.3169954564362691	-1.2606545824308482	51
Mammals	K02304	1.3169954564362691	-1.2606545824308482	51
Mammals	K02318	-0.5897406060466449	0.5887212676856051	198
Mammals	K02361	0.2615370040753638	-0.25488157211888984	80
Mammals	K02439	3.2779330062868106	-3.2606182670678554	29
Mammals	K02488	1.2764674065374986	-1.4093906554741806	60
Mammals	K02552	0.2615370040753638	-0.25488157211888984	80
Mammals	K02564	-0.45094309596335874	0.3208687801711271	94
Mammals	K02825	-4.110576751164978	4.033561159849504	169
Mammals	K02858	-2.819791443332032	2.725682391682468	127
Mammals	K03077	-0.04290741741351597	-0.058510905815778266	41
Mammals	K03335	-0.21986105964838515	0.2179866791383898	25
Mammals	K03342	0.10724667274875191	-0.27821381868658374	72
Mammals	K03417	-0.3725625026953525	0.40176201193242467	46
Mammals	K03430	0.03501426463196774	0.022803989176044075	16
Mammals	K03465	1.252468538550237	-1.2521897841917153	57
Mammals	K03527	-7.666205591909436	7.5601416830344785	164
Mammals	K03707	-0.08815200419509824	0.08282096281566728	48
Mammals	K03777	-0.9106847807546198	0.9258177971813148	29
Mammals	K03778	-0.9106847807546198	0.9258177971813148	29
Mammals	K03785	-3.695204193642981	3.740390116557426	175
Mammals	K03786	-3.695204193642981	3.740390116557426	175
Mammals	K03794	2.3349866851551373	-2.3249684589192876	31
Mammals	K03856	-0.18909876804574544	0.181255066680523	133
Mammals	K04042	-1.031958146455323	1.0488535813723319	165
Mammals	K04092	-0.9138641780031136	0.9535587345864418	48
Mammals	K04093	-0.9138641780031136	0.9535587345864418	48
Mammals	K04486	0.8874103623295392	-0.9109393627588721	93
Mammals	K04516	-0.9138641780031136	0.9535587345864418	48
Mammals	K04720	1.2896813395341602	-1.3036649498337687	51
Mammals	K05602	0.8874103623295392	-0.9109393627588721	93
Mammals	K05878	-0.19954825466061152	0.2516277566917429	77
Mammals	K05879	-0.19954825466061152	0.2516277566917429	77
Mammals	K05881	-0.19954825466061152	0.2516277566917429	77
Mammals	K05887	-1.456505414397186	1.5451780618997335	153
Mammals	K05942	-0.7038020557394306	0.7129960162082541	11
Mammals	K06001	2.247935376296116	-2.261139519868827	168
Mammals	K06048	0.995560173490199	-0.8236103673427915	116
Mammals	K06153	-0.06313341009285617	0.07054164503436314	164
Mammals	K06208	-0.9138641780031136	0.9535587345864418	48
Mammals	K06209	-0.9138641780031136	0.9535587345864418	48
Mammals	K07127	1.1180650643575454	-1.145866304651763	30
Mammals	K07142	0.18213558431221008	-0.27023507845368755	169
Mammals	K07160	0.5502970515193307	-0.6837759366752718	70
Mammals	K07558	0.8652923739354229	-0.8809314883995706	28
Mammals	K08302	-0.006176876638357575	0.021072794843955286	29
Mammals	K08316	3.0557396645203854	-2.9973486912661933	45
Mammals	K08323	-0.3385525497741227	0.2757488113819272	61
Mammals	K08963	0.7819816586850178	-0.7400742433633504	16
Mammals	K09007	-1.2236554701745597	1.135838997609953	143
Mammals	K09882	-0.19372673036666302	0.16483129628723986	33
Mammals	K09883	-0.19372673036666302	0.16483129628723986	33
Mammals	K11204	0.995560173490199	-0.8236103673427915	116
Mammals	K11205	0.995560173490199	-0.8236103673427915	116
Mammals	K11391	3.0557396645203854	-2.9973486912661933	45
Mammals	K11528	-1.055797060437526	1.0687393485421535	165
Mammals	K11540	-2.3540241128943404	2.3321572704705327	179
Mammals	K11541	-0.5544112992300486	0.5390053310744806	178
Mammals	K11752	2.5980733502265876	-2.511777435987003	161
Mammals	K11753	0.2975511050020143	-0.24651005688305822	192
Mammals	K11755	0.9584021086936634	-0.8906026236124973	159
Mammals	K11787	0.21638501806741833	-0.041024551843830595	190
Mammals	K11788	0.21638501806741833	-0.041024551843830595	190
Mammals	K11808	1.694109454462147	-1.6982119258891244	188
Mammals	K12297	3.0557396645203854	-2.9973486912661933	45
Mammals	K12447	0.08454263980189869	-0.00829289762175205	147
Mammals	K12506	-1.5207995881710914	1.5197677184340668	173
Mammals	K12524	0.6716103378917252	-0.8303157250759156	191
Mammals	K12525	0.6716103378917252	-0.8303157250759156	191
Mammals	K12526	-0.42552605426343304	0.3873133494352797	194
Mammals	K12657	-0.11956603011676609	-0.02004776260091985	159
Mammals	K13069	1.2764674065374986	-1.4093906554741806	60
Mammals	K13243	-0.8703714327099196	0.7820671412757708	43
Mammals	K13244	-0.8703714327099196	0.7820671412757708	43
Mammals	K13245	-0.8703714327099196	0.7820671412757708	43
Mammals	K13246	-0.8703714327099196	0.7820671412757708	43
Mammals	K13421	0.04992007349005839	-0.037591556017377195	194
Mammals	K13484	1.0678949548940335	-1.0951054153257547	30
Mammals	K13497	0.5839132364284478	-0.549804494586376	145
Mammals	K13498	-1.6165831140958267	1.6430095165827883	117
Mammals	K13501	-1.6165831140958267	1.6430095165827883	117
Mammals	K13542	-0.4785441728716605	0.5307020275656861	125
Mammals	K13543	-0.4785441728716605	0.5307020275656861	125
Mammals	K13562	-1.8846587615808197	1.917757033025207	112
Mammals	K13713	-1.1532495195305068	1.1535420569303343	191
Mammals	K13786	-1.2822274927154298	1.3569526412798532	72
Mammals	K13787	3.679409444257969	-3.6707313461273046	13
Mammals	K13789	3.679409444257969	-3.6707313461273046	13
Mammals	K13829	1.2542050481076716	-1.136453269726579	186
Mammals	K13830	-0.9598271467875348	1.171980777183046	190
Mammals	K13832	-1.3697247172903553	1.5252398583330562	182
Mammals	K13853	-0.8373975918896097	0.8782928488039176	145
Mammals	K13939	0.18213558431221008	-0.27023507845368755	169
Mammals	K13940	0.18213558431221008	-0.27023507845368755	169
Mammals	K13941	0.18213558431221008	-0.27023507845368755	169
Mammals	K13950	-0.7256515775244807	0.6356336741599069	67
Mammals	K13990	0.7892716424126602	-0.7699812677269989	15
Mammals	K13998	-0.9047585521740186	0.9265674268170924	128
Mammals	K14152	0.9584021086936634	-0.8906026236124973	159
Mammals	K14153	-0.9284537947002605	0.9988708552673915	150
Mammals	K14154	2.9950245372981392	-2.893471246249912	132
Mammals	K14170	-0.9138641780031136	0.9535587345864418	48
Mammals	K14187	-1.2624692788373135	1.2997863950945576	117
Mammals	K14541	-0.7085401554319357	0.5641611086984072	11
Mammals	K14652	-1.8525523804719866	1.7970371209380533	157
Mammals	K14656	0.7601770650350093	-0.719248680442439	192
Mammals	K14759	-0.9309967331899106	0.9553672124366818	113
Mammals	K15461	0.36985216240851015	-0.2604335778460771	56
Mammals	K15918	0.3287317123209694	-0.2581055636417818	118
Mammals	K16011	-0.1726899967487225	0.13102881988482895	27
Mammals	K16371	-0.006176876638357575	0.021072794843955286	29
Mammals	K16881	-0.1726899967487225	0.13102881988482895	27
Mammals	K17877	0.13422502758020916	-0.15893820790698868	44
Mammals	K18365	-0.9183356327574258	0.8678805176456722	14
Mammals	K18592	-0.41917728625892575	0.28267185109497284	47
Mammals	K18649	0.8874103623295392	-0.9109393627588721	93
Mammals	K18859	0.06667628663405803	-0.07175802817797296	56
Mammals	K18860	0.06667628663405803	-0.07175802817797296	56
Mammals	K19269	-1.5205565848145364	1.5103417825403682	38
Mammals	K19285	-1.8846587615808197	1.917757033025207	112
Mammals	K19286	-1.8846587615808197	1.917757033025207	112
Mammals	K19302	-0.06313341009285617	0.07054164503436314	164
Mammals	K19562	0.4508798298303884	-0.5032110233922811	102
Mammals	K19726	-0.5216726370291389	0.5786538846502768	171
Mammals	K19964	1.1180650643575454	-1.145866304651763	30
Mammals	K20023	0.3328262044384924	-0.3502908785635172	14
Mammals	K21219	-0.9284537947002605	0.9988708552673915	150
Mammals	K21220	0.8195439993390621	-0.8394264691223705	124
Mammals	K22223	-1.5205565848145364	1.5103417825403682	38
Mammals	K22251	-1.7933236720901575	1.7241808985165454	23
Mammals	K22316	0.516885974544699	-0.5022705971372676	15
Mammals	K22373	0.5380885597549883	-0.5401328527205341	24
Mammals	K22391	-1.2236554701745597	1.135838997609953	143
Mammals	K22515	0.7419982920104454	-0.71968849532338	74
Mammals	K22920	0.29331581256953754	-0.23516026844327947	143
Mammals	K22949	0.7601770650350093	-0.719248680442439	192
Mammals	K23123	0.5502970515193307	-0.6837759366752718	70
Mammals	K23124	0.5502970515193307	-0.6837759366752718	70
Mammals	K23144	1.1974690187294266	-1.1100370091020895	189
Mammals	K23264	0.07725613488642581	-0.043229397356066714	187
Mammals	K23265	0.07725613488642581	-0.043229397356066714	187
Mammals	K23269	0.07725613488642581	-0.043229397356066714	187
Mammals	K23270	0.07725613488642581	-0.043229397356066714	187
Mammals	K23304	-2.653777684049883	2.614475192321245	170
Mammals	K23987	-0.8872030593286493	0.7603050136749494	101
Mammals	K24017	1.210912395999103	-1.1737007615800603	149
Mammals	K24018	1.6584919953242059	-1.5718223838776766	188
Mammals	K24042	1.9324799421084193	-1.9445300105983827	126
Mammals	K24263	-0.9148371715605892	0.9202748936442011	29
Mammals	K24866	2.567183941126459	-2.5545164601831094	51
Mammals	K25004	0.10652136173770138	-0.060921784839592374	119
Mammals	K25009	0.10652136173770231	-0.060921784839591805	119
Mammals	K25031	1.749047337684386	-1.7082417260141067	97
Mammals	K25801	0.06667628663405803	-0.07175802817797296	56
Mammals	K25995	0.06667628663405803	-0.07175802817797296	56
Mammals	K25996	0.06667628663405803	-0.07175802817797296	56
Mammals	K26138	0.13422502758020916	-0.15893820790698868	44
Mammals	K26139	0.13422502758020916	-0.15893820790698868	44
Mammals	K27797	-1.41543159533555	1.4352851277871215	40
Mammals	K28192	-0.9938524043101231	1.0158864845497795	165
Mammals	K28203	-1.5205565848145364	1.5103417825403682	38
Mammals	K28207	-3.5562940217177768	3.5778329022435704	33
Mammals	K28208	-3.5562940217177768	3.5778329022435704	33
Mammals	K28660	0.29331581256953754	-0.23516026844327947	143
Food production	K00005	-1.1942383199056679	1.1611017741441139	24
Food production	K00010	-0.5131959690892143	0.5295169033908815	15
Food production	K00014	0.6546146916721401	-0.632970773790596	78
Food production	K00027	1.1240325734677037	-1.0641766085250937	48
Food production	K00028	1.1240325734677037	-1.0641766085250937	48
Food production	K00029	2.397367658512679	-2.370554517064886	23
Food production	K00067	0.25756424419478824	-0.31260758529025284	51
Food production	K00077	-0.7211340220150916	0.69588750382002	35
Food production	K00082	-1.4635703223773702	1.523983118471598	78
Food production	K00099	2.021559426995558	-1.9725509897412201	56
Food production	K00108	0.33894417192217524	-0.3316013375494818	28
Food production	K00121	-0.8471082580848333	0.8864861001407376	28
Food production	K00122	0.10747166928706992	-0.07123638354342576	35
Food production	K00123	0.10747166928706992	-0.07123638354342576	35
Food production	K00124	0.10747166928706992	-0.07123638354342576	35
Food production	K00126	0.10747166928706992	-0.07123638354342576	35
Food production	K00127	0.10747166928706992	-0.07123638354342576	35
Food production	K00133	-6.0168086316548814	5.922308124490231	99
Food production	K00147	-0.3691878558810589	0.3447573026480036	82
Food production	K00148	-2.4380882651926665	2.4679470275152053	12
Food production	K00158	-0.4369011297631364	0.48584656371749513	26
Food production	K00228	-0.69754208961741	0.7253221913814106	29
Food production	K00231	-0.03313887813768779	0.04616856164369291	26
Food production	K00233	-0.7115520154271532	0.7132727672227935	31
Food production	K00234	-0.7115520154271532	0.7132727672227935	31
Food production	K00235	-0.7115520154271532	0.7132727672227935	31
Food production	K00236	-0.7115520154271532	0.7132727672227935	31
Food production	K00237	-0.7115520154271532	0.7132727672227935	31
Food production	K00239	-0.7115520154271532	0.7132727672227935	31
Food production	K00240	-0.7115520154271532	0.7132727672227935	31
Food production	K00241	-0.7115520154271532	0.7132727672227935	31
Food production	K00242	-0.7115520154271532	0.7132727672227935	31
Food production	K00244	-0.7115520154271532	0.7132727672227935	31
Food production	K00245	-0.7115520154271532	0.7132727672227935	31
Food production	K00246	-0.7115520154271532	0.7132727672227935	31
Food production	K00247	-0.7115520154271532	0.7132727672227935	31
Food production	K00254	-1.9790678835382935	2.012490291897165	95
Food production	K00288	-1.6514283852746106	1.6650635477150126	71
Food production	K00297	-1.4056592874145328	1.388927727856616	53
Food production	K00299	-2.687330387957162	2.7570672582367153	87
Food production	K00300	-1.6514283852746106	1.6650635477150126	71
Food production	K00301	0.2941461195459172	-0.3710049311072224	12
Food production	K00302	0.2941461195459172	-0.3710049311072224	12
Food production	K00303	0.2941461195459172	-0.3710049311072224	12
Food production	K00304	0.2941461195459172	-0.3710049311072224	12
Food production	K00305	0.2941461195459172	-0.3710049311072224	12
Food production	K00306	0.45232666707135283	-0.5246487359648374	12
Food production	K00361	-0.39819405548456854	0.35634377563586156	28
Food production	K00362	-0.3981940554845686	0.3563437756358618	28
Food production	K00363	-0.3981940554845686	0.3563437756358618	28
Food production	K00384	-1.4951025506476383	1.5335923987794222	101
Food production	K00544	0.3544509319298149	-0.3404369810119061	28
Food production	K00549	-1.5052358234769716	1.59212598075178	78
Food production	K00560	0.4364314459268173	-0.3633695087115903	80
Food production	K00564	-0.8874993252598345	0.8695351462309877	23
Food production	K00603	-1.8689280915718958	1.9762340455837533	97
Food production	K00608	-0.25071398656416943	0.2596623923606463	96
Food production	K00609	-0.25071398656416943	0.2596623923606463	96
Food production	K00610	-0.25071398656416943	0.2596623923606463	96
Food production	K00620	1.830184324045983	-1.882004655152813	66
Food production	K00640	1.141062311740447	-1.1179496166549059	77
Food production	K00641	-1.2603358704498602	1.2831847124277223	36
Food production	K00651	-1.2603358704498602	1.2831847124277223	36
Food production	K00681	2.258065006009073	-2.216403778278173	34
Food production	K00748	-0.5812742168204972	0.5717008158636122	29
Food production	K00761	-2.6352320903781288	2.633280313850401	100
Food production	K00763	0.45837112474028696	-0.33752860669718704	91
Food production	K00764	0.5775631556964562	-0.6423809043353195	97
Food production	K00767	-1.2243215285185036	1.1581406130209977	68
Food production	K00788	-0.06776177688729978	0.01183634870226938	74
Food production	K00790	-0.4135409533769671	0.6203985080883827	103
Food production	K00820	-7.523833257405413	7.428245686664496	102
Food production	K00849	-1.0893045593073687	1.0772884622938739	55
Food production	K00851	1.5319902714615525	-1.5229918808494587	75
Food production	K00854	-0.7151211915863833	0.7676855579398333	58
Food production	K00858	-1.8897884859160823	2.1470063266375803	91
Food production	K00859	2.325483368243007	-2.31459831007034	103
Food production	K00863	1.1915170225420673	-1.2188863014889533	53
Food production	K00864	-4.29725057417083	4.389926381337351	93
Food production	K00872	-1.165707956114707	1.233984276988085	86
Food production	K00877	-2.598659886987294	2.803910248489582	92
Food production	K00878	0.5123278019151322	-0.4984298750712194	59
Food production	K00884	-0.696784900354241	0.7159531804199091	13
Food production	K00899	3.546167574979873	-3.492661133227556	11
Food production	K00928	1.270410619947847	-1.2727243666957004	98
Food production	K00929	-0.4281655536425539	0.4027670596238584	18
Food production	K00931	0.6683863607902304	-0.7453722177915906	81
Food production	K00941	-4.110743087462493	4.331436883610244	92
Food production	K00948	-4.871319887772218	5.089834891902598	99
Food production	K00950	2.749948662638739	-2.711406387169132	74
Food production	K00963	-0.20857767837822278	0.264351178043999	90
Food production	K00973	0.9378004968132975	-0.851579651507287	64
Food production	K00975	0.51169378133809	-0.4442470219233503	31
Food production	K00980	1.5543462063614812	-1.4925060552030909	37
Food production	K00991	-0.8157509875828672	0.8234886016966233	50
Food production	K00995	3.9399076337074814	-3.9136992210840407	98
Food production	K01003	-2.5741218578737386	2.5724278131911187	11
Food production	K01011	-2.708845034630238	2.723506218938221	15
Food production	K01012	-0.17412990846257415	0.17014618337346404	51
Food production	K01070	-1.1060208159977032	1.138022971864306	27
Food production	K01089	-2.214034832493363	2.1850143330173277	78
Food production	K01129	-0.04267974016323766	0.08354536038175603	29
Food production	K01433	3.989606446224822	-3.907528635434421	42
Food production	K01465	2.7860747742997516	-2.770048428151959	74
Food production	K01469	-1.8653461325114213	1.9463090051136787	49
Food production	K01477	0.743689038193467	-0.7635064106178869	13
Food production	K01479	0.24645962212800515	-0.3860453448400572	24
Food production	K01480	-0.7159866045516905	0.6988934582132177	31
Food production	K01491	-1.6514283852746106	1.6650635477150126	71
Food production	K01495	0.9306804335260289	-0.9285143919833193	67
Food production	K01496	0.4986246862977341	-0.4663357414291985	81
Food production	K01497	1.334884843403258	-1.319583353553779	51
Food production	K01498	1.587645885653523	-1.5578689457153567	77
Food production	K01519	1.6121473508506963	-1.7380704688608977	36
Food production	K01520	-1.0268314904115565	1.0458131179098715	51
Food production	K01523	-0.8768688832059259	0.9150005558725204	79
Food production	K01555	-1.376202469522889	1.3801748004693182	13
Food production	K01586	-3.6175546907908793	3.5872331611484136	93
Food production	K01587	-2.694838062158546	2.884752788462636	98
Food production	K01591	-1.1932984402838982	1.2878336201914398	100
Food production	K01611	3.0140277249128866	-3.0023046963779887	27
Food production	K01613	0.7824665142677769	-0.7928310979853428	34
Food production	K01619	0.27646137216489436	-0.2808581191306451	66
Food production	K01626	-2.8754892390295135	2.748215723331373	55
Food production	K01627	1.2154036680542302	-1.214594305681956	39
Food production	K01635	0.5819631836305876	-0.6103686499855533	17
Food production	K01637	0.6096205419621735	-0.5673930853993382	43
Food production	K01638	-0.589657493656124	0.5903799549572623	38
Food production	K01643	-0.11071976161027493	0.15925032378220105	22
Food production	K01644	-0.11071976161027493	0.15925032378220105	22
Food production	K01646	-0.11071976161027493	0.15925032378220105	22
Food production	K01649	-0.2567999165504927	0.1708255359504541	71
Food production	K01659	-0.6973598549544614	0.6694261732195143	25
Food production	K01662	-2.9125836987396294	2.9222344731350107	65
Food production	K01664	0.7574336253464617	-0.8342169918429672	22
Food production	K01665	0.7574336253464617	-0.8342169918429672	22
Food production	K01666	-0.22026919864033614	0.21334598892563697	14
Food production	K01675	-1.643557412498708	1.6505034688481377	76
Food production	K01676	-1.643557412498708	1.6505034688481377	76
Food production	K01677	-1.643557412498708	1.6505034688481377	76
Food production	K01678	-1.643557412498708	1.6505034688481377	76
Food production	K01679	-1.643557412498708	1.6505034688481377	76
Food production	K01686	2.616330463063115	-2.576201117143688	21
Food production	K01694	0.32284870364219276	-0.3919032208458787	76
Food production	K01695	0.32284870364219276	-0.3919032208458787	76
Food production	K01696	0.32284870364219276	-0.3919032208458787	76
Food production	K01698	1.3945357639551252	-1.368790107794645	68
Food production	K01710	1.0072027150873066	-0.881310617928902	71
Food production	K01711	0.9676582351683848	-1.0336244478758274	22
Food production	K01712	1.9697035782608898	-1.9497004273375071	44
Food production	K01719	-1.834289919696429	1.82579642316036	50
Food production	K01724	-2.5592174412783733	2.592046526441855	24
Food production	K01735	-1.6231904528050132	1.5991669320107647	80
Food production	K01756	-1.315813930225256	1.2975961761035295	103
Food production	K01759	-0.7270722444496777	0.6973106207170772	20
Food production	K01772	1.2765570178307273	-1.300818727404603	75
Food production	K01774	-1.643557412498708	1.6505034688481377	76
Food production	K01775	1.6780378012368975	-1.5657047389464174	103
Food production	K01776	0.28672717108360474	-0.22979885729873104	96
Food production	K01778	0.6577083557855521	-0.6749583496651235	78
Food production	K01783	-1.2933198524881957	1.326139142649357	103
Food production	K01790	-0.486267182211081	0.49428107421201123	50
Food production	K01798	1.6780378012368975	-1.5657047389464174	103
Food production	K01803	-0.6861489062891736	0.678183145335307	103
Food production	K01807	-1.5319471787580674	1.7297290366039901	92
Food production	K01808	-1.5319471787580674	1.7297290366039901	92
Food production	K01813	-0.8130335691635038	0.8310903221788579	13
Food production	K01815	-0.41649029645747065	0.3853004701192068	21
Food production	K01817	-1.4437054291962241	1.416493285501969	52
Food production	K01820	-0.8130335691635038	0.8310903221788579	13
Food production	K01837	0.6300523961697045	-0.5297324302270832	71
Food production	K01838	-1.766067558232559	1.8271523669479837	40
Food production	K01845	-1.933190430820967	2.039999478966063	57
Food production	K01850	1.6804492405035314	-1.6813586513495924	18
Food production	K01851	-0.1494675084643422	0.13578832318914655	37
Food production	K01866	0.7466067868268529	-0.6954546431993663	103
Food production	K01893	-1.9473169014802991	1.9869827353309255	68
Food production	K01910	0.2677524894085371	-0.23758436474766925	21
Food production	K01912	-0.43621337797407456	0.35702012528337407	12
Food production	K01915	0.7011071824702871	-0.7582124647599147	99
Food production	K01919	-1.621105554134375	1.5249561668062186	52
Food production	K01921	0.9962317756398424	-0.940058790781086	101
Food production	K01923	0.31559739808932974	-0.3239506182546325	97
Food production	K01934	-1.8689280915718958	1.9762340455837533	97
Food production	K01935	0.65101282177037	-0.6458459157805142	41
Food production	K01939	-0.1636862907172159	0.16249466527975262	102
Food production	K01945	-0.8038868181555211	0.8334722967903864	98
Food production	K01952	-6.777737456995258	6.933523700684393	97
Food production	K02203	1.461074007173726	-1.5697217970307318	88
Food production	K02204	-1.165707956114707	1.233984276988085	86
Food production	K02230	-0.5960208042122201	0.6026175730206	15
Food production	K02302	-0.7608605305326082	0.8326371274007935	24
Food production	K02304	-0.7608605305326082	0.8326371274007935	24
Food production	K02318	0.5200212360203704	-0.46934439704675285	103
Food production	K02361	-0.1494675084643422	0.13578832318914655	37
Food production	K02439	-2.708845034630238	2.723506218938221	15
Food production	K02488	3.0406194223276146	-3.125507351197409	39
Food production	K02552	-0.1494675084643422	0.13578832318914655	37
Food production	K02564	-1.5574396946273286	1.5634110146899434	43
Food production	K02825	-2.6352320903781288	2.633280313850401	100
Food production	K02858	-0.4055043709782469	0.3785272020954404	55
Food production	K03077	-1.7364734796853816	1.782376226522832	27
Food production	K03335	-0.0878145490692272	0.058003320245395174	21
Food production	K03342	2.2500468319745037	-2.249486088899576	26
Food production	K03430	-2.9188300088034183	2.904971173670654	26
Food production	K03527	-0.7549448556548689	0.7169138054316759	55
Food production	K03707	1.4361221604143115	-1.3454445739267442	33
Food production	K03777	-0.6691532864565176	0.6546010754268121	15
Food production	K03778	-0.6691532864565176	0.6546010754268121	15
Food production	K03785	-0.73911827181935	0.7489864014252795	80
Food production	K03786	-0.73911827181935	0.7489864014252795	80
Food production	K03794	-0.2496208415756872	0.2611562038198155	20
Food production	K03856	-2.8754892390295135	2.748215723331373	55
Food production	K04092	1.6804492405035314	-1.6813586513495924	18
Food production	K04093	1.6804492405035314	-1.6813586513495924	18
Food production	K04486	-1.5412524253038309	1.528634838903264	45
Food production	K04516	1.6804492405035314	-1.6813586513495924	18
Food production	K04720	1.8966552892899053	-1.9156282549160188	32
Food production	K05306	0.5739699437688031	-0.5310912585426291	25
Food production	K05602	-1.5412524253038309	1.528634838903264	45
Food production	K05878	-0.8958238181781567	0.9376761380463576	41
Food production	K05879	-0.8958238181781567	0.9376761380463576	41
Food production	K05881	-0.8958238181781567	0.9376761380463576	41
Food production	K05887	0.6546146916721401	-0.632970773790596	78
Food production	K06001	0.32284870364219276	-0.3919032208458787	76
Food production	K06048	-1.621105554134375	1.5249561668062186	52
Food production	K06153	0.7129741900528316	-0.6502940509342627	90
Food production	K06208	1.6804492405035314	-1.6813586513495924	18
Food production	K06209	1.6804492405035314	-1.6813586513495924	18
Food production	K06879	1.0237516004468317	-0.9865673853346092	49
Food production	K07127	1.5875766853233877	-1.5456626354182204	31
Food production	K07142	2.749948662638739	-2.711406387169132	74
Food production	K07160	-1.8653461325114213	1.9463090051136787	49
Food production	K07173	-2.7725596483253714	2.792201527352693	20
Food production	K08302	0.5819631836305876	-0.6103686499855533	17
Food production	K08316	-0.8874993252598345	0.8695351462309877	23
Food production	K08323	2.616330463063115	-2.576201117143688	21
Food production	K08963	1.7942772870944905	-1.7634173915801115	29
Food production	K09007	0.9306804335260289	-0.9285143919833193	67
Food production	K09457	1.0237516004468317	-0.9865673853346092	49
Food production	K09882	-0.5960208042122201	0.6026175730206	15
Food production	K09883	-0.5960208042122201	0.6026175730206	15
Food production	K11204	-1.621105554134375	1.5249561668062186	52
Food production	K11205	-1.621105554134375	1.5249561668062186	52
Food production	K11391	-0.8874993252598345	0.8695351462309877	23
Food production	K11540	1.2180073508700788	-1.1280296974137483	96
Food production	K11541	-0.25071398656416943	0.2596623923606463	96
Food production	K11752	0.7729446681340773	-0.7073174442928709	78
Food production	K11755	-2.1611255831346026	2.2504609718104533	81
Food production	K11787	-2.6359886326273356	2.8015698804379046	98
Food production	K11788	-2.6359886326273356	2.8015698804379046	98
Food production	K11808	-2.3045390034386535	2.4569732658231893	98
Food production	K12297	-0.8874993252598345	0.8695351462309877	23
Food production	K12447	-0.6219091199136311	0.7193774897535676	91
Food production	K12506	1.9469344362712218	-1.9780712702803542	59
Food production	K12524	1.270410619947847	-1.2727243666957004	98
Food production	K12525	1.270410619947847	-1.2727243666957004	98
Food production	K12526	-0.457346374579168	0.47428862163587554	99
Food production	K12657	-0.698717247721621	0.6412240509777912	82
Food production	K13069	3.0406194223276146	-3.125507351197409	39
Food production	K13243	1.3830322425124058	-1.4613607955098398	27
Food production	K13244	1.3830322425124058	-1.4613607955098398	27
Food production	K13245	1.3830322425124058	-1.4613607955098398	27
Food production	K13246	1.3830322425124058	-1.4613607955098398	27
Food production	K13421	-1.1932984402838982	1.2878336201914398	100
Food production	K13484	1.5491688489487758	-1.507258155467592	31
Food production	K13498	-1.4437054291962241	1.416493285501969	52
Food production	K13501	-1.4437054291962241	1.416493285501969	52
Food production	K13542	-1.834289919696429	1.82579642316036	50
Food production	K13543	-1.834289919696429	1.82579642316036	50
Food production	K13562	-2.687330387957162	2.7570672582367153	87
Food production	K13713	-1.4365673980398306	1.4980876245953874	98
Food production	K13786	-0.660547399396649	0.6657814417601994	62
Food production	K13829	-0.8947566582510666	0.8417458683767122	83
Food production	K13830	1.6583400482169706	-1.7537407364283042	96
Food production	K13832	0.20219811622202982	-0.08022417691286635	84
Food production	K13853	-0.6675836915283396	0.5152111141199955	66
Food production	K13939	2.749948662638739	-2.711406387169132	74
Food production	K13940	2.749948662638739	-2.711406387169132	74
Food production	K13941	2.749948662638739	-2.711406387169132	74
Food production	K13950	0.7574336253464617	-0.8342169918429672	22
Food production	K13998	0.4364314459268173	-0.3633695087115903	80
Food production	K14152	-2.1611255831346026	2.2504609718104533	81
Food production	K14153	-1.5838804711488592	1.689932442519137	95
Food production	K14154	-0.8683258500809036	1.0205046731975929	79
Food production	K14170	1.6804492405035314	-1.6813586513495924	18
Food production	K14187	1.0772944796316335	-1.112441916516464	44
Food production	K14541	0.9691643645622819	-0.9543522262563676	10
Food production	K14652	3.627679086302131	-3.6872948316475465	65
Food production	K14759	-0.9185723340560773	1.085126525794371	44
Food production	K15461	-0.48609770520359985	0.5069035702832287	21
Food production	K15918	-0.5939429036760941	0.637038769459695	65
Food production	K16171	-1.376202469522889	1.3801748004693182	13
Food production	K16371	0.5819631836305876	-0.6103686499855533	17
Food production	K17877	-0.39819405548456854	0.35634377563586156	28
Food production	K18365	-0.22026919864033614	0.21334598892563697	14
Food production	K18592	2.258065006009073	-2.216403778278173	34
Food production	K18649	-1.5412524253038309	1.528634838903264	45
Food production	K18859	-0.7115520154271532	0.7132727672227935	31
Food production	K18860	-0.7115520154271532	0.7132727672227935	31
Food production	K19285	-2.687330387957162	2.7570672582367153	87
Food production	K19286	-2.687330387957162	2.7570672582367153	87
Food production	K19302	0.7129741900528316	-0.6502940509342627	90
Food production	K19562	1.0992195511357772	-1.093878106740425	41
Food production	K19726	2.7343784998071454	-2.7081395798104375	79
Food production	K19964	1.5875766853233877	-1.5456626354182204	31
Food production	K21219	-1.5838804711488592	1.689932442519137	95
Food production	K21220	-0.06776177688729978	0.01183634870226938	74
Food production	K22251	-1.1942383199056679	1.1611017741441139	24
Food production	K22373	1.7079768992719027	-1.7027072623069253	22
Food production	K22391	0.9306804335260289	-0.9285143919833193	67
Food production	K22515	0.10747166928706992	-0.07123638354342576	35
Food production	K22920	-0.20857767837822278	0.264351178043999	90
Food production	K23123	-1.8653461325114213	1.9463090051136787	49
Food production	K23124	-1.8653461325114213	1.9463090051136787	49
Food production	K23144	-0.3322866402722716	0.48463697184548493	101
Food production	K23264	-6.777737456995258	6.933523700684393	97
Food production	K23265	-6.777737456995258	6.933523700684393	97
Food production	K23269	-6.777737456995258	6.933523700684393	97
Food production	K23270	-6.777737456995258	6.933523700684393	97
Food production	K23304	1.141062311740447	-1.1179496166549059	77
Food production	K23987	0.814098763139209	-0.8352814341051362	60
Food production	K24017	-0.5256650364694969	0.4653339628360015	76
Food production	K24018	1.1084491217242733	-1.2902994552366018	88
Food production	K24042	1.2533238956648884	-1.407259646788341	64
Food production	K24263	-0.7211340220150916	0.69588750382002	35
Food production	K24866	-0.22496141074964543	0.24545090180162596	24
Food production	K25004	-1.4056592874145328	1.388927727856616	53
Food production	K25009	-1.4056592874145317	1.388927727856616	53
Food production	K25031	1.5319902714615525	-1.5229918808494587	75
Food production	K25801	-0.7115520154271532	0.7132727672227935	31
Food production	K25995	-0.7115520154271532	0.7132727672227935	31
Food production	K25996	-0.7115520154271532	0.7132727672227935	31
Food production	K26138	-0.39819405548456854	0.35634377563586156	28
Food production	K26139	-0.39819405548456854	0.35634377563586156	28
Food production	K27797	-0.6973598549544614	0.6694261732195143	25
Food production	K28207	-0.696784900354241	0.7159531804199091	13
Food production	K28208	-0.696784900354241	0.7159531804199091	13
Food production	K28660	-0.20857767837822278	0.264351178043999	90
Wastewater	K00014	1.3045826406838994	-1.3158959899909106	55
Wastewater	K00019	2.0465516259031533	-2.028665989745183	15
Wastewater	K00027	-1.422136379414191	1.4652321568017534	32
Wastewater	K00028	-1.422136379414191	1.4652321568017534	32
Wastewater	K00067	-0.041975386077188044	0.06831707158333604	29
Wastewater	K00077	0.6125998408664335	-0.5632992933891132	16
Wastewater	K00082	0.2545268334653623	-0.34840643088904333	59
Wastewater	K00107	-1.0752097275961456	1.0906103034034615	12
Wastewater	K00121	-0.6993807409940249	0.6650768395587651	27
Wastewater	K00122	-0.37583049876997265	0.4585206108389645	36
Wastewater	K00123	-0.37583049876997265	0.4585206108389645	36
Wastewater	K00124	-0.37583049876997265	0.4585206108389645	36
Wastewater	K00126	-0.37583049876997265	0.4585206108389645	36
Wastewater	K00127	-0.37583049876997265	0.4585206108389645	36
Wastewater	K00133	-1.7466559446567107	1.6781063360895654	63
Wastewater	K00228	0.3607319233470958	-0.3803295720889661	37
Wastewater	K00233	-0.029809077398480235	0.04794928910736993	35
Wastewater	K00234	-0.029809077398480235	0.04794928910736993	35
Wastewater	K00235	-0.029809077398480235	0.04794928910736993	35
Wastewater	K00236	-0.029809077398480235	0.04794928910736993	35
Wastewater	K00237	-0.029809077398480235	0.04794928910736993	35
Wastewater	K00239	-0.029809077398480235	0.04794928910736993	35
Wastewater	K00240	-0.029809077398480235	0.04794928910736993	35
Wastewater	K00241	-0.029809077398480235	0.04794928910736993	35
Wastewater	K00242	-0.029809077398480235	0.04794928910736993	35
Wastewater	K00244	-0.029809077398480235	0.04794928910736993	35
Wastewater	K00245	-0.029809077398480235	0.04794928910736993	35
Wastewater	K00246	-0.029809077398480235	0.04794928910736993	35
Wastewater	K00247	-0.029809077398480235	0.04794928910736993	35
Wastewater	K00254	1.665687252930824	-1.7344854827327774	61
Wastewater	K00265	1.1008298710419013	-1.0554068531683918	13
Wastewater	K00266	1.1008298710419013	-1.0554068531683918	13
Wastewater	K00288	-2.198508533286725	2.1427709138718165	52
Wastewater	K00297	-0.39737536581602095	0.42708747053831597	55
Wastewater	K00299	0.7510785326318837	-0.7803984691852389	41
Wastewater	K00300	-2.198508533286725	2.1427709138718165	52
Wastewater	K00361	-1.2444508703379347	1.255660594349521	29
Wastewater	K00362	-1.244450870337935	1.255660594349521	29
Wastewater	K00363	-1.244450870337935	1.255660594349521	29
Wastewater	K00384	2.1139161504737998	-2.1041053842478257	60
Wastewater	K00451	-1.3152883768697394	1.3523012856502958	10
Wastewater	K00549	-0.7988192825094139	0.6410879948114451	34
Wastewater	K00560	-2.1893687355924896	2.2040799846877213	41
Wastewater	K00564	-0.365738822655255	0.24606178412836063	18
Wastewater	K00603	0.1013546851313243	-0.07467154217498892	53
Wastewater	K00608	-0.5729129538367329	0.5888123148659791	60
Wastewater	K00609	-0.5729129538367329	0.5888123148659791	60
Wastewater	K00610	-0.5729129538367329	0.5888123148659791	60
Wastewater	K00620	0.7729654948112579	-0.6756905503531228	53
Wastewater	K00640	-0.31317409178903943	0.30870742759068664	55
Wastewater	K00641	-0.02397181167614585	0.033995141990403835	27
Wastewater	K00651	-0.02397181167614585	0.033995141990403835	27
Wastewater	K00681	1.0353521642964292	-0.9647771652783782	32
Wastewater	K00761	0.7148716565535007	-0.6893322410770045	51
Wastewater	K00763	2.534116630232574	-2.483079129749573	37
Wastewater	K00764	-0.8496860940182233	0.8783087896904161	60
Wastewater	K00766	-2.7527621674979397	2.8184557005005217	58
Wastewater	K00767	-0.14834010962447897	0.18048434748065648	58
Wastewater	K00768	-2.642312525886042	2.641727869529887	46
Wastewater	K00788	-0.38226099096106236	0.4327975394777364	48
Wastewater	K00790	1.1770571434087906	-1.158031534053325	62
Wastewater	K00800	-2.490287460622645	2.46109028670124	42
Wastewater	K00820	-1.6641623380790824	1.60010952297871	60
Wastewater	K00851	0.8521906080580959	-0.9306044157702874	25
Wastewater	K00854	-0.20048266043706442	0.21411718614601336	17
Wastewater	K00855	-0.4936677341992414	0.5155035573073375	12
Wastewater	K00858	0.8108772737212342	-0.8458755297429329	40
Wastewater	K00859	-0.4104133379375029	0.434487147305994	63
Wastewater	K00863	-0.16274600977893303	0.14472807850331143	15
Wastewater	K00864	0.030152957272667563	-0.09117865206139812	50
Wastewater	K00872	1.6424114889492512	-1.6190435624307085	50
Wastewater	K00877	2.2615742580332374	-2.3066535535960724	53
Wastewater	K00878	1.403701216390618	-1.4011590482670118	24
Wastewater	K00891	-0.9387569518854101	0.9232509510050366	36
Wastewater	K00927	0.945886687942942	-0.8744027709921621	50
Wastewater	K00928	-0.5824012147235992	0.5236033913576581	63
Wastewater	K00929	0.5475908564813393	-0.48342639789351727	10
Wastewater	K00941	1.3455006869449637	-1.3706170234209263	50
Wastewater	K00948	0.6541772167244859	-0.6753543331134958	61
Wastewater	K00950	0.9869900064316098	-0.9718694939154237	60
Wastewater	K00954	-2.61061235196053	2.619845861342117	63
Wastewater	K00963	1.5144949866688426	-1.5741602629807234	48
Wastewater	K00965	-2.0252919457823197	2.1068395985051582	10
Wastewater	K00973	-1.8955497448564125	1.821784330375925	50
Wastewater	K00975	0.9914341158896828	-0.9889322783712438	31
Wastewater	K00995	1.1017838260492587	-1.1360012559155872	57
Wastewater	K01003	-2.686704012947491	2.6930654270067578	10
Wastewater	K01006	0.8739088115402665	-0.8349922026276402	25
Wastewater	K01008	0.061316052784513284	-0.03874445668695348	42
Wastewater	K01012	-0.5642207913049511	0.5605277493964168	43
Wastewater	K01057	-0.746690397199435	0.7903862126381795	30
Wastewater	K01089	-0.09687555476354827	-0.02495884974758435	61
Wastewater	K01091	-1.8528153891731167	1.921780433164228	21
Wastewater	K01129	1.2401721715811673	-1.1949050708181015	24
Wastewater	K01433	-0.3600111224269633	0.3266232445354368	41
Wastewater	K01455	0.6062212735666234	-0.5603068693665771	13
Wastewater	K01458	0.803958092251958	-0.7970311807819236	15
Wastewater	K01465	0.392319151401746	-0.4080309217033237	50
Wastewater	K01469	0.33120954748189546	-0.2835222958790106	27
Wastewater	K01477	-0.1280050497612896	0.11276695542681399	12
Wastewater	K01479	-1.4762271393846078	1.418126599735222	10
Wastewater	K01480	0.6638121498763888	-0.6319524055232997	28
Wastewater	K01491	-2.198508533286725	2.1427709138718165	52
Wastewater	K01495	1.0982028488293776	-1.0995686795526767	49
Wastewater	K01496	0.24395628256161742	-0.19175591556990235	60
Wastewater	K01497	-1.9911234191906324	1.953697838895742	55
Wastewater	K01519	1.6121473508506963	-1.738070468860893	45
Wastewater	K01520	-1.7141144346237427	1.7097079188156301	49
Wastewater	K01523	-0.8731019041543097	0.8792445797989927	55
Wastewater	K01555	-1.547857187207231	1.5757065281663152	22
Wastewater	K01583	-1.0803158004817748	1.1407267178637455	16
Wastewater	K01584	-1.0803158004817748	1.1407267178637455	16
Wastewater	K01585	-1.0803158004817748	1.1407267178637455	16
Wastewater	K01586	-0.571483366050303	0.5591439368743207	62
Wastewater	K01587	0.927068503397318	-0.9746803684352442	62
Wastewater	K01591	-1.6460449149451883	1.6573084592742962	62
Wastewater	K01595	0.7341670984296662	-0.731010738474562	34
Wastewater	K01610	-2.4617399484254245	2.4615519891206605	20
Wastewater	K01611	0.605077163325404	-0.6121302691944198	26
Wastewater	K01613	-0.14912755804695482	0.15531882697436455	41
Wastewater	K01619	0.26600666863674066	-0.2443034983997245	28
Wastewater	K01626	-2.398551017242638	2.4103497175702224	43
Wastewater	K01627	1.6469982083692827	-1.5882032733736178	40
Wastewater	K01637	-0.005418806155243301	0.016346064358438845	41
Wastewater	K01638	0.028578239153799673	-0.037025314658255225	41
Wastewater	K01649	1.1167317307047004	-1.073128337428808	58
Wastewater	K01659	0.8222901099374682	-0.80957792786595	25
Wastewater	K01662	-3.029403878467019	2.9430698060142544	59
Wastewater	K01664	-1.1554218728039487	1.1719645323681047	27
Wastewater	K01665	-1.1554218728039487	1.1719645323681047	27
Wastewater	K01666	0.7262842088880512	-0.7008311340264557	17
Wastewater	K01675	-0.41947381978418763	0.4006958494255885	40
Wastewater	K01676	-0.41947381978418763	0.4006958494255885	40
Wastewater	K01677	-0.41947381978418763	0.4006958494255885	40
Wastewater	K01678	-0.41947381978418763	0.4006958494255885	40
Wastewater	K01679	-0.41947381978418763	0.4006958494255885	40
Wastewater	K01682	1.2287192898277812	-1.200362191943326	19
Wastewater	K01686	-0.23956023750167837	0.252540088878697	10
Wastewater	K01690	0.41397495596657424	-0.38869440921700943	20
Wastewater	K01694	0.7635906609112442	-0.6402726316642131	62
Wastewater	K01695	0.7635906609112442	-0.6402726316642131	62
Wastewater	K01696	0.7635906609112442	-0.6402726316642131	62
Wastewater	K01710	-1.1315871109872888	1.043396654815971	54
Wastewater	K01711	0.32820216886596043	-0.3852856217849195	24
Wastewater	K01712	0.8568846954970766	-0.8345592696805515	33
Wastewater	K01719	-1.0009202721860893	1.0259084410574193	39
Wastewater	K01720	-1.0226179393165629	1.053151405111773	13
Wastewater	K01724	-0.9058755669878075	0.8541374865772695	33
Wastewater	K01734	0.2656507943373572	-0.2607191692071466	17
Wastewater	K01735	0.10169307879550982	-0.12687301221494546	60
Wastewater	K01736	0.9896290997769981	-1.0002466197481115	61
Wastewater	K01746	-0.7947116303808928	0.8273479954409736	10
Wastewater	K01759	0.10850827114969473	-0.07605259860049479	23
Wastewater	K01770	0.9640189750525736	-0.9307282629523981	57
Wastewater	K01772	2.029694385572289	-2.0447714345199115	54
Wastewater	K01774	-0.41947381978418763	0.4006958494255885	40
Wastewater	K01775	-0.7114076355608773	0.7380236412576354	61
Wastewater	K01776	-0.668907193385482	0.7249138760171521	57
Wastewater	K01778	-0.12376146267226634	0.16047627598540676	61
Wastewater	K01783	1.3260166199184258	-1.327550806918922	63
Wastewater	K01790	-0.7858154633577297	0.7565934717502436	44
Wastewater	K01798	-0.7114076355608773	0.7380236412576354	61
Wastewater	K01803	-0.9044387978616304	0.8798843394430036	61
Wastewater	K01807	0.5315942832377173	-0.596845285666095	55
Wastewater	K01808	0.5315942832377173	-0.596845285666095	55
Wastewater	K01817	-0.07642353334273295	0.11974486385273117	53
Wastewater	K01837	0.5250697205571112	-0.6492390878186857	49
Wastewater	K01845	0.9018440970598894	-0.9690805926384188	55
Wastewater	K01847	-0.927603796796403	0.9178710462470547	27
Wastewater	K01848	-0.927603796796403	0.9178710462470547	27
Wastewater	K01849	-0.927603796796403	0.9178710462470547	27
Wastewater	K01866	-0.15211467700182818	0.06691970743189629	63
Wastewater	K01907	0.16889767405285636	-0.1208947676081997	23
Wastewater	K01912	0.15806715904685417	-0.14226720872488727	28
Wastewater	K01915	-0.9723025238990028	1.002007554269432	63
Wastewater	K01919	0.5811261113768451	-0.5424291312744335	45
Wastewater	K01921	-1.5850135852305622	1.5705886749710305	63
Wastewater	K01923	-1.30382349159474	1.2379194229487107	60
Wastewater	K01924	-0.43493672951068507	0.36045846569782586	63
Wastewater	K01925	-1.1278132677474404	1.152383003240106	63
Wastewater	K01934	0.1013546851313243	-0.07467154217498892	53
Wastewater	K01939	1.170990770074532	-1.1756430779320428	61
Wastewater	K01941	-0.9819079555620378	0.9953020715530722	10
Wastewater	K01952	-2.081608217267172	2.0468620635018535	59
Wastewater	K02201	-2.61061235196053	2.619845861342117	63
Wastewater	K02203	0.33812014659786643	-0.3102282086266394	52
Wastewater	K02204	1.6424114889492512	-1.6190435624307085	50
Wastewater	K02226	1.1586022570721162	-1.134289417613459	10
Wastewater	K02230	-1.1892004532364115	1.1801452863318405	20
Wastewater	K02302	-1.3535405669971452	1.34266027561751	28
Wastewater	K02304	-1.3535405669971452	1.34266027561751	28
Wastewater	K02318	-2.4349555869271526	2.4761166523842753	63
Wastewater	K02488	-0.3596419426461436	0.3469068790475536	40
Wastewater	K02609	0.39728023062201295	-0.3819662565903514	19
Wastewater	K02610	0.39728023062201295	-0.3819662565903514	19
Wastewater	K02611	0.39728023062201295	-0.3819662565903514	19
Wastewater	K02612	0.39728023062201295	-0.3819662565903514	19
Wastewater	K02613	0.39728023062201295	-0.3819662565903514	19
Wastewater	K02626	-1.0803158004817748	1.1407267178637455	16
Wastewater	K02825	0.7148716565535007	-0.6893322410770045	51
Wastewater	K02858	0.5293107864484428	-0.5540479984863181	58
Wastewater	K03342	0.3196694965377818	-0.3209934858738985	32
Wastewater	K03417	-1.2898665026049103	1.3058708637127794	23
Wastewater	K03430	-0.7147877740107754	0.684123798946244	12
Wastewater	K03474	-1.5128320303043254	1.5342490446770891	35
Wastewater	K03527	-1.5977159188549523	1.5433183614007338	56
Wastewater	K03777	-0.4196295114275124	0.4463158079789963	11
Wastewater	K03778	-0.4196295114275124	0.4463158079789963	11
Wastewater	K03785	2.2008802324982457	-2.1913902362431408	59
Wastewater	K03786	2.2008802324982457	-2.1913902362431408	59
Wastewater	K03794	-0.6743577261983069	0.6116696733736895	19
Wastewater	K03856	-2.398551017242638	2.4103497175702224	43
Wastewater	K04042	-1.1126111260806184	0.9580638118333888	54
Wastewater	K04486	-0.08010166608787937	0.07021075796312336	32
Wastewater	K04720	-0.9943531711135499	0.956607929166357	41
Wastewater	K05306	0.5404878214319208	-0.5392171438683075	12
Wastewater	K05602	-0.08010166608787937	0.07021075796312336	32
Wastewater	K05878	-1.14555985635723	1.1495349175091956	13
Wastewater	K05879	-1.14555985635723	1.1495349175091956	13
Wastewater	K05881	-1.14555985635723	1.1495349175091956	13
Wastewater	K05887	1.3045826406838994	-1.3158959899909106	55
Wastewater	K06001	0.7635906609112442	-0.6402726316642131	62
Wastewater	K06048	0.5811261113768451	-0.5424291312744335	45
Wastewater	K06153	0.2574300011397952	-0.2770162275800626	60
Wastewater	K07127	1.1372308719758346	-1.1236873032364327	24
Wastewater	K07142	0.9869900064316098	-0.9718694939154237	60
Wastewater	K07160	0.33120954748189546	-0.2835222958790106	27
Wastewater	K07404	-0.746690397199435	0.7903862126381795	30
Wastewater	K08316	-0.365738822655255	0.24606178412836063	18
Wastewater	K08323	-0.23956023750167837	0.252540088878697	10
Wastewater	K08963	-2.094728815054579	2.1095956481404454	30
Wastewater	K09007	1.0982028488293776	-1.0995686795526767	49
Wastewater	K09882	-1.1892004532364115	1.1801452863318405	20
Wastewater	K09883	-1.1892004532364115	1.1801452863318405	20
Wastewater	K11204	0.5811261113768451	-0.5424291312744335	45
Wastewater	K11205	0.5811261113768451	-0.5424291312744335	45
Wastewater	K11391	-0.365738822655255	0.24606178412836063	18
Wastewater	K11540	1.7280422416790033	-1.6697257076987027	63
Wastewater	K11541	-0.5729129538367329	0.5888123148659791	60
Wastewater	K11752	0.37347387717453123	-0.4222535866569047	59
Wastewater	K11755	1.2832054735039664	-1.2728190906969497	60
Wastewater	K11787	-0.09709326981783277	0.11754800702584013	62
Wastewater	K11788	-0.09709326981783277	0.11754800702584013	62
Wastewater	K11808	1.4048536494803712	-1.4276122339574728	61
Wastewater	K12297	-0.365738822655255	0.24606178412836063	18
Wastewater	K12447	2.082047122044547	-2.1821869378463257	49
Wastewater	K12506	2.1314306372440206	-2.059997192584684	59
Wastewater	K12524	-0.5824012147235992	0.5236033913576581	63
Wastewater	K12525	-0.5824012147235992	0.5236033913576581	63
Wastewater	K12526	-1.065568872549222	1.0657815701926014	63
Wastewater	K13069	-0.3596419426461436	0.3469068790475536	40
Wastewater	K13243	-0.5207993002338319	0.5088136752154292	30
Wastewater	K13244	-0.5207993002338319	0.5088136752154292	30
Wastewater	K13245	-0.5207993002338319	0.5088136752154292	30
Wastewater	K13246	-0.5207993002338319	0.5088136752154292	30
Wastewater	K13421	-1.6460449149451883	1.6573084592742962	62
Wastewater	K13484	1.102494817475431	-1.089428438026144	24
Wastewater	K13497	-2.7527621674979397	2.8184557005005217	58
Wastewater	K13498	-0.07642353334273295	0.11974486385273117	53
Wastewater	K13501	-0.07642353334273295	0.11974486385273117	53
Wastewater	K13542	-1.0009202721860893	1.0259084410574193	39
Wastewater	K13543	-1.0009202721860893	1.0259084410574193	39
Wastewater	K13562	0.7510785326318837	-0.7803984691852389	41
Wastewater	K13713	-0.012825804025183116	-0.03526034737660262	62
Wastewater	K13786	0.8411399994133433	-0.7824942266224084	56
Wastewater	K13829	0.5373111698906522	-0.516835423152402	61
Wastewater	K13830	1.3689568466807327	-1.3758327248708022	62
Wastewater	K13832	1.2229843494761374	-1.1495115502533297	60
Wastewater	K13853	-2.761370699537063	2.741298746557276	44
Wastewater	K13937	-0.746690397199435	0.7903862126381795	30
Wastewater	K13939	0.9869900064316098	-0.9718694939154237	60
Wastewater	K13940	0.9869900064316098	-0.9718694939154237	60
Wastewater	K13941	0.9869900064316098	-0.9718694939154237	60
Wastewater	K13950	-1.1554218728039487	1.1719645323681047	27
Wastewater	K13990	-0.7947116303808928	0.8273479954409736	10
Wastewater	K13998	-2.1893687355924896	2.2040799846877213	41
Wastewater	K14152	1.2832054735039664	-1.2728190906969497	60
Wastewater	K14153	0.059669798836298533	-0.06973628938913681	57
Wastewater	K14154	1.0725087859530884	-1.0403309988810818	51
Wastewater	K14187	-2.1206568943222504	2.0126820087506174	37
Wastewater	K14541	0.09621402959834457	-0.13141124018670106	14
Wastewater	K14652	-1.792630608760602	1.8427760343967865	59
Wastewater	K14759	-0.9764472998345912	0.925174555811166	18
Wastewater	K15918	2.5607983437752653	-2.6121944409992093	40
Wastewater	K16171	-1.547857187207231	1.5757065281663152	22
Wastewater	K17877	-1.2444508703379347	1.255660594349521	29
Wastewater	K18365	0.7262842088880512	-0.7008311340264557	17
Wastewater	K18592	1.0353521642964292	-0.9647771652783782	32
Wastewater	K18649	-0.08010166608787937	0.07021075796312336	32
Wastewater	K18859	-0.029809077398480235	0.04794928910736993	35
Wastewater	K18860	-0.029809077398480235	0.04794928910736993	35
Wastewater	K19269	-1.8528153891731167	1.921780433164228	21
Wastewater	K19285	0.7510785326318837	-0.7803984691852389	41
Wastewater	K19286	0.7510785326318837	-0.7803984691852389	41
Wastewater	K19302	0.2574300011397952	-0.2770162275800626	60
Wastewater	K19562	-2.1279423183917676	2.0734096463550244	39
Wastewater	K19726	-0.1274818580175835	0.11965660145078835	56
Wastewater	K19964	1.1372308719758346	-1.1236873032364327	24
Wastewater	K21219	0.059669798836298533	-0.06973628938913681	57
Wastewater	K21220	-0.38226099096106236	0.4327975394777364	48
Wastewater	K22223	-1.8528153891731167	1.921780433164228	21
Wastewater	K22316	1.1586022570721162	-1.134289417613459	10
Wastewater	K22373	1.0915191643967799	-1.0191009728518627	10
Wastewater	K22391	1.0982028488293776	-1.0995686795526767	49
Wastewater	K22515	-0.37583049876997265	0.4585206108389645	36
Wastewater	K22920	1.5144949866688426	-1.5741602629807234	48
Wastewater	K23123	0.33120954748189546	-0.2835222958790106	27
Wastewater	K23124	0.33120954748189546	-0.2835222958790106	27
Wastewater	K23144	0.30358032065186524	-0.27840249660987415	62
Wastewater	K23264	-2.081608217267172	2.0468620635018535	59
Wastewater	K23265	-2.081608217267172	2.0468620635018535	59
Wastewater	K23269	-2.081608217267172	2.0468620635018535	59
Wastewater	K23270	-2.081608217267172	2.0468620635018535	59
Wastewater	K23304	-0.31317409178903943	0.30870742759068664	55
Wastewater	K23987	-0.6581240120722223	0.6081096090683408	46
Wastewater	K24017	0.6463712211102052	-0.5307128679851515	59
Wastewater	K24018	-1.3327348930950982	1.3024263892757837	52
Wastewater	K24042	-1.032763084518031	1.124151890533318	57
Wastewater	K24263	0.6125998408664335	-0.5632992933891132	16
Wastewater	K24866	-1.0860116537823012	1.0051560526871857	28
Wastewater	K25004	-0.39737536581602095	0.42708747053831597	55
Wastewater	K25009	-0.39737536581602045	0.4270874705383161	55
Wastewater	K25031	0.8521906080580959	-0.9306044157702874	25
Wastewater	K25801	-0.029809077398480235	0.04794928910736993	35
Wastewater	K25995	-0.029809077398480235	0.04794928910736993	35
Wastewater	K25996	-0.029809077398480235	0.04794928910736993	35
Wastewater	K26138	-1.2444508703379347	1.255660594349521	29
Wastewater	K26139	-1.2444508703379347	1.255660594349521	29
Wastewater	K27797	0.8222901099374682	-0.80957792786595	25
Wastewater	K27802	1.2287192898277812	-1.200362191943326	19
Wastewater	K28203	-1.8528153891731167	1.921780433164228	21
Wastewater	K28462	-0.4936677341992414	0.5155035573073375	12
Wastewater	K28660	1.5144949866688426	-1.5741602629807234	48
Birds	K00014	-0.8502440750805733	0.9240571848759425	25
Birds	K00027	-0.06172597619060417	0.07304064579088673	22
Birds	K00028	-0.06172597619060417	0.07304064579088673	22
Birds	K00067	1.2795031629022868	-1.290090698757324	18
Birds	K00082	-1.3312427242620049	1.263765259649368	28
Birds	K00122	1.0162789463052675	-0.9049917224088876	11
Birds	K00123	1.0162789463052675	-0.9049917224088876	11
Birds	K00124	1.0162789463052675	-0.9049917224088876	11
Birds	K00126	1.0162789463052675	-0.9049917224088876	11
Birds	K00127	1.0162789463052675	-0.9049917224088876	11
Birds	K00133	-3.1114292580957033	3.123850574892596	34
Birds	K00228	-0.3658494592720279	0.2917594234200048	16
Birds	K00254	2.2128174828308045	-2.269897928663028	33
Birds	K00299	0.17619850535841988	-0.18943649929425915	22
Birds	K00384	0.07950113892788126	-0.1300935995622437	34
Birds	K00548	0.51191029855225	-0.4882389900280492	20
Birds	K00549	1.0033685963336223	-0.9779050703809946	19
Birds	K00620	-1.7081142087866694	1.747342520712338	20
Birds	K00640	-1.5809900147187879	1.568591702358956	34
Birds	K00641	-1.1478570801368517	1.1582961188902896	19
Birds	K00651	-1.1478570801368517	1.1582961188902896	19
Birds	K00681	-0.7393787148607924	0.68091856123482	11
Birds	K00764	0.12273605476159859	-0.11697530523728467	30
Birds	K00766	-0.8195645006988631	0.8459341325247415	30
Birds	K00767	-1.506104960736968	1.517830081517862	24
Birds	K00768	-1.8236007772886804	1.8507027795755788	15
Birds	K00788	2.3594635752409325	-2.34109664420277	23
Birds	K00790	2.0105979237303955	-2.062361864719903	33
Birds	K00820	-3.3177848262164953	3.3752511380308925	33
Birds	K00851	-1.3854788279522092	1.365916478054163	16
Birds	K00854	1.1971385278995064	-1.2344355623949956	13
Birds	K00858	-0.22166927118259203	0.10216863929573453	21
Birds	K00863	-0.40486581549946676	0.4176925092748785	10
Birds	K00864	-2.9214803269203173	2.833766536463231	28
Birds	K00877	0.7471273624268895	-0.7450465701589597	27
Birds	K00878	1.526303209283684	-1.5099281009135275	14
Birds	K00891	-0.19145385995780778	0.20401072756042365	17
Birds	K00928	2.392668665053017	-2.350154006971311	34
Birds	K00941	0.8550303639800234	-0.8713149802629764	27
Birds	K00948	0.4879077445566348	-0.47650776845245124	32
Birds	K00950	0.10380849543786821	-0.1546075546912697	28
Birds	K00963	0.5492441469239228	-0.5552668181556603	19
Birds	K00973	-0.186846422841817	0.1286002050466172	27
Birds	K00975	0.7849677666511923	-0.8632333992419328	22
Birds	K00991	0.5096060647228337	-0.4886669722755991	22
Birds	K00995	0.0640087928016467	-0.07106930804939017	28
Birds	K01008	1.183709129690913	-1.1605890134265873	13
Birds	K01089	-1.1083027467300046	1.273728712165334	30
Birds	K01469	-2.480308656205825	2.4486740902881694	11
Birds	K01495	-0.2688366728089644	0.2650860546262278	29
Birds	K01497	-0.5363181648926704	0.5271211867680351	23
Birds	K01520	-0.41155674706134737	0.4450023562329167	27
Birds	K01587	-1.6001196245684026	1.6768741221058288	33
Birds	K01591	0.37880942047814825	-0.3889207583632048	36
Birds	K01613	-0.29789870675552244	0.29033619182790626	16
Birds	K01619	2.053735046994506	-2.0165789614738245	28
Birds	K01626	-1.305124870622583	1.3281186741238349	28
Birds	K01637	0.2307982980518427	-0.2924630654415101	12
Birds	K01638	0.6995220576850183	-0.6619414690215065	10
Birds	K01649	0.701043008747616	-0.6552200781472041	28
Birds	K01662	-0.9341318632589262	0.9458910914003424	31
Birds	K01664	-0.5528478943983339	0.5178217128116376	11
Birds	K01665	-0.5528478943983339	0.5178217128116376	11
Birds	K01675	0.724808773797524	-0.6466270284223999	33
Birds	K01676	0.724808773797524	-0.6466270284223999	33
Birds	K01677	0.724808773797524	-0.6466270284223999	33
Birds	K01678	0.724808773797524	-0.6466270284223999	33
Birds	K01679	0.724808773797524	-0.6466270284223999	33
Birds	K01694	-1.2055829550398056	1.1950106777428742	31
Birds	K01695	-1.2055829550398056	1.1950106777428742	31
Birds	K01696	-1.2055829550398056	1.1950106777428742	31
Birds	K01710	0.2829859112976614	-0.30414832771463	27
Birds	K01719	-1.0185909644174878	1.0422608609847226	23
Birds	K01756	-0.06521560081448377	0.11562183917527513	34
Birds	K01772	2.0257137851139126	-2.0891287943890786	28
Birds	K01774	0.724808773797524	-0.6466270284223999	33
Birds	K01775	0.8519462013123958	-0.8321682124002291	33
Birds	K01783	-0.9801884674329967	0.9473939279313869	36
Birds	K01790	0.23720787741260513	-0.2735203339131661	21
Birds	K01798	0.8519462013123958	-0.8321682124002291	33
Birds	K01803	0.10780387283219099	-0.12499253780487408	35
Birds	K01807	-1.1358247444885745	1.0860272208238648	25
Birds	K01808	-1.1358247444885745	1.0860272208238648	25
Birds	K01817	-1.0046874478972414	1.0443259513596561	24
Birds	K01837	1.3789832314346424	-1.367867209985303	27
Birds	K01847	-0.4040932061446091	0.39163710526422274	12
Birds	K01848	-0.4040932061446091	0.39163710526422274	12
Birds	K01849	-0.4040932061446091	0.39163710526422274	12
Birds	K01851	-1.4991902815209812	1.516393539327534	14
Birds	K01866	1.5759112963595556	-1.516217632157567	36
Birds	K01915	-3.390130461610592	3.375087341956629	32
Birds	K01919	-1.5656100088740783	1.60078491236418	22
Birds	K01921	-0.7850896392981415	0.7927998574135042	33
Birds	K01923	-0.5201710496080734	0.5463449678160598	31
Birds	K01924	0.8674944314324404	-0.8249350688236354	35
Birds	K01935	0.6091651693006088	-0.5613933048000731	25
Birds	K01939	2.332108674393831	-2.283441011916198	33
Birds	K01952	-3.848071084439134	3.7955465936951773	33
Birds	K02203	-1.7185142069670858	1.7345783965920654	30
Birds	K02318	4.121883633742482	-4.191804790018369	36
Birds	K02361	-1.4991902815209812	1.516393539327534	14
Birds	K02552	-1.4991902815209812	1.516393539327534	14
Birds	K02564	0.14378894977441536	-0.14088701348042154	17
Birds	K02858	2.059211820988528	-2.0327942117205464	26
Birds	K03342	-0.7004427056970897	0.6421272714929168	12
Birds	K03465	0.7289179510010533	-0.6853766686346837	10
Birds	K03527	-0.33423558108757184	0.4074130671840651	27
Birds	K03785	-3.1841991567811143	3.1711213152338913	32
Birds	K03786	-3.1841991567811143	3.1711213152338913	32
Birds	K03856	-1.305124870622583	1.3281186741238349	28
Birds	K04486	0.09986079582431973	-0.13736051709451252	26
Birds	K05602	0.09986079582431973	-0.13736051709451252	26
Birds	K05887	-0.8502440750805733	0.9240571848759425	25
Birds	K06001	-1.2055829550398056	1.1950106777428742	31
Birds	K06048	-1.5656100088740783	1.60078491236418	22
Birds	K06153	1.1922860824859502	-1.1317126402598865	29
Birds	K07127	-0.9258442137547332	0.9440083650974028	11
Birds	K07142	0.10380849543786821	-0.1546075546912697	28
Birds	K07160	-2.480308656205825	2.4486740902881694	11
Birds	K09007	-0.2688366728089644	0.2650860546262278	29
Birds	K11204	-1.5656100088740783	1.60078491236418	22
Birds	K11205	-1.5656100088740783	1.60078491236418	22
Birds	K11540	1.0786905110149767	-1.211157147626019	30
Birds	K11752	-0.8388517447003727	0.7777660294959964	28
Birds	K11755	-0.1411203164513077	0.1705963158672441	29
Birds	K11787	-0.7646981513009283	0.7372932618596683	33
Birds	K11788	-0.7646981513009283	0.7372932618596683	33
Birds	K11808	-0.9310298945154157	1.017497224075395	33
Birds	K12447	0.39643515840485655	-0.41425058687780575	20
Birds	K12506	-0.6243341653014043	0.6339023695478886	27
Birds	K12524	2.392668665053017	-2.350154006971311	34
Birds	K12525	2.392668665053017	-2.350154006971311	34
Birds	K12526	2.0471151047156706	-2.0202714640775095	34
Birds	K12657	0.47718055814125715	-0.7294785167900808	26
Birds	K13421	0.37880942047814825	-0.3889207583632048	36
Birds	K13484	-0.9495842500686229	0.9687636001143487	11
Birds	K13497	-0.8195645006988631	0.8459341325247415	30
Birds	K13498	-1.0046874478972414	1.0443259513596561	24
Birds	K13501	-1.0046874478972414	1.0443259513596561	24
Birds	K13542	-1.0185909644174878	1.0422608609847226	23
Birds	K13543	-1.0185909644174878	1.0422608609847226	23
Birds	K13562	0.17619850535841988	-0.18943649929425915	22
Birds	K13713	-1.1251507099253468	1.1103918467428087	33
Birds	K13786	-2.068578294958514	2.0731072842639073	20
Birds	K13829	-0.2611546104997968	0.27097211551948974	34
Birds	K13830	-1.5965331204546798	1.5985582106664824	35
Birds	K13832	-0.8116682674465342	0.8495051267493916	33
Birds	K13853	0.4396594968356689	-0.42143520951512686	28
Birds	K13939	0.10380849543786821	-0.1546075546912697	28
Birds	K13940	0.10380849543786821	-0.1546075546912697	28
Birds	K13941	0.10380849543786821	-0.1546075546912697	28
Birds	K13950	-0.5528478943983339	0.5178217128116376	11
Birds	K14152	-0.1411203164513077	0.1705963158672441	29
Birds	K14153	2.5597914507227975	-2.5686345586357917	30
Birds	K14154	3.4825027568187767	-3.477747751908011	26
Birds	K14187	1.5023109480867414	-1.4883673354367684	23
Birds	K14652	-0.7199953895728917	0.7385632664059678	28
Birds	K14759	-0.7632940011059586	0.7362763926994891	23
Birds	K15461	-0.7899161222532977	0.7863455497421957	15
Birds	K15918	0.18089547967205138	-0.1428446244278991	18
Birds	K18592	-0.7393787148607924	0.68091856123482	11
Birds	K18649	0.09986079582431973	-0.13736051709451252	26
Birds	K19285	0.17619850535841988	-0.18943649929425915	22
Birds	K19286	0.17619850535841988	-0.18943649929425915	22
Birds	K19302	1.1922860824859502	-1.1317126402598865	29
Birds	K19562	0.8643150321573826	-0.810143563558928	26
Birds	K19726	-2.087459748460972	2.0908168219571137	34
Birds	K19964	-0.9258442137547332	0.9440083650974028	11
Birds	K21219	2.5597914507227975	-2.5686345586357917	30
Birds	K21220	2.3594635752409325	-2.34109664420277	23
Birds	K22391	-0.2688366728089644	0.2650860546262278	29
Birds	K22515	1.0162789463052675	-0.9049917224088876	11
Birds	K22920	0.5492441469239228	-0.5552668181556603	19
Birds	K23123	-2.480308656205825	2.4486740902881694	11
Birds	K23124	-2.480308656205825	2.4486740902881694	11
Birds	K23144	-1.3536430260024954	1.3198257130979634	33
Birds	K23264	-3.848071084439134	3.7955465936951773	33
Birds	K23265	-3.848071084439134	3.7955465936951773	33
Birds	K23269	-3.848071084439134	3.7955465936951773	33
Birds	K23270	-3.848071084439134	3.7955465936951773	33
Birds	K23304	-1.5809900147187879	1.568591702358956	34
Birds	K23987	1.8570558588914055	-1.9196800543805563	25
Birds	K24017	-1.2339663591494094	1.275220558350645	29
Birds	K24018	-0.12831921613605476	0.24131237171382772	33
Birds	K24042	0.48748283015927246	-0.4570630734494374	30
Birds	K25009	-9.048075330549874	8.344675953189526	30
Birds	K25031	-1.3854788279522092	1.365916478054163	16
Birds	K28660	0.5492441469239228	-0.5552668181556603	19
