environment	category	alpha_env	alpha_env_se	alpha_env_ci99_low	alpha_env_ci99_high	beta_env_log	beta_env_log_se	n_genomes_used	r_squared	p_value
Aquatic	map00010	0.04570997768773851	0.040068112254638584	-0.05750547948021049	0.14892543485568752	0.9609041708193089	0.32802467268086527	598	0.0021788668576870895	0.436693966199438
Aquatic	map00020	0.3590299526110106	0.06632918586275714	0.18816596982854822	0.5298939353934731	-2.1747027209359633	0.5442099714783465	548	0.05092821445379114	7.932562162693557e-09
Aquatic	map00030	0.48970921387510413	0.03487540219045969	0.39987017783247997	0.5795482499177282	-2.399968713358572	0.2855136352677731	598	0.24858361628972092	0.0
Aquatic	map00040	0.5490387129286869	0.07644653159489119	0.3521124475402472	0.7459649783171266	-3.494691852474681	0.6258430231161835	598	0.07965191416067596	5.329070518200751e-15
Aquatic	map00051	0.35928217478487484	0.06321227590063029	0.1964473520648512	0.5221169975048985	-2.378430755349573	0.5178980929976664	589	0.05216316893557005	1.1703744640101377e-09
Aquatic	map00052	0.3596831920977531	0.0757333316791243	0.16459412969232892	0.5547722545031774	-2.3154911743426863	0.6205150086537838	518	0.04188274354659949	5.80294352570121e-07
Aquatic	map00053	0.5198147788747508	0.10720116566905123	0.24366457611127484	0.7959649816382268	-4.025611167394865	0.892939249874026	168	0.1240681884639323	3.1569083924765096e-07
Aquatic	map00061	0.4452314405348875	0.21022514398015843	-0.09630853035800058	0.9867714114277756	-3.599552289641356	1.788380903754315	15	0.2565230913327773	0.057526940263446624
Aquatic	map00130	0.35766420986183706	0.12469705031298636	0.036444608255584154	0.67888381146809	-2.3309317010768043	1.0263713113216437	312	0.025852447053724026	0.005313864055028539
Aquatic	map00220	0.6331415510699735	0.06861650087166199	0.4563854448245722	0.8098976573153748	-4.07759217461962	0.56175804254184	597	0.1251828462284984	0.0
Aquatic	map00230	0.2093655878326267	0.026099286636382484	0.14213382545730543	0.27659735020794796	0.8155581036221913	0.21366641636860084	598	0.09744929014294235	0.0
Aquatic	map00240	0.165316029558186	0.02928391461693897	0.08988066550495122	0.24075139361142078	0.49380183067115535	0.23973793539334434	598	0.05075776181255065	1.544467664871263e-09
Aquatic	map00250	0.20235732718528654	0.028195272874010434	0.12972630426183568	0.2749883501087374	0.2870184513215597	0.23082557762811123	598	0.07954983529943349	5.773159728050814e-15
Aquatic	map00260	0.4162602317031075	0.04162783656604526	0.3090269247089749	0.5234935386972401	-1.335579894996958	0.3407936310353316	598	0.14366744171638213	0.0
Aquatic	map00261	0.16190320839290775	0.06386883414231964	-0.0026229083577076484	0.3264293251435232	-0.9541233652491767	0.5223831576687981	562	0.0113446170734387	0.0167250899441016
Aquatic	map00270	0.42224066482153594	0.046749341792182625	0.3018143603648735	0.5426669692781984	-1.4440684690486352	0.3827217374747001	598	0.12039550981534441	0.0
Aquatic	map00280	0.47146446816339815	0.07903294238524816	0.2678756085789989	0.6750533277477975	-3.635753728851676	0.652055562172411	323	0.09979691125966283	1.4491430277985273e-10
Aquatic	map00290	0.1953303903130063	0.043335487468574796	0.08369817459395763	0.306962606032055	-1.4094249339837277	0.35558565159463373	542	0.03625924272215242	2.4145780768147773e-06
Aquatic	map00300	0.16995087223157268	0.03453693079958588	0.08098373849183946	0.2589180059713059	0.3786935664516291	0.2828509300900993	595	0.03923223457143188	2.0188559091138814e-07
Aquatic	map00310	-0.1595146880774133	0.11780821480432727	-0.4629886494133604	0.14395927325853375	1.371426345219145	0.9591373282481437	62	0.029650176885228974	1.6887503099043317
Aquatic	map00330	0.34144475395196094	0.06863666568931527	0.1646367031362848	0.5182528047676371	-1.461009357425644	0.5622079668238767	574	0.04147038253237456	1.438282055676865e-07
Aquatic	map00332	0.015625102959608932	0.023628443892676643	-0.045241768507926106	0.07649197442714396	0.6101369354882296	0.19373605321358778	535	0.0008197702560039932	0.7570005505503814
Aquatic	map00340	0.5397419197580222	0.045115294874162416	0.4235249201621798	0.6559589193538646	-2.6834762348638375	0.3695239582554444	594	0.19469810070186633	0.0
Aquatic	map00350	0.6458310782059762	0.09785271138944963	0.3937624936667539	0.8978996627451985	-5.081219038818116	0.8106025488195786	234	0.15807940740811954	9.046097204645775e-13
Aquatic	map00360	0.32563128675808384	0.12432697026082393	0.005365011366201378	0.6458975621499663	-2.101653064021008	1.0286568917476544	280	0.024081866348365732	0.012686893357390261
Aquatic	map00362	0.7566746847841307	0.15377679789001622	0.3605456534194489	1.1528037161488125	-5.860736899614628	1.2818467790125505	131	0.1580312713190679	2.0219059626569447e-07
Aquatic	map00380	0.01590839493084196	0.052607015526562204	-0.1196072770655823	0.1514240669272662	-0.1082921609182939	0.43387175486383184	91	0.0010264301271623033	0.9434457413892665
Aquatic	map00400	0.22723356785426374	0.0373273323247482	0.13107835978571236	0.3233887759228151	0.5090015812719624	0.30558679405860756	598	0.05853923394415239	5.67510483051592e-11
Aquatic	map00401	0.04115167617517352	0.011415193554189056	0.01174613757958251	0.07055721477076453	-0.33320304408017626	0.09383782602558793	285	0.04390588242674853	0.00025519371373450284
Aquatic	map00430	0.3220867552789957	0.11540047122107226	0.024815141413513542	0.619358369144478	-2.602389422367648	0.968620026349251	57	0.12406261753280057	0.0070186151280182685
Aquatic	map00440	-0.12849358520643317	0.1652808084927049	-0.554256947883641	0.29726977747077465	1.7009187660174412	1.3909406515604992	89	0.00689909557529611	1.3193910067934025
Aquatic	map00450	0.0448155679065735	0.0289575088080703	-0.029778974783015597	0.11941011059616259	-0.3332192137237906	0.23806339732732976	258	0.00926938736042826	0.2176625573075459
Aquatic	map00460	0.2510433344550339	0.12907731062226988	-0.08145981770793331	0.5835464866180011	-1.9670969582219224	1.0701099354068457	43	0.08446711569093346	0.08998451990530865
Aquatic	map00470	0.09111725182185873	0.02538505470930453	0.025725350890690266	0.15650915275302718	1.0258710347151885	0.20781923064123115	598	0.0211597521436232	0.00027407698475911957
Aquatic	map00480	0.6203948875313336	0.08736976088454468	0.3953303834927465	0.8454593915699208	-4.011106624679958	0.7191308274025372	504	0.09127328948536229	1.1546319456101628e-14
Aquatic	map00500	0.3926694109684872	0.06759147328940784	0.21855377577497256	0.5667850461620018	-2.657083731480731	0.5541338072331782	539	0.05913227673445953	4.665079433863184e-10
Aquatic	map00520	0.2801677603254613	0.03720042064768361	0.18433947673702833	0.3759960439138943	-0.12009934644675102	0.3045478092154005	598	0.08689870678354228	2.220446049250313e-16
Aquatic	map00521	0.2496212866140892	0.0644103078299753	0.08370033364407284	0.4155422395841055	-0.7480983407066053	0.5286863369467604	513	0.02855293301099604	7.037694456579757e-05
Aquatic	map00523	0.174607443272363	0.05981180372032366	0.020532236888809258	0.32868264965591676	-0.13518084651979212	0.49086833403688895	495	0.0169926669577668	0.0044033007867851914
Aquatic	map00525	0.05583111363565429	0.044699124160158886	-0.05931383020091501	0.17097605747222358	0.25427870078464115	0.3669946254217186	487	0.0032064026231375387	0.37039126889693375
Aquatic	map00540	-0.03681174850876337	0.031201211082495777	-0.1171860682572725	0.04356257123974576	0.9823862605009022	0.2558419633753723	441	0.003160753282206885	1.5877625898691745
Aquatic	map00541	0.38687025865846253	0.05950237923072697	0.23359212976010985	0.5401483875568152	-1.302447120223766	0.4871348584723838	597	0.06633405938620618	2.0530244171368395e-12
Aquatic	map00550	-0.04558941139761505	0.030201195400335043	-0.12338769074887812	0.032208867953648024	2.017994512117859	0.24724741641949652	598	0.0038086949565023787	1.7655799283852043
Aquatic	map00552	0.05284455546998509	0.021204293057702286	-0.0017777034466560024	0.10746681438662617	-0.3995974965375667	0.1736764102067648	530	0.011626263887460131	0.019178472325503293
Aquatic	map00561	0.6780546413706691	0.07954978949267277	0.473134383637544	0.8829748991037941	-4.660127518965373	0.6516032111299236	543	0.11839373447694734	0.0
Aquatic	map00562	0.3784193360432702	0.05226570039436881	0.24378289182737617	0.5130557802591642	-2.8683339573946407	0.42850162258422797	582	0.08289076761162661	3.1086244689504383e-15
Aquatic	map00564	0.11636171597517654	0.05600485719403901	-0.027906796156667954	0.260630228107021	-0.4049695037219164	0.45922685620235687	569	0.007555997379484314	0.06404277820930271
Aquatic	map00566	0.22790647544567652	0.04959844813910362	0.1001408730393456	0.35567207785200744	-1.7131170013795491	0.40623460698684916	420	0.048083885065260956	1.4531233849535141e-06
Aquatic	map00600	-0.07483980767368072	0.24533797678231448	-0.7068304358649228	0.5571508205175614	0.7001430403920658	2.0608985300250433	25	0.004029529991756986	1.0575195612700805
Aquatic	map00620	0.6035412261721455	0.04681277681023153	0.48295151310898904	0.7241309392353019	-2.967155333497316	0.38324105944574177	598	0.2180742278577048	0.0
Aquatic	map00621	0.3407775310069881	0.15534059310385595	-0.05937983682854486	0.7409348988425211	-2.623687588783113	1.2918463258910367	77	0.06029773468607147	0.046712596072237655
Aquatic	map00622	0.3407775310069881	0.15534059310385595	-0.05937983682854486	0.7409348988425211	-2.623687588783113	1.2918463258910367	77	0.06029773468607147	0.046712596072237655
Aquatic	map00625	0.010126765364989208	0.06636435467102093	-0.1608278122675607	0.18108134299753914	-0.07201673578240425	0.5611871199231707	51	0.00047497345251734657	0.9852857899057295
Aquatic	map00626	0.06919018156600883	0.20900335343712145	-0.46920245688801604	0.6075828200200337	-0.4936018501770403	1.7538137341421711	16	0.0077672618852490105	0.9326092192970872
Aquatic	map00630	0.8730775367280422	0.07937205099988646	0.6686151333523347	1.0775399401037498	-5.415631527642448	0.6498347163734163	597	0.16898958016974142	0.0
Aquatic	map00640	0.4730703389556034	0.08469550266841225	0.25489472408177344	0.6912459538294333	-3.24791290815938	0.6961590939381789	500	0.058953868615307936	2.367465334884855e-09
Aquatic	map00643	0.3839439022998704	0.08949120052681996	0.1534145697427822	0.6144732348569586	-2.9782402813128663	0.7438948380931282	195	0.08706753025700875	8.145534077907968e-06
Aquatic	map00650	0.27491638130976637	0.07605869325071915	0.07898918749591383	0.4708435751236189	-1.6905013735911094	0.6244640854397413	403	0.031552602201451174	0.0002442484992446481
Aquatic	map00660	0.0476655662549906	0.3648033621144383	-0.8920678945518025	0.9873990270617837	0.34670102605149306	2.9281712156455213	23	0.0008123059433871038	0.9891902902775829
Aquatic	map00670	0.4633611067524487	0.04193585436225798	0.35533434591527213	0.5713878675896252	-1.9761175143270018	0.3433152730867578	598	0.17001659482553144	0.0
Aquatic	map00680	0.7387964819104803	0.09009153118288196	0.5067206975833763	0.9708722662375843	-4.790595706842977	0.7390044835749726	549	0.10948073263906566	0.0
Aquatic	map00710	0.18402451811150045	0.03284543467815581	0.09941467838057108	0.26863435784242984	0.3300167163685881	0.2688949479549167	598	0.05003377331717773	2.09448858257133e-09
Aquatic	map00720	0.5108046130687183	0.047088960765286215	0.389503450137341	0.6321057760000955	-2.563420719739137	0.3855020881381038	598	0.1648819200264574	0.0
Aquatic	map00730	0.20865023130647178	0.055495015436127185	0.06569507154300816	0.3516053910699354	-0.4467977097671356	0.4543738646745502	594	0.02332166933557711	0.0001234931983746801
Aquatic	map00740	0.5097741095062407	0.04207231791336157	0.40139581856142126	0.6181524004510601	-2.4221804498819277	0.34443245603261624	598	0.19764395635515997	0.0
Aquatic	map00750	0.17056886633048282	0.07163593472061378	-0.013965301509818256	0.3551030341707839	-1.13367270487301	0.5893069077672486	429	0.013103323800949807	0.027071958939447027
Aquatic	map00760	0.561750959638909	0.05765476096128019	0.4132322954026512	0.7102696238751667	-3.868719705112392	0.472416421291875	587	0.13962113431869516	0.0
Aquatic	map00770	0.13604503019529066	0.021955744719910276	0.07948703179680178	0.19260302859377953	0.04162018316638849	0.17974457916667747	598	0.06052148955928127	2.424771494702327e-11
Aquatic	map00780	0.13466046109400903	0.06619791716408772	-0.03586537352068095	0.30518629570869904	-0.001107323947095784	0.5435674007692372	447	0.009213226194643043	0.07176638881756414
Aquatic	map00790	0.49804016477998486	0.07255137420791367	0.31114782482039927	0.6849325047395705	-2.7532324593013047	0.5941996652625783	591	0.07407915456217729	9.370282327836321e-14
Aquatic	map00791	-0.26119638418854024	0.11857440911893097	-0.5666440620789064	0.044251293701825956	2.7677300768183013	0.9878251052011663	71	0.06570343062581763	1.9544572498100161
Aquatic	map00860	0.6785646655919884	0.058835320076790015	0.5270048810741773	0.8301244501097994	-3.186600748053449	0.4816838853014283	597	0.1827110807768767	0.0
Aquatic	map00900	0.20769167163491367	0.04579733050421604	0.08971774825605315	0.3256655950137742	0.1760571632599095	0.37492792904321914	598	0.03335630961990854	2.0596725518462478e-06
Aquatic	map00910	1.0213489207143065	0.09422682112826437	0.7786206294878975	1.2640772119407155	-7.189153307643682	0.7714566188120009	594	0.16559727818372472	0.0
Aquatic	map00920	0.661931666086952	0.07122237432684517	0.47846282982099886	0.8454005023529051	-4.626868472932493	0.5841547379869491	571	0.13179618620360134	0.0
Aquatic	map00970	0.09571244660593779	0.016971771357007517	0.051993163590286426	0.13943172962158917	0.724563219746354	0.13894240159897678	598	0.0506592055428815	1.609905986299509e-09
Aquatic	map00984	0.018618340997435895	0.32471803082422374	-0.8178553064057645	0.8550919884006363	0.5028189031950344	2.8191415895128444	10	0.0004107719044423863	0.9979092847596229
Aquatic	map00997	0.0757103653450154	0.09809539520333733	-0.17698337269878156	0.3284041033888124	-0.546970494367993	0.8219206029608186	103	0.005863247100309499	0.6843936364780341
Aquatic	map00998	0.34293595807849386	0.05618573213422241	0.19820151210073692	0.48767040405625084	-2.567690831211305	0.46058958316793286	544	0.06431390087603972	5.0115467331579566e-11
Aquatic	map01040	0.4452314405348875	0.21022514398015843	-0.09630853035800058	0.9867714114277756	-3.599552289641356	1.788380903754315	15	0.2565230913327773	0.057526940263446624
Aquatic	map01053	0.4198422512417802	0.08783992530780617	0.19356660364887152	0.646117898834689	-3.3398174353979604	0.7276860102497245	139	0.142918915461829	4.828860458161444e-07
Aquatic	map01055	0.04502386919401875	0.03182370894117862	-0.03695400503845738	0.12700174342649487	-0.2974911963146979	0.261459428516321	478	0.0041874984757319655	0.2796328080456676
Aquatic	map01100	0.44970711115402345	0.022119103292652625	0.3927283010721503	0.5066859212358966	1.3476380755358002	0.18108194295394248	598	0.4095246173647106	0.0
Aquatic	map01110	0.31612173923077014	0.02030906736186156	0.2638055817066148	0.3684378967549255	1.734729664318349	0.16626376434934378	598	0.2890256744751507	0.0
Aquatic	map01120	0.6158268619075775	0.03522869837286719	0.5250777348990716	0.7065759889160834	-1.3653473609205453	0.2884059568190637	598	0.33893786265720305	0.0
Aquatic	map01200	0.5524412811500874	0.04039856284144671	0.44837458327052065	0.6565079790296541	-1.5689659857791756	0.33072996473171273	598	0.238824533740705	0.0
Aquatic	map01210	0.25357213136464063	0.038412546332466845	0.15462141201220603	0.35252285071707523	-0.4996441644150007	0.3145657930410272	595	0.0684551202397472	8.948397578478762e-13
Aquatic	map01212	0.4452314405348875	0.21022514398015843	-0.09630853035800058	0.9867714114277756	-3.599552289641356	1.788380903754315	15	0.2565230913327773	0.057526940263446624
Aquatic	map01220	0.822346684794326	0.15205328551945504	0.4306574212962098	1.2140359482924423	-6.277190814692454	1.2649506488570308	157	0.158749360274822	8.186309408131365e-09
Aquatic	map01230	0.28268412958956857	0.02415544336945953	0.2204597074698408	0.34490855170929635	1.2854265111267122	0.19775280039081072	598	0.18685144556138178	0.0
Aquatic	map01232	0.25810683438436954	0.03423422144664054	0.16991947993782353	0.34629418883091556	-0.2397832659575465	0.2802644959451138	598	0.08707014130241286	2.220446049250313e-16
Aquatic	map01240	0.43352997363588464	0.030227504381005948	0.35566392235041333	0.5113960249213559	0.10471622470388375	0.24746279953308808	598	0.2565794963072179	0.0
Aquatic	map01250	0.28304481269638165	0.03355773081403962	0.1966000981194156	0.3694895272733477	0.21575696011528978	0.2747262859860235	598	0.10663678311923375	0.0
Aquatic	map01310	0.6809151171817812	0.12165782284602746	0.36752456553041446	0.994305668833148	-4.44257166339509	1.0088928476715777	286	0.09934499632949811	2.182502623071514e-09
Aquatic	map01320	0.040228576599268095	0.04081174288042147	-0.06490247306069762	0.14535962625923382	-0.26336938544412325	0.33808725722573285	383	0.002543712039917656	0.5387216770257912
Terrestrial	map00010	0.0764044414016132	0.0384373221066205	-0.022610100345041212	0.17541898314826762	0.670367734431831	0.3272539625377687	479	0.008215423100591313	0.08082868685844913
Terrestrial	map00020	0.2772779908567593	0.05664676626514043	0.13135592095775755	0.42320006075576105	-1.441191656399368	0.4826484317869772	460	0.04971298798134627	2.3747824884345903e-07
Terrestrial	map00030	0.26109100911345157	0.031045833545222796	0.18111694190095765	0.3410650763259455	-0.454633346545257	0.26432309773765933	479	0.1291261119130287	0.0
Terrestrial	map00040	0.45486182195035263	0.07015934341749736	0.27413135330687943	0.6355922905938258	-2.542121989398307	0.5973340983207953	479	0.08098287078793831	2.3918644842524373e-12
Terrestrial	map00051	0.2700233429757059	0.06323400990304337	0.10713253346546617	0.43291415248594567	-1.6389012607921503	0.5384565464679022	478	0.036895028116297524	9.087245256278464e-06
Terrestrial	map00052	0.7227609847505406	0.07345837872063136	0.5335322011661943	0.911989768334887	-5.29702392798816	0.6262050411754327	461	0.17417375645440403	0.0
Terrestrial	map00053	0.10562294689571698	0.08221629611750016	-0.10616623190296344	0.3174121256943974	-0.502217033170401	0.711108618309857	296	0.005582416165000215	0.34969107156888923
Terrestrial	map00061	0.16847354562485253	0.08095882602742338	-0.040076390221790104	0.37702348147149517	-1.4143772572145665	0.6937321729141476	39	0.10477669246236887	0.06349063995779414
Terrestrial	map00130	-0.09423264246098519	0.1068981992060958	-0.369602403615888	0.18113711869391763	1.3980868335358805	0.9089591766365087	241	0.003240815491836524	1.390246314614548
Terrestrial	map00220	0.6709050273891574	0.06412452193198807	0.5057202588923561	0.8360897958859587	-4.342116015649881	0.5460872166870017	477	0.18729042623011938	0.0
Terrestrial	map00230	0.27765959911102467	0.02089523478265115	0.2238334743109153	0.331485723911134	0.2955591693148971	0.1779012690273188	479	0.27016867579771786	0.0
Terrestrial	map00240	0.04072667928709823	0.02048303008543768	-0.012037606212989237	0.09349096478718569	1.5634451699648935	0.1743917732261908	479	0.00821990135757722	0.08071701593190772
Terrestrial	map00250	0.36842984497018355	0.028200971082829145	0.29578414346081566	0.44107554647955144	-1.053285280602906	0.2401020421940183	479	0.2635246819330683	0.0
Terrestrial	map00260	0.5550704961890474	0.033796119676765574	0.4680116919016992	0.6421293004763955	-2.5090158219028607	0.2877389338399621	479	0.36123261928905526	0.0
Terrestrial	map00261	-0.07788149062947358	0.058745825684398435	-0.22921073759248395	0.07344775633353678	0.9181387302621764	0.5005751110684566	459	0.0038311683396377028	1.6733639066377983
Terrestrial	map00270	0.4369661329949716	0.03774631594258768	0.3397316231268658	0.5342006428630774	-1.5546296429711046	0.32137076118751606	479	0.219329009624191	0.0
Terrestrial	map00280	0.6510982470523952	0.06822654504939243	0.47534666700516026	0.8268498270996301	-5.081241554600377	0.586023614489568	316	0.22482973572361853	0.0
Terrestrial	map00290	0.2074335123738285	0.044217153936528523	0.09353012383333104	0.321336900914326	-1.5658257884308076	0.37727936026571995	451	0.04672487936449787	8.227700916130232e-07
Terrestrial	map00300	0.3068022545293492	0.02764742297153187	0.23558249295468314	0.3780220161040153	-0.7509810645799975	0.23538915370571933	479	0.20518869768384196	0.0
Terrestrial	map00310	0.11036073235562309	0.10822170425452647	-0.16841837780403707	0.3891398425152833	-0.8557141429755892	0.9135761425388647	46	0.023088875844369472	0.5158009394731553
Terrestrial	map00330	0.2841413546994158	0.06489620651224477	0.11696872672387329	0.45131398267495837	-1.157830944374707	0.5532846607292132	462	0.04000739971042355	5.009220217289112e-06
Terrestrial	map00332	-0.030508785199003383	0.0226829755683422	-0.08894013026305289	0.027922559865046128	0.9612277563575526	0.19382331914603382	435	0.00416055443878538	1.6838931230188838
Terrestrial	map00340	0.47518664458747173	0.03610892470051503	0.38217005455894504	0.5682032346159984	-2.1572039245741	0.3075397906662607	477	0.2671795938854291	0.0
Terrestrial	map00350	0.6497786894369385	0.08109963880834548	0.44086601986664053	0.8586913590072365	-5.097370768722682	0.7004272131225092	288	0.18330935710951757	0.0
Terrestrial	map00360	0.5872345316951458	0.08426775078092447	0.3701608056834844	0.8043082577068073	-4.254187846799719	0.7248029485692442	333	0.12794318403336602	3.730349362740526e-14
Terrestrial	map00362	0.792442333543971	0.0941928490808437	0.5498015543117176	1.0350831127762243	-6.211107146202309	0.8182377594736193	232	0.235316903033448	0.0
Terrestrial	map00380	0.07611735346124218	0.06540181576167635	-0.0923577239408361	0.24459243086332047	-0.6080397511780012	0.5600618756214901	64	0.021380117775549934	0.42218197719970707
Terrestrial	map00400	0.3696761312577219	0.03035698666468565	0.29147653360949166	0.4478757289059522	-0.6679842697824614	0.2584582804485606	479	0.2371596409805844	0.0
Terrestrial	map00401	0.06445259609008858	0.023573766415428302	0.0037265738039452684	0.1251786183762319	-0.5244714718423026	0.199335445090877	207	0.03518152245336281	0.008575372941487691
Terrestrial	map00430	0.10719408218996754	0.08439945373171052	-0.11021891062291878	0.32460707500285385	-0.8467195445046248	0.7404772019650799	101	0.01603274191502846	0.35810327526019714
Terrestrial	map00440	0.851335686406128	0.2697356159902788	0.15649673961516986	1.546174633197086	-6.559375250597496	2.342759384983712	96	0.09581919489169322	0.0017613178833499887
Terrestrial	map00450	0.005954524330474323	0.024915328955938284	-0.05822736306002269	0.07013641172097133	-0.035370151414289105	0.21238316710638483	207	0.00027853902522056995	0.9642917012375889
Terrestrial	map00460	0.01356468184398841	0.09690557441408003	-0.23606407784668176	0.26319344153465857	-0.028828821276498065	0.8352768726714292	63	0.0003211089350610985	0.9876035888546197
Terrestrial	map00470	0.19587175824546085	0.021437292801017516	0.14064929199003973	0.251094224500882	0.20064113762272973	0.18251633128227254	479	0.14894998641159907	0.0
Terrestrial	map00480	0.8071758944887379	0.07474494758123132	0.614632909519486	0.9997188794579899	-5.600493902024745	0.6383975920643661	443	0.20913870559223435	0.0
Terrestrial	map00500	0.18561134909243512	0.06823935475421408	0.009826771245579652	0.36139592693929057	-0.9005711213269066	0.5817268089311678	461	0.015862884312879744	0.0090049292209895
Terrestrial	map00520	0.38507144085851003	0.02963843887717135	0.30872282231091663	0.4614200594061034	-0.9323475103704499	0.25234059071761294	479	0.261381022948057	0.0
Terrestrial	map00521	0.4602162683590961	0.05461828920920642	0.3195195553561804	0.6009129813620119	-2.468965610558664	0.4661593513496924	446	0.13786117643459694	0.0
Terrestrial	map00523	0.21424404535469965	0.058952491058437625	0.062382428388164324	0.366105662321235	-0.525506861948567	0.5030991162037123	441	0.02920624027676244	0.00022307289337897274
Terrestrial	map00525	0.2961835645541256	0.04813645003797505	0.17218406925630186	0.4201830598519493	-1.7078413302335749	0.41063584885588417	435	0.08040490501145625	3.408895388190558e-11
Terrestrial	map00540	-0.03720645853392741	0.03462421309513943	-0.12639843146700658	0.05198551439915177	0.9856308689652331	0.29265491903639035	225	0.0051514436683212095	1.5205510463960659
Terrestrial	map00541	0.303109966805152	0.05388833375040401	0.16429361906411127	0.44192631454619274	-0.6129024472053315	0.4588033137547838	479	0.06220166390764059	1.7892585191248145e-09
Terrestrial	map00550	0.1535733089863642	0.022793185069455595	0.09485806424744658	0.21228855372528183	0.4168088259099003	0.19406034874503583	479	0.08690029920846798	2.8110846983508964e-13
Terrestrial	map00552	0.23694984455632256	0.03513559666168281	0.14644054755582764	0.3274591415568175	-1.891382956253825	0.2992421502431524	449	0.09234849058049821	2.6645352591003757e-13
Terrestrial	map00561	0.82543128731	0.07426133135451583	0.6341340977407672	1.0167284768792328	-5.671651711955893	0.6330162351109903	466	0.21027754474547655	0.0
Terrestrial	map00562	0.6643314547104547	0.05707772054866421	0.5172992465770957	0.8113636628438138	-5.109193551996581	0.48620025030211317	476	0.22227240836161788	0.0
Terrestrial	map00564	-0.13217026165620052	0.05342446484486075	-0.2697916830965618	0.005451159784160775	1.5446776590775035	0.45516361274800304	472	0.01285494593604175	1.9796857655920377
Terrestrial	map00566	0.21041801303306903	0.05603117360715269	0.0660817098210437	0.35475431624509435	-1.5299968880743195	0.4785638698396764	396	0.03455705957203081	0.00012613687447671218
Terrestrial	map00600	0.029878370804473205	0.05811130140537359	-0.11981634161576918	0.17957308322471557	-0.22073954177832975	0.5078588434502842	69	0.003930136371834703	0.845103990399553
Terrestrial	map00620	0.4883524478851595	0.04030033298742259	0.38453879010955894	0.5921661056607601	-2.055426178441644	0.34311556942344845	479	0.2353829774809646	0.0
Terrestrial	map00621	0.11905756164685198	0.13196969988121818	-0.22089638524716604	0.45901150854087003	-0.7352020814753051	1.1518737767103515	127	0.006468996562457585	0.5956284429024434
Terrestrial	map00622	0.11905756164685198	0.13196969988121818	-0.22089638524716604	0.45901150854087003	-0.7352020814753051	1.1518737767103515	127	0.006468996562457585	0.5956284429024434
Terrestrial	map00625	-0.1070122984593008	0.0698912243028066	-0.2870520922633306	0.07302749534472902	0.9784890677605026	0.6052863645442075	93	0.025115050811103767	1.77518070170904
Terrestrial	map00626	0.0893732451297728	0.20627545664705674	-0.44199233119304543	0.6207388214525911	-0.6286936151489373	1.7947138834097065	28	0.007168399225191524	0.8873561556607688
Terrestrial	map00630	0.8875909043850566	0.07391790079129515	0.6971783919466803	1.078003416823433	-5.48661858963936	0.6293343191111249	479	0.23211542474563562	0.0
Terrestrial	map00640	0.13930685180080332	0.08175320424237092	-0.07128940232754419	0.34990310592915086	-0.5427508590340604	0.6974333296727517	420	0.006898469648920491	0.15747584216064303
Terrestrial	map00643	0.43474270596898845	0.07352278954124057	0.24534800011075272	0.6241374118272242	-3.320185851948836	0.6380558154614114	244	0.1262401176262583	2.1535129235417116e-10
Terrestrial	map00650	0.5918025705057162	0.06002739593039642	0.437171998589015	0.7464331424224173	-4.333903091436844	0.5129441042344547	378	0.20540562361391757	0.0
Terrestrial	map00660	-1.1917336292964027	0.3805117371804504	-2.171931864273243	-0.21153539431956248	10.67837263461654	3.2941769070541085	18	0.38005988441111693	1.9980590310604494
Terrestrial	map00670	0.4777670445422972	0.039463598486667244	0.37610881484064235	0.579425274243952	-2.115111648236474	0.33599164231414846	479	0.2350472783184493	0.0
Terrestrial	map00680	0.5089281512853948	0.08099691127776448	0.3002801078338735	0.7175761947369161	-2.918270889288583	0.690314481599229	465	0.07857010618121951	1.2150058736892788e-11
Terrestrial	map00710	0.08133073070978042	0.04184474197390125	-0.026461324614989207	0.18912278603455004	1.1042994345515986	0.3562646113676849	479	0.007857479266490275	0.09026919354475815
Terrestrial	map00720	0.5829707586205509	0.04987649970651917	0.45448889537655757	0.7114526218645443	-3.1623834648484763	0.4246467046064294	479	0.22264088682050132	0.0
Terrestrial	map00730	0.3655521880014605	0.04775082574486756	0.24254606088268166	0.48855831512023934	-1.689158492317314	0.4065487938028558	479	0.10941884477459018	0.0
Terrestrial	map00740	0.5030108696024929	0.0335965415281026	0.4164661786261006	0.5895555605788851	-2.3153725247343537	0.2860957544631343	478	0.3201591398629704	0.0
Terrestrial	map00750	0.03838222924585605	0.08511080315391717	-0.1808631996786346	0.2576276581703467	-0.1337907465374989	0.7190475999150302	223	0.0009193889285498136	0.8785604243107443
Terrestrial	map00760	0.42150060062388284	0.046291429507932864	0.3022538782114478	0.5407473230363179	-2.4788958327917827	0.3942413686651288	477	0.14860478872314187	0.0
Terrestrial	map00770	0.22276284186693848	0.026890077997426275	0.1534940009455684	0.2920316827883086	-0.6530940062967405	0.2289411461390988	479	0.12577801093439755	0.0
Terrestrial	map00780	0.39761213242279014	0.05721462164166987	0.25022726707384857	0.5449969977717317	-2.189439584428649	0.4906493658423105	376	0.11436388744405945	4.440892098500626e-14
Terrestrial	map00790	0.48543879363750025	0.05110228885397426	0.35379929754966255	0.617078289725338	-2.7530194272222395	0.4353339276841763	475	0.16021253800729374	0.0
Terrestrial	map00791	-0.23834289295087588	0.10431288246201195	-0.5070528781730187	0.03036709227126691	2.514256249920839	0.9020101772229314	111	0.045707104773964	1.963977054887685
Terrestrial	map00860	0.5598483420173564	0.03491027541256919	0.4699194725545782	0.6497772114801347	-2.2347521789667986	0.29733905799487986	477	0.3512508767759541	0.0
Terrestrial	map00900	0.40465100675362364	0.03222127062456307	0.3216490136247492	0.4876529998824981	-1.3600569151402464	0.2743307262831888	479	0.24848285972246575	0.0
Terrestrial	map00909	-0.012221641782165114	0.4528159921053596	-1.1786756374455714	1.1542323538812413	0.23061565561595998	4.066241277814016	33	2.349869197659782e-05	1.0004636550666162
Terrestrial	map00910	1.064957125321897	0.0833390658595752	0.8502756916676313	1.2796385589761627	-7.507153972909546	0.7095457758761116	479	0.2550283048166948	0.0
Terrestrial	map00920	-0.07638812904374224	0.07702836620026922	-0.2748132003756358	0.12203694228815128	1.331263196937033	0.6561185426343836	475	0.002074852362133117	1.4653168549383881
Terrestrial	map00970	-0.018418054007293655	0.016808974273726525	-0.061717971736413184	0.024881863721825874	1.6462751509907159	0.143110995662337	479	0.0025107005960427475	1.5343576952081355
Terrestrial	map00984	-0.30024012951068535	0.17622656707679699	-0.7541997663005144	0.15371950727914369	3.253831694286403	1.5420297767408988	45	0.0632349171582055	1.8424298567384723
Terrestrial	map00997	-0.16806394509275766	0.08750116944901586	-0.39346695759342254	0.0573390674079072	1.5790092329686667	0.7669171512914377	157	0.023247393854093024	1.9044933329283043
Terrestrial	map00998	0.7348703544137094	0.07482063282646297	0.5421324042527408	0.927608304574678	-5.829513212606693	0.63127298908875	353	0.2155845851279975	0.0
Terrestrial	map01040	0.16847354562485253	0.08095882602742338	-0.040076390221790104	0.37702348147149517	-1.4143772572145665	0.6937321729141476	39	0.10477669246236887	0.06349063995779414
Terrestrial	map01053	0.4031047310097035	0.09334831224486964	0.1626394786669193	0.6435699833524877	-3.140197247883237	0.8021564915261659	147	0.11394970898018819	6.987216608411728e-06
Terrestrial	map01055	0.2733268208792439	0.04433009374720889	0.1591324993864338	0.38752114237205404	-2.146331262305523	0.37846145493978456	425	0.08246148241537421	3.08530978543331e-11
Terrestrial	map01100	0.44482057900400285	0.018883201963566198	0.3961774507458563	0.4934637072621494	1.3956005518548102	0.16077089477868772	479	0.5377480468778046	0.0
Terrestrial	map01110	0.32532449212086795	0.016164988458696822	0.2836834818512649	0.366965502390471	1.665367940109436	0.1376281238534738	479	0.4591995126303515	0.0
Terrestrial	map01120	0.5641485867324507	0.030941946254501296	0.4844421331808554	0.643855040284046	-0.920239550380908	0.263438605122601	479	0.4106917039382655	0.0
Terrestrial	map01200	0.34303852535226853	0.03860319964081702	0.24359668307752388	0.44248036762701315	0.17481609618226956	0.32866623783132914	479	0.14203359834695173	0.0
Terrestrial	map01210	0.29024219082382596	0.03390220684546233	0.202910105989915	0.37757427565773694	-0.8660551498136926	0.28864215613609717	479	0.1331897510551533	0.0
Terrestrial	map01212	0.16847354562485253	0.08095882602742338	-0.040076390221790104	0.37702348147149517	-1.4143772572145665	0.6937321729141476	39	0.10477669246236887	0.06349063995779414
Terrestrial	map01220	0.8273642001614959	0.10340076316244716	0.5610038342550321	1.0937245660679598	-6.32368377832086	0.8950924602682605	253	0.20323648660461413	0.0
Terrestrial	map01230	0.2868908882097982	0.02032125514952889	0.23454333494461177	0.3392384414749846	1.2448008745097732	0.17301442730524985	479	0.2947037433592893	0.0
Terrestrial	map01232	0.23175752433707061	0.026465756593364524	0.1635817353525636	0.29993331332157763	0.033080515316244785	0.22532848913652156	479	0.13849620520613193	0.0
Terrestrial	map01240	0.4037916721535497	0.022178782171745987	0.34665912927913206	0.4609242150279674	0.3521023538274557	0.18882934481837246	479	0.4099939289578305	0.0
Terrestrial	map01250	0.35322972729309243	0.02914728913020374	0.2781463104936876	0.42831314409249727	-0.356661018274238	0.24815895963393014	479	0.23541144280096182	0.0
Terrestrial	map01310	0.2746980422997212	0.07244284052051805	0.08808528511886671	0.46131079948057574	-0.9899825754541578	0.6241141846488661	316	0.04378699917093787	0.0001058194080192365
Terrestrial	map01320	0.012877272812144881	0.026774008529637204	-0.05609257316020056	0.08184711878449033	-0.06496610596482269	0.22977355815650913	399	0.0005823411909531284	0.8630647725574163
Mammals: Human	map00010	0.3547157642613885	0.04334372534247005	0.24306232777918566	0.46636920074359134	-1.6210097309585256	0.34858238982988987	406	0.14220381664007875	0.0
Mammals: Human	map00020	0.5183469113931488	0.05222498472774098	0.383815350734488	0.6528784720518096	-3.486731432888704	0.42309838499828756	361	0.21531928051154947	0.0
Mammals: Human	map00030	0.43396470775968843	0.03312082285920497	0.3486454680743764	0.5192839474450004	-1.913468950398886	0.26636694225453433	406	0.29821491315300963	0.0
Mammals: Human	map00040	0.6693227616949361	0.06335612968736942	0.5061173716202725	0.8325281517695997	-4.234475285221931	0.509629753581177	405	0.216879090826542	0.0
Mammals: Human	map00051	0.5262538717259734	0.05795741899863335	0.3769555603854938	0.6755521830664529	-3.8141924225751325	0.4665786620400897	400	0.17160401588147378	0.0
Mammals: Human	map00052	0.21780363765125024	0.07185302543837505	0.03271024412199611	0.40289703118050435	-1.0287150545370891	0.578981415127422	389	0.02319200937321353	0.002881280598577174
Mammals: Human	map00053	0.6438489884770139	0.10992336043767903	0.3606864119895527	0.927011564964475	-4.926331994493806	0.9120521371920697	158	0.1802736797863509	3.2709168706901437e-10
Mammals: Human	map00061	0.17003463778514893	0.10517506094741984	-0.1008963192154046	0.44096559478570246	-1.4309569672806515	0.9032025139829452	48	0.053763920267218546	0.18939731649887914
Mammals: Human	map00130	0.5998946588645926	0.09722848418922227	0.34943408359315603	0.8503552341360292	-4.020428786805549	0.795796089148345	253	0.13169296047854173	2.984501534797346e-11
Mammals: Human	map00220	0.8374603179483805	0.06026140579817111	0.6822269366122917	0.9926936992844693	-5.785523601748565	0.48580607513388735	391	0.3317644934067826	0.0
Mammals: Human	map00230	0.3676509618901295	0.028928429398872562	0.2931313277586338	0.44217059602162523	-0.4714553303374389	0.23265053878521977	406	0.2856110781693948	0.0
Mammals: Human	map00240	0.15236341564058992	0.025497289196499996	0.08668239867040592	0.21804443261077391	0.6451573543182008	0.2050563474199355	406	0.08120978771456977	1.3404699572561185e-10
Mammals: Human	map00250	0.34486942797316467	0.024282615784581723	0.28231740971208213	0.4074214462342472	-0.8393928943638445	0.1953490424308973	405	0.3335602566133663	0.0
Mammals: Human	map00260	0.6494308428216837	0.04534206553499293	0.5326296820035419	0.7662320036398256	-3.2871346899967895	0.3653020298797197	399	0.34069154641011334	0.0
Mammals: Human	map00261	0.07002231227003715	0.05054384160549717	-0.06017862370572356	0.20022324824579785	-0.20457520283068087	0.4077973439435837	388	0.004947605290066326	0.2946856314610993
Mammals: Human	map00270	0.6555803031904668	0.046747690412478546	0.535158252687922	0.7760023536930115	-3.3029115525688844	0.3763234275087608	402	0.32960930393227006	0.0
Mammals: Human	map00280	0.530715645595565	0.053863319855815855	0.39196373364698345	0.6694675575441467	-3.973015499868065	0.4371419821670413	217	0.31107792221627606	0.0
Mammals: Human	map00290	0.28778586728047045	0.03697776135518898	0.19253115402950363	0.3830405805314373	-2.190230643096846	0.30083622080000105	317	0.16127489987179622	0.0
Mammals: Human	map00300	0.45433943621834566	0.02984720188863142	0.3774530441532311	0.5312258282834602	-1.9371381170747803	0.24074623845922996	392	0.37270264372173845	0.0
Mammals: Human	map00310	-0.36487410422715183	0.37363414064199957	-1.3273556505209427	0.5976074420666391	3.055349713027254	2.990756916976583	13	0.07977964987086705	1.4550809287675035
Mammals: Human	map00330	0.6858146442922944	0.06694291299883011	0.5133697004073081	0.8582595881772808	-4.477162978385044	0.5427839263901775	355	0.22918237945209308	0.0
Mammals: Human	map00332	-0.019647013460880474	0.012089587364288806	-0.05078979051128844	0.011495763589527492	0.8485915848069551	0.09816784853847406	327	0.008060683567524096	1.8138717839881744
Mammals: Human	map00340	0.7265893820219979	0.05522503949984152	0.5843296802704061	0.8688490837735896	-4.235804220620643	0.44860337880408924	352	0.3309164373601443	0.0
Mammals: Human	map00350	0.5126390727811923	0.10548595656106063	0.24090724867990004	0.7843708968824845	-3.9999778979443144	0.8809660806658214	103	0.1895199996501875	2.952704281078411e-07
Mammals: Human	map00360	0.46676665133129286	0.13842109527922	0.1101939098920221	0.8233393927705637	-3.2663746358286248	1.1658242349389496	139	0.07663838208111218	0.0007180698453361778
Mammals: Human	map00362	0.8126887839169701	0.1774351683225477	0.3556157903180872	1.269761777515853	-6.344628994910264	1.5158821763357346	85	0.20175608817966195	1.584621892369853e-06
Mammals: Human	map00380	0.38440217443736846	0.17415423558368107	-0.06421913642619398	0.8330234853009308	-3.1083656218148157	1.468292765234204	37	0.12219009965378802	0.04497784826943141
Mammals: Human	map00400	0.5588024878715282	0.04665547842827425	0.43861797544029374	0.6789870003027627	-2.1980903132179828	0.3764828163136377	390	0.26992681910629457	0.0
Mammals: Human	map00401	0.0	0.0	0.0	0.0	0.0	0.0	229	0.0	
Mammals: Human	map00430	0.14946675095844889	0.12232996088888423	-0.16565522829131693	0.4645887302082147	-1.2374509084810592	1.0538541653082176	28	0.05430044056369565	0.3865887184664736
Mammals: Human	map00440	0.2949163368870408	0.12727703156935388	-0.03294929643561484	0.6227819702096964	-1.6954020200111883	1.058835351956178	80	0.06440101684215938	0.03277646758093211
Mammals: Human	map00450	0.0	0.0	0.0	0.0	0.0	0.0	161	0.0	
Mammals: Human	map00460	0.0	0.0	0.0	0.0	0.0	0.0	34	0.0	
Mammals: Human	map00470	0.36669919135942897	0.02046004590597775	0.3139941131056303	0.41940426961322763	-1.1609067974682594	0.1645971921345788	405	0.4435415969727303	0.0
Mammals: Human	map00480	1.0161615355072002	0.07434535659450785	0.824647896919748	1.2076751740946525	-7.3225866990017465	0.6048841163826633	285	0.3976385823331533	0.0
Mammals: Human	map00500	0.09660740348954562	0.06065935661382884	-0.05965109914767748	0.25286590612676874	-0.18186617220728352	0.488661111415511	371	0.00682690407376485	0.1989403623315451
Mammals: Human	map00520	0.2375051196710917	0.031119246909651826	0.15734193963182858	0.3176682997103548	0.3242137560306593	0.25035245441923315	405	0.12628519603704624	0.0
Mammals: Human	map00521	0.44050683714212313	0.05860894267826027	0.2895302008029247	0.5914834734813216	-2.309042917814443	0.47525860058965036	348	0.1403529685707373	2.220446049250313e-16
Mammals: Human	map00523	0.30922420830533026	0.05822871691423996	0.1592270335342481	0.4592213830764124	-1.3282300532260736	0.47237762242648146	342	0.07659262491886731	1.59525703757879e-08
Mammals: Human	map00525	0.1540306167931921	0.03970751246061276	0.051744064694653646	0.25631716889173056	-0.5227186978979161	0.32213349143902686	341	0.04250177113581144	6.912231270672642e-05
Mammals: Human	map00540	0.020034193900422957	0.02252514986641831	-0.03799059215547061	0.07805897995631653	0.5320776023701452	0.18356850716798542	176	0.004525735367294392	0.6043491346034982
Mammals: Human	map00541	0.7132638076568011	0.05101634107701564	0.5818457130424088	0.8446819022711933	-4.002112135740424	0.410553131280739	400	0.32936879240428807	0.0
Mammals: Human	map00550	0.14349281930449073	0.01993298307954513	0.09214545489158248	0.19484018371739897	0.5092790057941301	0.16041031324542354	404	0.114190510922063	4.6629367034256575e-15
Mammals: Human	map00552	0.23887930814074368	0.03135098401288905	0.15811917332354147	0.3196394429579459	-1.8096009923818768	0.2530548455249158	350	0.14297749798610226	0.0
Mammals: Human	map00561	0.36772345483324204	0.07509050904064407	0.1742903035445429	0.5611566061219412	-1.739302886460534	0.6049044251447541	385	0.05892480053606208	2.3422953487894915e-07
Mammals: Human	map00562	0.5161603046197878	0.04672225906503484	0.39580376526825806	0.6365168439713176	-3.7983588384867066	0.3763379224146199	392	0.23834883828840314	0.0
Mammals: Human	map00564	0.4682421500999987	0.04743092001212482	0.34606010014876515	0.5904242000512323	-3.3144275595227577	0.38154975955092024	401	0.19630678827083992	0.0
Mammals: Human	map00566	0.17148637049407633	0.0349913015031777	0.08134877782189057	0.26162396316626213	-1.2623595079866543	0.280580593621712	278	0.08005556703745476	2.2880160011062856e-07
Mammals: Human	map00600	0.08888865704343721	0.07789646682813357	-0.11177264150583488	0.2895499555927093	-0.6946421937712052	0.6403680178377673	39	0.033996495319959075	0.4364999155472795
Mammals: Human	map00620	1.0274947652630608	0.04085818878559693	0.9222440709513631	1.1327454595747586	-6.510734865561524	0.3289454415668586	401	0.6131521777455458	0.0
Mammals: Human	map00621	0.6474171958564054	0.18216105337236466	0.17817032236919406	1.1166640693436167	-5.192496606166921	1.5564695476813148	62	0.1739129647617047	0.00032182311099449024
Mammals: Human	map00622	0.6474171958564054	0.18216105337236466	0.17817032236919406	1.1166640693436167	-5.192496606166921	1.5564695476813148	62	0.1739129647617047	0.00032182311099449024
Mammals: Human	map00625	0.0	0.0	0.0	0.0	0.0	0.0	14	0.0	
Mammals: Human	map00630	1.4998151035042195	0.06325480896584398	1.3368707156082054	1.6627594914002337	-10.509986396695204	0.509412132154888	400	0.5855016272293405	0.0
Mammals: Human	map00640	0.6926667651591092	0.08750030605651592	0.4672659767575242	0.9180675535606941	-4.9077425863000075	0.7208721770743677	270	0.18951363979378633	0.0
Mammals: Human	map00643	0.4362271044326504	0.15957091348516134	0.025172431294874786	0.847281777570426	-3.4146299741952824	1.3558088976344118	45	0.14806599467946824	0.008585248367608544
Mammals: Human	map00650	0.4033612320700004	0.055980561957649874	0.25915530446709434	0.5475671596729065	-2.976015288015922	0.45444894514755085	258	0.16860848455648592	4.440892098500626e-15
Mammals: Human	map00660	0.187665919050902	0.05797209056261163	0.03832981376161443	0.33700202434018955	-0.4964193940650037	0.4797526374882314	28	0.28726731893044355	0.0012667013185039266
Mammals: Human	map00670	0.5330133641964206	0.0414718214914517	0.4261819520344411	0.6398447763584002	-2.6478670443790877	0.3337003537980462	404	0.29123624485869537	0.0
Mammals: Human	map00680	0.9514831555543304	0.0879735562100258	0.7248632747573039	1.178103036351357	-6.607073780037799	0.7102091028508676	356	0.2483698361485912	0.0
Mammals: Human	map00710	0.31562853802360935	0.037986659030538335	0.2177749043609426	0.4134821716862761	-0.8404390510284159	0.30549936079314455	406	0.14594660261501147	0.0
Mammals: Human	map00720	0.7433600131061863	0.042521761239486096	0.6338239561532701	0.8528960700591024	-4.565981073393705	0.34214838171948836	404	0.4318951607973017	0.0
Mammals: Human	map00730	0.5516467844120637	0.05164247220072162	0.4186157760230048	0.6846777928011226	-3.127926430981769	0.4172377410669256	381	0.2314024361502678	0.0
Mammals: Human	map00740	0.5733455110382035	0.060241264208362955	0.41816401443746054	0.7285270076389465	-3.017210888327279	0.4856194749801394	395	0.18731563636264914	0.0
Mammals: Human	map00750	0.5081983846557441	0.1092859415684969	0.22667779917529607	0.7897189701361921	-3.54407006676345	0.9053435027680412	132	0.1426164884344474	1.0504129637212145e-06
Mammals: Human	map00760	0.47957207429402465	0.05179272104652974	0.34615402487816405	0.6129901237098853	-2.872726615897236	0.4166882139275831	404	0.17578598853002925	0.0
Mammals: Human	map00770	0.18037167763444947	0.02116695957913596	0.12584558975859522	0.23489776551030372	-0.2850534235390181	0.17023062270787764	406	0.1523537083720996	0.0
Mammals: Human	map00780	0.572606673056202	0.07230582387702006	0.38634687074899837	0.7588664753634058	-3.5832649364363016	0.5916975782481733	285	0.18140488059012683	0.0
Mammals: Human	map00790	0.7097451228526016	0.057123809576846644	0.5625941893826446	0.8568960563225586	-4.713101225402053	0.46176495270829254	368	0.29665795694840946	0.0
Mammals: Human	map00791	-0.4670353039141377	0.23402224261303442	-1.0698766008853144	0.135805993057039	4.544475225910048	2.0085452188956663	43	0.08853988621786257	1.9207786676128262
Mammals: Human	map00860	1.0773890541044362	0.08418899853218034	0.8605181938855396	1.2942599143233329	-6.67356956364999	0.6823704904700062	360	0.31387396981469995	0.0
Mammals: Human	map00900	0.27996594336278163	0.03460302980364729	0.19082853858858623	0.36910334813697704	-0.2817489942582325	0.2783748174956653	405	0.13973615255134186	0.0
Mammals: Human	map00910	1.2703843019029222	0.06732865227449189	1.096945693643831	1.4438229101620133	-9.230851231295619	0.5425440470974647	396	0.47467837780721	0.0
Mammals: Human	map00920	0.657621643454144	0.065468072403347	0.4889758889431221	0.8262673979651658	-4.647516881711514	0.5294890678605958	363	0.21844630653460628	0.0
Mammals: Human	map00970	0.020097329046211698	0.015466546405863715	-0.01974449449529323	0.05993915258771663	1.3537581624836446	0.12438630196117857	406	0.004161954589678385	0.34133015629733054
Mammals: Human	map00984	0.8389892170773287	0.17588125355048817	0.3859191079312711	1.2920593262233862	-6.4021607749598655	1.5142993305941899	46	0.3408716945548803	5.113678476220684e-07
Mammals: Human	map00997	0.7671539461195528	0.23320642813382028	0.16641418724683177	1.367893704992274	-5.7674400531526695	1.9732332143553102	57	0.16440567498879888	0.0010188037690312957
Mammals: Human	map00998	0.24751662502776717	0.052292786023760265	0.11281040823056071	0.3822228418249736	-1.8319552221315685	0.4216358933655692	334	0.06321593955179927	6.393479297095439e-07
Mammals: Human	map01040	0.17003463778514893	0.10517506094741984	-0.1008963192154046	0.44096559478570246	-1.4309569672806515	0.9032025139829452	48	0.053763920267218546	0.18939731649887914
Mammals: Human	map01053	0.4697636138907828	0.06765534771254354	0.2954834381832706	0.644043789598295	-3.5921336763886247	0.5586860886523833	174	0.21893422189195066	4.6851411639181606e-14
Mammals: Human	map01055	0.04488014741613542	0.031095229225361346	-0.03522116306839541	0.12498145790066625	-0.2807744093521497	0.2522649780038107	341	0.006107461755080257	0.2654905723046799
Mammals: Human	map01100	0.7508542337351359	0.02504032343019217	0.6863503605789609	0.8153581068913109	-1.1186390956801713	0.20138130062523948	406	0.6899815978710244	0.0
Mammals: Human	map01110	0.7135213009625648	0.030676744921392024	0.634498006045059	0.7925445958800706	-1.539461216114331	0.24671098232580718	406	0.5724856848871543	0.0
Mammals: Human	map01120	1.0475853192900524	0.035580224214984836	0.9559306617122514	1.1392399768678534	-4.9522260426016205	0.2861461374061932	406	0.6821112636655208	0.0
Mammals: Human	map01200	0.8174818793810441	0.03566691378155408	0.7256039094797608	0.9093598492823274	-3.7749815497972325	0.2868433192023877	406	0.5652742519015291	0.0
Mammals: Human	map01210	0.4411669834664715	0.03542905863247573	0.349901728429214	0.532432238503729	-2.139525951567901	0.28589118076133013	390	0.2855240374057332	0.0
Mammals: Human	map01212	0.17003463778514893	0.10517506094741984	-0.1008963192154046	0.44096559478570246	-1.4309569672806515	0.9032025139829452	48	0.053763920267218546	0.18939731649887914
Mammals: Human	map01220	1.2003866730367345	0.13494547904698512	0.8527671190117008	1.5480062270617683	-9.415807091128016	1.1403816425343314	117	0.40760482915194274	0.0
Mammals: Human	map01230	0.6675744619737108	0.03683752945752073	0.5726809860911375	0.7624679378562842	-1.8965255676177346	0.29625773862934346	406	0.44839756532362485	0.0
Mammals: Human	map01232	0.34230735445235516	0.03359472807505553	0.2557673349310121	0.4288473739736982	-0.8556543611530343	0.27017822085111987	406	0.20444595520090159	0.0
Mammals: Human	map01240	0.7041020837114611	0.033479519856809775	0.6178588405603191	0.7903453268626031	-2.1356931021878256	0.26925168406345706	406	0.5226255416624446	0.0
Mammals: Human	map01250	0.475510123059026	0.033809057955667104	0.38841798976522757	0.5626022563528245	-1.3592256880369433	0.2719918211831194	405	0.32924148031019174	0.0
Mammals: Human	map01310	0.563104678122718	0.12210556807333837	0.24856073476579837	0.8776486214796377	-3.5087729542667727	1.0260791954836301	146	0.12868296182959804	1.3184851717085166e-06
Mammals: Human	map01320	0.07689861498446827	0.03232827686030845	-0.006379026207686295	0.16017625617662284	-0.5982880155831082	0.2690164964716826	186	0.02983324452458813	0.027267244187489492
Plants	map00010	0.40402804431051026	0.06262268912463925	0.24271199712543953	0.565344091495581	-2.0512000696491235	0.5352916561896519	281	0.12982595308747646	3.099964729358362e-12
Plants	map00020	0.5040703422540543	0.08847955206724356	0.2761470161288349	0.7319936683792738	-3.285268335427533	0.757790131169589	270	0.10802279782084634	1.0629677138496163e-09
Plants	map00030	0.41129505389521265	0.041681854866035074	0.3039225957603063	0.518667512030119	-1.616756786323385	0.3562917759709851	281	0.25870276767705436	0.0
Plants	map00040	0.45675805201615893	0.09227543419113683	0.21905653353979046	0.6944595704925274	-2.380529037734508	0.7887599635889544	281	0.0807307110375145	1.6814977255030783e-07
Plants	map00051	0.5772471069388909	0.08447630552221498	0.35963614391366516	0.7948580699641167	-4.128574847310768	0.7220938947825802	281	0.1433656158626384	1.2301271112846734e-13
Plants	map00052	0.5132093796113195	0.09168124995537574	0.2770384797262716	0.7493802794963674	-3.4216633621525094	0.7855714505804029	274	0.10330129316377523	2.1702835084624894e-09
Plants	map00053	0.06204599810550454	0.10671274330490534	-0.21284602864793162	0.3369380248589407	0.04696991978145093	0.9202706367828206	223	0.0015273510940880808	0.806367026708068
Plants	map00061	0.0	0.0	0.0	0.0	0.0	0.0	11	0.0	
Plants	map00130	-0.4648931410257908	0.22887372312911505	-1.0544718518063911	0.1246855697548096	4.5272023928810174	1.9465012573679281	138	0.029443953274719492	1.9276763126845657
Plants	map00220	1.0203859760284288	0.09200459349169643	0.7833821431938188	1.2573898088630389	-7.124330110495318	0.7878497483652397	277	0.3090476005842121	0.0
Plants	map00230	0.37119411673436536	0.03297010650513587	0.28626312237713536	0.45612511109159537	-0.4882266679305616	0.28182473736886277	281	0.31239115043328536	0.0
Plants	map00240	0.3268583747124364	0.036345557565461976	0.23323221842380634	0.4204845310010664	-0.855690832946298	0.3106777108474188	281	0.2247317195003542	0.0
Plants	map00250	0.5887150167603314	0.044044233881371214	0.4752570702819192	0.7021729632387437	-2.9019573838277313	0.37648512431394876	281	0.3903797539174071	0.0
Plants	map00260	0.6333824510546335	0.05500133615989566	0.49169900910674236	0.7750658930025247	-3.1241781175597185	0.47098505855837086	277	0.32534019124666524	0.0
Plants	map00261	-0.12230592364931	0.07348181727639048	-0.3115950849532919	0.0669832376546719	1.3027692544397511	0.6296719377806523	271	0.0101937300273377	1.8285839929636143
Plants	map00270	0.39873665426557187	0.05287080587999046	0.26254145831871645	0.5349318502124273	-1.1164621721078571	0.4529625766884662	276	0.1718989529989442	2.220446049250313e-16
Plants	map00280	0.6450125015013796	0.0883923931099513	0.417313696850145	0.8727113061526142	-5.1308868401737895	0.7653730620044586	166	0.24510372626704002	1.7763568394002505e-15
Plants	map00290	0.07066073766859302	0.07050263597168195	-0.1109540525944597	0.25227552793164576	-0.41102584636700046	0.6058607862540106	266	0.0037904641372216163	0.5275676343460942
Plants	map00300	0.21468151514967146	0.03604958557143771	0.12181778271764791	0.307545247581695	0.0733186937559096	0.30884933371461454	276	0.11459838508066877	1.566295981803023e-10
Plants	map00310	-0.0997300768271524	0.46760002970705455	-1.304267753352525	1.10480759969822	1.0405808959097136	4.060180554972998	42	0.001135924977869962	1.0285436942757178
Plants	map00330	0.20288526772264814	0.11250221387909352	-0.08692043522989679	0.4926909706751931	-0.2776604993027765	0.9655944729523805	267	0.012123710987770542	0.12613246054159322
Plants	map00332	0.031376982960990035	0.018693253795808617	-0.016776838817012966	0.07953080473899304	0.44185332391083676	0.16059988490393873	262	0.010720089248195674	0.1663553247295062
Plants	map00340	0.49623304332872964	0.047041696590694786	0.3750536329110999	0.6174124537463594	-2.269045859908892	0.40366603110921556	272	0.29185342847436413	0.0
Plants	map00350	0.882165721809585	0.1276052311802773	0.5534546462891906	1.2108767973299792	-7.069168883610555	1.1057345433480703	180	0.2116669805894944	6.128431095930864e-14
Plants	map00360	0.7073793480193907	0.15480149343610172	0.3086107009279927	1.1061479951107889	-5.352240750988817	1.3415578818456204	131	0.13931806606156683	1.685658267192025e-06
Plants	map00362	0.8392507264979577	0.11344357248009944	0.5470200837892216	1.1314813692066938	-6.527266399036853	0.9859841123088039	162	0.2548774383806047	8.881784197001252e-16
Plants	map00380	0.0	0.0	0.0	0.0	0.0	0.0	48	0.0	
Plants	map00400	0.44289363432205325	0.05090380602330099	0.3117654300060299	0.5740218386380767	-1.316032233528127	0.4360799837025973	276	0.21647223214132172	0.0
Plants	map00401	-0.06526148163314992	0.04469622449094095	-0.18039895592181382	0.04987599265551397	0.5750996276117354	0.3791883614707271	128	0.01663852502758112	1.7426263635556225
Plants	map00430	0.23131778199046774	0.16857905735020948	-0.20294186974367187	0.6655774337246073	-1.9477695190622586	1.4861799343592499	23	0.08228128930518375	0.3016023224049311
Plants	map00440	0.3884253697501506	0.20519150074524137	-0.14014793616959126	0.9169986756698925	-2.708635182986723	1.7698366349591417	100	0.035275538705611176	0.10215445605476381
Plants	map00450	0.017100919405166764	0.05270847974821769	-0.11867612442624202	0.15287796323657554	-0.12090858562832023	0.4534690372164936	106	0.0010111259399662176	0.935183187836981
Plants	map00460	0.4056646777360794	0.14904692544340023	0.02171979779388039	0.7896095576782785	-3.418188993390673	1.3035205181064682	54	0.12469383664223943	0.008951428618898527
Plants	map00470	0.13648370062112164	0.03204363728539573	0.05393929097394225	0.21902811026830105	0.75054211574147	0.2745289819150772	276	0.06209897238114348	9.64216885446234e-06
Plants	map00480	0.8722421153498094	0.10606272710238993	0.599024530334053	1.1454597003655658	-5.944483216209997	0.9098255562686018	272	0.20031139999630898	0.0
Plants	map00500	0.627151561503559	0.09486765839514232	0.3827724734776724	0.8715306495294456	-4.701077269641522	0.8125475210625406	272	0.13931258264478863	8.260059303211165e-13
Plants	map00520	0.4491139505141486	0.04675835389607851	0.32866443087785036	0.5695634701504468	-1.5490708319725388	0.3999511036477868	279	0.249842945923601	0.0
Plants	map00521	0.3725616242908739	0.07799232135145882	0.171653404489516	0.5734698440922319	-1.718916297875093	0.6684759506856548	271	0.07819505619676159	4.909661734942006e-07
Plants	map00523	0.11153722929534436	0.0812128680988652	-0.09766711892733239	0.3207415775180211	0.42718219082068276	0.6965455599939898	263	0.007175004906887716	0.30095380958404894
Plants	map00525	0.13833635962547502	0.05971283495246214	-0.015483903212067468	0.29215662246301755	-0.3905680721552305	0.5117656383222332	257	0.020613476765651506	0.03281783248906045
Plants	map00540	-0.02235472598654132	0.03053796470502735	-0.10102052306669176	0.05631107109360913	0.8862698447338283	0.2617227388902859	216	0.0024978054598032706	1.2890439849421846
Plants	map00541	0.4422354816084377	0.065023568010988	0.27473477041213257	0.6097361928047428	-1.6468106798890445	0.5568070000753869	277	0.14398415008875476	1.6253665080512292e-13
Plants	map00550	0.20172369398500506	0.04049585767128577	0.0974063646237729	0.30604102334623723	0.03878970630490386	0.3467723736971514	277	0.08276392096114515	1.378731382395415e-07
Plants	map00552	0.24688226457405774	0.06358722508641967	0.08308157275144065	0.41068295639667485	-1.9230991330709006	0.5451380672761322	266	0.05401570376679987	6.795524869507297e-05
Plants	map00561	0.8560912835532024	0.09377380938400504	0.6145299505800055	1.0976526165263993	-5.864430349354056	0.8033301310362105	268	0.23857399436317694	0.0
Plants	map00562	0.5818103754760748	0.09589580303542895	0.33478278685680984	0.8288379640953398	-4.331865525422247	0.8198652521194455	280	0.11692717268869968	6.64972521491336e-11
Plants	map00564	0.18641427832163837	0.07892881063777474	-0.016906337881269357	0.3897348945245461	-0.8791049378817375	0.6746745366249431	281	0.019601338870687157	0.028692015594753872
Plants	map00566	0.33127861726338403	0.07484946909860896	0.13846638486536736	0.5240908496614007	-2.588537872652644	0.6433370374968435	230	0.07911853647403377	3.837608016477034e-06
Plants	map00600	-0.1966015724543359	0.09869067435693338	-0.4508287495977963	0.05762560468912448	1.701599648904051	0.8406633897942881	25	0.14715181831315016	1.920053574809314
Plants	map00620	0.6141210167931083	0.056363083373016334	0.4689297140242182	0.7593123195619984	-3.071439618925472	0.48261549314150626	277	0.3015314401613798	0.0
Plants	map00621	0.001619499534500755	0.24807215832037582	-0.6374143802987874	0.640653379367789	0.2415348862387523	2.168399014227336	40	1.1215574406975293e-06	0.9999728681232263
Plants	map00622	0.001619499534500755	0.24807215832037582	-0.6374143802987874	0.640653379367789	0.2415348862387523	2.168399014227336	40	1.1215574406975293e-06	0.9999728681232263
Plants	map00625	0.0	0.0	0.0	0.0	0.0	0.0	94	0.0	
Plants	map00626	0.34983437801426454	0.1516254567778341	-0.04075279864543613	0.7404215546739652	-3.0115430408276183	1.3263438126372027	29	0.16468918045237224	0.03374522519856038
Plants	map00630	1.2277409321444934	0.09962835797619363	0.9710982819978187	1.4843835822911682	-8.201092083786069	0.8531332380558828	277	0.3557628503856388	0.0
Plants	map00640	0.16439252425075954	0.12694394565086753	-0.16261507974587522	0.4914001282473943	-0.7245604282293192	1.0907639542233463	258	0.006508253204181913	0.34382283710218764
Plants	map00643	0.46623527890314403	0.10412135109317651	0.19801867848712135	0.7344518793191668	-3.6159389099752124	0.9049548793563814	160	0.11261256787007878	2.8599527430728244e-06
Plants	map00650	0.9050735888628972	0.08597907900446451	0.6835914813473967	1.1265556963783978	-7.113764776256402	0.737445264980755	239	0.31859511023439857	0.0
Plants	map00660	-0.054314113116444275	0.6900686330181283	-1.8319309117711426	1.7233026855382543	0.8950683258114657	5.987610298561511	12	0.0006191157450647911	1.0039360881673955
Plants	map00670	0.6685502235272206	0.049208686889595454	0.5417886460996227	0.7953118009548185	-3.671406470940691	0.42063028388357	281	0.39816206470786575	0.0
Plants	map00680	0.9329383895785868	0.12248946151528917	0.6174055367152018	1.2484712424419717	-6.270621906707411	1.0494069741484764	272	0.1768562454479785	0.0
Plants	map00710	0.4333761910937091	0.05379586978931292	0.29479803051643905	0.5719543516709792	-1.8311455462528343	0.45984100392702604	281	0.18871325524624816	0.0
Plants	map00720	0.7893905226304397	0.05669550679630108	0.6433428971231682	0.9354381481377113	-4.939115630985806	0.48494928981990826	279	0.4117138000484819	0.0
Plants	map00730	0.4278305420391428	0.0642846942873756	0.2622331695548632	0.5934279145234224	-2.235351950736717	0.550073773851925	279	0.1378567585897308	5.6754601018838e-13
Plants	map00740	0.6064758065959263	0.04565342301720449	0.48887258890360746	0.724079024288245	-3.2625903296395817	0.3906017675528332	279	0.3891598766784826	0.0
Plants	map00750	-0.10132587603059327	0.13081563185401807	-0.4383069436865438	0.23565519162535725	1.3069832808014648	1.1211008752454183	217	0.0027827409200017472	1.317467853799195
Plants	map00760	0.39365851451377426	0.05951187812028106	0.24035591647593024	0.5469611125516183	-2.2364725765659466	0.5089881451540054	280	0.13598972550445498	7.989164885202626e-13
Plants	map00770	0.3091351457517044	0.04066743778511496	0.2043758260172483	0.41389446548616055	-1.3133388799705585	0.34762065362055333	281	0.17157438793419777	0.0
Plants	map00780	0.1368463665288622	0.07512831238002357	-0.056684166162078525	0.33037689921980296	0.14101042764341365	0.6451527856243906	220	0.014991420788277643	0.12096897117951944
Plants	map00790	0.6486187905579375	0.09003261040229239	0.41669478616163225	0.8805427949542427	-4.151022777215045	0.7716662336836306	275	0.1597451707289208	4.440892098500626e-15
Plants	map00791	-0.3331308793628015	0.1179878272823317	-0.637067522442088	-0.02919423628351503	3.4688739498085184	1.0237508913858682	131	0.05820017241032538	1.9937488734769577
Plants	map00860	0.8416901301544393	0.06177005769538274	0.6825704615311333	1.0008097987777451	-4.577835327357967	0.5292739511326108	276	0.40392392789328735	0.0
Plants	map00900	0.3960771069037165	0.039473517029857505	0.2943933270348036	0.4977608867726294	-1.365207535497253	0.3374151541861717	281	0.265172746988386	0.0
Plants	map00910	1.275717952201825	0.10719993895779309	0.9995709094465499	1.5518649949571	-9.141264826531515	0.9179698722356593	277	0.3399238335932889	0.0
Plants	map00920	0.44126449180605737	0.12851030039996672	0.11022195797574308	0.7723070256363717	-2.590619083368927	1.1038740995177367	267	0.04259624704302167	0.0005498361546267816
Plants	map00970	-0.06608511231754768	0.021374987077623257	-0.1211470790295052	-0.011023145605590173	2.0459961709907866	0.18271096935873196	281	0.03312542655655515	1.9977237168050666
Plants	map00997	-0.10982453064884702	0.08460134061739535	-0.3277575840792575	0.10810852278156342	1.0057270073279194	0.738954660809744	70	0.024182647518373845	1.6579552777141786
Plants	map00998	0.571205742539735	0.11067410792665487	0.28610924052067205	0.856302244558798	-4.301611721773229	0.9488205703761372	244	0.0991577061302118	4.317760682326366e-08
Plants	map01040	0.0	0.0	0.0	0.0	0.0	0.0	11	0.0	
Plants	map01053	0.4288686630852906	0.19153069214577953	-0.0645143998822375	0.9222517260528187	-3.1333118344901933	1.6217039740127002	74	0.06510329989980279	0.04109289773912561
Plants	map01055	0.162540467496729	0.05683904106801922	0.016123097705511485	0.30895783728794657	-1.263335360674869	0.4871359424980556	257	0.031072807068836417	0.0054832036910297255
Plants	map01100	0.734367492253999	0.03978226319705936	0.6318883822583741	0.8368466022496239	-1.0176178763137074	0.340054281465659	281	0.5498253433315599	0.0
Plants	map01110	0.638555981662574	0.04055878395210092	0.534076554201962	0.743035409123186	-0.9930153541762481	0.3466918929582688	281	0.47045998157638025	0.0
Plants	map01120	0.917489583684471	0.051855741964872866	0.7839091923829584	1.0510699749859835	-3.849368145164095	0.443257010954493	281	0.5287530747138378	0.0
Plants	map01200	0.7361836195176485	0.054252322696189285	0.596429636252265	0.8759376027830321	-3.05628073311388	0.46374271169317016	281	0.3975834613779866	0.0
Plants	map01210	0.392354588006902	0.04711286192420705	0.2709918556901446	0.5137173203236594	-1.7396286291376073	0.4036322688327558	276	0.20199237498963007	0.0
Plants	map01212	0.0	0.0	0.0	0.0	0.0	0.0	11	0.0	
Plants	map01220	0.8754193057677652	0.13527765248951099	0.5269440729547848	1.2238945385807454	-6.708872473962029	1.1726781831671038	174	0.19580110868813094	2.6405544417684723e-12
Plants	map01230	0.6764247713340129	0.043857309955918154	0.5634483408875677	0.7894012017804581	-2.064997732625976	0.37488731976361894	281	0.4602212151206436	0.0
Plants	map01232	0.18633439437933078	0.029839818507851616	0.109467021903105	0.2632017668555565	0.46637271500857325	0.2550673899946249	281	0.12262394205681681	1.655853232307436e-11
Plants	map01240	0.6414834883227922	0.04024525164901991	0.537811720074917	0.7451552565706675	-1.6447417870162582	0.34401185433119624	281	0.4766098488441961	0.0
Plants	map01250	0.3819264456992389	0.040338331838750616	0.2780149028826173	0.48583798851586046	-0.560224715216318	0.34542345531368995	277	0.24584078840875334	0.0
Plants	map01310	0.22199102896807424	0.08909453016352183	-0.007516480733157999	0.45149853866930645	-0.5108819875046537	0.7692639747235798	204	0.029817473611419287	0.01921064426575736
Plants	map01320	0.29276716920274953	0.07497897743856657	0.09962132332100204	0.485913015084497	-2.379676874507966	0.6467620781623304	241	0.05996681785739533	6.090933059654802e-05
Mammals	map00010	0.356782563088136	0.07599578173188809	0.16101742934679228	0.5525476968294797	-1.6140852948867281	0.5989960187215336	198	0.10108585980828699	8.056321079141782e-07
Mammals	map00020	0.33198509743299226	0.1049600054418846	0.06160812341469751	0.602362071451287	-1.9309660382915101	0.828969041078339	177	0.054076368108081474	0.0017139133875416768
Mammals	map00030	0.4446844070034528	0.05753175837343004	0.29648259743349703	0.5928862165734086	-1.9417432349020471	0.4534632505961022	198	0.2336062218118392	0.0
Mammals	map00040	0.7205295184336751	0.12118083741142521	0.4083676812618437	1.0326913556055064	-4.573024182514045	0.9551430026849438	198	0.1528125726021936	1.680255934388697e-10
Mammals	map00051	0.7889910804815895	0.11643838466788545	0.4890458015771166	1.0889363593860624	-5.785159687537544	0.9212570976820567	187	0.19883839276273363	2.020605904817785e-13
Mammals	map00052	0.38207306828279985	0.13927714016887055	0.023295155207789298	0.7408509813578104	-2.315568395564458	1.1006663677623072	183	0.03991748372319315	0.008305328803163148
Mammals	map00053	0.3595557873213587	0.12524787808259932	0.036917253380582826	0.6821943212621345	-2.7175161804505525	1.0078329100577696	76	0.10020796399194676	0.005265773196137635
Mammals	map00130	0.28215840651560165	0.18314753358868083	-0.1896296400088402	0.7539464530400435	-1.3812539457740955	1.456793336715684	132	0.01793010710818599	0.22068956410960316
Mammals	map00220	0.787774304882727	0.10529053811222928	0.5165458787056244	1.0590027310598296	-5.328891299723907	0.8311744578637899	189	0.23038608168514085	4.440892098500626e-16
Mammals	map00230	0.39048308699298734	0.059589769199035074	0.236979841536273	0.5439863324497016	-0.5914943171903766	0.469684417915261	198	0.1797100512504035	1.3424816813767393e-12
Mammals	map00240	0.2206812562946338	0.0452895277494538	0.10401543281204081	0.3373470797772268	0.08804543286328537	0.3569704290615665	198	0.10804888561363313	2.726018704102273e-07
Mammals	map00250	0.3587178481411936	0.04090622887027296	0.25334340257137045	0.4640922937110168	-0.9521770760323978	0.3226341915640979	197	0.2828249152414133	0.0
Mammals	map00260	0.5815556789261317	0.06450643264582454	0.41538710843048765	0.7477242494217757	-2.666363767732464	0.5089055915025391	196	0.2952595824922941	0.0
Mammals	map00261	0.09552081837845924	0.07878550059756591	-0.10743063116087054	0.298472267917789	-0.48803981772120025	0.621365602194131	191	0.007717506373163707	0.39227145440514555
Mammals	map00270	0.6910038669233527	0.07449332719019586	0.49910905608140815	0.8828986777652972	-3.5622224806802887	0.5875411901485382	197	0.30616121498010795	0.0
Mammals	map00280	0.33226817512885953	0.1242952594519295	0.01208358678068916	0.6524527634770299	-2.390439468619416	0.9940989635930969	82	0.08200124865352076	0.010574171126825238
Mammals	map00290	0.3322904025340444	0.04968830667649873	0.20429332453538368	0.46028748053270513	-2.57143944155024	0.39508343134935775	167	0.2132465115091322	4.3165471197426086e-13
Mammals	map00300	0.27995977255756865	0.06055814614038531	0.12396198809993611	0.4359575570152012	-0.536924891911088	0.47788366610739846	195	0.09969605320406794	1.2332375423085296e-06
Mammals	map00330	0.4646128572841159	0.09632694059280644	0.2164746583170465	0.7127510562511853	-2.7182358315661195	0.7631478660989962	173	0.11975517358232801	3.6976118789056045e-07
Mammals	map00332	-0.005782648935392336	0.01567046281554081	-0.046149761148225464	0.034584463277440795	0.7371656755653886	0.12429308108984218	159	0.0008665903263614938	1.0830388968336144
Mammals	map00340	0.5869726501792718	0.08308818074816818	0.3729374965719906	0.801007803786553	-3.073840586505253	0.6600367877297527	173	0.22591689485296074	1.5987211554602254e-14
Mammals	map00350	0.4241662122989125	0.1176585797369133	0.12107771089662384	0.7272547137012011	-3.3483098036063805	0.9531714768035232	42	0.24523254826307728	0.00025511380421372465
Mammals	map00360	0.5804420300273274	0.21138975584018657	0.03590201898300682	1.124982041071648	-4.345068185701847	1.7231594757325408	50	0.13575219978828457	0.008230773476654463
Mammals	map00362	0.46750931205350804	0.24661615799741912	-0.1677739109478436	1.1027925350548597	-3.5200885252989815	2.0267872852413036	35	0.09820454310039195	0.10148973735591627
Mammals	map00380	0.0	0.0	0.0	0.0	0.0	0.0	15	0.0	
Mammals	map00400	0.4654491445585475	0.07766212509995724	0.2653915103010577	0.6655067788160374	-1.333950452860102	0.6140289153453059	191	0.1596980149645364	1.1723555459752788e-10
Mammals	map00401	0.0	0.0	0.0	0.0	0.0	0.0	100	0.0	
Mammals	map00440	0.40361825557924247	0.31576416891189174	-0.4097902435377907	1.2170267546962756	-2.4313106809833247	2.572591812661768	20	0.08321663088393028	0.35340161931506753
Mammals	map00450	0.0	0.0	0.0	0.0	0.0	0.0	65	0.0	
Mammals	map00460	-0.030634802585846277	0.09653350755779391	-0.2793051180547234	0.21803551288303086	0.2777509786086836	0.7766098197330105	22	0.005010286884519433	1.0621020998696742
Mammals	map00470	0.38146316481076914	0.03587992477640336	0.2890364785867541	0.4738898510347842	-1.2659209050457803	0.2829909000002693	197	0.36694929243872154	0.0
Mammals	map00480	0.882485614967407	0.13048987118069105	0.5463437068059468	1.218627523128867	-6.295316628163378	1.0357224745017115	146	0.2410521914671797	2.2648549702353193e-13
Mammals	map00500	0.35198498624017666	0.11338902637890225	0.059894854288124466	0.6440751181922288	-2.234297075071849	0.8954743092685394	182	0.05081418454171216	0.0021665886596506923
Mammals	map00520	0.473665772028262	0.06840737423862564	0.2974483759895623	0.6498831680669617	-1.5538918785659024	0.5398392118858119	196	0.1981629848428652	5.551115123125783e-14
Mammals	map00521	0.47142435542955274	0.12240599140713428	0.15610652156477484	0.7867421892943307	-2.620131575433656	0.9728403265470668	157	0.08733684519437535	7.926160066684673e-05
Mammals	map00523	0.24787901905493892	0.12391427885561408	-0.07132416327712299	0.5670822013870008	-0.9413235117297192	0.9850799424083398	150	0.0263262249324272	0.07827584690525602
Mammals	map00525	0.26231226019863313	0.06819850398183724	0.08663291394142039	0.4379916064558459	-1.381967693871144	0.5420431185609218	142	0.09557255173900558	8.123263860948526e-05
Mammals	map00540	-0.05290153019298491	0.06516680062599844	-0.2207712086055569	0.11496814821958709	1.088096639103055	0.5114622714613366	87	0.007693264826475921	1.342644784561907
Mammals	map00541	0.5243238781395444	0.10518496488749098	0.2533674085893676	0.7952803476897212	-2.4910147711336736	0.830570668012568	195	0.114061296979317	1.348980709359182e-07
Mammals	map00550	0.19435384981623138	0.033322610265746545	0.10851480577166828	0.2801928938607945	0.10926872189750614	0.2631430769242713	195	0.14984699940367174	3.9327741063743815e-10
Mammals	map00552	0.18119564359597604	0.036801240460407496	0.08639564816996632	0.27599563902198576	-1.397770724186592	0.29184540064887465	164	0.1301645385069301	1.983936548377585e-07
Mammals	map00561	0.7562810349660256	0.15779729500183112	0.3497952030413086	1.1627668668907427	-4.783921929602205	1.24676413439054	189	0.10939799743977663	4.458118449957027e-07
Mammals	map00562	0.5932006055356253	0.10551480046880858	0.32139447952797434	0.8650067315432761	-4.301036882445383	0.836668300211477	179	0.15151253711055934	1.8256625100576684e-09
Mammals	map00564	-0.03323077208478246	0.09780687076226581	-0.2851812711683792	0.21871972699881428	0.7368131200543626	0.7708577507790894	193	0.0006040131155071737	1.070853621114012
Mammals	map00566	0.2485442490039236	0.06877110523274264	0.07138988192437856	0.42569861608346865	-1.8266694930840237	0.5401888028190455	143	0.08478150189937206	0.0002447545669235218
Mammals	map00600	-0.05165425530861902	0.16388103031330978	-0.473811789395705	0.370503278778467	0.4554677376914329	1.299311920495307	15	0.007584119909939013	1.0612877373842886
Mammals	map00620	0.8781147859944329	0.09146300591067509	0.6425060827685338	1.113723489220332	-5.241819091230098	0.7213838524102516	197	0.3209707768628507	0.0
Mammals	map00621	0.019981109313124027	0.2386879323922434	-0.594879004529295	0.634841223155543	-0.06585430434762903	1.9707913651243845	14	0.0005836378861613367	0.9955486678930818
Mammals	map00622	0.019981109313124027	0.2386879323922434	-0.594879004529295	0.634841223155543	-0.06585430434762903	1.9707913651243845	14	0.0005836378861613367	0.9955486678930818
Mammals	map00625	0.0	0.0	0.0	0.0	0.0	0.0	12	0.0	
Mammals	map00630	1.223653263048784	0.1194831940541173	0.9158645551653778	1.5314419709321903	-8.15437454995427	0.9422978154047081	196	0.3509155287140948	0.0
Mammals	map00640	0.34490616729782914	0.15188140620250648	-0.046340335079827544	0.7361526696754859	-2.1687913201526774	1.2169878538572858	115	0.04364489358757517	0.03751499057661922
Mammals	map00643	0.5624486598744455	0.22550211801900033	-0.018444796142499387	1.1433421158913903	-4.5041757217449545	1.8713109811573205	13	0.3612472872247934	0.01905451866668173
Mammals	map00650	0.4037358819379973	0.09226869340428652	0.16605172772855523	0.6414200361474394	-2.927288537784458	0.7346877562866342	111	0.14941001913765317	5.086381238861293e-06
Mammals	map00670	0.6525467713480146	0.06665489309133636	0.48084376674473217	0.8242497759512971	-3.5270467205940035	0.5253714703650038	198	0.32840542669547323	0.0
Mammals	map00680	0.5661875192651005	0.1584514038154575	0.15801670303648196	0.974358335493719	-3.4278929927581006	1.2554207514277391	171	0.07024421834799444	0.00029502079837961936
Mammals	map00710	0.22408782563997623	0.07530495596155548	0.030102259083009314	0.41807339219694317	-0.10333531400326645	0.5935509548426021	198	0.043225776397891935	0.0035625488808808115
Mammals	map00720	0.6729840084950487	0.0810869119841892	0.4641041232237773	0.8818638937663201	-3.9490208428033298	0.6391241242877076	198	0.26004885292240665	0.0
Mammals	map00730	0.28367549478739923	0.10527202462609898	0.012494759350568263	0.5548562302242301	-0.9231305685449349	0.8316921084627311	186	0.03796561697981782	0.009826009319472195
Mammals	map00740	0.3417906821385721	0.09497455754860132	0.09713622189337512	0.5864451423837691	-1.1144325112748181	0.7491343305657373	195	0.06288423943797894	0.0002625913380458478
Mammals	map00750	0.42887013485284164	0.16445040184663726	0.005245899695904055	0.8524943700097792	-3.0707992280758467	1.3162232819693223	47	0.13129325371279899	0.013170966790277072
Mammals	map00760	0.5618443612595495	0.09729408441797818	0.3112147997988377	0.8124739227202613	-3.5255851886298526	0.7675460446736023	196	0.14667956066954335	6.027747190273658e-10
Mammals	map00770	0.17809270815600725	0.034809023410818575	0.0884246638497386	0.26776075246227593	-0.2842883148540687	0.2743634707545361	198	0.11781777806481653	5.791073043326378e-08
Mammals	map00780	0.33225812428576923	0.12827581280071174	0.0018196305111358169	0.6626966180604026	-1.6679287032881156	1.0104140361201648	119	0.054232566960121575	0.013966129958660645
Mammals	map00790	0.2417208691060335	0.11685343807966081	-0.05929358738717275	0.5427353255992398	-0.910347747127559	0.9244512615096685	180	0.023475161914272458	0.06560424092357064
Mammals	map00791	-0.4489959506475444	0.34281543702953615	-1.3320885164356295	0.43409661514054076	3.8713243610535693	2.8130628259845842	11	0.16008694926624034	1.6644734853333512
Mammals	map00860	0.6180607807818606	0.14332798741095862	0.24884788521123113	0.98727367635249	-2.905059196301625	1.1325506712592048	183	0.09316447041623666	7.224310747178109e-06
Mammals	map00900	0.1265327681417608	0.04015783371048075	0.02308618850356238	0.2299793477799592	0.9893590366419498	0.31673147518034644	197	0.04844667587047158	0.001799196890798438
Mammals	map00910	1.3648335018291269	0.12130507561826268	1.052351627036482	1.6773153766217717	-9.950550575751963	0.9569941635980624	193	0.39859677928377724	0.0
Mammals	map00920	0.6020701086289871	0.1225654255350485	0.2863415724507022	0.9177986448072721	-4.249539174299327	0.9727496411324834	179	0.11997236526239419	2.1306567954404443e-07
Mammals	map00970	0.08360146705668998	0.02720441908015157	0.013522883506219538	0.15368005060716045	0.8277838455754175	0.2144242528898856	198	0.045968014767847176	0.002448844687178875
Mammals	map00997	0.8959110593518049	0.24378795953461604	0.26791327559063394	1.523908843112976	-6.987195330259948	1.9489353863136698	13	0.5511181141375436	0.00018451830385179946
Mammals	map00998	0.3998633991604096	0.09159827893935323	0.16390623261263568	0.6358205657081835	-3.0435425328288854	0.7255493640645289	170	0.10187680377338071	5.384966532240298e-06
Mammals	map01053	0.3388126316169826	0.10107671224818944	0.07843902086564658	0.5991862423683186	-2.574436567457246	0.806842965759618	82	0.12315444472968906	0.0007823986991928322
Mammals	map01055	0.15699448436637375	0.052020162553208016	0.02299054562930991	0.2909984231034376	-1.1890530778627961	0.413324717709343	140	0.061914011364017196	0.0030325107735995616
Mammals	map01100	0.6781553909903097	0.04062599959017203	0.5735028160460266	0.7828079659345929	-0.4717263484390726	0.3202126678155445	198	0.5870592795371854	0.0
Mammals	map01110	0.6183639433816289	0.0510855867733593	0.48676747185345537	0.7499604149098025	-0.67722885660715	0.4026547578555373	198	0.4277676166543073	0.0
Mammals	map01120	0.8437829760881991	0.058974577578566466	0.6918644642458118	0.9957014879305863	-3.2200663401557645	0.46483549968567295	198	0.5108640558516606	0.0
Mammals	map01200	0.7011822272923384	0.06160747080409362	0.5424813825009932	0.8598830720836835	-2.741318721624142	0.48558786940763493	198	0.3979185663085699	0.0
Mammals	map01210	0.42304619960694656	0.0652312785999721	0.2550104259334184	0.5910819732804747	-1.9562066307570287	0.5147608463766856	195	0.1789311930709626	2.3516744107610066e-12
Mammals	map01220	0.8281438292138195	0.21602081138894721	0.2716742190758914	1.3846134393517475	-6.212777350980843	1.7623164669351967	46	0.250383979373199	8.642607597053598e-05
Mammals	map01230	0.672722152981402	0.05869520118473102	0.521523314729535	0.8239209912332691	-1.8234688070960736	0.4626334649961345	198	0.40127250259879543	0.0
Mammals	map01232	0.39612793039024186	0.06380889149073048	0.23175622591012016	0.5604996348703636	-1.2680326081881936	0.5029393880942754	198	0.16432064528021928	2.2106538821731192e-11
Mammals	map01240	0.470155717869517	0.06068599654539248	0.31382859076858594	0.626482844970448	-0.20993273459528572	0.4783248424377478	198	0.23443913961274288	0.0
Mammals	map01250	0.5428791551663871	0.06669900517658979	0.3710625178314918	0.7146957925012823	-1.8839821962850842	0.526357557044881	196	0.25455494071830376	0.0
Mammals	map01310	0.7728658363907143	0.2626673065366723	0.09623485475224636	1.449496818029182	-5.266236923606124	2.1275362310513883	60	0.129881315849543	0.004039710020945719
Mammals	map01320	0.05168734189142229	0.029407642913852276	-0.024066746254661174	0.12744143003750574	-0.4078149020757795	0.23711118460662242	80	0.03809648215964179	0.13992417958618253
Food production	map00010	0.28384227049608135	0.10525703128280217	0.012700157911582965	0.5549843830805797	-1.0509397962750622	0.8449572942565885	103	0.06716389641329612	0.009759851475449777
Food production	map00020	0.3447658109921465	0.15054216930565814	-0.043030817139228905	0.7325624391235219	-2.0516579232615246	1.2153550090146261	93	0.054494741948619696	0.035473571961108785
Food production	map00030	0.22679241658753685	0.06851301636807998	0.05030288642336281	0.4032819467517109	-0.07015064671069715	0.549992453959595	103	0.09787183865451143	0.0009342639653113771
Food production	map00040	0.14681473488292324	0.17096418027031013	-0.2935889934933957	0.5872184632592421	0.11197427336258059	1.3724254751957803	103	0.007248501139200836	0.6253327206994683
Food production	map00051	0.5810758411120935	0.12098821765644024	0.26941019242910347	0.8927414897950836	-4.32270342172574	0.9712403606866326	103	0.18591968006195625	4.19368891169114e-07
Food production	map00052	0.20528137870814683	0.1647585114214405	-0.21913654671348387	0.6296993041297776	-0.8111459982132999	1.3217612505924405	98	0.015913490093308003	0.3722133806052885
Food production	map00053	0.3245486814289802	0.15509443375717452	-0.0749745799295014	0.7240719427874618	-2.355959294042336	1.2591822453730093	45	0.09242343252664909	0.06156210673179974
Food production	map00130	-0.4278134293529471	0.27258621843820446	-1.1299955280497618	0.2743686693438676	4.441700501534063	2.191637881201493	51	0.04786347040630212	1.791564729214802
Food production	map00220	1.1968825739335311	0.15779384477343295	0.7904056297971679	1.6033595180698943	-8.743556711918245	1.2659119353022183	100	0.36991183045408105	0.0
Food production	map00230	0.4078871104890659	0.0779402876383455	0.2071129295326879	0.6086612914454439	-0.7405140379130084	0.6256704540672031	103	0.2133204308207276	2.6781162176803264e-08
Food production	map00240	0.1252479313690221	0.06850503953744254	-0.051221050479429875	0.30171691321747407	0.8449719126533752	0.5499284194609015	103	0.032035687793440015	0.1190725340285188
Food production	map00250	0.35308897825672153	0.055478400450164306	0.21017661869709828	0.4960013378163448	-0.9244860015960479	0.44535627276154705	103	0.28624986471657166	6.322053991425491e-12
Food production	map00260	0.8684877674897205	0.11803334228076474	0.5644338777744704	1.1725416572049705	-5.077013077757687	0.9488555951018625	101	0.3535325837910239	1.1102230246251565e-15
Food production	map00261	-0.29156020803292404	0.13889991659681009	-0.6493663931863068	0.06624597712045877	2.8614414979210987	1.118332822690262	98	0.04388261647577685	1.9394931468835375
Food production	map00270	0.559456263137828	0.10535575754172873	0.28805983171033483	0.8308526945653212	-2.4032120948046516	0.8473947754383687	100	0.2234414983343097	1.5990069934801454e-08
Food production	map00280	0.24939473838966075	0.09724352708840282	-0.001104587390064915	0.4998940641693864	-1.913681474572412	0.7711297482213338	62	0.09879306161273405	0.015187350190096094
Food production	map00290	0.1789992825446466	0.08282526395429717	-0.03435859740162292	0.3923571624909161	-1.3735215541242278	0.6721696140093363	71	0.06339900573931301	0.0511278768528054
Food production	map00300	0.4216724659553507	0.07787862628631916	0.22105712464179253	0.6222878072689089	-1.6965256958780146	0.6263914053980917	100	0.23026546966143524	7.843810934105022e-09
Food production	map00310	0.16243348194791157	0.25262204506589725	-0.4883209061418397	0.8131878700376629	-1.2970878437163742	2.1262843844447517	10	0.04914000580411382	0.7685868354468517
Food production	map00330	1.1125169291421324	0.1477436779478599	0.7319292147484453	1.4931046435358195	-7.888259775890125	1.193886808715697	88	0.39734389984247487	2.220446049250313e-16
Food production	map00332	-0.0298362153286085	0.03660695790559973	-0.1241357388934334	0.0644633082362164	0.9341310729118375	0.2959160152738481	82	0.008235289106529486	1.3448575295841934
Food production	map00340	0.43303044960986714	0.09688821678931556	0.18344640316059027	0.682614496059144	-1.7757973113694658	0.7855166198095088	84	0.19588430230789355	3.0005383617748294e-06
Food production	map00350	0.8240065551249395	0.2425931564773283	0.19908658403934176	1.448926526210537	-6.6000626548083705	2.0239911434154383	27	0.3157677506658946	0.0006458945750460465
Food production	map00360	0.3567815048842298	0.4390875723301098	-0.7743080814381331	1.4878710912065927	-2.4698300666984156	3.6444137337945626	27	0.02573011027087535	0.6568350454633083
Food production	map00362	0.7940646433690719	0.4915645168810053	-0.4722055521163977	2.0603348388545415	-6.081466150069285	4.113139736032505	19	0.13307149265250062	0.1899045097015737
Food production	map00380	0.0	0.0	0.0	0.0	0.0	0.0	10	0.0	
Food production	map00400	0.824907168592854	0.1725398139163623	0.3804446079443046	1.2693697292414032	-4.556093498586224	1.389292840479504	97	0.19394283591970596	4.789692336082396e-07
Food production	map00401	0.0	0.0	0.0	0.0	0.0	0.0	32	0.0	
Food production	map00440	0.40693661163396394	0.20236749248242197	-0.11436204900075503	0.9282352722686829	-2.64798443654727	1.659920471409791	28	0.1345920910048436	0.0762103136403649
Food production	map00450	0.0	0.0	0.0	0.0	0.0	0.0	24	0.0	
Food production	map00460	0.0	0.0	0.0	0.0	0.0	0.0	13	0.0	
Food production	map00470	0.2674719395778754	0.04008496636010673	0.16421306623424048	0.37073081292151033	-0.3383225031896395	0.321784533567176	103	0.30595603079587996	4.898303984646191e-13
Food production	map00480	1.1442540316851564	0.203779589942366	0.6193178079936216	1.6691902553766913	-8.351221940154455	1.6512280874386123	76	0.2987773883941951	1.916814262870048e-09
Food production	map00500	0.23954136684056324	0.14814799319134406	-0.14208786362033907	0.6211705973014655	-1.5220346685170267	1.188559845166003	100	0.025984204468370686	0.189310070854394
Food production	map00520	0.04937319616764228	0.08094482118007386	-0.15914066319222797	0.25788705552751257	1.8114884946150256	0.6497895319186489	103	0.0036701693835838878	0.7891048762617081
Food production	map00521	0.2797959995569357	0.2076297619967776	-0.2550582673467634	0.8146502664606348	-1.047686322807989	1.6833859882887787	78	0.023336470257494746	0.31472078921207114
Food production	map00523	0.2957141138998196	0.1863658382975791	-0.18436428555474416	0.7757925133543834	-1.177996479959896	1.5110582813828106	74	0.033787168385662425	0.2013228732642307
Food production	map00525	0.28120449223453603	0.13685850335637936	-0.07134301241149721	0.6337519968805693	-1.4934360840155354	1.1093114857620887	72	0.05688126767691837	0.06803713262037236
Food production	map00540	-0.05575230800311999	0.10737155621524154	-0.3323414368135822	0.22083682080734224	1.147071106467539	0.893089211768294	30	0.009537340370689096	1.157720596897609
Food production	map00541	0.8872671111136012	0.14320170114223746	0.5183795289711975	1.256154693256005	-5.478956017068359	1.1495604659890832	103	0.2754116863337387	2.432498646953718e-11
Food production	map00550	0.10130069650259364	0.0537064460208112	-0.03704710844701602	0.2396485014522033	0.9133466768388332	0.4311317995655525	103	0.034026393549886125	0.10383872548706385
Food production	map00552	0.2424676561559093	0.08139701424127342	0.03278894747038896	0.4521463648414296	-1.852649254953257	0.6565392853769288	90	0.09159801873407569	0.0035210714266917797
Food production	map00561	0.0330570227310229	0.18420160066117686	-0.4414463005721687	0.5075603460342145	1.1782183867951752	1.4797066616790837	100	0.0003285276267657178	0.9797056008102716
Food production	map00562	0.38597337170825186	0.12607721508025344	0.061198465661518986	0.7107482777549847	-2.787535822468775	1.0120926005921154	103	0.08491448506805566	0.0025631282160065716
Food production	map00564	0.30901573245591457	0.11951486225790904	0.0011454472795408566	0.6168860176322883	-1.9014692302250413	0.9593590416237912	102	0.06266326077015227	0.014179480810890155
Food production	map00566	0.20517293690271823	0.10589629077158119	-0.06761590812487492	0.47796178193031136	-1.4661864167098946	0.8486865090599142	90	0.04091233681264461	0.09164941379193925
Food production	map00620	0.981580972321286	0.10307298202227244	0.7160649706319122	1.2470969740106599	-6.092236583938435	0.8274247044503831	103	0.47310944613217465	0.0
Food production	map00621	0.14716793706473813	0.4492475592805255	-1.0100937756418957	1.3044296497713719	-1.0324602731233183	3.758086260951514	14	0.008863538971179419	0.9339634361549325
Food production	map00622	0.14716793706473813	0.4492475592805255	-1.0100937756418957	1.3044296497713719	-1.0324602731233183	3.758086260951514	14	0.008863538971179419	0.9339634361549325
Food production	map00625	-0.837299202811478	0.3192421204037908	-1.659666904971643	-0.014931500651312879	7.243278698229009	2.7183691155635903	12	0.40754543459411263	1.9874654165308523
Food production	map00630	1.7605938069584295	0.19012221361046489	1.270838984697872	2.250348629218987	-12.727879268454732	1.5262177664763683	103	0.4591805842009392	0.0
Food production	map00640	0.8568027130458096	0.23428209976197062	0.2532920240589732	1.460313402032646	-6.3276765528311385	1.920321301437567	59	0.19004962098052802	0.0002005219726513019
Food production	map00643	0.7103766044401425	0.31993858039886186	-0.11378517866732563	1.5345383875476106	-5.590969360508821	2.7027692261891487	17	0.24736456005473817	0.04334712458390566
Food production	map00650	0.40080480336026075	0.11597318510972249	0.10205787851761561	0.6995517282029059	-2.9579196994643726	0.9316342105632188	89	0.12071496054711761	0.000498552426099419
Food production	map00670	0.7196017346818454	0.10516526008461145	0.4486960247038863	0.9905074446598046	-4.157185670728421	0.8442205953171554	103	0.3167407540461853	1.13464793116691e-13
Food production	map00680	1.348328125874347	0.21382746797655794	0.7975085683667337	1.89914768338196	-9.823398640162742	1.723476596354497	92	0.3064205602706189	1.0154987961641382e-11
Food production	map00710	0.2867052284534606	0.08843202345758361	0.05890433602672521	0.514506120880196	-0.5286858897475759	0.7098935088297863	103	0.09426134457058455	0.0012412520494653467
Food production	map00720	0.6626515838225218	0.10364494422891024	0.39566220748884895	0.9296409601561946	-3.9693180533242742	0.8329842520602848	101	0.29223304514611625	4.993783164763954e-12
Food production	map00730	0.40869232735738825	0.14677620197608077	0.03059683106700417	0.7867878236477723	-1.9379929936637008	1.178254991343568	103	0.07129180063222862	0.0071843640819972965
Food production	map00740	0.7552111366485516	0.13333855099856978	0.4117310292762358	1.0986912440208674	-4.46846107899563	1.0703834214090546	103	0.24105419746530288	1.3511136653931999e-09
Food production	map00750	0.5962635212065465	0.33087380968432833	-0.2560674125402833	1.4485944549533762	-4.458354795681819	2.7487353754786987	31	0.1007060101526942	0.12650989033336857
Food production	map00760	0.039866029630420026	0.10457385281618546	-0.22951621522407373	0.30924827448491377	0.8138510161459678	0.8394730370852471	103	0.0014368581981827333	0.9116301525297628
Food production	map00770	0.16191560021245233	0.05021615927186831	0.032558773928119566	0.2912724264967851	-0.1038291573595631	0.4031133079586334	103	0.09332941709449716	0.001335209723998254
Food production	map00780	0.8515930181970285	0.23322216391147504	0.2508127239610688	1.452373312432988	-6.02274649096137	1.9046157390675196	55	0.20099977649371548	0.00020592753383485984
Food production	map00790	1.442229896415706	0.1754432048222746	0.9902882007935268	1.8941715920378854	-10.749220599210686	1.4196890815740855	86	0.4458244934148873	0.0
Food production	map00791	0.14088630612433037	0.3502581366834353	-0.761378653972199	1.0431512662208597	-0.5905519862754373	2.9497044295434285	10	0.01982327912055104	0.9021261181989906
Food production	map00860	1.77345552040112	0.25276540365283234	1.122331840591424	2.424579200210816	-12.46086668434655	2.042869973741713	90	0.3587278240806395	2.4424906541753444e-14
Food production	map00900	0.06375252158775259	0.07097307699087045	-0.11907412474072969	0.24657916791623485	1.4640359062784238	0.5697407419571479	103	0.007925567137323952	0.5982934027852762
Food production	map00910	1.3977428715022038	0.20000677857329274	0.8825254098974017	1.912960333107006	-10.406544129549351	1.6055667198346901	103	0.32594235910588887	3.1530333899354446e-14
Food production	map00920	1.101659708325532	0.14888175127216277	0.7181403170484406	1.4851790996026233	-8.212433850477245	1.2059774414432047	81	0.4093613109816159	8.881784197001252e-16
Food production	map00970	-0.08342490042466981	0.03573814519979246	-0.1754863624593352	0.008636561609995569	2.212689851435191	0.28689015927717515	103	0.05119001408072832	1.9688526326690907
Food production	map00997	0.0	0.0	0.0	0.0	0.0	0.0	11	0.0	
Food production	map00998	0.6509921418011072	0.12509025565210222	0.32875964324129187	0.9732246403609226	-5.066130294279314	1.0148689621434797	77	0.2653072073406386	3.2504689606582815e-08
Food production	map01053	0.48500061195614036	0.11686716315078911	0.18395079967970762	0.7860504242325731	-3.777326849802475	0.9372082959267852	38	0.3235960457979019	1.730925460319277e-05
Food production	map01055	0.2565602773715175	0.11075551798134149	-0.028745936948418205	0.5418664916914532	-1.880158568935834	0.8974850423689575	71	0.07215623290974682	0.03284087335534114
Food production	map01100	0.7394300732728288	0.0518515196694617	0.6058605586042956	0.8729995879413621	-1.0210511253512724	0.41624126416112484	103	0.6681590449087289	0.0
Food production	map01110	0.7019922996767869	0.06634452833028	0.5310887946979856	0.8728958046555881	-1.4596868466921338	0.5325847828262118	103	0.5257277007116266	0.0
Food production	map01120	1.1112991027020964	0.08194664510055338	0.9002045449230709	1.322393660481122	-5.462786126408692	0.6578317350746125	103	0.6454990463290149	0.0
Food production	map01200	0.8459014700822473	0.07417219591728187	0.6548338933993292	1.0369690467651653	-3.9282871446868524	0.5954218659554389	103	0.5628917681641592	0.0
Food production	map01210	0.4810607339758301	0.09178853767146081	0.24461346093414707	0.7175080070175132	-2.518348764430273	0.7390427575878376	99	0.22068159569550827	2.5451123430997313e-08
Food production	map01220	0.8629552178726585	0.4018710904043585	-0.172264711008969	1.898175146754286	-6.532410147062759	3.3437239914195356	24	0.17327680428878278	0.05310379236689444
Food production	map01230	0.7114127998786444	0.0902807929607982	0.4788494772116282	0.9439761225456605	-2.2821917111269276	0.7247346197570288	103	0.3807268450745591	0.0
Food production	map01232	0.41838733926935967	0.06342036906652071	0.2550164685540023	0.5817582099847171	-1.537773626690414	0.5091109144359574	103	0.3011399524716504	9.272582701669307e-13
Food production	map01240	0.669427135293595	0.07021577494478462	0.48855129903582983	0.8503029715513601	-1.8477908785247465	0.5636614531913796	103	0.47366891504015585	0.0
Food production	map01250	0.45338723009488274	0.07261683960129685	0.2663262512819421	0.6404482089078234	-1.221698691932965	0.5829361474400779	103	0.27847855182796966	1.6681767078807752e-11
Food production	map01310	0.18695331238696164	0.2569655644673665	-0.4749899816809745	0.8488966064548978	-0.2883834444324058	2.1220520826695233	30	0.018553467418516156	0.7139272898533213
Food production	map01320	0.18392503327367796	0.05893971867958503	0.03209631795506693	0.335753748592289	-1.4821633757432324	0.4841818342616306	50	0.1686570662684076	0.0020307636440330956
Wastewater	map00010	0.06482657288622319	0.11504108977506579	-0.23151927437434633	0.3611724201467927	0.8295108080600601	0.948444933183664	63	0.005178636399781	0.8169698901424034
Wastewater	map00020	0.2561142682009511	0.20602179295004888	-0.27459787043837486	0.786826406840277	-1.3814129985190773	1.7038266018371127	59	0.02639662708043733	0.3738753186848387
Wastewater	map00030	0.6433951058707724	0.10887105260896218	0.36294327435008583	0.9238469373914591	-3.722341861036666	0.8975766695120674	63	0.3640834592150357	2.208249139101781e-10
Wastewater	map00040	0.8749825832831589	0.2049677120029528	0.3469857571635525	1.4029794094027652	-6.294367122577961	1.689836112432097	63	0.23002486149886947	9.153843129716677e-06
Wastewater	map00051	0.3367484034482093	0.1790841439042318	-0.12457235124909188	0.7980691581455104	-2.2560164026887373	1.4778754948899815	61	0.056541534955482864	0.10529308754883449
Wastewater	map00052	0.10645313666808433	0.19630149644260458	-0.3992195181680651	0.6121257915042337	-0.5644674062808239	1.6242788339305443	56	0.005416480739004026	0.8292621416117332
Wastewater	map00053	0.6838081200736877	0.30628669261077207	-0.10518640009166114	1.4728026402390366	-5.322621389698346	2.5925077527414837	23	0.1918225587807122	0.041870952803589656
Wastewater	map00130	-0.44689437239579977	0.3809395970884868	-1.4281947744957417	0.5344060297041422	4.331249764050488	3.1426835949686196	32	0.04386281394376246	1.5836164181740677
Wastewater	map00220	0.5878881338827185	0.23919227385708378	-0.02827116357312931	1.2040474313385663	-3.527583753972297	1.971997141543079	63	0.09010644349380148	0.021371471408375697
Wastewater	map00230	0.3471344759198239	0.08280002761620206	0.13384160478048737	0.5604273470591604	-0.28247114721655553	0.6826366719369804	63	0.2236873245875597	1.3817116305769872e-05
Wastewater	map00240	0.1746624432500479	0.07273274690687062	-0.012697112782050823	0.3620219992821466	0.46040427283543317	0.5996379677490047	63	0.0863730305953474	0.02544351600801087
Wastewater	map00250	0.24152579606594454	0.09906397491822118	-0.013663003323393208	0.4967145954552823	0.0607238088151687	0.8167231834810452	63	0.08879375030155245	0.022726723040175756
Wastewater	map00260	0.5153413462945848	0.09602542110047402	0.2679798615397637	0.762702831049406	-2.1903232572732354	0.7916721258260541	63	0.32072525934503804	1.0886886059324752e-08
Wastewater	map00261	-0.1531154427558365	0.16786706692297668	-0.5855410071494245	0.27931012163775143	1.493349941515461	1.3839634984578204	63	0.013455316262936279	1.4111876403598158
Wastewater	map00270	0.5194722625575653	0.11726826186952653	0.21738921998166494	0.8215553051334656	-2.248514488482471	0.9668066341415522	63	0.24339138288024564	3.7553006051460613e-06
Wastewater	map00280	0.3554213894420575	0.2827831967570927	-0.37302812540421326	1.0838709042883283	-2.461607567487743	2.3698172879816712	34	0.047043850363924	0.3657956135455902
Wastewater	map00290	0.3815920832075866	0.16099539114678332	-0.03313204438652728	0.7963162108017005	-2.9289695648536878	1.3320436656971708	58	0.091172765957657	0.02797488125125902
Wastewater	map00300	0.2914052945498603	0.07779654607042326	0.09100139187244999	0.4918091972272706	-0.5316007450955447	0.6413859611722391	63	0.1869976715023013	0.00013207821652327922
Wastewater	map00330	0.4076359554126013	0.21203840235816715	-0.1385749690620373	0.9538468798872399	-2.1534993651169465	1.74834896189501	62	0.05802360282002783	0.09509681795919289
Wastewater	map00332	0.0	0.0	0.0	0.0	0.6931471805599453	0.0	58	0.0	
Wastewater	map00340	0.732497682718971	0.11095482529828715	0.44667805275058325	1.0183173126873588	-4.292735609318207	0.9147561281990549	63	0.41673288836785227	8.912870441690757e-13
Wastewater	map00350	0.13851747540991402	0.3967039024358397	-0.8833917772648091	1.1604267280846372	-0.6893139026695505	3.3477543280203577	27	0.004853145986926544	0.9253188450615752
Wastewater	map00360	0.7511414589353171	0.2955795178470877	-0.010271379038780726	1.512554296909415	-5.5335514028435195	2.4593624720327503	39	0.14860230326301505	0.01638711777311519
Wastewater	map00362	0.3186902589152425	0.33838438888284716	-0.5529879268469718	1.190368444677457	-2.228432792334795	2.8355965427714094	30	0.03070539607514311	0.5685460007711935
Wastewater	map00400	0.5781756092076723	0.15635584067583838	0.17540296362671265	0.9809482547886319	-2.368909940166952	1.2890603275110215	63	0.1831144766453493	0.00016574611370767656
Wastewater	map00401	0.0	0.0	0.0	0.0	0.0	0.0	30	0.0	
Wastewater	map00440	0.13589491800265946	0.4893266304950979	-1.1246104821527128	1.3964003181580316	-0.5402950087909576	4.157572987867085	16	0.005478916564085279	0.9520851242267874
Wastewater	map00450	0.020401405452327256	0.07281593065487606	-0.1671724319146335	0.20797524281928798	-0.13643786112252168	0.6052255782805828	42	0.001958645821209082	0.951253787319388
Wastewater	map00460	0.2631765640098476	0.25893527594943844	-0.40384070683590584	0.9301938348556011	-2.0146202967739675	2.1411881366807033	13	0.0858493608827714	0.5180694950675448
Wastewater	map00470	0.05083478407621151	0.0638523098348945	-0.11364876605847674	0.21531833421089974	1.4469083013692572	0.5264240790259368	63	0.01028370541029533	0.6679747216127043
Wastewater	map00480	1.0775157373136528	0.2545301822369939	0.42184598787115646	1.7331854867561491	-7.668652760173055	2.107430929869961	52	0.26385352440417786	1.1094824978741258e-05
Wastewater	map00500	0.20725248484363912	0.20205075455190263	-0.31323025888206213	0.7277352285693404	-1.1983024205721327	1.6679419688589234	60	0.017817337608112882	0.5118002585208832
Wastewater	map00520	0.21444302556156572	0.09489785185658761	-0.030013840821003973	0.4588998919441354	0.33203626998857083	0.7823759922596144	63	0.07724455412232123	0.03874292230264609
Wastewater	map00521	0.2645720033915037	0.1632774512217336	-0.15603071095568205	0.6851747177386895	-0.9098629049629725	1.3513061172097853	55	0.047201991067662985	0.18795833140832707
Wastewater	map00523	0.15393827003699287	0.18172247767056426	-0.31417883244238065	0.6220553725163664	-0.07628891312804376	1.503959633576554	55	0.013358552156709669	0.6332870499668686
Wastewater	map00525	-0.024863850430521906	0.11222886567558325	-0.3139654084108244	0.26423770754978054	0.9032369955016941	0.9292773947178307	54	0.0009430061892167219	1.0307638172298885
Wastewater	map00540	0.029039985835177324	0.0764237390765914	-0.16782756602612212	0.22590753769647678	0.4206075969962037	0.6308017185322065	42	0.003596759310175668	0.912176896115853
Wastewater	map00541	0.521114814948034	0.1893110000630024	0.033449678785739845	1.0087799511103281	-2.4624075209790774	1.5607558930183494	63	0.11049297974388461	0.008035658610402452
Wastewater	map00550	0.0769926303593942	0.0664816522554127	-0.09426410585054891	0.24824936656933733	1.0754656151220412	0.5481014336235099	63	0.021513918678064625	0.4257782021735115
Wastewater	map00552	0.20703355409888274	0.08979584794132425	-0.024280550197968542	0.43834765839573403	-1.627404970663694	0.7414496845248137	60	0.08395698559377562	0.03390658745699282
Wastewater	map00561	0.7439878792634194	0.21624549953020678	0.18693947247360665	1.301036286053232	-5.015693993339886	1.7875512447491015	59	0.17195560324262438	0.0005337423070965741
Wastewater	map00562	0.4899623361035629	0.16104840220795796	0.07510165201586316	0.9048230201912626	-3.7847133850351438	1.329037188471617	61	0.13560421291917102	0.0027603268925138202
Wastewater	map00564	0.2986824280562877	0.17350118973354817	-0.1482566366973324	0.7456214928099079	-1.9078577377386237	1.4317146134815892	61	0.04782753924135752	0.15157663104601893
Wastewater	map00566	0.4264551691545351	0.1299050587299715	0.09181973786612851	0.7610906004429416	-3.406139747052044	1.07598202513153	48	0.1898116275568289	0.001048075097941803
Wastewater	map00620	0.6707315236422302	0.14194821143210454	0.30507293099312893	1.0363901162913316	-3.5269161376355163	1.1702780473524594	63	0.26794762224877733	6.713026350357865e-07
Wastewater	map00621	0.6407997311910373	0.5380924043192011	-0.7453263023352249	2.0269257647172996	-5.015973752252609	4.493288947195568	17	0.08637855680213813	0.40541642974253556
Wastewater	map00622	0.6407997311910373	0.5380924043192011	-0.7453263023352249	2.0269257647172996	-5.015973752252609	4.493288947195568	17	0.08637855680213813	0.40541642974253556
Wastewater	map00630	1.29853402823902	0.19544850763720376	0.7950586725655832	1.802009383912457	-8.618673688078268	1.61135596967365	63	0.41982658808271367	6.250555628639631e-13
Wastewater	map00640	0.6186103697826546	0.24119040046372872	-0.0026961018119106006	1.23991684137722	-4.309082634165415	2.001682040151361	52	0.11626911889749414	0.015178392681296282
Wastewater	map00643	-0.21012739684845738	0.37740587739578135	-1.1823249370199902	0.7620701433230754	2.145888474840227	3.1969236928895746	23	0.01454671034050592	1.179093388718126
Wastewater	map00650	0.583426835141631	0.24144644609811747	-0.038539210007119684	1.2053928802903817	-4.158315023689433	2.003379881400006	50	0.10845135314585896	0.024302882832570205
Wastewater	map00670	0.6008469202316827	0.1343230861043092	0.2548306504269822	0.9468631900363833	-3.0841903650947833	1.1074134526569617	63	0.24699766354780328	2.9369070948526144e-06
Wastewater	map00680	1.2202320470147714	0.27476436557904604	0.5124390412831488	1.928025052746394	-8.641877499330725	2.267518240032132	59	0.2570637026692869	3.5244245557564113e-06
Wastewater	map00710	0.17382400638665055	0.12749860777572433	-0.15461240724361533	0.5022604200169164	0.3784620966506045	1.051149713283285	63	0.029569450298310596	0.30627149322223235
Wastewater	map00720	0.7483195051910385	0.16420807950341312	0.3253194923902463	1.1713195179918308	-4.5178386893982845	1.35379733708493	63	0.25398270663487255	1.8120938707344436e-06
Wastewater	map00730	0.1601572011682475	0.1801749967654807	-0.3039735904996308	0.6242879928361258	0.040093350681905005	1.4864721847553508	62	0.012997827049411215	0.6047025648261912
Wastewater	map00740	0.5482923538825448	0.14480525437328512	0.17527401861696235	0.9213106891481273	-2.771151252623773	1.1938326564642918	63	0.19030399267058873	0.00010867333198749662
Wastewater	map00750	0.3396462914944203	0.27222802397732143	-0.36161309827115967	1.0409056812600004	-2.537025807158512	2.264986560489352	35	0.04504603687761488	0.37120990711452384
Wastewater	map00760	1.029866957855958	0.18101297964482724	0.5635775222908831	1.4961563934210331	-7.577230217291867	1.495207577049336	61	0.3542738922235761	1.1228591390022302e-09
Wastewater	map00770	0.23607501819506033	0.0822658443735964	0.024158203088676	0.44799183330144465	-0.7457609216390761	0.6782326508099936	63	0.11894208962818165	0.005286855010481428
Wastewater	map00780	0.32801259220766305	0.24207743316767152	-0.29557887563225876	0.9516040600475848	-1.5959111152686796	2.004195912073286	45	0.040949214102889986	0.31072928439998493
Wastewater	map00790	0.5972854601857799	0.20584201781922443	0.06703642228345774	1.1275344980881021	-3.614221952234626	1.6979385984215403	62	0.12305938958853713	0.004700258790611311
Wastewater	map00791	-0.16167310066039606	0.42460907224442157	-1.255466070762026	0.9321198694412339	1.794316812951369	3.5221254063482204	14	0.011937141045845534	1.0881636774858672
Wastewater	map00860	0.7753815883770336	0.15166540618579255	0.384691502042432	1.1660716747116353	-3.9829674479130577	1.2503905023623547	63	0.2999539947955149	5.937372993258805e-08
Wastewater	map00900	0.3065405875789122	0.1249904641924926	-0.015434848180948701	0.6285160233387732	-0.5801539891445504	1.0292434015903524	62	0.09111309608409457	0.021728085703736966
Wastewater	map00910	1.1403065678663178	0.26573079463138777	0.4557840408958629	1.8248290948367727	-7.953370483212272	2.190791362041097	63	0.23187812395892538	8.105055183005305e-06
Wastewater	map00920	0.8414739601936343	0.20440073701269443	0.31493766164893344	1.3680102587383351	-6.19403750250218	1.6886292141538994	59	0.2291872612999717	2.0617259026023405e-05
Wastewater	map00970	-0.03852023724515984	0.042184728053766316	-0.1471880967116619	0.07014762222134219	1.759670306713576	0.3477878352730734	63	0.013484703070641646	1.411877664214785
Wastewater	map00997	0.0	0.0	0.0	0.0	0.0	0.0	12	0.0	
Wastewater	map00998	0.4982171096011354	0.1539228212231113	0.1017119221304007	0.8947222970718701	-3.8539159244120165	1.2709586925194725	56	0.16249026595417004	0.0012686805610573337
Wastewater	map01055	0.05254018186067385	0.07928082220072737	-0.15168721612839983	0.2567675798497475	-0.3833816431747841	0.6564610224142016	54	0.008375117804872323	0.7560910763532545
Wastewater	map01100	0.5802684521985351	0.05619863908089523	0.43550075792614895	0.7250361464709212	0.29591660624548766	0.463324144375805	63	0.6360643668707484	0.0
Wastewater	map01110	0.3893419893782383	0.06377266817441413	0.22506359616094748	0.553620382595529	1.1421260407772484	0.5257674812007541	63	0.37927960605237154	4.951861143354108e-11
Wastewater	map01120	0.8407332180133928	0.10018742218077982	0.582650418475704	1.0988160175510817	-3.1520279145318306	0.8259853337784405	63	0.5358358512395491	0.0
Wastewater	map01200	0.7689851441809304	0.12593096061489656	0.4445869896369569	1.093383298724904	-3.269227110030818	1.038225400677989	63	0.37937586184514305	4.9040327354532565e-11
Wastewater	map01210	0.33080797218994	0.10144891058839936	0.06947557851422326	0.5921403658656568	-1.0884820663141872	0.8363855506993341	63	0.14843756427040655	0.001148614319094854
Wastewater	map01220	0.2186450051127419	0.3917598350434078	-0.7905283299590765	1.2278183401845604	-1.2027088422915722	3.284522050488478	31	0.010626774379853265	0.8201250098336934
Wastewater	map01230	0.44454218732301903	0.07136955452449409	0.26069421486792227	0.6283901597781159	-0.002882880762324458	0.5883992624259974	63	0.3887601919252738	1.876476751760947e-11
Wastewater	map01232	0.32944056805314814	0.11376291600292164	0.03638729642962196	0.6224938396766744	-0.7772291139207796	0.937907155418444	63	0.12085959407465185	0.004802266940735933
Wastewater	map01240	0.5862418675373597	0.10223588694965843	0.3228822227550396	0.8496015123196798	-1.1607133318857539	0.8428736997931134	63	0.35024226215971066	8.109726223892721e-10
Wastewater	map01250	0.2775908523647102	0.08805605689470937	0.05075844980393887	0.5044232549254816	0.1886290659705563	0.7259694876084268	63	0.14009218073679197	0.0017880618747483368
Wastewater	map01310	0.5759859286642878	0.3381194927751947	-0.29500988472461387	1.4469817420531894	-3.5863274634004245	2.8350417441085547	34	0.08314462640584075	0.15764482929372403
Wastewater	map01320	0.009451981317041506	0.06419773510735935	-0.1559213843195162	0.1748253469535992	-0.061547653875689154	0.5360144300272528	40	0.0005701314833892468	0.9862945536844188
Birds	map00010	0.2954615108362703	0.13261870823533156	-0.04616428157794378	0.6370873032504845	-1.1148919940852717	1.0427710566765296	36	0.12738953229496608	0.04243028461556242
Birds	map00020	0.5936182817646587	0.17053444106912619	0.15432156157058963	1.0329150019587279	-4.113575028661504	1.3408996489231224	36	0.26274262715091157	0.0004466045942901342
Birds	map00030	0.40042609322158895	0.11950277731235096	0.09258693886497288	0.708265247578205	-1.61366707494772	0.9396414656117215	36	0.24824742393884103	0.0007866383401147203
Birds	map00040	0.61258464290242	0.3010175599954949	-0.16283659164597486	1.3880058774508148	-3.939143544252586	2.3668787254185255	36	0.10858048305351575	0.07161108235225244
Birds	map00051	0.480507694648349	0.22444400386365684	-0.09766005930443106	1.0586754486011292	-3.399387569883381	1.7670927060108648	35	0.12195201710885606	0.054049101561546964
Birds	map00052	-0.311418591487021	0.3675605752602835	-1.2582546333575113	0.6354174503834694	3.103311147502626	2.9006085137238125	30	0.02499650938634701	1.3668164284635422
Birds	map00053	0.5337253725518484	0.2907098377118143	-0.2151431693937853	1.282593914497482	-4.051099807294494	2.333800947926033	15	0.2058968894335388	0.11697030346581982
Birds	map00130	-0.3498953089008117	0.44040080499303697	-1.484367782562875	0.7845771647612516	3.431617477745799	3.502913624300839	25	0.02671123125662811	1.3309165358322181
Birds	map00220	0.08687997554254523	0.3053175057100482	-0.6996179191665389	0.8733778702516294	0.14620999586728478	2.4169307796347987	33	0.002605201823529746	0.9497575789422172
Birds	map00230	0.061965722834941915	0.13360606634567304	-0.28220350407151185	0.40613494974139563	2.0757651309486205	1.0573054596417186	34	0.00667715000069713	0.8720224126933775
Birds	map00240	0.34169635498956874	0.10650582869914037	0.06733734026058313	0.6160553697185543	-0.9090045921831165	0.8374474236148813	36	0.2323810504397651	0.0014263933940434903
Birds	map00250	0.7781222223074292	0.17906041714704785	0.31686258773663395	1.2393818568782244	-4.370982332181282	1.4079387658190337	36	0.3570847289856086	6.010540287926247e-06
Birds	map00260	0.7736385288149953	0.19679262467954878	0.2667007276404776	1.280576329989513	-4.211296273844973	1.5492815985944963	35	0.31895049793296504	5.334546946045293e-05
Birds	map00261	0.5097523757220326	0.16525625851559075	0.08405225378587078	0.9354524976581944	-3.732116554618061	1.3022549112266084	34	0.229191782749128	0.0023405906891733608
Birds	map00270	0.778375606144131	0.18601300339887628	0.29920610938862574	1.2575451028996363	-4.291606076074174	1.4626064353275379	36	0.33993692682602106	1.441331755813735e-05
Birds	map00280	-0.010011190321947043	0.26871583959772305	-0.7022231931256817	0.6822008124817875	0.2096148027967891	2.1391436171769067	16	9.91319870512486e-05	1.0008832286810654
Birds	map00290	0.3343400501996901	0.18976454836946152	-0.15449342640004282	0.823173526799423	-2.48476839471259	1.5096830382512822	28	0.10665747634090994	0.13859750172011642
Birds	map00300	0.27700341325267	0.143205492802701	-0.0918939362070878	0.6459007627124278	-0.5092094784063974	1.1284901279508885	34	0.10468334121670408	0.09237110509895463
Birds	map00330	0.5799615134526462	0.2836622538607244	-0.15075245249257985	1.3106754793978723	-3.7537983224406037	2.2523929094589135	30	0.12989928084132318	0.06986525095208562
Birds	map00332	2.13151260450031e-30	8.602956138614647e-17	-2.216121501307112e-16	2.2161215013071543e-16	0.6931471805599452	6.841842258497535e-16	26	0.0	1.0
Birds	map00340	1.0618445885118424	0.264532158594958	0.3804097479712306	1.7432794290524543	-6.815137947673289	2.0990639063432903	32	0.34941825100233226	3.5090359339573496e-05
Birds	map00350	0.627728005547298	0.5630260220002432	-0.8226270271253284	2.0780830382199245	-4.724918227151335	4.583123370838907	13	0.10153054266581008	0.45323450799363285
Birds	map00360	0.3727397555572653	0.6189833440814011	-1.221761338796424	1.9672408499109546	-2.441386769874035	5.044785009483603	10	0.04336217596173508	0.7938569533428224
Birds	map00400	0.2459566221845394	0.16280165942029484	-0.1734204524821401	0.6653336968512189	0.4318035908128144	1.2816822559850898	35	0.06469053947783532	0.2338567603936561
Birds	map00401	0.0	0.0	0.0	0.0	0.0	0.0	23	0.0	
Birds	map00450	0.26294646331453897	0.20845764466637107	-0.2740404293460329	0.7999333559751108	-2.0682908802034845	1.682766651131615	13	0.126367428271834	0.36315363058704975
Birds	map00470	0.5191312100506906	0.10219592407439267	0.2558745096350551	0.7823879104663262	-2.3675421730112953	0.8035589635361705	36	0.4314762093883546	7.340012353473924e-08
Birds	map00480	0.6566791861571438	0.3694893193282152	-0.29512530043233864	1.6084836727466263	-4.496124786159528	2.924296036775378	26	0.11630393388706772	0.13387286638708717
Birds	map00500	-0.5093531330463957	0.25386550017417314	-1.163310661495066	0.14460439540227432	4.520964936943434	2.009508744335253	29	0.12975090863129934	1.92290959096841
Birds	map00520	0.3559263537663685	0.1672447530880009	-0.07489613018832186	0.7867488377210589	-0.70995271537639	1.3150330765679847	36	0.1175509183116692	0.05594775121847073
Birds	map00521	0.31519336579762214	0.26006056243168685	-0.3547226430264032	0.9851093746216475	-1.2984339476763203	2.0680988448778903	30	0.04984717750078782	0.3925236133942889
Birds	map00523	0.3498284978534923	0.24795763344915725	-0.2889103659115368	0.9885673616185213	-1.6343308696899268	1.9730277487547976	29	0.06865942541029224	0.28162697050381214
Birds	map00525	0.2979419984013455	0.1520904537829669	-0.09384301054357724	0.6897270073462682	-1.6915893730799805	1.2096550319909098	28	0.12861620027269682	0.08689184315058895
Birds	map00540	0.0	0.0	0.0	0.0	0.6931471805599453	0.0	19	0.0	
Birds	map00541	1.0385956834856374	0.2254681624420092	0.4577896970350216	1.619401669936253	-6.602774891158782	1.7728394215645977	36	0.384268633911656	1.3595425694123975e-06
Birds	map00550	0.24772678045867988	0.1029820845852366	-0.01755506943288962	0.5130086303502494	-0.3417837155664576	0.8097404852650308	36	0.14544066888903295	0.02512589442736335
Birds	map00552	0.3809274358237479	0.1649140055074178	-0.04389104236336039	0.8057459140108562	-2.9011903101584786	1.304389632375786	29	0.16500259928180416	0.033485585000770035
Birds	map00561	-0.13846986347926468	0.35993505956686817	-1.065662576923517	0.7887228499649878	2.143903432328564	2.849486651808709	31	0.0050775412703557565	1.0899173295731492
Birds	map00562	-0.06519636065189006	0.17622184955831424	-0.5191438451141076	0.38875112381032745	0.7735675204811207	1.3874300031798028	35	0.004130623719632465	1.0834493477929135
Birds	map00564	0.1329412315209085	0.1989206956886183	-0.3794784805729723	0.6453609436147894	-0.7288854678693835	1.5642852314458637	35	0.013353863604234517	0.7525099492847742
Birds	map00566	0.319187542842748	0.16563591841187753	-0.10749058298624853	0.7458656686717444	-2.4178321117840595	1.293392458044089	19	0.17927901025702753	0.09403537379863214
Birds	map00620	1.2380986584151548	0.18584440273926703	0.7593634769588029	1.7168338398715066	-8.028323780122424	1.4612807408586619	36	0.5662295785976513	5.360156762890256e-13
Birds	map00630	1.16920542216276	0.41012416132886576	0.11272558257960164	2.225685261745918	-7.822254618693057	3.245560076457069	34	0.20253964864782992	0.005661563696699012
Birds	map00640	0.2946576834405762	0.33024821468642157	-0.5560617175916458	1.1453770844727982	-1.973655907831631	2.628881448360324	29	0.028639873233682778	0.6024215781229696
Birds	map00650	-0.007644681551817143	0.30053251530257086	-0.7818164409712397	0.7665270778676053	0.23403406825091982	2.3900201243056385	12	6.470051920359765e-05	1.0004118381210934
Birds	map00670	0.3527420715728736	0.13536655982165924	0.0040378134722793835	0.7014463296734678	-1.058065133792398	1.064377209687616	36	0.1664693856002536	0.013261809071087427
Birds	map00680	0.18671998791530223	0.4827232964456644	-1.0567752237287293	1.430215199559334	-0.4464536412518212	3.840378721312953	29	0.005510885322076886	0.909145571264601
Birds	map00710	0.38573742675275047	0.1577708089838733	-0.02068017718970716	0.7921550306952081	-1.3315365906730672	1.2405401574632007	36	0.14952472970423747	0.02224833356678846
Birds	map00720	0.5905161681371245	0.09597425622443166	0.3432864841029885	0.8377458521712604	-3.144205104740789	0.7546384511550539	36	0.5268425488683155	3.412647942013791e-11
Birds	map00730	0.9092795229362495	0.1767195458223894	0.4540499728977743	1.3645090729747247	-5.881556284129632	1.3895326683895044	36	0.4377783593825124	4.790203012028371e-08
Birds	map00740	0.5947501032954234	0.2636633097266529	-0.08444658256043447	1.2739467891512812	-3.155294249871467	2.086526940774826	34	0.13719337670712106	0.03919172708999774
Birds	map00750	0.06996515901812116	0.4516956026211886	-1.0936027133340607	1.233533031370303	-0.23205135404823385	3.647365506795385	12	0.0023934877075955097	0.984842081449333
Birds	map00760	0.31746741826874114	0.28852733968417227	-0.4257790087576866	1.0607138452951688	-1.6592149427700549	2.2832910199953345	34	0.036454134487592604	0.4626733555940912
Birds	map00770	0.5331987296869327	0.11063732656877931	0.24819697644575722	0.8182004829281082	-3.11874863492794	0.8699330846238494	36	0.40586471399406354	3.788422422434934e-07
Birds	map00780	0.3197384732908497	0.21057780631898299	-0.2227099557868505	0.8621869023685499	-1.3716505541511503	1.6550683136453048	28	0.08145051069125198	0.23044913709464865
Birds	map00790	0.423704523165177	0.3140534770783712	-0.38529723378870734	1.2327062801190614	-2.4817380037137626	2.492028033007301	31	0.05905865373409536	0.31387044153950594
Birds	map00860	0.40827093105798123	0.3297197448564443	-0.4410871316922193	1.2576289938081817	-1.224062762523128	2.5977253715048616	33	0.04712808996879336	0.37678375168029055
Birds	map00900	-0.14456978794363715	0.189624675841899	-0.633042952912369	0.34390337702509466	2.971715661278364	1.4910047476010768	36	0.016808333520563323	1.3092914360719172
Birds	map00910	0.41278896732774195	0.3176089187917088	-0.4053716074797	1.230949542135184	-2.6723516351909247	2.5095287709400127	32	0.053304031494676773	0.34117742024014075
Birds	map00920	0.5743320055176677	0.26174972397690244	-0.099935283446833	1.2485992944821684	-3.981276380236258	2.071383581524438	34	0.1307778986197471	0.046652782752255595
Birds	map00970	0.14977719953780008	0.058294553134011336	-0.0003895693354131202	0.2999439684110133	0.3304538257234402	0.45836574325675966	36	0.16259026706026491	0.014956997326227128
Birds	map00998	0.39498012656437054	0.16009925423231475	-0.017435552338072258	0.8073958054668133	-3.021518912848671	1.2669620490617493	34	0.15980859323808716	0.020757988476319156
Birds	map01053	-0.13395752755769263	0.2411013207827637	-0.7550345298940919	0.48711947477870665	1.1501251669336492	1.9047898149138438	15	0.023195271921504723	1.1784182364439064
Birds	map01055	0.1806608127883614	0.1288707449417441	-0.15131022618157144	0.5126318517582943	-1.395439400123874	1.0252123031430866	27	0.07288106089455881	0.2861837630437438
Birds	map01100	0.7085761878186502	0.11419817817983226	0.41440168082740225	1.002750694809898	-0.7356637718184933	0.8979317964687652	36	0.531031057240322	2.2680302080857473e-11
Birds	map01110	0.5854072595011375	0.13243954264893174	0.2442429976374893	0.9265715213647856	-0.4527647852024774	1.041362290972684	36	0.36493745828132007	3.963834048548165e-06
Birds	map01120	0.75715491462249	0.136051496827622	0.4066862587945357	1.1076235704504442	-2.5390473599654775	1.0697628185128596	36	0.4766939738168412	2.7351032549916e-09
Birds	map01200	0.6632166304576922	0.12736388811246208	0.3351272546799899	0.9913060062353944	-2.431409763039116	1.0014527961906394	36	0.4436766482382306	3.184814989509732e-08
Birds	map01210	0.48632521424231645	0.1469484503888596	0.10778600604061411	0.8648644224440187	-2.4267970568241446	1.1579854399158998	34	0.2549954796766821	0.0009370787166147476
Birds	map01230	0.591103033721878	0.15170731663706635	0.20030498606479508	0.9819010813789609	-1.1798010840013098	1.192863367319761	36	0.308682474407584	6.347827788344418e-05
Birds	map01232	0.49003633932100843	0.16388601372526845	0.06786596796471689	0.9122067106773	-1.9471460568400523	1.2886235583259387	36	0.20821087365313273	0.003373370075735238
Birds	map01240	0.7191500448913525	0.14566814155504612	0.34390891224555364	1.0943911775371513	-2.194054191312657	1.1453777820239222	36	0.4175394213930107	1.825274944522448e-07
Birds	map01250	0.5713259709342109	0.12999005849656228	0.23647158024706644	0.9061803616213553	-2.136236006443253	1.0221021789427418	36	0.3623089481928613	4.561723918161675e-06
Birds	map01320	0.0	0.0	0.0	0.0	0.0	0.0	11	0.0	
