environment	category	Z_alpha	Z_beta	n_genomes_used
Aquatic	R00004	0.6121057820395397	-0.6058264697671679	422
Aquatic	R00005	-2.26447558106341	2.1876897112368137	70
Aquatic	R00036	-0.33482529273416095	0.3034942718316219	570
Aquatic	R00084	-9.12710262872557	8.965076967042862	564
Aquatic	R00090	0.981589597960837	-1.0898491562813795	76
Aquatic	R00104	3.0061574950922982	-3.062921890323528	323
Aquatic	R00114	-1.2699933685447589	1.300131631795394	90
Aquatic	R00125	1.4349465288693866	-1.4059457894662966	190
Aquatic	R00130	-0.47016009688844934	0.4752626505097304	598
Aquatic	R00161	2.6192573839788693	-2.582300022009761	525
Aquatic	R00178	-1.366415446285963	1.3967826537012342	231
Aquatic	R00199	0.12642906121264239	-0.09569460926615898	274
Aquatic	R00206	-0.09193270162338306	0.10708754767766368	222
Aquatic	R00214	-2.4584345805169563	2.390099930193334	364
Aquatic	R00216	-0.00364741090149073	0.0459956239706394	66
Aquatic	R00217	0.9115819329716494	-0.8563804550773418	144
Aquatic	R00227	0.017557407232418394	-0.06715967634541992	99
Aquatic	R00239	-0.31975508375652206	0.447513757874892	534
Aquatic	R00251	-0.8603509221985848	0.8180064582350668	305
Aquatic	R00253	-1.6113085855531895	1.4832434749914984	593
Aquatic	R00259	-0.1765928531304461	0.19820588917733956	225
Aquatic	R00260	-0.35280301014086873	0.22076653351409395	509
Aquatic	R00262	0.3272933302379459	-0.3826750643096205	22
Aquatic	R00271	1.246767631080711	-1.1943380011026692	79
Aquatic	R00289	0.005497647321532383	-0.04305585336213881	420
Aquatic	R00310	-0.313087757091807	0.4337478489569177	534
Aquatic	R00318	-0.5938254822630328	0.5943040923359701	14
Aquatic	R00341	-0.5614333607716631	0.6107031667291353	276
Aquatic	R00344	-1.4289279361169567	1.415376372006118	156
Aquatic	R00345	0.5805098133105105	-0.542517550548845	353
Aquatic	R00351	-1.5823972449704755	1.5248598605396073	33
Aquatic	R00362	2.389973432029176	-2.4261318711287205	18
Aquatic	R00371	0.10265656866123775	-0.1164370625047327	274
Aquatic	R00401	1.3186100742302542	-1.49180203478982	569
Aquatic	R00409	-2.732392658287509	2.660767132217017	173
Aquatic	R00411	-0.0386641649257385	0.03461478860413735	85
Aquatic	R00412	3.560702305121735	-3.346356416897415	294
Aquatic	R00416	0.41096036565768357	-0.4103533324532326	414
Aquatic	R00424	-2.3588850916564335	2.4431476791062146	469
Aquatic	R00425	-1.150039314413526	1.178088519701699	466
Aquatic	R00451	-6.295423408557921	6.098463934168312	573
Aquatic	R00461	-0.47303014564933055	0.47440600952219136	54
Aquatic	R00472	-0.5905528093788927	0.562527612801568	327
Aquatic	R00479	-0.8800360798480247	0.9094234649999783	287
Aquatic	R00480	2.0412206897145873	-1.8797732333625257	562
Aquatic	R00494	-2.097113017179334	2.0990270490734275	329
Aquatic	R00497	0.12972147788263194	-0.08515183603538641	295
Aquatic	R00502	0.01373812274478914	-0.010641981081012187	19
Aquatic	R00519	-0.12470017486679148	0.059767034008782	300
Aquatic	R00524	1.0920965726530112	-1.0464037706133096	43
Aquatic	R00525	1.1947231261736375	-1.1786841124373817	97
Aquatic	R00527	-0.3885834674253008	0.38359742477668624	216
Aquatic	R00566	0.308099722584086	-0.25684342591482395	231
Aquatic	R00582	-0.7593710476138801	0.6984453884865399	329
Aquatic	R00586	-2.196409911647165	2.167542851345476	541
Aquatic	R00601	1.3270903515904346	-1.3353824090784803	282
Aquatic	R00604	0.884428825327668	-0.9151356230703326	51
Aquatic	R00610	-0.410661447185996	0.44596872475367333	83
Aquatic	R00617	-0.48164541454460763	0.3963815363335603	452
Aquatic	R00630	-1.1271194838652592	1.1372675194716013	395
Aquatic	R00660	0.36748641346072497	-0.4416930310110646	586
Aquatic	R00661	1.7189233233128867	-1.7223982191948586	22
Aquatic	R00704	0.5606721263259757	-0.5423938128526233	166
Aquatic	R00747	-0.5269148780561693	0.5113810871454842	54
Aquatic	R00750	0.556026064420014	-0.5551797166004522	77
Aquatic	R00765	0.6154533714613414	-0.5213930950612832	175
Aquatic	R00768	-5.395249425165307	5.270320613324842	585
Aquatic	R00774	0.6099423097976931	-0.6694925198952367	59
Aquatic	R00787	-0.9678772937919154	0.9805432236444922	235
Aquatic	R00789	-0.9678772937919154	0.9805432236444922	235
Aquatic	R00805	-0.01629469298634404	-0.001566212941681889	15
Aquatic	R00830	-0.4540275169276816	0.4628385737733412	77
Aquatic	R00833	2.4678518843471418	-2.542654529974698	248
Aquatic	R00847	-2.222085155833744	2.0969298615140506	434
Aquatic	R00856	0.38128200377681243	-0.3902590891476243	17
Aquatic	R00885	0.2881012300750822	-0.27514096780124087	82
Aquatic	R00888	0.14241511301263962	-0.1608740509545609	276
Aquatic	R00892	-0.1243467957195907	0.2163230648737415	129
Aquatic	R00893	1.6376884975554766	-1.5680328129623102	17
Aquatic	R00894	-1.6750892721958455	1.5001202996856153	385
Aquatic	R00931	-4.060337371157824	4.030651528392546	155
Aquatic	R00944	-1.0760322580766473	1.0388588744570766	362
Aquatic	R00946	0.4478638042622792	-0.4860483907272317	446
Aquatic	R00948	2.5495642062900763	-2.5511684304522815	308
Aquatic	R00955	-0.3011783296687968	0.3530029497300723	202
Aquatic	R00956	0.5164632736515226	-0.5260837437172589	125
Aquatic	R00965	3.1517775717396694	-3.2158295322662505	594
Aquatic	R00966	0.15803782775148345	-0.2104603926066855	441
Aquatic	R01011	2.10385764196286	-2.3056156629506908	103
Aquatic	R01012	0.2826459979207095	-0.3440091178004543	82
Aquatic	R01015	-0.198647976293424	0.14960330547249379	582
Aquatic	R01016	0.3729486362497787	-0.4129770040582906	244
Aquatic	R01025	1.50888272385485	-1.4897961668346347	133
Aquatic	R01034	-0.0074603529229674975	-0.04205096647455869	40
Aquatic	R01049	1.7094852070929303	-1.7733449641569146	557
Aquatic	R01056	0.9822331588678528	-1.0982845155778789	557
Aquatic	R01064	0.43431696329321057	-0.47462737883751793	55
Aquatic	R01066	0.10318956000590801	-0.22567808893437394	387
Aquatic	R01072	2.9238807922471284	-3.0081003088073643	509
Aquatic	R01073	-2.040139158779794	2.039526125585652	566
Aquatic	R01078	-0.9059704905232749	0.8909594763498725	429
Aquatic	R01082	-1.5907845721185814	1.5355180982706356	396
Aquatic	R01083	-0.7666140140414146	0.6789677075040547	591
Aquatic	R01092	-0.6999869510231327	0.7446991602697643	221
Aquatic	R01123	0.44946411934283476	-0.4527537013958636	232
Aquatic	R01135	0.6508465606030244	-0.6645491176291608	591
Aquatic	R01150	-3.434175192354346	3.238831549710343	583
Aquatic	R01152	0.47787793813989554	-0.45932031578548554	85
Aquatic	R01157	1.0779828864779852	-1.0206136843906282	272
Aquatic	R01169	0.2521458938148144	-0.23490544883590148	144
Aquatic	R01183	-2.198149378492707	2.1933855827598427	56
Aquatic	R01201	-1.2102105653384407	1.16101673114931	79
Aquatic	R01213	-0.11572193535477891	0.21232855386673524	542
Aquatic	R01220	-2.540743690849976	2.470752140177199	500
Aquatic	R01224	0.5213276473778734	-0.5306124385612789	493
Aquatic	R01291	1.2437013749600065	-1.2155086580153196	34
Aquatic	R01302	0.47850433230064854	-0.45562423166458604	113
Aquatic	R01334	-1.44112262899886	1.4563232509206836	177
Aquatic	R01357	-0.3693103261459927	0.39071083004878193	129
Aquatic	R01361	-0.5722832596387547	0.5868003717098828	140
Aquatic	R01364	-0.3696825475141181	0.3690590424183688	158
Aquatic	R01384	-1.4195852746289312	1.352951846750513	220
Aquatic	R01397	0.9272118801261506	-0.8890408070526273	539
Aquatic	R01450	1.7515112036980505	-1.7265807823903836	87
Aquatic	R01465	-0.26874876035045003	0.2533332426771654	167
Aquatic	R01512	-0.5123495497157433	0.5412367884096194	447
Aquatic	R01514	1.9953732266991184	-2.1326989512656582	245
Aquatic	R01516	-1.7117801518912283	1.5615071195496615	422
Aquatic	R01523	-0.4089331777088996	0.42626186768872226	121
Aquatic	R01529	-2.044405719208942	1.9289091849547078	598
Aquatic	R01639	0.22413129903349854	-0.34778006801521033	224
Aquatic	R01665	1.0023402177559264	-0.9796650777523013	63
Aquatic	R01688	-1.2443230509101362	1.3029575430081626	75
Aquatic	R01714	0.3665608430078965	-0.35562853538036493	591
Aquatic	R01715	2.170195123887102	-2.266837416678494	181
Aquatic	R01716	1.0343820416845533	-0.9681175710619087	288
Aquatic	R01717	0.07739264369394568	-0.20558528236907436	128
Aquatic	R01724	1.003614778116859	-1.0526146330374622	236
Aquatic	R01728	1.2547328816072616	-1.272354734385031	285
Aquatic	R01737	-0.6073242644801038	0.5736291097665187	202
Aquatic	R01771	0.895938206839933	-0.9047956220113323	439
Aquatic	R01776	-0.34167940984725154	0.3371548044554318	95
Aquatic	R01777	0.4672619023472977	-0.4690676121431165	171
Aquatic	R01801	-0.7554992359832909	0.8795862165075465	471
Aquatic	R01826	-2.441482529678298	2.4801582038771324	376
Aquatic	R01856	0.36667444661754395	-0.32264810021325857	262
Aquatic	R01868	4.209642790768075	-4.282059504584163	570
Aquatic	R01889	1.0748612053876803	-1.042115228707281	18
Aquatic	R01931	0.9642942847426687	-1.1569103441896709	151
Aquatic	R01993	-0.1448503206587744	0.03587774137699322	446
Aquatic	R02003	0.006001247192256008	-0.04904398613490907	11
Aquatic	R02016	-1.8317379018452764	1.7648358896574652	567
Aquatic	R02021	-0.5406249483042944	0.5446814509347526	380
Aquatic	R02035	-0.2925158579205108	0.32186951996852353	307
Aquatic	R02036	-0.0060174196328546155	0.01536947321445176	196
Aquatic	R02055	-0.7357247344961065	0.6453790125170612	380
Aquatic	R02060	-1.182858404742521	1.3073269261964768	575
Aquatic	R02061	0.11473076319839068	-0.08404502286089209	98
Aquatic	R02082	0.6366239126300016	-0.6609859345085803	97
Aquatic	R02100	2.195619933332773	-2.2451710826316233	440
Aquatic	R02101	1.76192612062733	-1.789944097980628	353
Aquatic	R02133	0.06790043132176293	-0.06639603389413319	80
Aquatic	R02156	1.4186818323959087	-1.3876076536383721	40
Aquatic	R02164	1.7713771425816747	-1.720045496547588	297
Aquatic	R02272	2.382114676145156	-2.4671696368277654	493
Aquatic	R02282	0.384363819443959	-0.41655260930211563	407
Aquatic	R02285	-1.9322737201808804	2.030130080293662	176
Aquatic	R02288	0.35779404039319285	-0.36535606620948474	303
Aquatic	R02291	-3.4942191299061576	3.481587439603665	594
Aquatic	R02292	-2.5216384722025844	2.382921541877169	586
Aquatic	R02293	-0.5871615089336958	0.6038178827133727	126
Aquatic	R02301	1.1530360328400842	-1.1334743834189462	549
Aquatic	R02302	1.186242567874922	-1.2239551511518598	52
Aquatic	R02328	-1.6253807966105351	1.6060145746027499	452
Aquatic	R02343	0.6818512690500421	-0.722076672398162	19
Aquatic	R02412	0.033323666984835805	-0.008806723476866634	257
Aquatic	R02413	-0.6463821177090655	0.3993058755381242	443
Aquatic	R02422	0.3983426926046663	-0.39441270869824135	104
Aquatic	R02426	-0.24973716907732132	0.2373426724899769	85
Aquatic	R02437	-0.9339339597642299	0.8719069822249069	83
Aquatic	R02472	-2.0159082982536916	1.8792556899110733	139
Aquatic	R02519	0.03298458910137751	-0.03707328583604449	88
Aquatic	R02530	0.6417736049422353	-0.5749846531991419	181
Aquatic	R02539	0.24914123998722718	-0.18029850810612913	198
Aquatic	R02541	-0.4343992686611833	0.45011998449776974	15
Aquatic	R02574	1.396224371849023	-1.3747651566346692	28
Aquatic	R02656	-1.8425742111731125	1.855476769879613	13
Aquatic	R02665	-0.23214183144300032	0.25071901825352483	81
Aquatic	R02715	-2.003034903849999	1.9304984930452884	68
Aquatic	R02720	-0.46074433281948973	0.5135257323934735	378
Aquatic	R02722	-1.9213347854566238	2.099538886328071	584
Aquatic	R02728	-0.29148279004829303	0.14008021553905683	110
Aquatic	R02734	-0.4051062907993258	0.48713412050727206	303
Aquatic	R02735	-1.0718235373419747	0.9429948612009316	563
Aquatic	R02777	0.3401777895465523	-0.37753609072402305	375
Aquatic	R02783	-0.36001201935416793	0.3762351900533707	582
Aquatic	R02788	-0.27274504367825764	0.2796083442006694	29
Aquatic	R02804	-1.6695224824973423	1.6524812234194572	109
Aquatic	R02807	-0.8752683849882948	0.8167916471816752	89
Aquatic	R02813	-0.14000928505206234	-0.01905190637938983	44
Aquatic	R02821	-0.5200479915987092	0.5439336614076528	27
Aquatic	R02864	0.3032583729208648	-0.3351432862399031	123
Aquatic	R02914	-0.022552369245705126	-0.037984657012235926	304
Aquatic	R02918	2.001709270050794	-1.9562665426901071	598
Aquatic	R03013	0.5184298247834394	-0.5596705258708573	310
Aquatic	R03015	-0.4916477278980918	0.5236223645472093	25
Aquatic	R03033	0.26786580622885353	-0.27168341278119446	63
Aquatic	R03035	-1.8432445624287959	1.8097163651723478	597
Aquatic	R03083	-1.535799587788304	1.5106565179176337	570
Aquatic	R03084	-3.010230012400952	2.779893595775852	555
Aquatic	R03145	-0.47394263663837366	0.48122455995941604	22
Aquatic	R03165	-3.47643975307632	3.4117079749347656	412
Aquatic	R03182	1.1987945352911635	-1.4828315515042154	393
Aquatic	R03193	-0.17342333898116397	0.3048368100237931	585
Aquatic	R03210	-2.035069862640724	2.0083588927488334	223
Aquatic	R03220	-0.7658290035280333	0.8656785702031924	410
Aquatic	R03222	-0.39592478113781737	0.3859113378872003	117
Aquatic	R03223	-0.6068567501824584	0.6717701414330925	454
Aquatic	R03231	-1.3587967855564103	1.3513095906932338	383
Aquatic	R03254	-1.4563966843197127	1.4372546169379403	427
Aquatic	R03303	0.0979599596817444	-0.07245638703976195	55
Aquatic	R03307	-3.126998773881213	3.09965420435965	44
Aquatic	R03313	2.1838881880861036	-2.0532372920824673	530
Aquatic	R03348	-1.723584595224395	1.636534078683614	557
Aquatic	R03370	1.2327586845700074	-1.1499906323844702	15
Aquatic	R03387	0.2699952231273868	-0.26706208664384645	11
Aquatic	R03390	1.0876531437772852	-1.0241067448156065	26
Aquatic	R03458	-1.1681034612721575	0.9256158110532753	571
Aquatic	R03459	-1.0255172302630162	1.017811683468925	572
Aquatic	R03460	-3.7703227113577285	3.644133947024579	498
Aquatic	R03470	-0.5152347971257327	0.5232125856756238	66
Aquatic	R03471	4.57503660495086	-4.6840942277959865	392
Aquatic	R03503	2.4762383703526027	-2.3543600477820585	580
Aquatic	R03509	2.4111604225997385	-2.592680836880444	453
Aquatic	R03531	-0.46074433281948973	0.5135257323934735	378
Aquatic	R03532	-4.115289958359436	4.029358968004318	524
Aquatic	R03595	0.9410547416031068	-0.8712386379173614	258
Aquatic	R03648	0.798454779153329	-0.8052308550025735	300
Aquatic	R03656	-0.5856858768797081	0.5634267567860841	593
Aquatic	R03657	-3.7821183290204328	3.6847247219137644	593
Aquatic	R03665	-3.8002017829699786	3.6798828356593387	595
Aquatic	R03696	-0.6042802497347246	0.6227615366137292	16
Aquatic	R03817	1.044443961596621	-1.029365406029298	17
Aquatic	R03876	-0.6414166450716189	0.5841994701005405	26
Aquatic	R03877	0.4127546422944234	-0.3800112059228009	58
Aquatic	R03947	-0.3236021327051815	0.27630277439107875	235
Aquatic	R03948	0.0010457990809703691	0.01601484700817771	188
Aquatic	R04035	-2.8083005565659316	2.7177579304152686	529
Aquatic	R04037	1.6217120017300286	-1.5781673444861766	573
Aquatic	R04109	-0.16288963816355978	0.2291998556707609	489
Aquatic	R04143	-0.09551687416611457	0.09447393891064344	49
Aquatic	R04144	0.7531153116741932	-0.7025055048406229	590
Aquatic	R04148	-1.6409927668992847	1.6275650529311843	325
Aquatic	R04150	0.5528017831141164	-0.562825516845785	217
Aquatic	R04152	-0.9148019149052414	0.8792859247013364	58
Aquatic	R04189	-0.14859364728232735	0.15027088600120014	109
Aquatic	R04208	-0.1021543077716441	0.07469569006645092	498
Aquatic	R04209	0.33292695188752325	-0.4006828414697199	582
Aquatic	R04364	0.3693537629700078	-0.34068091668095185	50
Aquatic	R04365	-1.2179099499028117	1.213088516462866	285
Aquatic	R04383	-0.0953922206377077	0.11048457460025159	117
Aquatic	R04405	2.958953984045314	-3.0756302190775506	292
Aquatic	R04420	-1.9459772811445992	1.9344339253889553	260
Aquatic	R04424	-0.7069177474770981	0.7112375825468964	79
Aquatic	R04436	0.2521458938148144	-0.23490544883590148	144
Aquatic	R04438	-1.3838007484825037	1.3980236686365903	59
Aquatic	R04448	-0.21325109589266783	0.2559773085303584	134
Aquatic	R04449	0.02533087134633722	-0.041026098754281974	13
Aquatic	R04463	-3.700588349636892	3.6356366873772106	564
Aquatic	R04496	-1.3895382242204442	1.3956629362415927	11
Aquatic	R04527	0.21369564782029424	-0.20428587037200502	17
Aquatic	R04591	-4.738075863628678	4.538486443405017	579
Aquatic	R04594	0.9264527866969086	-0.9326017119375887	83
Aquatic	R04606	0.4142701330664182	-0.3544300045084307	437
Aquatic	R04640	0.0626281798873855	-0.04134927966995765	544
Aquatic	R04734	-2.008378633527233	1.9516026241627789	340
Aquatic	R05049	-0.06243080290910895	0.06384454241197442	130
Aquatic	R05137	-0.2034544244603741	0.21710079040722335	16
Aquatic	R05218	-1.7313554483584064	1.6078369907917154	511
Aquatic	R05219	-0.05076492818984237	0.08070200342772929	66
Aquatic	R05222	0.44319816566799586	-0.4385765021173699	45
Aquatic	R05227	-1.0483968224301525	1.1168581517083784	171
Aquatic	R05332	0.535063233189501	-0.5172828005408747	414
Aquatic	R05606	0.8271946224543233	-0.8419142703532653	160
Aquatic	R05608	-0.3537838022785989	0.2875015859241818	40
Aquatic	R05627	-5.228179334095119	4.964051505697532	530
Aquatic	R05633	1.1363758120979985	-1.1748375033422187	457
Aquatic	R05636	-3.479850108612177	3.3382084645191594	567
Aquatic	R05651	0.5161120270226601	-0.5182487607536908	41
Aquatic	R05688	-0.2760679402173009	0.2943595718139986	499
Aquatic	R05706	0.2508772676382272	-0.40745096662309777	375
Aquatic	R05763	0.9144743533593267	-0.8923842037865692	27
Aquatic	R05838	-0.4784698478969195	0.4905037352440515	429
Aquatic	R05850	0.07872989462921683	-0.13889634557411973	67
Aquatic	R05884	-3.6611053942155927	3.6119179426527066	456
Aquatic	R06211	-0.01629469298634404	-0.001566212941681889	15
Aquatic	R06513	-2.797303635008254	2.6926433872388444	478
Aquatic	R06514	-0.8228217714800006	0.8478904034690643	419
Aquatic	R06530	2.648439944557988	-2.5507740012102684	317
Aquatic	R06601	0.13317207644813797	-0.23790266248613962	155
Aquatic	R06613	1.2214326929804271	-1.319258071741806	203
Aquatic	R06836	-0.3384492810524453	0.36607342739246584	59
Aquatic	R06859	0.6973890551108676	-0.6794474537631677	182
Aquatic	R06982	-0.033073941356484955	0.03442942384884082	16
Aquatic	R06983	-0.9033930007234462	0.8885211431046423	230
Aquatic	R07140	-0.9033930007234462	0.8885211431046423	230
Aquatic	R07164	-0.5624875727538269	0.5763782598281454	30
Aquatic	R07165	-0.5624875727538269	0.5763782598281454	30
Aquatic	R07168	0.5213276473778734	-0.5306124385612789	493
Aquatic	R07226	-1.4988934116864217	1.4930144990001504	14
Aquatic	R07234	-0.8353208722182518	0.7078330257211147	186
Aquatic	R07281	1.6687435174708838	-1.630254491521744	535
Aquatic	R07290	-1.328536854340006	1.3457579866524874	16
Aquatic	R07324	-0.7813209689667389	0.753108124242326	39
Aquatic	R07359	1.8233582881673365	-1.8951485820455316	351
Aquatic	R07502	0.48229571212889244	-0.44703574713261646	17
Aquatic	R07503	0.48229571212889244	-0.44703574713261646	17
Aquatic	R07605	0.3532910680834326	-0.33504058561082234	380
Aquatic	R07606	0.0157947065328232	0.0500021708345198	495
Aquatic	R07607	-1.0895704609482846	1.2204342042206744	472
Aquatic	R08057	0.14141007886972007	-0.03583493797079696	332
Aquatic	R08165	1.9209523604130494	-1.93159428249609	216
Aquatic	R08689	-10.070198235216766	9.845335945079153	509
Aquatic	R08856	0.30651144219278637	-0.30291095553177527	32
Aquatic	R08991	-1.4876450952098186	1.5175939477988756	296
Aquatic	R09386	-1.6887174168612737	1.7407567517570166	160
Aquatic	R09541	-1.105423675922901	1.0484884863397688	65
Aquatic	R09662	0.7947962495793525	-0.7784513651487407	27
Aquatic	R09819	-0.12088606362655335	0.08410607196506929	10
Aquatic	R09838	-2.2441907978790985	2.1972189994431277	132
Aquatic	R10523	0.2521458938148144	-0.23490544883590148	144
Aquatic	R10524	0.2521458938148144	-0.23490544883590148	144
Aquatic	R10623	0.48229571212889244	-0.44703574713261646	17
Aquatic	R10624	0.48229571212889244	-0.44703574713261646	17
Aquatic	R12777	1.2366758917119547	-1.250233081887034	44
Terrestrial	R00004	-1.8754456786001041	1.8793852338950772	302
Terrestrial	R00005	-1.1758022708249387	1.1242829385664417	107
Terrestrial	R00036	-0.31931895133852406	0.27708662880071305	474
Terrestrial	R00053	0.000992001257831264	-0.0046393073143938795	12
Terrestrial	R00084	7.305419061673931	-7.180619524878903	474
Terrestrial	R00090	0.23560006300267444	-0.33572544511964303	29
Terrestrial	R00104	-0.6157619457562918	0.683269082586781	359
Terrestrial	R00114	1.0191808361776888	-1.007488946744223	30
Terrestrial	R00178	0.5063453178674688	-0.4779320925943747	142
Terrestrial	R00199	-0.6531447335954772	0.7217890149859998	198
Terrestrial	R00206	1.550896659353858	-1.5797883453746018	191
Terrestrial	R00214	-1.3914893807275517	1.3945529665772045	298
Terrestrial	R00216	-1.565342709101438	1.5198457652037596	106
Terrestrial	R00217	-1.0104591898301032	1.0061574598763363	40
Terrestrial	R00227	-2.0445273123206174	1.9985620600531642	97
Terrestrial	R00239	-1.28837284324671	1.2954851332994024	435
Terrestrial	R00251	-1.9637884963887924	1.9037436898600872	283
Terrestrial	R00253	0.21461855495503673	-0.24734790213440788	476
Terrestrial	R00260	0.5986221524726645	-0.5831533217726885	412
Terrestrial	R00262	-3.2669581309603872	3.1877575737838932	12
Terrestrial	R00271	0.35208901066103393	-0.3779790443280126	49
Terrestrial	R00289	-0.29060162502504133	0.32627146507849547	396
Terrestrial	R00310	-0.5539852835339161	0.5640960646074178	465
Terrestrial	R00318	2.1819481251064525	-2.1710726693406217	30
Terrestrial	R00341	0.20156297243143365	-0.24330013103388426	143
Terrestrial	R00344	-0.1415860367634719	0.11043985083626665	199
Terrestrial	R00345	0.09981630999751019	-0.09219116835813904	340
Terrestrial	R00351	-1.3455274178152956	1.3586762353428974	26
Terrestrial	R00362	-0.40802710359051675	0.35435961802980703	19
Terrestrial	R00371	-0.5088682359867348	0.5248777316373675	242
Terrestrial	R00401	-3.596809422878122	3.5374105296836027	473
Terrestrial	R00409	1.1481632544880735	-1.1004122496936302	147
Terrestrial	R00412	-2.503386486738745	2.3986443581649906	288
Terrestrial	R00416	0.14570591642504357	-0.10147633849824249	410
Terrestrial	R00424	1.6238449374110662	-1.6482543031507506	423
Terrestrial	R00425	3.206365730086657	-3.235681376963298	417
Terrestrial	R00451	5.727687815054877	-5.668063861625904	463
Terrestrial	R00461	1.1939969755006783	-1.1729978674396022	31
Terrestrial	R00472	1.5252587904531696	-1.464923321538733	330
Terrestrial	R00479	1.6289353632141592	-1.5903156690375335	254
Terrestrial	R00480	-2.3082563817090422	2.209555895549933	456
Terrestrial	R00494	-1.37234678941137	1.2696542855674027	324
Terrestrial	R00497	-1.1655810175589063	1.1999519746462324	167
Terrestrial	R00502	0.14833321574557803	-0.13041847550035562	24
Terrestrial	R00519	-1.382945206679228	1.291856596476788	274
Terrestrial	R00524	-0.8814655659560607	0.8704851957918506	63
Terrestrial	R00525	0.10408794714794248	-0.09912714896982079	121
Terrestrial	R00527	0.13569134851738185	-0.15770721918716232	153
Terrestrial	R00582	0.9638987019515447	-0.9575200938730356	319
Terrestrial	R00586	2.7306986676539537	-2.755497323640615	339
Terrestrial	R00601	1.8551701808235157	-2.0963902253603948	141
Terrestrial	R00604	-0.6758619119517935	0.7193082571255428	93
Terrestrial	R00610	-1.864521750843545	1.874686181312285	100
Terrestrial	R00617	1.5684178271672529	-1.5785207506032195	402
Terrestrial	R00630	-0.30409650730267596	0.355379396327124	351
Terrestrial	R00660	0.507376360976383	-0.4841152624143168	466
Terrestrial	R00661	-0.2863610954116098	0.2856198762543195	36
Terrestrial	R00704	0.46744068858310783	-0.6102403962415895	148
Terrestrial	R00747	-0.1963918314094437	0.19562312859638245	49
Terrestrial	R00750	-0.8708193539336584	0.866176283095319	127
Terrestrial	R00765	-3.1017790149956928	3.0923554859085476	199
Terrestrial	R00768	6.87162234911011	-6.777332497059619	477
Terrestrial	R00774	-0.46499432779972666	0.4421889018389637	71
Terrestrial	R00776	0.6991939089303245	-0.6847637213841073	11
Terrestrial	R00787	-1.6306102783785552	1.715636452224502	297
Terrestrial	R00789	-1.6306102783785552	1.715636452224502	297
Terrestrial	R00830	-0.908284406948646	0.8926109838568597	67
Terrestrial	R00833	1.131073444249703	-1.1230145063028263	251
Terrestrial	R00847	4.14793906459956	-4.013445691365246	429
Terrestrial	R00885	-0.3329626953105784	0.30454339401473046	54
Terrestrial	R00888	-2.273601541866395	2.2973744280856563	225
Terrestrial	R00892	-1.4544627730870388	1.4092113630011172	216
Terrestrial	R00893	-0.1358605746425085	0.12104886855441555	75
Terrestrial	R00894	2.266210510905853	-2.1468059722263897	373
Terrestrial	R00931	2.8264875392438773	-2.78551237680883	120
Terrestrial	R00944	-2.0339321451867742	1.9158478895512636	366
Terrestrial	R00946	2.1167165686986515	-2.1087393517449873	403
Terrestrial	R00948	0.24573348318324667	-0.2759028518068414	281
Terrestrial	R00955	0.5328207966728901	-0.5183951746637897	189
Terrestrial	R00956	1.150419864946961	-1.1258634631886133	103
Terrestrial	R00965	0.49894076732591	-0.5173330406387828	479
Terrestrial	R00966	0.35596210523262506	-0.32763942071227437	425
Terrestrial	R01011	-0.8263909961877652	0.8360313927321704	185
Terrestrial	R01012	-0.10242072316968125	0.03272337953864479	161
Terrestrial	R01015	-2.39599966245021	2.315465847162701	476
Terrestrial	R01016	0.15743063535202428	-0.259113082010591	151
Terrestrial	R01025	-0.18304866896688946	0.19505039607428562	108
Terrestrial	R01034	0.23047871833626501	-0.2300401504468998	52
Terrestrial	R01049	2.7086293652315834	-2.683582303480179	461
Terrestrial	R01056	0.7480597824214814	-0.7364488573124408	316
Terrestrial	R01064	-0.13555532046520696	0.13167816977530794	68
Terrestrial	R01066	-0.0854056708297264	0.009950851688226695	363
Terrestrial	R01072	-0.11124777761566831	0.07172967931846429	439
Terrestrial	R01073	2.2048833551904186	-2.2223986113064567	466
Terrestrial	R01078	0.45817817362970503	-0.4698340016172464	370
Terrestrial	R01082	2.383719279519758	-2.3662128030019614	414
Terrestrial	R01083	0.9325883559679546	-1.0137186953819528	478
Terrestrial	R01092	0.8910072745325641	-0.8873597807867974	256
Terrestrial	R01121	0.3518342512740226	-0.31928991211950764	29
Terrestrial	R01123	0.5098418247536773	-0.4675010533631585	266
Terrestrial	R01135	3.1218508648337475	-3.093518380348655	477
Terrestrial	R01150	1.2344533354492628	-1.305396746623404	469
Terrestrial	R01152	-0.04596774420648834	0.033815675608569	76
Terrestrial	R01157	-1.2711313476159076	1.1926366833762247	261
Terrestrial	R01169	-0.8786012623315362	0.8688024160539134	235
Terrestrial	R01183	0.05758926452395946	-0.0697697755914344	60
Terrestrial	R01201	2.821123119619214	-2.7582652519209505	108
Terrestrial	R01213	0.14071291490492308	-0.1850197611013382	451
Terrestrial	R01220	1.951067712855337	-1.8892233669573062	416
Terrestrial	R01224	-0.15791638141531583	0.200631756188634	384
Terrestrial	R01281	0.26479595601968386	-0.2399622521810189	22
Terrestrial	R01302	-0.09622977592047315	0.14090068779648243	63
Terrestrial	R01334	3.248013226550585	-3.2116003718428376	117
Terrestrial	R01357	-0.4027593023181207	0.38523948830163357	195
Terrestrial	R01361	-3.1244606767835608	2.9992907817796226	195
Terrestrial	R01364	0.45337953313414553	-0.43799913566851545	214
Terrestrial	R01384	-2.31599508865249	2.2060772333393572	150
Terrestrial	R01397	0.13294819721335116	-0.17661672760076566	471
Terrestrial	R01450	-2.0921162131470807	2.0465705873683553	75
Terrestrial	R01465	-0.725553109339799	0.7395293209850771	187
Terrestrial	R01505	0.17265045253347253	-0.1740820391773966	60
Terrestrial	R01512	0.20137804278781612	-0.22428211930904385	341
Terrestrial	R01514	-1.368566884258903	1.2958628981994937	313
Terrestrial	R01516	-2.0894555429009123	1.8816730474425278	397
Terrestrial	R01523	1.7099557365247464	-1.6834981233061106	58
Terrestrial	R01529	-0.6394890154927831	0.569652129487017	479
Terrestrial	R01639	2.013530684929956	-2.0523292855509383	307
Terrestrial	R01688	0.30081872152813716	-0.3083065442388413	44
Terrestrial	R01714	-0.9767877568591711	0.9714857716225364	468
Terrestrial	R01715	1.2722252013660114	-1.5237400317432266	162
Terrestrial	R01716	3.4959192085193194	-3.569814054141093	205
Terrestrial	R01717	-0.3961047543312118	0.26764767082491076	130
Terrestrial	R01724	-1.5039370485665686	1.3789928731085528	374
Terrestrial	R01728	1.6251327958843356	-1.5908853831126175	207
Terrestrial	R01730	-0.2762246023232349	0.3081705830187011	124
Terrestrial	R01737	-0.36961294221718116	0.41400670074099905	354
Terrestrial	R01761	0.18967635752925247	-0.1644370470284036	121
Terrestrial	R01771	0.07362738539581883	-0.1631232615474677	429
Terrestrial	R01776	-0.35974218251225637	0.4077496962846277	119
Terrestrial	R01777	0.2837273971772904	-0.2736860715028309	100
Terrestrial	R01801	-0.552726282131026	0.3293626496559248	423
Terrestrial	R01826	3.160832735298574	-3.028148267543054	369
Terrestrial	R01856	0.42055685921012254	-0.4693640261349876	261
Terrestrial	R01868	2.5320442539579284	-2.498268441224623	471
Terrestrial	R01884	-0.3952378689934574	0.41825117961074376	20
Terrestrial	R01931	-0.6271150264275814	0.524562795179208	78
Terrestrial	R01978	0.38661196847743057	-0.35570544453270425	20
Terrestrial	R01993	-1.787680522825651	1.7537226257560032	273
Terrestrial	R02003	1.14418234344666	-1.1737333601010393	16
Terrestrial	R02016	-0.27046066633547666	0.3383676482635108	473
Terrestrial	R02021	-0.8350967281492148	0.8385646035684403	398
Terrestrial	R02035	-0.17282775442389717	0.1647425572662008	355
Terrestrial	R02036	-0.2943178580469429	0.3158935493835585	143
Terrestrial	R02055	-1.494208479808469	1.322588013354662	246
Terrestrial	R02060	0.7769550985410673	-0.8562078889410251	474
Terrestrial	R02061	-0.8619367491113077	0.8527850422790457	155
Terrestrial	R02082	1.1737471864691618	-1.165444173038498	46
Terrestrial	R02100	2.5264321668208667	-2.5363897650683365	422
Terrestrial	R02101	-1.0384114526269308	1.0490207764432349	291
Terrestrial	R02133	-0.015214013973038917	0.021657905500129332	75
Terrestrial	R02164	-0.9582490678102447	0.9412932469550009	285
Terrestrial	R02245	0.005174184423616446	0.006249057372138443	22
Terrestrial	R02272	-0.891480079124538	0.955175059816347	424
Terrestrial	R02279	-0.30703470271953454	0.29112701043180833	75
Terrestrial	R02282	3.6278970640870893	-3.606788476282605	403
Terrestrial	R02285	-0.7736903886625153	0.7825501674459687	94
Terrestrial	R02288	0.7210676659660009	-0.7091021458677136	315
Terrestrial	R02291	5.722098939044465	-5.625896072060519	479
Terrestrial	R02292	3.1029426224523853	-3.10394321706953	471
Terrestrial	R02293	-0.44133546813288543	0.4034213867827547	138
Terrestrial	R02301	-1.0390481334425001	0.9494202681503116	455
Terrestrial	R02302	-0.16872127523844307	0.16051109768970184	22
Terrestrial	R02328	2.5934864536311735	-2.548880630496956	411
Terrestrial	R02343	-1.847906860397634	1.7695949761082237	35
Terrestrial	R02412	0.7431438957596828	-0.795617172283218	298
Terrestrial	R02413	-1.2377218286313434	1.1683312522649367	401
Terrestrial	R02422	0.2903784011370925	-0.26129229160099976	203
Terrestrial	R02426	0.6038969774814817	-0.590919491163908	81
Terrestrial	R02437	-0.2966791124374127	0.34887543921026065	128
Terrestrial	R02472	-1.8001533025742367	1.8005150939848056	181
Terrestrial	R02519	0.4937768750862877	-0.4953160589795635	173
Terrestrial	R02530	-0.5894558219683368	0.5840369663044025	114
Terrestrial	R02539	0.05079472355900249	-0.05015620863723276	261
Terrestrial	R02541	0.7550420867128422	-0.7631325455788156	48
Terrestrial	R02574	0.35876724972479257	-0.40212146951239763	16
Terrestrial	R02656	2.370887073072111	-2.359627497949802	23
Terrestrial	R02665	0.8568016749472892	-0.8462294455829065	54
Terrestrial	R02715	0.3484615551176301	-0.29132964723196725	186
Terrestrial	R02720	-0.8872088876066366	0.8937826604646654	352
Terrestrial	R02722	0.22893536244133272	-0.1946623149370088	469
Terrestrial	R02728	0.08751172257248985	-0.062179155303507073	57
Terrestrial	R02734	1.9779192372529877	-2.0428254123450915	325
Terrestrial	R02735	0.7554420547606877	-0.8080724154606669	462
Terrestrial	R02777	-1.023824386830143	1.0386649675954065	290
Terrestrial	R02782	-2.881592706107198	2.8074189304604698	75
Terrestrial	R02783	-0.29618325494461367	0.3144345741883523	479
Terrestrial	R02788	-0.3849623113853507	0.3622128609091799	23
Terrestrial	R02804	0.42188192523631696	-0.39075376476318613	48
Terrestrial	R02807	-1.0104706682004025	0.9669052734917907	41
Terrestrial	R02813	0.08275287150550747	-0.06925072873547994	51
Terrestrial	R02864	0.2601342900561059	-0.3638597634985875	81
Terrestrial	R02914	-1.011552035757617	0.9796770488418052	319
Terrestrial	R02918	-1.3568872407991268	1.3023971342411405	479
Terrestrial	R03013	-0.02811492980910193	0.026244705503151913	303
Terrestrial	R03015	1.9015506514616272	-1.9021869149356687	13
Terrestrial	R03033	-0.8530711694546242	0.8887823173066789	125
Terrestrial	R03035	2.591492667362982	-2.5491137877154983	477
Terrestrial	R03083	2.167645713495136	-2.135858819177946	466
Terrestrial	R03084	-0.3765540889067053	0.30921232957709976	454
Terrestrial	R03145	1.0219214826138034	-0.9911733850789121	62
Terrestrial	R03165	3.0193972409123155	-2.912057193684202	391
Terrestrial	R03182	-0.8465743152812306	0.628654569546002	344
Terrestrial	R03193	-0.16202155059276888	0.15642662803869123	478
Terrestrial	R03210	0.48620517064519336	-0.49428001195456817	276
Terrestrial	R03220	-2.234042983655315	2.134186496345768	214
Terrestrial	R03222	-0.42485073269140616	0.4678154313312178	232
Terrestrial	R03223	-2.2491153168146303	2.281174402606959	396
Terrestrial	R03231	0.8585864144382578	-0.8399330953908344	331
Terrestrial	R03245	0.6464131048169488	-0.6103262880450391	16
Terrestrial	R03254	2.403642547525491	-2.4062501881331273	228
Terrestrial	R03303	0.26668714278033095	-0.24470626995275652	93
Terrestrial	R03307	-0.39690246319233047	0.38852766661634375	125
Terrestrial	R03313	0.9313868186563387	-0.9632444360782713	423
Terrestrial	R03348	2.92103656015214	-2.780645665531874	463
Terrestrial	R03370	-0.09267841913260626	0.07170760709108132	39
Terrestrial	R03390	1.3309030257187604	-1.3447860878591482	13
Terrestrial	R03457	-0.30292104111241924	0.3122751208628317	446
Terrestrial	R03458	2.0272819345072937	-1.9396558387534388	461
Terrestrial	R03459	2.410115227323143	-2.3841316444762017	423
Terrestrial	R03460	2.5609666584125503	-2.5232455819186685	421
Terrestrial	R03464	-0.012235147540374238	0.05393878328523254	15
Terrestrial	R03470	0.04282487083926007	-0.05878923260029888	160
Terrestrial	R03471	1.832892001936043	-1.7918265711752337	398
Terrestrial	R03503	-4.588566855907907	4.377660750703797	470
Terrestrial	R03509	1.69140368735173	-1.6429071549888157	390
Terrestrial	R03531	-0.8872088876066366	0.8937826604646654	352
Terrestrial	R03532	-0.14074557363157505	0.2805618398555429	450
Terrestrial	R03595	-0.36859663252291364	0.3378432694635649	207
Terrestrial	R03656	2.2446921881169852	-2.1828378531675416	479
Terrestrial	R03657	-0.19996882479454614	0.13066730693576034	476
Terrestrial	R03665	4.357077330823683	-4.266541259277366	476
Terrestrial	R03876	-1.0431766068410047	0.9733565613822528	33
Terrestrial	R03877	2.3386513308735126	-2.4192067367207044	16
Terrestrial	R03947	-0.6059764666554676	0.45525945425035447	149
Terrestrial	R03948	0.43068255786270143	-0.43894988742179036	242
Terrestrial	R04035	-1.5922107634589004	1.5191349726184413	445
Terrestrial	R04037	-1.7150211583983852	1.6205957176833603	469
Terrestrial	R04053	-0.1324951867355006	0.1310942736095202	39
Terrestrial	R04109	0.22841652275856336	-0.19465360244080318	427
Terrestrial	R04143	0.8573522056153303	-0.8962963422793495	51
Terrestrial	R04144	-0.24244319874514966	0.24184343571363137	479
Terrestrial	R04148	5.82627098058832	-5.723239778679662	328
Terrestrial	R04150	0.4186071710388141	-0.41007905056625826	157
Terrestrial	R04152	3.53367447293481	-3.4840554689371253	66
Terrestrial	R04208	0.31448539147899746	-0.3120446144278775	434
Terrestrial	R04209	1.2834096194206437	-1.232229613094657	474
Terrestrial	R04365	-0.15933524678655317	0.16074862895781053	311
Terrestrial	R04374	0.8825337677305332	-0.8641044430891524	29
Terrestrial	R04383	0.48124544087887444	-0.5139463055031591	114
Terrestrial	R04405	-0.9076104825338516	0.8074526485541421	289
Terrestrial	R04420	1.0180357686680621	-1.021262464413356	220
Terrestrial	R04424	1.0265035116825827	-1.028584004129008	93
Terrestrial	R04425	0.7348192610986652	-0.7249188344447269	66
Terrestrial	R04436	-0.8786012623315362	0.8688024160539134	235
Terrestrial	R04448	-0.12457371485087966	0.14075576117255625	106
Terrestrial	R04449	0.11972517438322328	-0.12682677778766405	14
Terrestrial	R04463	1.698753792959483	-1.458310430489127	463
Terrestrial	R04475	0.8031556744028773	-0.7801673399567701	87
Terrestrial	R04527	-1.1350424053466552	1.1261135759497765	52
Terrestrial	R04591	-1.5875678805914328	1.4587630658914639	474
Terrestrial	R04606	0.5769761236420257	-0.6379582332931321	222
Terrestrial	R04734	0.6939528915619498	-0.6315051304942652	311
Terrestrial	R05049	-0.8942875583250831	0.8862469491862573	69
Terrestrial	R05137	-0.11573105436396905	0.14360472209593983	28
Terrestrial	R05176	0.6939377795990489	-0.684070714887137	104
Terrestrial	R05218	2.076421106095901	-2.128388958804279	433
Terrestrial	R05222	-1.2075962604874804	1.2142211663756965	35
Terrestrial	R05227	-3.549827496335972	3.473568292739177	238
Terrestrial	R05332	0.6361781489589114	-0.6075276710243451	410
Terrestrial	R05606	-2.208956112100092	2.1599641024453233	172
Terrestrial	R05608	0.038832900719535685	-0.13519845245162132	76
Terrestrial	R05627	1.4185119199024434	-1.479458826703576	449
Terrestrial	R05633	2.1423553445730024	-2.1758986777086893	386
Terrestrial	R05634	1.7678348994294721	-1.740562566646295	456
Terrestrial	R05636	7.124323468769179	-7.027832926887943	465
Terrestrial	R05637	0.8687627729911336	-0.8375130826184919	437
Terrestrial	R05651	-1.1383719728969919	1.1452852477645044	26
Terrestrial	R05688	1.5085389532771925	-1.5136832745446878	447
Terrestrial	R05706	1.1548413832031086	-1.049817635871755	407
Terrestrial	R05763	-0.6559109669063716	0.6426640831905537	155
Terrestrial	R05789	0.47729179703916125	-0.4653421294474953	52
Terrestrial	R05838	1.623295601514394	-1.6014756437267827	223
Terrestrial	R05850	-0.4261066075972756	0.30539992860031273	68
Terrestrial	R05884	3.9586257286408197	-3.9005682841569143	423
Terrestrial	R06513	2.757048432389397	-2.6662577800648877	425
Terrestrial	R06514	-0.5436519202711707	0.4554244906730082	324
Terrestrial	R06530	-0.918015417655092	0.8649062023373263	312
Terrestrial	R06601	-1.0275214579242236	0.9260801872948621	262
Terrestrial	R06613	1.3299146721695312	-1.3440878140274615	203
Terrestrial	R06836	1.2710219479457452	-1.3144974722752185	77
Terrestrial	R06859	1.4805344817768706	-1.4944782826029597	96
Terrestrial	R06978	-0.015104523990832215	0.02657947862892465	131
Terrestrial	R06979	0.1764099826577311	-0.16471102836539792	10
Terrestrial	R06982	0.3138215268092189	-0.30553714180837216	21
Terrestrial	R06983	-0.4831453120776803	0.4284478628171061	158
Terrestrial	R07140	-0.4831453120776803	0.4284478628171061	158
Terrestrial	R07164	0.5270064537437176	-0.49989246676566096	30
Terrestrial	R07165	0.5270064537437176	-0.49989246676566096	30
Terrestrial	R07168	-0.15791638141531583	0.200631756188634	384
Terrestrial	R07234	-1.18121709416306	0.988759829239618	101
Terrestrial	R07281	-1.7606351304996022	1.7091200804295907	445
Terrestrial	R07290	-1.703822585581785	1.7034283513902309	67
Terrestrial	R07324	1.5542695923870524	-1.5267417854245326	175
Terrestrial	R07359	-0.4374406114118762	0.38119861504359065	372
Terrestrial	R07605	0.39038176491079607	-0.40610538002170804	230
Terrestrial	R07606	-3.483662994401432	3.459858469622438	462
Terrestrial	R07607	-3.7200898032641256	3.7505630432205987	444
Terrestrial	R08057	-4.752121203124547	4.687076908849181	312
Terrestrial	R08165	-0.9226782121309287	0.9090039533661247	154
Terrestrial	R08689	8.38714471717791	-8.260718059602938	452
Terrestrial	R08991	-2.0067782361341377	1.9564820274699013	268
Terrestrial	R09541	2.452702367804102	-2.455808697957179	158
Terrestrial	R09651	0.5864080806086388	-0.5787058226342372	143
Terrestrial	R09662	-2.4547893878625144	2.448069176579217	46
Terrestrial	R09819	-1.4738719829353435	1.4250818069869813	45
Terrestrial	R09838	0.7349040030973317	-0.6988584489139196	229
Terrestrial	R10523	-0.8786012623315362	0.8688024160539134	235
Terrestrial	R10524	-0.8786012623315362	0.8688024160539134	235
Terrestrial	R12777	-0.5904498548713052	0.5781358421469567	85
Mammals: Human	R00004	1.8600665227147057	-1.7516600183254232	226
Mammals: Human	R00005	0.03146178679785415	-0.08419863493925528	43
Mammals: Human	R00036	-2.4317177958154583	2.3393820615115812	286
Mammals: Human	R00053	1.6004429881717013	-1.5658932204820217	28
Mammals: Human	R00084	-8.603213807554813	8.445672146028022	289
Mammals: Human	R00090	0.9268968887919316	-0.8356810886962954	88
Mammals: Human	R00104	0.8281793558302397	-0.9609338673994314	278
Mammals: Human	R00114	-1.3673095645141469	1.229763785775699	60
Mammals: Human	R00130	-0.8702188980510707	0.888582718688097	402
Mammals: Human	R00138	0.9989386558316438	-0.9420371263129195	10
Mammals: Human	R00178	0.07518005391014808	-0.13139770884637514	81
Mammals: Human	R00199	-1.6765766287785664	1.495699611813725	127
Mammals: Human	R00207	1.648359396649729	-1.6674443568014865	26
Mammals: Human	R00214	0.9994798275039307	-0.9360909881424441	202
Mammals: Human	R00216	0.7689108045002233	-0.8279269963467304	57
Mammals: Human	R00217	2.4135028726812973	-2.413398668974394	67
Mammals: Human	R00227	4.784081829674298	-4.564782556402106	65
Mammals: Human	R00239	-0.03840630872868406	-0.16756253631696494	326
Mammals: Human	R00251	-0.012477828140824756	-0.014570965255762089	148
Mammals: Human	R00253	-2.312452983438267	2.3708386054248196	383
Mammals: Human	R00260	0.3669594251819645	-0.33968650521689714	389
Mammals: Human	R00262	0.5765852161220869	-0.39329341575454513	28
Mammals: Human	R00286	-2.6052926026299636	2.5924183928402473	27
Mammals: Human	R00289	-1.4091140643019022	1.342946276964152	278
Mammals: Human	R00310	0.3972209743836349	-0.6175932505315272	293
Mammals: Human	R00341	3.009580825886509	-2.9657680076377786	189
Mammals: Human	R00344	2.2755146942480757	-2.1918439568161	127
Mammals: Human	R00345	-1.232291550830189	1.1999922014046454	208
Mammals: Human	R00351	2.068743493451918	-2.1080532067670092	14
Mammals: Human	R00362	-0.2799329285775001	0.27629760605364667	76
Mammals: Human	R00371	-0.5263779324194682	0.5139427884406448	140
Mammals: Human	R00401	3.3319039181951737	-3.1634100882764438	393
Mammals: Human	R00411	0.966165215857281	-0.93780985795898	58
Mammals: Human	R00412	-2.05620031374307	1.755374078709602	157
Mammals: Human	R00416	0.0608085571760534	-0.07783215497838585	323
Mammals: Human	R00424	-2.4329790775957156	2.225228735731506	336
Mammals: Human	R00425	-1.1038232310980747	1.0369746172000094	281
Mammals: Human	R00451	1.0291260408380414	-0.8930024407695409	351
Mammals: Human	R00472	-1.8635137069840877	1.7591062511651967	152
Mammals: Human	R00479	0.3565247598699826	-0.38656281957689426	148
Mammals: Human	R00480	3.248147227488361	-3.182259942451108	387
Mammals: Human	R00494	-0.14308379542939062	0.08114566997880597	112
Mammals: Human	R00502	0.4222652020132365	-0.4339203963608707	61
Mammals: Human	R00519	4.413037704670469	-4.274885344821394	153
Mammals: Human	R00525	-1.2826310748729473	1.208477897058513	37
Mammals: Human	R00527	0.2103851671391212	-0.1728706131462722	87
Mammals: Human	R00582	0.7831342991318613	-0.6817431219544593	246
Mammals: Human	R00586	-4.967191648045097	4.813999580656878	333
Mammals: Human	R00601	3.6189904266132675	-3.423987003185866	143
Mammals: Human	R00610	-0.14413783171706465	0.07640270879129317	16
Mammals: Human	R00617	-1.9190558134406834	2.0030090289173383	240
Mammals: Human	R00630	-3.147807095761721	3.042336963252224	252
Mammals: Human	R00660	-1.0559845661491571	1.0078317893701205	398
Mammals: Human	R00661	0.13762825763182185	-0.10384678836847161	19
Mammals: Human	R00670	-0.09844087357537934	0.098046411938596	30
Mammals: Human	R00704	2.3929133616883	-2.3636364806568784	116
Mammals: Human	R00728	-0.35358904439559263	0.3706557500835816	16
Mammals: Human	R00747	0.8196650066950211	-0.8505892927052717	57
Mammals: Human	R00750	2.069597333453063	-2.0267357370725883	62
Mammals: Human	R00765	1.8766310279396836	-1.918710737205503	237
Mammals: Human	R00768	-5.702098170978701	5.6731515749172035	382
Mammals: Human	R00774	-1.1696155122312424	1.1683716299240092	31
Mammals: Human	R00787	0.24225123892682074	-0.32005407344333353	129
Mammals: Human	R00789	0.24225123892682074	-0.32005407344333353	129
Mammals: Human	R00830	0.087572536700414	-0.0689444876103018	15
Mammals: Human	R00833	1.93630694149919	-1.6563387983060462	124
Mammals: Human	R00847	-2.859287494901297	2.8125361587369566	331
Mammals: Human	R00856	0.7134839425771731	-0.7272917699762881	37
Mammals: Human	R00885	0.5180941508774198	-0.4214231535637235	16
Mammals: Human	R00888	-2.3746613656108013	2.2166591148374533	111
Mammals: Human	R00892	3.342521970012139	-3.3691779039620324	120
Mammals: Human	R00893	-0.0535405171104534	0.04813740516370486	21
Mammals: Human	R00894	1.7170540502637555	-1.463715566233533	245
Mammals: Human	R00944	-3.3322979213034385	3.118569988402138	166
Mammals: Human	R00946	-0.7297386060335884	0.8268371178308186	203
Mammals: Human	R00948	-0.5272574503021413	0.6247080530199928	266
Mammals: Human	R00955	0.42005116091794176	-0.5052682309296234	126
Mammals: Human	R00965	-1.9875864678352722	1.9909650870242785	393
Mammals: Human	R00966	0.4327913825024081	-0.34795872745251494	380
Mammals: Human	R01011	0.2577903902052383	-0.17035595012891713	160
Mammals: Human	R01012	1.905429730778833	-1.8568620691638373	118
Mammals: Human	R01015	0.47651044137321585	-0.5180952285821128	389
Mammals: Human	R01016	0.1809110867409013	-0.06772769775674886	140
Mammals: Human	R01034	0.8934811307882267	-0.8158750870860346	100
Mammals: Human	R01049	-3.661510110670448	3.5627571897312174	339
Mammals: Human	R01056	1.497683475151989	-1.4553736784387499	293
Mammals: Human	R01064	1.2352196403493179	-1.1808026314068987	35
Mammals: Human	R01066	1.322047030857535	-1.1653998207919132	310
Mammals: Human	R01069	-0.7782675075715846	0.7707453166390641	72
Mammals: Human	R01072	0.9931789967762438	-0.8543320446730619	374
Mammals: Human	R01073	-4.037507161774942	3.8191232032505558	305
Mammals: Human	R01078	-0.25161707093958496	0.28197609861641154	273
Mammals: Human	R01082	-2.61392533239334	2.5268781603888724	285
Mammals: Human	R01083	0.935707472403254	-0.9272194231056038	398
Mammals: Human	R01092	0.8343128494254296	-0.8804608867732854	233
Mammals: Human	R01123	-1.539009786013936	1.5075090096485337	215
Mammals: Human	R01135	0.5046350645008801	-0.4056225668969164	398
Mammals: Human	R01150	-0.036834157993174715	0.12663080502757532	370
Mammals: Human	R01152	0.31078381993486015	-0.2734661006851045	24
Mammals: Human	R01157	2.0552575320599593	-2.0947094243850075	114
Mammals: Human	R01174	0.3339686863693831	-0.31111917537728895	10
Mammals: Human	R01183	-1.0776437949805509	1.0587304342435881	48
Mammals: Human	R01201	-7.264681614791959	7.018151288881016	66
Mammals: Human	R01213	2.126979940386995	-2.0922338524777992	317
Mammals: Human	R01220	-9.029321545175568	8.654167486051955	320
Mammals: Human	R01224	-2.8970229655877318	2.73801898400105	235
Mammals: Human	R01291	-0.526356392358809	0.5184134794573203	113
Mammals: Human	R01302	0.3683260352237076	-0.37738965909651256	84
Mammals: Human	R01334	-0.4244226372814764	0.3681503232389983	72
Mammals: Human	R01357	1.4802388399293638	-1.471992491264671	55
Mammals: Human	R01364	0.48285649772670763	-0.4769043211895454	34
Mammals: Human	R01384	-0.9281020143239944	0.9859885477989292	38
Mammals: Human	R01397	-0.5274912341602671	0.487747817627896	385
Mammals: Human	R01450	0.5716966708000406	-0.5942103783068893	42
Mammals: Human	R01465	-0.709898964060898	0.6892413765340877	86
Mammals: Human	R01512	-0.5878369419436931	0.5751665828021705	206
Mammals: Human	R01514	-0.6570647249441304	0.6509625605479447	239
Mammals: Human	R01516	5.201774362001429	-4.916990032158537	291
Mammals: Human	R01529	0.652643817273706	-0.5528859369730735	403
Mammals: Human	R01639	-0.2896217467162543	0.4331382719777567	165
Mammals: Human	R01688	-0.16979090488005247	0.13103262988341893	47
Mammals: Human	R01714	-3.691166713677433	3.517329505511913	378
Mammals: Human	R01715	4.370623261176613	-4.046603693688731	83
Mammals: Human	R01716	-3.3277607170905608	3.3766034033853134	102
Mammals: Human	R01717	2.056265156765293	-1.8944864671529067	168
Mammals: Human	R01724	-1.2191128554200028	1.0621289857488636	365
Mammals: Human	R01737	-2.241586758022231	2.060869778132341	138
Mammals: Human	R01761	-1.6803479292944603	1.6389710559615251	81
Mammals: Human	R01771	-0.5918077434741076	0.573366030705211	309
Mammals: Human	R01797	-0.13594223767722827	0.14934159881033343	11
Mammals: Human	R01801	0.11812964645061426	-0.3144281019583003	359
Mammals: Human	R01826	-3.1551158742876724	2.9766266681454674	242
Mammals: Human	R01856	0.007224356273682849	-0.06984929241507554	234
Mammals: Human	R01868	-3.6525739367136842	3.777387969046728	378
Mammals: Human	R01908	0.9398673804784545	-0.8965139808586122	31
Mammals: Human	R01931	2.094317802816142	-1.8512227660531737	70
Mammals: Human	R01978	0.025359050687172546	-0.004107590464669936	76
Mammals: Human	R01993	-4.657183951811831	4.651844057944656	241
Mammals: Human	R02003	-3.2710645302029286	3.327944950681624	37
Mammals: Human	R02016	-0.11354775670670038	0.023986027701854064	376
Mammals: Human	R02021	1.872427535787381	-1.7885280570788868	186
Mammals: Human	R02035	-0.22448700610147565	0.17202984379199754	219
Mammals: Human	R02036	0.9912925751954563	-0.9598354540515149	89
Mammals: Human	R02055	2.795486562525881	-2.6828296819477986	210
Mammals: Human	R02060	1.546033374240817	-1.6611412389856612	399
Mammals: Human	R02061	0.8604783811321493	-0.8401224807903803	57
Mammals: Human	R02082	1.5460870454323303	-1.4724496849431452	83
Mammals: Human	R02100	-1.7398854556221732	1.7787757324056097	282
Mammals: Human	R02101	-0.13105305732691183	0.017919857719870338	314
Mammals: Human	R02133	0.0817072051642237	-0.14158410986203598	81
Mammals: Human	R02164	-0.484946912265207	0.42157922877183185	130
Mammals: Human	R02272	-1.6510666232399733	1.5754555318297632	271
Mammals: Human	R02282	-1.5260491910808598	1.5164373865815357	213
Mammals: Human	R02285	0.4927097374208414	-0.6637715742501309	113
Mammals: Human	R02288	-1.0614167015502638	1.0856647374907047	171
Mammals: Human	R02291	-5.359576768085788	5.24935371833011	390
Mammals: Human	R02292	-3.0687133047168618	3.043027961615984	375
Mammals: Human	R02293	3.5249712025179054	-3.460593454362517	33
Mammals: Human	R02301	-1.574665365337434	1.3230621921804813	363
Mammals: Human	R02302	-0.8021854812164902	0.8170420328757092	38
Mammals: Human	R02324	-2.335994298969983	2.3993720371633973	58
Mammals: Human	R02328	-1.454021388697085	1.4511091771821523	314
Mammals: Human	R02343	1.9516461181679654	-1.9569293195747164	60
Mammals: Human	R02412	0.019949636637800944	0.009606409386583291	232
Mammals: Human	R02413	-0.16839043292246364	0.255418168812104	277
Mammals: Human	R02422	0.5465062879450189	-0.471211268465552	38
Mammals: Human	R02437	-1.336290437245275	1.2759315232250503	82
Mammals: Human	R02472	-2.5502407625263817	2.404105048745998	112
Mammals: Human	R02530	0.8425542467419975	-0.8829344839022608	49
Mammals: Human	R02539	-2.2358519659197795	2.186269938704623	85
Mammals: Human	R02715	0.483553556094078	-0.5084418604941295	52
Mammals: Human	R02722	2.645345714676069	-2.7862719028494274	343
Mammals: Human	R02728	0.34661706655076097	-0.3223925791880495	58
Mammals: Human	R02735	0.07896935248547522	0.015131163788910723	314
Mammals: Human	R02777	0.6198260407115046	-0.5414421009118946	222
Mammals: Human	R02782	-0.1502071506296392	0.18875831907729265	62
Mammals: Human	R02783	0.2103401504243291	-0.26260404996639874	403
Mammals: Human	R02788	0.576994881838731	-0.573675747192934	21
Mammals: Human	R02807	1.135483114728327	-1.089617031337753	44
Mammals: Human	R02813	-2.663705220549019	2.5386325060267425	82
Mammals: Human	R02864	1.8765037608718833	-1.735707694735004	66
Mammals: Human	R02914	-0.311771146991746	0.3720936627295894	172
Mammals: Human	R02918	0.886472519346192	-0.8807344828712227	406
Mammals: Human	R03013	-1.499719543919304	1.5133012077273476	246
Mammals: Human	R03033	0.769508475176595	-0.7968514294507839	36
Mammals: Human	R03035	-1.457350271655346	1.441519210382292	405
Mammals: Human	R03083	-2.8421104324499025	2.783086304716873	369
Mammals: Human	R03084	-2.980146769005646	2.9207507995462545	368
Mammals: Human	R03165	0.3056330761827768	-0.3046182769853075	245
Mammals: Human	R03182	2.3837488759086587	-2.1380718314976375	234
Mammals: Human	R03193	-1.1504171243764034	0.9305997181409628	399
Mammals: Human	R03210	-1.833695475949774	1.8019798441541848	153
Mammals: Human	R03220	1.8134559149557892	-1.9408919042635273	132
Mammals: Human	R03222	-1.3182570730815901	1.2260598371433353	116
Mammals: Human	R03223	0.890344568140679	-1.0106056224305138	282
Mammals: Human	R03231	-1.3831613023313305	1.334196449835942	230
Mammals: Human	R03240	0.08306898143900897	-0.07953498803344809	22
Mammals: Human	R03254	-0.2759816096527701	0.2992620731924953	175
Mammals: Human	R03303	-0.8651829065573641	0.8092334243881657	49
Mammals: Human	R03307	-1.9703944863563787	1.971797658351175	32
Mammals: Human	R03313	-3.0059119594462724	2.7836833727582615	324
Mammals: Human	R03348	0.9658661145010465	-0.883931720170603	310
Mammals: Human	R03370	-0.06317124496766215	0.04264805113306412	48
Mammals: Human	R03458	-2.964566776307838	2.959930470050508	327
Mammals: Human	R03459	-2.810426353130867	2.7392417314486255	313
Mammals: Human	R03460	-9.673773477777683	9.318987660310759	348
Mammals: Human	R03470	-0.2664475396166891	0.27112979483542254	39
Mammals: Human	R03471	-0.4556236421271109	0.3920954747915604	318
Mammals: Human	R03503	2.197029406821183	-2.220347782455136	317
Mammals: Human	R03509	-2.8309453512250666	2.929001745348717	241
Mammals: Human	R03532	1.3376347629096748	-1.389183374669575	286
Mammals: Human	R03648	1.22350226095918	-1.2475126954780595	229
Mammals: Human	R03656	-0.3998401969481264	0.42816965162804466	399
Mammals: Human	R03657	-1.376129603585938	1.3860389375776763	401
Mammals: Human	R03665	-6.058796252729948	5.9797556513437256	404
Mammals: Human	R03876	0.6981277312947337	-0.6886085985767992	12
Mammals: Human	R03947	3.113074328700687	-2.9247864107865804	99
Mammals: Human	R04035	-2.4476767999301936	2.358929188089356	299
Mammals: Human	R04037	-0.09127981885483574	0.011198735614790725	301
Mammals: Human	R04109	-1.9554678790329665	1.7773518711557965	262
Mammals: Human	R04143	0.8688034688329468	-0.8951132303417678	45
Mammals: Human	R04144	0.4542608781954155	-0.5015823876537971	383
Mammals: Human	R04148	-7.084336841894338	6.9112070628758	208
Mammals: Human	R04150	-1.7790246790370496	1.7578868779061954	212
Mammals: Human	R04152	-0.8952052377032068	0.8981028049010911	67
Mammals: Human	R04189	1.0496030486454078	-1.0193161965760178	62
Mammals: Human	R04208	0.9250814291745261	-0.8601021184572741	358
Mammals: Human	R04209	1.6551353356684901	-1.6185290699407195	388
Mammals: Human	R04383	-0.12982080504181606	0.1623152142999861	72
Mammals: Human	R04405	1.493079128014209	-1.3909716994619707	267
Mammals: Human	R04420	-1.4929655645463589	1.4258315012705864	78
Mammals: Human	R04424	0.7544162350517196	-0.7553086876709101	100
Mammals: Human	R04438	-1.0592875404203028	1.05755135188885	84
Mammals: Human	R04448	-1.396884997979369	1.3217212735616533	149
Mammals: Human	R04449	0.18652700732175873	-0.22227346449959087	72
Mammals: Human	R04463	-0.6718316822346617	0.42859936908435736	388
Mammals: Human	R04527	0.4129614773009032	-0.41223205559028625	19
Mammals: Human	R04591	-6.155997580813113	5.972076460143191	381
Mammals: Human	R04594	-3.1770952091737397	3.184705047916434	48
Mammals: Human	R04606	-0.013791530695740144	-0.033458884475318716	173
Mammals: Human	R04734	0.5289293812575171	-0.5453295685081005	75
Mammals: Human	R05049	1.5175967730029962	-1.4987812940960201	65
Mammals: Human	R05218	-0.995363905373183	1.1241849926109608	226
Mammals: Human	R05222	0.5664665147718158	-0.5440155105058815	25
Mammals: Human	R05227	0.04242538167808083	-0.3304729620098059	107
Mammals: Human	R05606	0.8685813316795845	-0.8417058372048687	121
Mammals: Human	R05608	0.8528184395828904	-0.7852004522833076	43
Mammals: Human	R05627	1.6215587707627648	-1.4130639266833678	350
Mammals: Human	R05633	0.06073403962204935	-0.06001183144893721	273
Mammals: Human	R05636	-4.536896729542639	4.563706766008975	332
Mammals: Human	R05688	-0.9831783994687329	0.9652693743137921	308
Mammals: Human	R05706	-3.336332603718635	3.3202487026051015	226
Mammals: Human	R05838	1.0518480344320638	-1.054859886449914	132
Mammals: Human	R05850	3.0288451417098465	-2.9249032133243493	94
Mammals: Human	R05884	-2.480100278362247	2.4496267244017913	313
Mammals: Human	R06513	-2.8541760894874693	2.830108287507739	341
Mammals: Human	R06514	-1.0376796638188293	1.0005505846030474	201
Mammals: Human	R06530	-1.3008189173934392	1.2326275931484683	170
Mammals: Human	R06601	1.0950947966636044	-0.9868209143541262	72
Mammals: Human	R06613	-2.6194381475053445	2.6823874395170746	115
Mammals: Human	R06836	-0.37077845365373885	0.37402993701107945	43
Mammals: Human	R06983	0.4120865519763015	-0.43088030788288484	92
Mammals: Human	R07140	0.4120865519763015	-0.43088030788288484	92
Mammals: Human	R07168	-2.8970229655877318	2.73801898400105	235
Mammals: Human	R07226	-2.0467314448509293	1.9700068108542865	13
Mammals: Human	R07234	4.414801871886426	-4.079202666458455	107
Mammals: Human	R07281	3.6603131474095902	-3.4951460192953347	287
Mammals: Human	R07290	1.4029787931547886	-1.3881779010064224	16
Mammals: Human	R07324	-4.044174117349005	3.8783363591812354	78
Mammals: Human	R07359	-0.9643301765255389	0.9711393109085308	243
Mammals: Human	R07605	0.3424604147186581	-0.33746462904746005	179
Mammals: Human	R07606	-2.02512875933678	1.7681842294311498	272
Mammals: Human	R07607	-0.7284570495802063	0.5958045877870514	308
Mammals: Human	R08057	2.369219689520141	-2.5465443624937185	119
Mammals: Human	R08165	0.3791856127958802	-0.32981992065933363	209
Mammals: Human	R08689	-8.309480968184166	8.183336551951719	299
Mammals: Human	R08856	-0.9761498662917579	0.9368804396833311	53
Mammals: Human	R08991	0.9164126771499226	-1.0448191447742021	89
Mammals: Human	R09541	-1.4278969730235873	1.3558904614093383	30
Mammals: Human	R09662	0.8678955169265503	-0.9170837565084581	56
Mammals: Human	R09819	3.5653743639778854	-3.5368232941897273	46
Mammals: Human	R12777	-0.01021538695824083	0.019914853595910914	52
Plants	R00004	1.1854011857498825	-1.233762627860955	235
Plants	R00005	0.7363934487969479	-0.6730773943810751	127
Plants	R00013	0.4513124057728179	-0.42702353342667887	88
Plants	R00036	0.10018125716205963	-0.011922490422958591	273
Plants	R00084	2.5374865871085435	-2.6171040739609484	272
Plants	R00104	1.601124126909533	-1.7236488985801506	245
Plants	R00125	-1.3638474772948566	1.3695478779936887	115
Plants	R00138	2.157433464837211	-2.1396433780217268	36
Plants	R00178	0.6154890169405433	-0.6419077622551101	85
Plants	R00199	1.8139021620008144	-1.8319792683047627	132
Plants	R00206	1.9028576819566252	-1.9025869720396125	97
Plants	R00214	3.2407970572507723	-3.2700618495448843	189
Plants	R00216	0.21571634079741836	-0.19790505789213697	20
Plants	R00217	-3.355414278945418	3.3242445348552887	53
Plants	R00227	-0.8924678718093271	0.8784134060168153	23
Plants	R00239	1.4817095664700832	-1.5213182146241389	262
Plants	R00251	1.5152938495353028	-1.409324648647835	198
Plants	R00253	2.492692572040229	-2.3472594075315687	276
Plants	R00260	-0.5547161183221139	0.5594778737335446	249
Plants	R00271	0.2297232474390231	-0.24667997889249385	30
Plants	R00289	1.3422587606913217	-1.3501178456566554	230
Plants	R00310	-0.340086439495567	0.281708731059665	272
Plants	R00318	-1.2297237287717822	1.1865633905274537	19
Plants	R00341	-1.5181373526409514	1.5083837963926807	126
Plants	R00344	-1.0786159332201484	1.0585113967348518	83
Plants	R00345	1.646415720161674	-1.7154155562583748	208
Plants	R00351	-0.5709140194536837	0.5927916566125837	33
Plants	R00362	0.2641474684998349	-0.1905267701060131	31
Plants	R00371	0.22869501621582478	-0.215480989971694	137
Plants	R00401	-0.9680931120949505	1.0290111430516662	275
Plants	R00409	1.9175164158099218	-1.9140379564067305	104
Plants	R00412	3.849631648581984	-3.7278450825423914	224
Plants	R00424	1.3375953937839056	-1.3090248497467023	267
Plants	R00425	2.2297124347071686	-2.212956005752954	200
Plants	R00451	-1.6464351487830615	1.609993257857023	258
Plants	R00472	-0.6641644937966407	0.6249961968243541	214
Plants	R00479	-0.6479077001867041	0.5926848502006606	190
Plants	R00480	-2.141386636836079	2.0867315801737596	271
Plants	R00494	2.568792521381543	-2.4666546825335907	238
Plants	R00497	1.6806000680716375	-1.7143147222161785	195
Plants	R00519	-0.7112922418031703	0.7153982925510459	169
Plants	R00524	1.9628079284044961	-1.9537158642296215	54
Plants	R00525	0.019913760041992117	-0.02694036652252292	152
Plants	R00527	0.2515955650100458	-0.2486066107689835	184
Plants	R00566	0.30659471023537826	-0.3260995796962794	98
Plants	R00582	-1.385987269036392	1.3181557778353021	220
Plants	R00586	0.8396326324979364	-0.7173464004835193	240
Plants	R00601	-0.7935546863472529	0.7259040211218384	146
Plants	R00610	1.936997325267971	-1.9307206296812611	119
Plants	R00617	1.3978200135880765	-1.393636459633453	218
Plants	R00630	2.254717585465624	-2.194733539192586	223
Plants	R00660	1.6803189756515593	-1.7506679139512031	275
Plants	R00704	-1.1303582527207197	1.1744971761339196	127
Plants	R00747	0.3307504635399946	-0.3255818622971874	57
Plants	R00750	-0.9574693192286208	0.9312129438227683	40
Plants	R00765	-0.7739989796828901	0.7486416093630184	95
Plants	R00768	4.7360558789710785	-4.7868363374308815	277
Plants	R00774	-0.7817286753567317	0.8319571088708272	91
Plants	R00787	1.7575512175710017	-1.775759441583516	201
Plants	R00789	1.7575512175710017	-1.775759441583516	201
Plants	R00830	0.914989862989431	-0.8915299146580254	78
Plants	R00833	-0.0438476931414053	-0.15915913495692008	123
Plants	R00847	0.651100232533452	-0.7362745498182831	258
Plants	R00885	0.0855207734291246	-0.10547645453115698	18
Plants	R00888	3.358744471879329	-3.3312079740909244	152
Plants	R00892	-1.8500703550932929	1.8854946157128363	96
Plants	R00893	0.05747672459639453	-0.07367138078848423	15
Plants	R00894	-0.659553301194264	0.47647190764527175	255
Plants	R00931	2.2660053469976065	-2.276471091626524	99
Plants	R00944	2.321146628503734	-2.121328329255246	237
Plants	R00946	-1.9237638403798234	1.7873362839590725	245
Plants	R00948	1.3488456059900387	-1.4655281569975311	158
Plants	R00955	0.11248019922105207	-0.20093625378247307	87
Plants	R00956	-0.9811849596366922	0.9815445429932572	93
Plants	R00965	2.3554191492967096	-2.3585336717262098	275
Plants	R00966	2.1305168542203146	-2.1955853379797667	267
Plants	R00997	0.47084829738446327	-0.4359345193401236	86
Plants	R01011	1.0088932019055477	-1.0223990710574011	133
Plants	R01012	1.2208947679558442	-1.1649831038878422	108
Plants	R01015	1.7662445210289561	-1.6553760315520212	280
Plants	R01016	-0.15508016997402835	0.11643502734240145	119
Plants	R01025	-0.826077013578863	0.8145579948663806	140
Plants	R01034	-0.9619937279618267	0.9715657578111934	35
Plants	R01049	0.3481316515257434	-0.3394285256105852	242
Plants	R01056	-0.04207611870724289	0.01176312340902207	243
Plants	R01064	-1.3461294623782514	1.3058948155131163	131
Plants	R01066	0.48213099994623076	-0.4916737733110246	189
Plants	R01073	3.7885878313203554	-3.7833279543972496	269
Plants	R01078	2.0108353261170597	-2.011074496376512	218
Plants	R01082	1.5959795654193127	-1.5632303767790114	242
Plants	R01083	-0.7395193169929976	0.8405565043200887	281
Plants	R01092	-2.401074234900751	2.3756511380960106	107
Plants	R01123	-0.276760682645367	0.24639704201308665	125
Plants	R01135	-1.5650728742146967	1.3954172665149014	281
Plants	R01150	0.7097097912677558	-0.5632434598086644	273
Plants	R01152	0.4881889231543664	-0.5121880440933253	59
Plants	R01157	0.2979893663492639	-0.23565119114104516	148
Plants	R01169	1.358808759562872	-1.326451107945678	81
Plants	R01183	1.4243356242459244	-1.4046118857088457	86
Plants	R01201	2.5615284917648795	-2.5741733487188085	54
Plants	R01213	-1.7904849465203314	1.7332368243878304	266
Plants	R01220	3.514742151243107	-3.4616945933777137	246
Plants	R01224	0.9851440667944882	-0.9881961629448703	241
Plants	R01334	3.3267486714180126	-3.3908975226024065	107
Plants	R01357	1.9487102511012737	-1.9633510274742412	114
Plants	R01361	3.136135918693341	-3.0297640443496845	96
Plants	R01364	0.8693190032437624	-0.9137903142929878	114
Plants	R01384	1.6855827916195167	-1.5910544113367078	86
Plants	R01397	0.30624139693197183	-0.3051483141169106	271
Plants	R01450	0.2172025783772946	-0.2203383917609542	10
Plants	R01465	0.7651031714875943	-0.7475091664861098	107
Plants	R01505	2.0216376941199807	-1.9820060225785867	39
Plants	R01512	0.5127071116960359	-0.544788600732458	194
Plants	R01514	0.6081139561407846	-0.49284927276617435	187
Plants	R01516	-1.7315408671298693	1.7960519279541278	244
Plants	R01523	0.5871741093582897	-0.6085071022445336	65
Plants	R01529	3.3535518262175863	-3.271921629957608	281
Plants	R01639	1.6136897607754705	-1.638227520624506	219
Plants	R01714	2.352552544319297	-2.3197807086233873	271
Plants	R01715	-4.537134531709189	4.667512211487701	66
Plants	R01716	0.5263550582314024	-0.5514755356750637	118
Plants	R01717	-0.27606544945424366	0.3316923030868486	66
Plants	R01724	-0.2023227266841187	0.2955158720385157	249
Plants	R01728	-1.9956467601029062	2.0169338453283725	128
Plants	R01730	-2.7243911826360048	2.7514574435437744	75
Plants	R01737	-0.8076406777183488	0.8311834609953196	225
Plants	R01761	0.3314204458978774	-0.296740369137583	78
Plants	R01771	0.8613710699056056	-0.8412050752526854	266
Plants	R01777	-0.22665796126831483	0.22790329761753633	115
Plants	R01801	0.633464303782685	-0.5302331672121227	254
Plants	R01826	0.9161358613942922	-1.0929006448994762	219
Plants	R01856	-1.9578783673629054	1.9809337723625204	139
Plants	R01868	0.8643761338685076	-0.9592320873499086	273
Plants	R01889	0.7148295589575608	-0.7183101094915867	23
Plants	R01931	-5.790645697190962	5.816677788699239	147
Plants	R01993	2.1344525912246404	-1.9991862711992863	208
Plants	R02016	-0.07533053299333863	0.07196561694339453	280
Plants	R02021	0.022483082912840433	-0.08339842464228865	241
Plants	R02035	1.9311684048163096	-1.9596022285548191	233
Plants	R02036	-0.20427784649200173	0.10811664634272918	157
Plants	R02055	-3.2356530624400848	3.3349788070536506	176
Plants	R02060	-0.17537272262384068	0.08897970384770414	274
Plants	R02082	0.4230969875820208	-0.47617503272109774	26
Plants	R02101	0.6541663021309418	-0.6354869258745998	196
Plants	R02133	0.6158335342391943	-0.6737920216779748	45
Plants	R02164	1.1433526602341617	-1.1721475119410334	221
Plants	R02204	2.073954468889966	-2.0742628855331895	25
Plants	R02272	2.0224337176651996	-2.044212646899053	197
Plants	R02279	0.42328021118569475	-0.40439701691350827	116
Plants	R02282	0.7314757245773843	-0.8021806235712844	203
Plants	R02285	-0.9036354468048733	0.9101976995783999	42
Plants	R02288	0.2928554148780815	-0.3091995534501644	207
Plants	R02291	4.159188406233747	-4.22597525625776	275
Plants	R02292	3.2285618069035236	-3.1688925270378414	276
Plants	R02293	0.43314709460113926	-0.45087282417320773	56
Plants	R02301	1.4574062412301685	-1.3926617437348527	273
Plants	R02328	-0.6753140278574973	0.621060384240636	246
Plants	R02343	0.13149809802631854	-0.13381319156863136	38
Plants	R02412	0.09346729055407985	-0.10110943504387702	115
Plants	R02413	1.8308804846033608	-1.7097660266196717	241
Plants	R02422	-1.236691089785429	1.113222115274145	130
Plants	R02426	-0.7074485345506872	0.7160289191654255	74
Plants	R02437	0.14366542512909436	-0.1638959826450563	102
Plants	R02472	3.1368383368186765	-3.034108520103781	157
Plants	R02519	-0.0529454327405899	0.04874318834016036	140
Plants	R02530	-0.4671401063106753	0.42786111175228764	119
Plants	R02539	2.5058850818315968	-2.5439804301652393	113
Plants	R02574	-1.2302140169631604	1.2409705708379115	43
Plants	R02656	-0.3002964749034679	0.2946424205381196	19
Plants	R02715	-1.805833864798723	1.7477875538480472	75
Plants	R02722	-1.9112478975357592	1.6600891181289492	268
Plants	R02728	1.4061658355483606	-1.3912662763216699	39
Plants	R02734	1.0392574389819536	-1.0370238182282725	228
Plants	R02735	0.05394021963133553	0.001169098633207238	274
Plants	R02777	0.02451363142171859	-0.056718805098237596	194
Plants	R02782	2.055497542109462	-2.0047438203088186	115
Plants	R02783	-1.1935313471399653	1.1875489304049578	275
Plants	R02788	-0.30058718465226936	0.33197131313537764	15
Plants	R02804	0.29075698465091326	-0.2856286310720705	24
Plants	R02807	-0.4871984932098121	0.4952587299543249	10
Plants	R02813	0.5558498178092773	-0.48683416018216424	41
Plants	R02864	-3.0410974376585402	3.033412491606313	147
Plants	R02914	1.3779274286728773	-1.3581522820729772	208
Plants	R02918	0.05649860796677853	-0.09955224239125984	281
Plants	R03013	-0.9893486049928334	1.049351969071808	187
Plants	R03015	0.014397961061066097	-0.04414845007721097	16
Plants	R03033	0.48809358654434754	-0.49925513222850154	118
Plants	R03035	0.15238264771757917	-0.1865065589757334	281
Plants	R03083	1.414794149651642	-1.4372275653095934	267
Plants	R03084	1.9712624545527186	-1.7869589413375313	265
Plants	R03145	-1.5882229864289392	1.60294591304611	92
Plants	R03165	0.8180629252605757	-0.9377324511452211	205
Plants	R03182	-2.236104631026697	2.3192918029074354	210
Plants	R03193	-1.3226811548351665	1.3260877473220376	275
Plants	R03210	1.2583866470696803	-1.2311618131615532	171
Plants	R03220	2.148820527489509	-2.1370529733500656	220
Plants	R03222	-0.1537734826050614	0.11020399517902231	50
Plants	R03223	1.692646662086136	-1.7233545696887127	241
Plants	R03231	0.718172760169235	-0.7110478373664372	208
Plants	R03254	-0.575864250289104	0.5228470830910117	213
Plants	R03303	-0.20472165659619468	0.19973029333340042	69
Plants	R03307	2.752422040036419	-2.7401195151580695	143
Plants	R03313	-0.248823193020498	0.17253548973705637	262
Plants	R03348	-1.4650250412012935	1.284171651923161	262
Plants	R03390	-0.4616002661769719	0.40927404401917045	16
Plants	R03457	0.6124498025228153	-0.5961009240344709	264
Plants	R03458	-1.7046524865407724	1.7388894763514846	274
Plants	R03459	-0.5111892703154551	0.49355852521530236	260
Plants	R03460	2.9302299294954914	-2.879628027504691	234
Plants	R03464	0.3626390936242707	-0.3845673689882786	16
Plants	R03470	1.0075529779028536	-0.9969625512212988	127
Plants	R03471	-1.581207164411406	1.5207985830949764	240
Plants	R03503	-1.7826608695480792	1.8727632813435673	258
Plants	R03509	1.6227267858383532	-1.670083650890619	235
Plants	R03532	-0.4092977910903021	0.45081015333142455	267
Plants	R03595	0.022507024367102724	-0.01766853363296253	106
Plants	R03656	-2.704479892338217	2.5973668132147973	281
Plants	R03657	2.0568927555842738	-1.9731991367039383	278
Plants	R03665	-2.594640990326737	2.435638296573864	281
Plants	R03696	0.7312433182654756	-0.7229579807107424	11
Plants	R03876	-1.9212268397575212	1.9669788346763035	48
Plants	R03947	-3.706899882439549	3.722856122602762	165
Plants	R03948	-0.354030486255245	0.3588420136359632	167
Plants	R04035	3.5655740745317823	-3.4968977649409174	269
Plants	R04037	-0.052830594758490064	0.0741635706739384	269
Plants	R04109	1.0173809888454983	-1.0433385640670816	198
Plants	R04143	0.06264838742664808	-0.1147330115395786	67
Plants	R04144	-0.8986955103519216	0.8684475824957787	275
Plants	R04148	1.5870649226264006	-1.6526715028665988	201
Plants	R04150	1.9239597487889446	-1.9402376151876632	70
Plants	R04152	-0.25349173220391075	0.1829001064612779	65
Plants	R04189	-0.5103066431424388	0.5033058037799553	82
Plants	R04208	-0.3207360672188606	0.293877991795034	248
Plants	R04209	-3.9919533183757774	3.9365220568036294	274
Plants	R04365	2.203598952745145	-2.18744799222358	226
Plants	R04383	0.3982496003902139	-0.3985360743728495	104
Plants	R04405	0.5305046127149515	-0.47002785398677593	194
Plants	R04420	2.611619654422338	-2.629829036715641	147
Plants	R04436	1.358808759562872	-1.326451107945678	81
Plants	R04438	0.7344707247676162	-0.7174957193946226	58
Plants	R04448	-0.9738413736647831	0.9159966909751601	85
Plants	R04449	-1.3353463745113612	1.3550357586276303	29
Plants	R04463	2.057094449904146	-2.1056384178527514	274
Plants	R04496	0.22371468056027277	-0.19122700582765362	24
Plants	R04591	3.637211572895015	-3.4347213449000105	271
Plants	R04594	0.25886655540647485	-0.2511683205569884	66
Plants	R04606	-0.6503926565425944	0.6469355998968219	216
Plants	R04640	1.5934028877710118	-1.5778812451530264	264
Plants	R04734	1.0073913289524228	-1.056104758513193	164
Plants	R05049	-0.7263271670994628	0.7277539721445363	86
Plants	R05137	1.3377753349391364	-1.37553408527863	29
Plants	R05176	1.1240496129226947	-1.116100127614889	88
Plants	R05218	2.377532580617907	-2.3404413157641257	255
Plants	R05227	1.8970430331549744	-1.7785602764264457	165
Plants	R05311	-0.8755178210838488	0.8781906650253251	14
Plants	R05553	-0.4436217160736502	0.4563022779481271	84
Plants	R05606	-1.4972578969885846	1.5631820671314671	139
Plants	R05608	-0.8440771907289323	0.8718274888248245	112
Plants	R05627	0.9731567626365244	-0.9051081723116563	266
Plants	R05636	1.1605920326892398	-1.230865050902323	272
Plants	R05688	0.14101251355929567	-0.2156535532981607	252
Plants	R05706	3.003999509154113	-2.996567447157226	236
Plants	R05790	1.2905792443490585	-1.2823101797240544	20
Plants	R05838	-0.06389965444320686	-0.0017818400416321689	215
Plants	R05850	-1.2492521831316818	1.2915839929958786	61
Plants	R05884	2.381670396459817	-2.4287750001463615	252
Plants	R06513	0.31597462219390254	-0.36162408015963127	257
Plants	R06514	1.7559700325951302	-1.651480292971601	229
Plants	R06530	0.424582634856306	-0.4580633893534592	195
Plants	R06601	-0.6674330157525645	0.7351571764072212	189
Plants	R06613	1.5642017749311092	-1.526409403268242	52
Plants	R06836	0.23828223377806187	-0.25180161493299863	138
Plants	R06978	0.3577574477243529	-0.3406144570995655	28
Plants	R06982	0.28025599593134104	-0.28857952680933113	50
Plants	R06983	0.6745700763295632	-0.6362052242540867	188
Plants	R07140	0.6745700763295632	-0.6362052242540867	188
Plants	R07168	0.9851440667944882	-0.9881961629448703	241
Plants	R07234	-4.606530369481605	4.6219353360479	113
Plants	R07281	0.6306275459046373	-0.6912139167136738	259
Plants	R07290	-0.9955432616571055	1.003968573365703	43
Plants	R07324	1.4347327814120594	-1.398874673199602	34
Plants	R07359	1.5730725679966513	-1.4274698155568142	239
Plants	R07363	-1.426263957696934	1.4688043721941904	56
Plants	R07364	-1.426263957696934	1.4688043721941904	56
Plants	R07605	-1.0853734387097347	1.0716832616388454	207
Plants	R07606	3.1126120932863524	-2.977497288586436	272
Plants	R07607	1.1849316227009912	-1.1477419927834505	266
Plants	R08057	0.12246469422509494	0.03115156645116112	191
Plants	R08689	1.7335603668058597	-1.8514086929077422	264
Plants	R08856	1.101887480887963	-1.070206995920906	29
Plants	R08991	1.232070181880716	-1.0988426725390281	174
Plants	R09541	-0.5641483601350258	0.5624960792317597	91
Plants	R09662	0.16337332449896308	-0.14160614774370014	33
Plants	R09838	-0.5749125744260212	0.5553296787289	94
Plants	R10523	1.358808759562872	-1.326451107945678	81
Plants	R10524	1.358808759562872	-1.326451107945678	81
Plants	R12777	0.763344346697684	-0.7346402089643359	43
Mammals	R00004	-1.0568429416919174	1.0005945631142665	125
Mammals	R00036	0.1581957066242444	-0.14283471619952362	155
Mammals	R00090	0.9593023274307669	-0.9192321014164674	31
Mammals	R00104	-0.31061579948857176	0.34645632603977766	132
Mammals	R00114	-0.5451696247085204	0.49593283597695476	23
Mammals	R00130	-0.23107226459099173	0.23354857564832301	197
Mammals	R00161	0.7601770650350093	-0.719248680442439	192
Mammals	R00199	0.6385672806724643	-0.6531394494343845	40
Mammals	R00214	2.391045676730403	-2.380025274951687	89
Mammals	R00216	2.845003157128649	-2.84502492036667	37
Mammals	R00217	1.3351621988101912	-1.3822779613979725	36
Mammals	R00227	0.9471457208962416	-0.9426175227487159	31
Mammals	R00239	-0.10326597606457856	-0.0723250876338775	158
Mammals	R00251	0.5502970515193307	-0.6837759366752718	70
Mammals	R00253	0.42973934450301177	-0.3852685167315105	186
Mammals	R00260	-1.1937275466947623	1.1825005945756573	183
Mammals	R00289	0.29331581256953754	-0.23516026844327947	143
Mammals	R00310	-0.3691736671902555	0.37554147516799463	154
Mammals	R00344	1.3866006421124508	-1.356753360765995	68
Mammals	R00345	0.9852589966060611	-0.964530785808809	71
Mammals	R00351	-0.7038020557394306	0.7129960162082541	11
Mammals	R00362	0.07510556212751028	-0.051762500722634615	28
Mammals	R00401	1.4850602548933234	-1.4573885945145257	181
Mammals	R00409	-0.3725625026953525	0.40176201193242467	46
Mammals	R00412	-2.045625248983846	1.8696817447141132	59
Mammals	R00416	-1.055797060437526	1.0687393485421535	165
Mammals	R00424	-1.2236554701745597	1.135838997609953	143
Mammals	R00425	-4.6806350293057655	4.696875675583096	131
Mammals	R00451	-2.8216081674733733	2.8710580479177716	181
Mammals	R00472	1.3755256151597721	-1.2650265030298908	55
Mammals	R00480	0.6716103378917252	-0.8303157250759156	191
Mammals	R00494	-0.41917728625892575	0.28267185109497284	47
Mammals	R00519	0.7419982920104454	-0.71968849532338	74
Mammals	R00524	-1.3134273286633822	1.2952241567520935	22
Mammals	R00525	-0.4248080135576535	0.4683692496695423	13
Mammals	R00586	-2.653777684049883	2.614475192321245	170
Mammals	R00601	0.36985216240851015	-0.2604335778460771	56
Mammals	R00630	-0.2231286883558383	0.1870898995056402	108
Mammals	R00660	1.5728359541185366	-1.5004233869902805	184
Mammals	R00704	-0.9106847807546198	0.9258177971813148	29
Mammals	R00750	-0.9183356327574258	0.8678805176456722	14
Mammals	R00765	-0.45094309596335874	0.3208687801711271	94
Mammals	R00768	-4.630664283513362	4.701836820971649	187
Mammals	R00787	0.1342250275802094	-0.15893820790698907	44
Mammals	R00789	0.1342250275802094	-0.15893820790698907	44
Mammals	R00833	-0.7010257524732612	0.8161608113634474	44
Mammals	R00847	-1.75156652819335	1.7657728836001314	138
Mammals	R00856	0.05390468566665216	-0.06994949741947265	39
Mammals	R00885	-0.1726899967487225	0.13102881988482895	27
Mammals	R00888	1.999735486478626	-1.8372497203596427	48
Mammals	R00892	0.8198107621246891	-0.9159711864625862	79
Mammals	R00894	0.995560173490199	-0.8236103673427915	116
Mammals	R00944	-1.8922186191455357	1.8614845125382222	94
Mammals	R00946	0.7010705634619144	-0.67875246048361	75
Mammals	R00948	1.3200070079762503	-1.2856223811686833	117
Mammals	R00955	1.1344576538876436	-1.1571889616481752	50
Mammals	R00965	0.04992007349005839	-0.037591556017377195	194
Mammals	R00966	-4.110576751164978	4.033561159849504	169
Mammals	R01011	1.4976589098082278	-1.4377885216570472	85
Mammals	R01012	-0.19954825466061152	0.2516277566917429	77
Mammals	R01015	0.9397155989327008	-0.8494430593015119	179
Mammals	R01016	1.2294853918908641	-1.215440613597374	52
Mammals	R01034	-1.7933236720901575	1.7241808985165454	23
Mammals	R01049	-0.6723258289126218	0.5773995802804828	189
Mammals	R01056	1.3746069662026625	-1.300555576292076	139
Mammals	R01066	1.3118338507713885	-1.2840668587442936	139
Mammals	R01069	-0.006176876638357575	0.021072794843955286	29
Mammals	R01072	1.3508074762431799	-1.2899712296999442	184
Mammals	R01073	0.5839132364284478	-0.549804494586376	145
Mammals	R01078	-0.88616568334904	0.8980976584574093	101
Mammals	R01082	-1.5013021255443664	1.546464478388516	147
Mammals	R01083	-0.5753869170834836	0.5990471595703295	193
Mammals	R01092	0.2327588673692426	-0.2181079111475651	107
Mammals	R01135	-4.355294424793806	4.361222001305542	194
Mammals	R01150	0.4841804180362265	-0.4044291471722053	183
Mammals	R01157	-2.2431446022795303	2.1713813101612214	49
Mammals	R01183	0.7425020360035798	-0.753806272797674	25
Mammals	R01201	-3.5562940217177768	3.5778329022435704	33
Mammals	R01213	2.4966130076704474	-2.5660812276906175	167
Mammals	R01220	-4.013243910252796	4.007545017798429	156
Mammals	R01224	0.10652136173770138	-0.060921784839592374	119
Mammals	R01334	-1.5205565848145364	1.5103417825403682	38
Mammals	R01397	-0.5544112992300486	0.5390053310744806	178
Mammals	R01450	0.5380885597549883	-0.5401328527205341	24
Mammals	R01514	0.3287317123209694	-0.2581055636417818	118
Mammals	R01516	3.012476511875824	-2.9910713904712574	128
Mammals	R01529	-1.5881881463140781	1.590541498134303	198
Mammals	R01639	-0.5652786900991471	0.6316838794509122	89
Mammals	R01688	1.134311139119895	-1.2323335206954324	30
Mammals	R01714	-0.9505377369613429	0.9759289697338196	190
Mammals	R01715	-0.9138641780031136	0.9535587345864418	48
Mammals	R01716	-0.7256515775244807	0.6356336741599069	67
Mammals	R01717	0.2615370040753638	-0.25488157211888984	80
Mammals	R01724	0.8743245463060414	-0.861431400665895	161
Mammals	R01737	1.749047337684386	-1.7082417260141067	97
Mammals	R01776	1.1014898834275206	-1.096644030628441	59
Mammals	R01777	1.0808817911089517	-1.0519440850409827	40
Mammals	R01801	-0.7833773224681772	0.8112670184204357	182
Mammals	R01811	-0.48069569390330374	0.4952228118677649	30
Mammals	R01826	-0.18909876804574544	0.181255066680523	133
Mammals	R01856	-1.8711820104938808	1.76755352520521	108
Mammals	R01868	-0.5793007670605094	0.562335380106503	185
Mammals	R01931	3.2779330062868106	-3.2606182670678554	29
Mammals	R01993	-0.8583411856090882	0.8537887227029879	121
Mammals	R02016	0.6252083682880059	-0.5846291091545418	184
Mammals	R02021	1.2916205615643894	-1.3025327924575778	79
Mammals	R02055	0.6252651522389765	-0.5704739158513483	75
Mammals	R02100	0.3442573576538828	-0.31220912485313734	133
Mammals	R02101	-0.9047585521740186	0.9265674268170924	128
Mammals	R02133	-0.08815200419509824	0.08282096281566728	48
Mammals	R02164	0.06667628663405803	-0.07175802817797296	56
Mammals	R02272	-0.7514730452207002	0.815983457444953	142
Mammals	R02282	-2.3293264407640035	2.411043233353433	121
Mammals	R02285	-0.6341159263360946	0.4299730000583714	36
Mammals	R02288	0.03800755109428226	-0.027012701835578315	69
Mammals	R02291	-6.0219959483270555	5.986891123948309	195
Mammals	R02292	-4.096060890062409	4.172084054577331	191
Mammals	R02301	-1.8971989794539912	1.7764689134444125	191
Mammals	R02302	0.7892716424126602	-0.7699812677269989	15
Mammals	R02328	1.2431361865382706	-1.2415633392413388	133
Mammals	R02343	0.4721452464852751	-0.518318112151081	13
Mammals	R02412	1.4108444250093104	-1.3874538903564257	110
Mammals	R02413	-1.456505414397186	1.5451780618997335	153
Mammals	R02422	0.8571184586981738	-0.864872281201655	18
Mammals	R02437	1.3493900124150262	-1.3388672861854711	26
Mammals	R02472	-0.9148371715605892	0.9202748936442011	29
Mammals	R02539	0.6267131133428726	-0.6787221592768703	30
Mammals	R02715	0.3737758594215168	-0.357940455489472	30
Mammals	R02722	2.247935376296116	-2.261139519868827	168
Mammals	R02728	-1.4221732774741787	1.4157010398863736	17
Mammals	R02734	-1.2128304685376707	1.1759939872590035	109
Mammals	R02735	-0.5646907934759895	0.59564373168032	145
Mammals	R02777	0.3806902332155917	-0.3827579433400392	85
Mammals	R02782	-0.21986105964838515	0.2179866791383898	25
Mammals	R02783	1.4735766979558254	-1.4737883586323965	195
Mammals	R02813	-1.028995717167193	1.02235023840012	24
Mammals	R02821	-0.9486481209052471	0.9634414252903661	26
Mammals	R02864	2.3349866851551373	-2.3249684589192876	31
Mammals	R02914	0.20295452166862693	-0.19100479036417709	70
Mammals	R02918	1.3288072379569784	-1.290037675841294	198
Mammals	R03013	0.8874103623295392	-0.9109393627588721	93
Mammals	R03083	0.281150721924164	-0.22185402231662976	184
Mammals	R03084	-3.695204193642981	3.740390116557426	175
Mammals	R03165	-0.4785441728716605	0.5307020275656861	125
Mammals	R03182	1.5874027773217159	-1.501696079136824	100
Mammals	R03193	-0.23257957654302613	-0.016754026297737878	194
Mammals	R03220	2.088527850764617	-2.0776991752841996	69
Mammals	R03222	2.158501209398586	-2.155330137826834	64
Mammals	R03223	0.8195439993390621	-0.8394264691223705	124
Mammals	R03240	-0.3489823826692131	0.34172663865108643	13
Mammals	R03254	2.099603162592882	-2.0342112939945967	84
Mammals	R03348	2.1177089582527744	-1.982764440545579	127
Mammals	R03458	1.7907751172431516	-1.678397815462639	161
Mammals	R03459	-0.617596467334806	0.6471949415829774	159
Mammals	R03460	-0.05145991973376696	0.15545417954921803	180
Mammals	R03471	0.26066818776624784	-0.18076215740120782	142
Mammals	R03503	0.18213558431221008	-0.27023507845368755	169
Mammals	R03509	-1.6165831140958267	1.6430095165827883	117
Mammals	R03532	1.8245255555573485	-1.7830588419698772	135
Mammals	R03648	-0.2071452312641231	0.2138734814169977	86
Mammals	R03656	-0.12496913257030132	0.1458231472024494	197
Mammals	R03947	2.567183941126459	-2.5545164601831094	51
Mammals	R04035	0.9566492514080019	-0.9190145465598898	153
Mammals	R04037	1.470518229270624	-1.4727721892549244	158
Mammals	R04143	-0.24742709643175742	0.2830318812741368	11
Mammals	R04148	-5.113951627051745	5.104299964525952	67
Mammals	R04152	0.03501426463196774	0.022803989176044075	16
Mammals	R04209	1.694109454462147	-1.6982119258891244	188
Mammals	R04383	0.23862467472349602	-0.24925513662574958	28
Mammals	R04405	-0.08446024914563967	0.13459397986771476	115
Mammals	R04420	0.7819816586850178	-0.7400742433633504	16
Mammals	R04448	1.322566877483201	-1.3293869053538383	84
Mammals	R04449	-0.16491562220470413	0.16090350513204504	28
Mammals	R04463	0.07725613488642581	-0.043229397356066714	187
Mammals	R04591	-2.6198302049039737	2.6397825648319544	185
Mammals	R04594	0.516885974544699	-0.5022705971372676	15
Mammals	R04606	0.6270507114460879	-0.6066590802678443	85
Mammals	R04734	0.9524506145390438	-0.9176165392891749	33
Mammals	R05218	-1.2822274927154298	1.3569526412798532	72
Mammals	R05227	-0.19372673036666302	0.16483129628723986	33
Mammals	R05332	-0.9938524043101231	1.0158864845497795	165
Mammals	R05606	-0.3385525497741227	0.2757488113819272	61
Mammals	R05608	0.3328262044384924	-0.3502908785635172	14
Mammals	R05627	-0.06313341009285617	0.07054164503436314	164
Mammals	R05633	-0.7098708831807711	0.7771464731299053	140
Mammals	R05636	-2.8687533820760094	2.9264186617576917	176
Mammals	R05706	-1.8846587615808197	1.917757033025207	112
Mammals	R05850	-0.04290741741351597	-0.058510905815778266	41
Mammals	R05884	-7.666205591909436	7.5601416830344785	164
Mammals	R06513	0.24075488578970897	-0.24926684504927818	140
Mammals	R06514	-1.0117402605573549	0.9290997798019466	73
Mammals	R06530	1.2896813395341602	-1.3036649498337687	51
Mammals	R06601	1.1180650643575454	-1.145866304651763	30
Mammals	R06613	1.252468538550237	-1.2521897841917153	57
Mammals	R06983	-0.5811712583663281	0.5895505974160202	30
Mammals	R07140	-0.5811712583663281	0.5895505974160202	30
Mammals	R07168	0.10652136173770138	-0.060921784839592374	119
Mammals	R07234	3.0557396645203854	-2.9973486912661933	45
Mammals	R07281	-2.819791443332032	2.725682391682468	127
Mammals	R07324	-1.8783624118869868	1.9024871760280948	41
Mammals	R07359	-3.3534938855879224	3.3303789677949602	132
Mammals	R07606	-1.915452696656738	1.7872921207348236	139
Mammals	R07607	-2.3138502993317727	2.04125231661745	146
Mammals	R08057	1.2764674065374986	-1.4093906554741806	60
Mammals	R08991	-0.8703714327099196	0.7820671412757708	43
Mammals	R09386	0.8652923739354229	-0.8809314883995706	28
Mammals	R09541	1.9959532439137062	-1.9030034631993613	24
Mammals	R09662	2.2763727978643864	-2.233532184126784	11
Food production	R00004	-0.6501692141042349	0.6409024648889523	83
Food production	R00036	1.3945357639551252	-1.368790107794645	68
Food production	R00104	-1.8897884859160823	2.1470063266375803	91
Food production	R00130	2.325483368243007	-2.31459831007034	103
Food production	R00178	3.0140277249128866	-3.0023046963779887	27
Food production	R00207	-0.4369011297631364	0.48584656371749513	26
Food production	R00214	1.1240325734677037	-1.0641766085250937	48
Food production	R00216	2.397367658512679	-2.370554517064886	23
Food production	R00217	-2.5741218578737386	2.5724278131911187	11
Food production	R00239	0.6683863607902304	-0.7453722177915906	81
Food production	R00251	-1.8653461325114213	1.9463090051136787	49
Food production	R00253	0.7011071824702871	-0.7582124647599147	99
Food production	R00260	0.28672717108360474	-0.22979885729873104	96
Food production	R00289	-0.20857767837822278	0.264351178043999	90
Food production	R00310	1.2765570178307273	-1.300818727404603	75
Food production	R00362	-0.11071976161027493	0.15925032378220105	22
Food production	R00401	1.6780378012368975	-1.5657047389464174	103
Food production	R00412	2.7117140452319215	-2.70334242562924	32
Food production	R00424	0.9306804335260289	-0.9285143919833193	67
Food production	R00425	1.334884843403258	-1.319583353553779	51
Food production	R00451	-3.6175546907908793	3.5872331611484136	93
Food production	R00472	-0.589657493656124	0.5903799549572623	38
Food production	R00480	1.270410619947847	-1.2727243666957004	98
Food production	R00494	2.258065006009073	-2.216403778278173	34
Food production	R00502	-1.282785863197122	1.297274943996981	21
Food production	R00519	0.10747166928706992	-0.07123638354342576	35
Food production	R00527	-1.1060208159977032	1.138022971864306	27
Food production	R00586	1.141062311740447	-1.1179496166549059	77
Food production	R00601	-0.48609770520359985	0.5069035702832287	21
Food production	R00604	-2.4380882651926665	2.4679470275152053	12
Food production	R00610	0.2941461195459172	-0.3710049311072224	12
Food production	R00630	-1.0350364770265623	0.8942679919688342	83
Food production	R00660	-0.4135409533769671	0.6203985080883827	103
Food production	R00704	-0.6691532864565176	0.6546010754268121	15
Food production	R00747	0.5739699437688031	-0.5310912585426291	25
Food production	R00750	-0.22026919864033614	0.21334598892563697	14
Food production	R00765	-1.5574396946273286	1.5634110146899434	43
Food production	R00768	-7.523833257405413	7.428245686664496	102
Food production	R00787	-0.3981940554845686	0.3563437756358618	28
Food production	R00789	-0.3981940554845686	0.3563437756358618	28
Food production	R00847	-4.29725057417083	4.389926381337351	93
Food production	R00856	1.5543462063614812	-1.4925060552030909	37
Food production	R00888	0.9676582351683848	-1.0336244478758274	22
Food production	R00892	0.08349757612396583	0.008423038638105932	53
Food production	R00894	-1.621105554134375	1.5249561668062186	52
Food production	R00944	3.989606446224822	-3.907528635434421	42
Food production	R00948	0.51169378133809	-0.4442470219233503	31
Food production	R00965	-1.1932984402838982	1.2878336201914398	100
Food production	R00966	-2.6352320903781288	2.633280313850401	100
Food production	R01011	1.1915170225420673	-1.2188863014889533	53
Food production	R01012	-0.8958238181781567	0.9376761380463576	41
Food production	R01015	-0.6861489062891736	0.678183145335307	103
Food production	R01025	0.33894417192217524	-0.3316013375494818	28
Food production	R01034	-1.1942383199056679	1.1611017741441139	24
Food production	R01049	-4.871319887772218	5.089834891902598	99
Food production	R01056	-1.5319471787580674	1.7297290366039901	92
Food production	R01066	0.27646137216489436	-0.2808581191306451	66
Food production	R01069	0.5819631836305876	-0.6103686499855533	17
Food production	R01072	0.5775631556964562	-0.6423809043353195	97
Food production	R01078	-0.17412990846257415	0.17014618337346404	51
Food production	R01082	-1.643557412498708	1.6505034688481377	76
Food production	R01083	-1.315813930225256	1.2975961761035295	103
Food production	R01092	-1.0893045593073687	1.0772884622938739	55
Food production	R01135	-0.1636862907172159	0.16249466527975262	102
Food production	R01150	0.9962317756398424	-0.940058790781086	101
Food production	R01157	-0.7159866045516905	0.6988934582132177	31
Food production	R01183	-0.5131959690892143	0.5295169033908815	15
Food production	R01201	-0.696784900354241	0.7159531804199091	13
Food production	R01213	-0.2567999165504927	0.1708255359504541	71
Food production	R01220	-1.6514283852746106	1.6650635477150126	71
Food production	R01224	-1.4056592874145328	1.388927727856616	53
Food production	R01291	-2.7725596483253714	2.792201527352693	20
Food production	R01364	-1.376202469522889	1.3801748004693182	13
Food production	R01397	-0.25071398656416943	0.2596623923606463	96
Food production	R01450	1.7079768992719027	-1.7027072623069253	22
Food production	R01514	-0.5939429036760941	0.637038769459695	65
Food production	R01516	0.6300523961697045	-0.5297324302270832	71
Food production	R01529	-1.2933198524881957	1.326139142649357	103
Food production	R01639	-0.7151211915863833	0.7676855579398333	58
Food production	R01688	-0.4281655536425539	0.4027670596238584	18
Food production	R01715	1.6804492405035314	-1.6813586513495924	18
Food production	R01716	0.7574336253464617	-0.8342169918429672	22
Food production	R01717	-0.1494675084643422	0.13578832318914655	37
Food production	R01724	0.45837112474028696	-0.33752860669718704	91
Food production	R01737	1.5319902714615525	-1.5229918808494587	75
Food production	R01771	-1.165707956114707	1.233984276988085	86
Food production	R01777	-1.0358618288701673	1.0668930953839126	18
Food production	R01801	3.9399076337074814	-3.9136992210840407	98
Food production	R01826	-2.8754892390295135	2.748215723331373	55
Food production	R01856	-0.04267974016323766	0.08354536038175603	29
Food production	R01868	-1.9790678835382935	2.012490291897165	95
Food production	R01931	-2.708845034630238	2.723506218938221	15
Food production	R01993	2.7860747742997516	-2.770048428151959	74
Food production	R02016	-1.4951025506476383	1.5335923987794222	101
Food production	R02055	0.7824665142677769	-0.7928310979853428	34
Food production	R02100	-1.0268314904115565	1.0458131179098715	51
Food production	R02101	0.4364314459268173	-0.3633695087115903	80
Food production	R02133	1.4361221604143115	-1.3454445739267442	33
Food production	R02164	-0.7115520154271532	0.7132727672227935	31
Food production	R02272	-1.933190430820967	2.039999478966063	57
Food production	R02282	-1.5706520292744568	1.553460826589025	61
Food production	R02285	0.24645962212800515	-0.3860453448400572	24
Food production	R02291	-6.0168086316548814	5.922308124490231	99
Food production	R02292	-0.060129586073290255	0.06161006695771275	97
Food production	R02301	-1.8689280915718958	1.9762340455837533	97
Food production	R02328	0.9378004968132975	-0.851579651507287	64
Food production	R02343	0.08220001365359303	0.0012310675607724645	36
Food production	R02413	0.6546146916721401	-0.632970773790596	78
Food production	R02422	0.743689038193467	-0.7635064106178869	13
Food production	R02437	-0.8130335691635038	0.8310903221788579	13
Food production	R02472	-0.7211340220150916	0.69588750382002	35
Food production	R02530	-0.7270722444496777	0.6973106207170772	20
Food production	R02539	-0.43621337797407456	0.35702012528337407	12
Food production	R02722	0.32284870364219276	-0.3919032208458787	76
Food production	R02728	-1.766067558232559	1.8271523669479837	40
Food production	R02735	0.6577083557855521	-0.6749583496651235	78
Food production	R02777	0.25756424419478824	-0.31260758529025284	51
Food production	R02782	-0.0878145490692272	0.058003320245395174	21
Food production	R02813	-1.2901165485561397	1.3453135735737003	42
Food production	R02821	0.3544509319298149	-0.3404369810119061	28
Food production	R02864	-0.2496208415756872	0.2611562038198155	20
Food production	R02914	1.9697035782608898	-1.9497004273375071	44
Food production	R02918	0.7466067868268529	-0.6954546431993663	103
Food production	R03013	-1.5412524253038309	1.528634838903264	45
Food production	R03083	-1.6231904528050132	1.5991669320107647	80
Food production	R03084	-0.73911827181935	0.7489864014252795	80
Food production	R03165	-1.834289919696429	1.82579642316036	50
Food production	R03182	0.65101282177037	-0.6458459157805142	41
Food production	R03220	-0.69754208961741	0.7253221913814106	29
Food production	R03222	-0.03313887813768779	0.04616856164369291	26
Food production	R03223	-0.06776177688729978	0.01183634870226938	74
Food production	R03254	1.2154036680542302	-1.214594305681956	39
Food production	R03313	-0.3691878558810589	0.3447573026480036	82
Food production	R03348	-1.2243215285185036	1.1581406130209977	68
Food production	R03458	-1.4635703223773702	1.523983118471598	78
Food production	R03459	1.587645885653523	-1.5578689457153567	77
Food production	R03471	-4.110743087462493	4.331436883610244	92
Food production	R03503	2.749948662638739	-2.711406387169132	74
Food production	R03509	-1.4437054291962241	1.416493285501969	52
Food production	R03532	-0.6907493561634683	0.6075358611952506	81
Food production	R03648	-1.9473169014802991	1.9869827353309255	68
Food production	R03947	-0.22496141074964543	0.24545090180162596	24
Food production	R04035	-0.8768688832059259	0.9150005558725204	79
Food production	R04037	0.4986246862977341	-0.4663357414291985	81
Food production	R04143	3.546167574979873	-3.492661133227556	11
Food production	R04144	-0.8038868181555211	0.8334722967903864	98
Food production	R04150	0.47276457758809737	-0.44500354805753456	45
Food production	R04152	-2.9188300088034183	2.904971173670654	26
Food production	R04209	-2.3045390034386535	2.4569732658231893	98
Food production	R04383	-0.41649029645747065	0.3853004701192068	21
Food production	R04405	-1.5052358234769716	1.59212598075178	78
Food production	R04420	1.7942772870944905	-1.7634173915801115	29
Food production	R04448	0.5123278019151322	-0.4984298750712194	59
Food production	R04449	0.2677524894085371	-0.23758436474766925	21
Food production	R04463	-6.777737456995258	6.933523700684393	97
Food production	R04591	0.31559739808932974	-0.3239506182546325	97
Food production	R04606	-0.5812742168204972	0.5717008158636122	29
Food production	R04734	-2.5592174412783733	2.592046526441855	24
Food production	R05218	-0.660547399396649	0.6657814417601994	62
Food production	R05227	-0.5960208042122201	0.6026175730206	15
Food production	R05606	2.616330463063115	-2.576201117143688	21
Food production	R05627	0.7129741900528316	-0.6502940509342627	90
Food production	R05633	-0.8157509875828672	0.8234886016966233	50
Food production	R05636	-2.9125836987396294	2.9222344731350107	65
Food production	R05688	2.021559426995558	-1.9725509897412201	56
Food production	R05706	-2.687330387957162	2.7570672582367153	87
Food production	R05850	-1.7364734796853816	1.782376226522832	27
Food production	R05884	-0.7549448556548689	0.7169138054316759	55
Food production	R06513	1.0072027150873066	-0.881310617928902	71
Food production	R06514	-0.486267182211081	0.49428107421201123	50
Food production	R06530	1.8966552892899053	-1.9156282549160188	32
Food production	R06601	1.5875766853233877	-1.5456626354182204	31
Food production	R06983	-0.8471082580848333	0.8864861001407376	28
Food production	R07140	-0.8471082580848333	0.8864861001407376	28
Food production	R07168	-1.4056592874145328	1.388927727856616	53
Food production	R07234	-0.8874993252598345	0.8695351462309877	23
Food production	R07281	-0.4055043709782469	0.3785272020954404	55
Food production	R07359	-0.8299619574292477	0.9309397736142373	83
Food production	R07605	1.0237516004468317	-0.9865673853346092	49
Food production	R07606	-0.7441697030048279	0.83208278777957	96
Food production	R07607	1.7199348457580224	-1.8860451059571899	95
Food production	R08057	3.0406194223276146	-3.125507351197409	39
Food production	R08991	1.3830322425124058	-1.4613607955098398	27
Food production	R09541	-0.3450313247817536	0.4027632391394655	18
Wastewater	R00004	-0.040778309953884234	-0.04177694600524184	37
Wastewater	R00090	1.8377743859641804	-1.8374815182387156	11
Wastewater	R00104	0.8108772737212342	-0.8458755297429329	40
Wastewater	R00114	1.1008298710419013	-1.0554068531683918	13
Wastewater	R00130	-0.4104133379375029	0.434487147305994	63
Wastewater	R00178	0.605077163325404	-0.6121302691944198	26
Wastewater	R00206	0.8739088115402665	-0.8349922026276402	25
Wastewater	R00214	-1.422136379414191	1.4652321568017534	32
Wastewater	R00217	-2.686704012947491	2.6930654270067578	10
Wastewater	R00251	0.33120954748189546	-0.2835222958790106	27
Wastewater	R00253	-0.9723025238990028	1.002007554269432	63
Wastewater	R00260	-0.668907193385482	0.7249138760171521	57
Wastewater	R00289	1.5144949866688426	-1.5741602629807234	48
Wastewater	R00310	2.029694385572289	-2.0447714345199115	54
Wastewater	R00341	-2.4617399484254245	2.4615519891206605	20
Wastewater	R00345	0.7341670984296662	-0.731010738474562	34
Wastewater	R00401	-0.7114076355608773	0.7380236412576354	61
Wastewater	R00409	-1.2898665026049103	1.3058708637127794	23
Wastewater	R00412	-0.5909931163411247	0.6839238893740827	35
Wastewater	R00424	1.0982028488293776	-1.0995686795526767	49
Wastewater	R00425	-1.9911234191906324	1.953697838895742	55
Wastewater	R00451	-0.571483366050303	0.5591439368743207	62
Wastewater	R00472	0.028578239153799673	-0.037025314658255225	41
Wastewater	R00479	0.643914890294165	-0.6413341033960174	38
Wastewater	R00480	-0.5824012147235992	0.5236033913576581	63
Wastewater	R00494	1.0353521642964292	-0.9647771652783782	32
Wastewater	R00519	-0.37583049876997265	0.4585206108389645	36
Wastewater	R00524	0.6062212735666234	-0.5603068693665771	13
Wastewater	R00525	0.803958092251958	-0.7970311807819236	15
Wastewater	R00566	-1.0803158004817748	1.1407267178637455	16
Wastewater	R00586	-0.31317409178903943	0.30870742759068664	55
Wastewater	R00630	-0.0024920117927639176	0.05911567376508139	36
Wastewater	R00660	1.1770571434087906	-1.158031534053325	62
Wastewater	R00704	-0.4196295114275124	0.4463158079789963	11
Wastewater	R00747	0.5404878214319208	-0.5392171438683075	12
Wastewater	R00750	0.7262842088880512	-0.7008311340264557	17
Wastewater	R00768	-1.6641623380790824	1.60010952297871	60
Wastewater	R00774	-0.9819079555620378	0.9953020715530722	10
Wastewater	R00787	-1.244450870337935	1.255660594349521	29
Wastewater	R00789	-1.244450870337935	1.255660594349521	29
Wastewater	R00833	-0.927603796796403	0.9178710462470547	27
Wastewater	R00847	0.030152957272667563	-0.09117865206139812	50
Wastewater	R00888	0.32820216886596043	-0.3852856217849195	24
Wastewater	R00892	0.43830130637542564	-0.4782900684130918	17
Wastewater	R00894	0.5811261113768451	-0.5424291312744335	45
Wastewater	R00931	0.47482125584560675	-0.4662225315092195	24
Wastewater	R00944	-0.3600111224269633	0.3266232445354368	41
Wastewater	R00948	0.9914341158896828	-0.9889322783712438	31
Wastewater	R00955	-2.0252919457823197	2.1068395985051582	10
Wastewater	R00965	-1.6460449149451883	1.6573084592742962	62
Wastewater	R00966	0.7148716565535007	-0.6893322410770045	51
Wastewater	R01011	-0.16274600977893303	0.14472807850331143	15
Wastewater	R01012	-1.14555985635723	1.1495349175091956	13
Wastewater	R01015	-0.9044387978616304	0.8798843394430036	61
Wastewater	R01016	0.2656507943373572	-0.2607191692071466	17
Wastewater	R01049	0.6541772167244859	-0.6753543331134958	61
Wastewater	R01056	0.5315942832377173	-0.596845285666095	55
Wastewater	R01066	0.26600666863674066	-0.2443034983997245	28
Wastewater	R01072	-0.8496860940182233	0.8783087896904161	60
Wastewater	R01073	-2.7527621674979397	2.8184557005005217	58
Wastewater	R01078	-0.5642207913049511	0.5605277493964168	43
Wastewater	R01082	-0.41947381978418763	0.4006958494255885	40
Wastewater	R01135	1.170990770074532	-1.1756430779320428	61
Wastewater	R01150	-1.5850135852305622	1.5705886749710305	63
Wastewater	R01157	0.6638121498763888	-0.6319524055232997	28
Wastewater	R01213	1.1167317307047004	-1.073128337428808	58
Wastewater	R01220	-2.198508533286725	2.1427709138718165	52
Wastewater	R01224	-0.39737536581602095	0.42708747053831597	55
Wastewater	R01334	-1.8528153891731167	1.921780433164228	21
Wastewater	R01357	0.16889767405285636	-0.1208947676081997	23
Wastewater	R01361	2.0465516259031533	-2.028665989745183	15
Wastewater	R01364	-1.547857187207231	1.5757065281663152	22
Wastewater	R01397	-0.5729129538367329	0.5888123148659791	60
Wastewater	R01450	1.0915191643967799	-1.0191009728518627	10
Wastewater	R01512	0.945886687942942	-0.8744027709921621	50
Wastewater	R01514	2.5607983437752653	-2.6121944409992093	40
Wastewater	R01516	0.5250697205571112	-0.6492390878186857	49
Wastewater	R01523	-0.4936677341992414	0.5155035573073375	12
Wastewater	R01529	1.3260166199184258	-1.327550806918922	63
Wastewater	R01639	-0.20048266043706442	0.21411718614601336	17
Wastewater	R01688	0.5475908564813393	-0.48342639789351727	10
Wastewater	R01714	0.9896290997769981	-1.0002466197481115	61
Wastewater	R01716	-1.1554218728039487	1.1719645323681047	27
Wastewater	R01724	2.534116630232574	-2.483079129749573	37
Wastewater	R01737	0.8521906080580959	-0.9306044157702874	25
Wastewater	R01771	1.6424114889492512	-1.6190435624307085	50
Wastewater	R01776	-0.18000054160355533	0.2074766229922632	12
Wastewater	R01801	1.1017838260492587	-1.1360012559155872	57
Wastewater	R01826	-2.398551017242638	2.4103497175702224	43
Wastewater	R01856	1.2401721715811673	-1.1949050708181015	24
Wastewater	R01868	1.665687252930824	-1.7344854827327774	61
Wastewater	R01993	0.392319151401746	-0.4080309217033237	50
Wastewater	R02016	2.1139161504737998	-2.1041053842478257	60
Wastewater	R02035	-0.746690397199435	0.7903862126381795	30
Wastewater	R02036	0.41397495596657424	-0.38869440921700943	20
Wastewater	R02055	-0.14912755804695482	0.15531882697436455	41
Wastewater	R02100	-1.7141144346237427	1.7097079188156301	49
Wastewater	R02101	-2.1893687355924896	2.2040799846877213	41
Wastewater	R02164	-0.029809077398480235	0.04794928910736993	35
Wastewater	R02272	0.9018440970598894	-0.9690805926384188	55
Wastewater	R02282	-1.5065971801596	1.48623115312169	53
Wastewater	R02285	-1.4762271393846078	1.418126599735222	10
Wastewater	R02291	-1.7466559446567107	1.6781063360895654	63
Wastewater	R02292	1.0692314801805787	-1.0398168997230575	63
Wastewater	R02301	0.1013546851313243	-0.07467154217498892	53
Wastewater	R02302	-0.7947116303808928	0.8273479954409736	10
Wastewater	R02328	-1.8955497448564125	1.821784330375925	50
Wastewater	R02412	-0.9387569518854101	0.9232509510050366	36
Wastewater	R02413	1.3045826406838994	-1.3158959899909106	55
Wastewater	R02422	-0.1280050497612896	0.11276695542681399	12
Wastewater	R02472	0.6125998408664335	-0.5632992933891132	16
Wastewater	R02519	-1.3152883768697394	1.3523012856502958	10
Wastewater	R02530	0.10850827114969473	-0.07605259860049479	23
Wastewater	R02539	0.15806715904685417	-0.14226720872488727	28
Wastewater	R02715	-1.0752097275961456	1.0906103034034615	12
Wastewater	R02722	0.7635906609112442	-0.6402726316642131	62
Wastewater	R02735	-0.12376146267226634	0.16047627598540676	61
Wastewater	R02777	-0.041975386077188044	0.06831707158333604	29
Wastewater	R02783	-1.1278132677474404	1.152383003240106	63
Wastewater	R02807	-0.06043309127364968	0.12270235202519289	16
Wastewater	R02864	-0.6743577261983069	0.6116696733736895	19
Wastewater	R02914	0.8568846954970766	-0.8345592696805515	33
Wastewater	R02918	-0.15211467700182818	0.06691970743189629	63
Wastewater	R03013	-0.08010166608787937	0.07021075796312336	32
Wastewater	R03035	-2.61061235196053	2.619845861342117	63
Wastewater	R03083	0.10169307879550982	-0.12687301221494546	60
Wastewater	R03084	2.2008802324982457	-2.1913902362431408	59
Wastewater	R03165	-1.0009202721860893	1.0259084410574193	39
Wastewater	R03193	-0.43493672951068507	0.36045846569782586	63
Wastewater	R03220	0.3607319233470958	-0.3803295720889661	37
Wastewater	R03223	-0.38226099096106236	0.4327975394777364	48
Wastewater	R03254	1.6469982083692827	-1.5882032733736178	40
Wastewater	R03348	-0.14834010962447897	0.18048434748065648	58
Wastewater	R03458	0.2545268334653623	-0.34840643088904333	59
Wastewater	R03460	-2.490287460622645	2.46109028670124	42
Wastewater	R03471	1.3455006869449637	-1.3706170234209263	50
Wastewater	R03503	0.9869900064316098	-0.9718694939154237	60
Wastewater	R03509	-0.07642353334273295	0.11974486385273117	53
Wastewater	R03532	-0.4809526849076727	0.3934163639781718	52
Wastewater	R03595	0.061316052784513284	-0.03874445668695348	42
Wastewater	R03947	-1.0860116537823012	1.0051560526871857	28
Wastewater	R04035	-0.8731019041543097	0.8792445797989927	55
Wastewater	R04037	0.24395628256161742	-0.19175591556990235	60
Wastewater	R04148	-2.642312525886042	2.641727869529887	46
Wastewater	R04150	1.9618032678244373	-1.9295733259997885	17
Wastewater	R04152	-0.7147877740107754	0.684123798946244	12
Wastewater	R04209	1.4048536494803712	-1.4276122339574728	61
Wastewater	R04405	-0.7988192825094139	0.6410879948114451	34
Wastewater	R04420	-2.094728815054579	2.1095956481404454	30
Wastewater	R04424	-1.0226179393165629	1.053151405111773	13
Wastewater	R04425	1.2287192898277812	-1.200362191943326	19
Wastewater	R04448	1.403701216390618	-1.4011590482670118	24
Wastewater	R04463	-2.081608217267172	2.0468620635018535	59
Wastewater	R04591	-1.30382349159474	1.2379194229487107	60
Wastewater	R04594	1.1586022570721162	-1.134289417613459	10
Wastewater	R04734	-0.9058755669878075	0.8541374865772695	33
Wastewater	R05218	0.8411399994133433	-0.7824942266224084	56
Wastewater	R05227	-1.1892004532364115	1.1801452863318405	20
Wastewater	R05606	-0.23956023750167837	0.252540088878697	10
Wastewater	R05627	0.2574300011397952	-0.2770162275800626	60
Wastewater	R05636	-3.029403878467019	2.9430698060142544	59
Wastewater	R05637	0.9640189750525736	-0.9307282629523981	57
Wastewater	R05706	0.7510785326318837	-0.7803984691852389	41
Wastewater	R05763	2.139710564211342	-2.1040328283731267	14
Wastewater	R05838	-1.5128320303043254	1.5342490446770891	35
Wastewater	R05884	-1.5977159188549523	1.5433183614007338	56
Wastewater	R06513	-1.1315871109872888	1.043396654815971	54
Wastewater	R06514	-0.7858154633577297	0.7565934717502436	44
Wastewater	R06530	-0.9943531711135499	0.956607929166357	41
Wastewater	R06601	1.1372308719758346	-1.1236873032364327	24
Wastewater	R06983	-0.6993807409940249	0.6650768395587651	27
Wastewater	R07140	-0.6993807409940249	0.6650768395587651	27
Wastewater	R07168	-0.39737536581602095	0.42708747053831597	55
Wastewater	R07234	-0.365738822655255	0.24606178412836063	18
Wastewater	R07281	0.5293107864484428	-0.5540479984863181	58
Wastewater	R07359	1.3744774691366748	-1.4697447548286144	39
Wastewater	R07606	0.8405864097754511	-0.9046872130205356	50
Wastewater	R07607	0.9634184730581674	-1.0236275272243214	52
Wastewater	R08057	-0.3596419426461436	0.3469068790475536	40
Wastewater	R08991	-0.5207993002338319	0.5088136752154292	30
Wastewater	R09838	0.39728023062201295	-0.3819662565903514	19
Birds	R00004	1.0118789254148326	-1.0153083821328415	15
Birds	R00104	-0.22166927118259203	0.10216863929573453	21
Birds	R00214	-0.06172597619060417	0.07304064579088673	22
Birds	R00251	-2.480308656205825	2.4486740902881694	11
Birds	R00253	-3.390130461610592	3.375087341956629	32
Birds	R00289	0.5492441469239228	-0.5552668181556603	19
Birds	R00310	2.0257137851139126	-2.0891287943890786	28
Birds	R00401	0.8519462013123958	-0.8321682124002291	33
Birds	R00424	-0.2688366728089644	0.2650860546262278	29
Birds	R00425	-0.5363181648926704	0.5271211867680351	23
Birds	R00472	0.6995220576850183	-0.6619414690215065	10
Birds	R00480	2.392668665053017	-2.350154006971311	34
Birds	R00494	-0.7393787148607924	0.68091856123482	11
Birds	R00519	1.0162789463052675	-0.9049917224088876	11
Birds	R00586	-1.5809900147187879	1.568591702358956	34
Birds	R00601	-0.7899161222532977	0.7863455497421957	15
Birds	R00630	-2.0185113438476283	1.948883740075203	16
Birds	R00660	2.0105979237303955	-2.062361864719903	33
Birds	R00765	0.14378894977441536	-0.14088701348042154	17
Birds	R00768	-3.3177848262164953	3.3752511380308925	33
Birds	R00833	-0.4040932061446091	0.39163710526422274	12
Birds	R00847	-2.9214803269203173	2.833766536463231	28
Birds	R00894	-1.5656100088740783	1.60078491236418	22
Birds	R00946	0.51191029855225	-0.4882389900280492	20
Birds	R00948	0.7849677666511923	-0.8632333992419328	22
Birds	R00965	0.37880942047814825	-0.3889207583632048	36
Birds	R01011	-0.40486581549946676	0.4176925092748785	10
Birds	R01015	0.10780387283219099	-0.12499253780487408	35
Birds	R01049	0.4879077445566348	-0.47650776845245124	32
Birds	R01056	-1.1358247444885745	1.0860272208238648	25
Birds	R01066	2.053735046994506	-2.0165789614738245	28
Birds	R01072	0.12273605476159859	-0.11697530523728467	30
Birds	R01073	-0.8195645006988631	0.8459341325247415	30
Birds	R01082	0.724808773797524	-0.6466270284223999	33
Birds	R01083	-0.06521560081448377	0.11562183917527513	34
Birds	R01135	2.332108674393831	-2.283441011916198	33
Birds	R01150	-0.7850896392981415	0.7927998574135042	33
Birds	R01213	0.701043008747616	-0.6552200781472041	28
Birds	R01514	0.18089547967205138	-0.1428446244278991	18
Birds	R01516	1.3789832314346424	-1.367867209985303	27
Birds	R01529	-0.9801884674329967	0.9473939279313869	36
Birds	R01639	1.1971385278995064	-1.2344355623949956	13
Birds	R01716	-0.5528478943983339	0.5178217128116376	11
Birds	R01717	-1.4991902815209812	1.516393539327534	14
Birds	R01737	-1.3854788279522092	1.365916478054163	16
Birds	R01801	0.0640087928016467	-0.07106930804939017	28
Birds	R01826	-1.305124870622583	1.3281186741238349	28
Birds	R01868	2.2128174828308045	-2.269897928663028	33
Birds	R02016	0.07950113892788126	-0.1300935995622437	34
Birds	R02055	-0.29789870675552244	0.29033619182790626	16
Birds	R02100	-0.41155674706134737	0.4450023562329167	27
Birds	R02291	-3.1114292580957033	3.123850574892596	34
Birds	R02292	0.15717333405535056	-0.07067285227104678	34
Birds	R02328	-0.186846422841817	0.1286002050466172	27
Birds	R02412	-0.19145385995780778	0.20401072756042365	17
Birds	R02413	-0.8502440750805733	0.9240571848759425	25
Birds	R02722	-1.2055829550398056	1.1950106777428742	31
Birds	R02777	1.2795031629022868	-1.290090698757324	18
Birds	R02918	1.5759112963595556	-1.516217632157567	36
Birds	R03013	0.09986079582431973	-0.13736051709451252	26
Birds	R03084	-3.1841991567811143	3.1711213152338913	32
Birds	R03165	-1.0185909644174878	1.0422608609847226	23
Birds	R03182	0.6091651693006088	-0.5613933048000731	25
Birds	R03193	0.8674944314324404	-0.8249350688236354	35
Birds	R03220	-0.3658494592720279	0.2917594234200048	16
Birds	R03223	2.3594635752409325	-2.34109664420277	23
Birds	R03348	-1.506104960736968	1.517830081517862	24
Birds	R03458	-1.3312427242620049	1.263765259649368	28
Birds	R03471	0.8550303639800234	-0.8713149802629764	27
Birds	R03503	0.10380849543786821	-0.1546075546912697	28
Birds	R03509	-1.0046874478972414	1.0443259513596561	24
Birds	R03532	-2.0128856678852505	2.0509730223067697	27
Birds	R03595	1.183709129690913	-1.1605890134265873	13
Birds	R04148	-1.8236007772886804	1.8507027795755788	15
Birds	R04209	-0.9310298945154157	1.017497224075395	33
Birds	R04405	1.0033685963336223	-0.9779050703809946	19
Birds	R04448	1.526303209283684	-1.5099281009135275	14
Birds	R04463	-3.848071084439134	3.7955465936951773	33
Birds	R04591	-0.5201710496080734	0.5463449678160598	31
Birds	R05218	-2.068578294958514	2.0731072842639073	20
Birds	R05627	1.1922860824859502	-1.1317126402598865	29
Birds	R05633	0.5096060647228337	-0.4886669722755991	22
Birds	R05636	-0.9341318632589262	0.9458910914003424	31
Birds	R05706	0.17619850535841988	-0.18943649929425915	22
Birds	R05884	-0.33423558108757184	0.4074130671840651	27
Birds	R06513	0.2829859112976614	-0.30414832771463	27
Birds	R06514	0.23720787741260513	-0.2735203339131661	21
Birds	R06601	-0.9258442137547332	0.9440083650974028	11
Birds	R06613	0.7289179510010533	-0.6853766686346837	10
Birds	R07281	2.059211820988528	-2.0327942117205464	26
Birds	R07359	-0.12977284269889738	0.15139099373578394	19
Birds	R07606	1.491507309360211	-1.597384340329711	24
Birds	R07607	3.1482344290525237	-3.149846108965395	24
