GO_term	Reaction_IDs
(+)-abscisic acid 8'-hydroxylase activity	R07202
(+)-borneol dehydrogenase activity	R02944
(+)-menthofuran synthase activity	R08923
(+)-neomenthol dehydrogenase activity	R02548
(+)-sabinol dehydrogenase activity	R03745
(+)-trans-carveol dehydrogenase activity	R06117
(-)-borneol dehydrogenase activity	R02945
(-)-endo-fenchol synthase activity	R02004
(-)-isopiperitenone reductase activity	R06417
(-)-menthol dehydrogenase activity	R02177
(-)-menthol monooxygenase activity	R02178
(1-hydroxycyclohexan-1-yl)acetyl-CoA lyase activity	R02232
(2E,6E)-farnesyl diphosphate synthase activity	R02003
(3R)-3-isopropenyl-6-oxoheptanoate:CoA ligase (ADP-forming) activity	R06396
(3R)-3-isopropenyl-6-oxoheptanoate:CoA ligase (AMP-forming) activity	R06515
(3S,4R)-3,4-dihydroxycyclohexa-1,5-diene-1,4-dicarboxylate dehydrogenase activity	R01633
(R)-2-hydroxy-fatty acid dehydrogenase (NAD+) activity	R03021
(R)-2-methylmalate dehydratase activity	R03896
(R)-3-amino-2-methylpropionate-pyruvate transaminase activity	R02050
(R)-3-hydroxyacid-ester dehydrogenase activity	R04105
(R)-6-hydroxynicotine oxidase activity	R07170
(R)-aminopropanol dehydrogenase activity	R03759
(R)-dehydropantoate dehydrogenase activity	R03198
(R)-limonene 6-monooxygenase activity	R06119
(R)-limonene synthase activity	R06120
(R)-pantolactone dehydrogenase (flavin) activity	R03156
(S)-2-(5-amino-1-(5-phospho-D-ribosyl)imidazole-4-carboxamido) succinate lyase (fumarate-forming) activity	R04559
(S)-2-hydroxy-fatty acid dehydrogenase activity	R03022
(S)-2-methylmalate dehydratase activity	R03693
(S)-3-amino-2-methylpropionate transaminase activity	R04188
(S)-3-hydroxyacid-ester dehydrogenase activity	R04106
(S)-6-hydroxynicotine oxidase activity	R03202
(S)-N-acetyl-1-phenylethylamine hydrolase activity	R07301
(S)-canadine synthase activity	R04400
(S)-carnitine 3-dehydrogenase activity	R01921
(S)-cheilanthifoline synthase activity	R03834
(S)-citramalyl-CoA lyase activity	R00237
(S)-limonene 3-monooxygenase activity	R02469
(S)-limonene 7-monooxygenase activity	R02470
(S)-methylmalonyl-CoA hydrolase activity	R02764
(S)-scoulerine 9-O-methyltransferase activity	R03835
(S)-stylopine synthase activity	R04690
(S)-usnate reductase activity	R07345
(S,S)-butanediol dehydrogenase activity	R03707
(carboxyethyl)arginine beta-lactam-synthase activity	R05467
0000104	R00412
0000234	R02037,R06868
0000246	R05641
0000250	R03199
0000257	R00540
0000285	R05802
0000334	R02665
0000773	R01320,R03424
0000823	R05800
0000824	R05801
0000825	R10953
0000832	R09087
0000908	R05320
0001567	R07218
0001760	R04323
0003827	R05983
0003834	R00032
0003848	R03503
0003849	R01826
0003850	R02587
0003852	R01213
0003853	R03169
0003855	R03084
0003856	R03083
0003858	R01361
0003866	R03460
0003870	R00830
0003871	R04405
0003873	R02732
0003874	R04286
0003878	R00352
0003881	R01802
0003885	R02715
0003919	R00161
0003920	R01134
0003934	R00424
0003935	R00425
0003948	R03421
0003949	R04640
0003951	R00104
0003977	R00416
0003979	R00286
0003983	R00289
0003986	R00227
0003992	R02283
0004014	R00178
0004015	R03231
0004018	R01083
0004019	R01135
0004021	R00258
0004032	R02820
0004037	R02422
0004039	R00005
0004042	R00259
0004044	R01072
0004048	R01073
0004052	R01596
0004054	R00554
0004069	R00355
0004070	R01397
0004072	R00480
0004073	R02291
0004076	R01078
0004087	R00149
0004092	R02396
0004102	R01023
0004103	R01021
0004106	R01715
0004107	R01714
0004109	R03220
0004110	R04165
0004111	R01881
0004123	R01001
0004136	R02089
0004138	R01967
0004139	R01066
0004140	R00130
0004141	R03182
0004151	R01993
0004152	R01868
0004163	R01121
0004167	R03673
0004170	R02100
0004173	R02375
0004305	R01468
0004311	R02061
0004325	R00310
0004328	R00524
0004333	R01082
0004334	R01364
0004335	R01092
0004337	R02003
0004342	R00765
0004343	R02058
0004346	R00303
0004349	R00239
0004350	R03313
0004355	R00114
0004356	R00253
0004357	R00894
0004358	R02282
0004360	R00768
0004363	R00497
0004369	R00846
0004370	R00847
0004371	R01011
0004401	R03013
0004409	R04371
0004410	R00271
0004411	R02519
0004413	R01771
0004414	R01776
0004417	R04448
0004418	R00084
0004419	R01360
0004420	R02082
0004421	R01978
0004422	R01132
0004424	R03457
0004427	R00004
0004430	R03361
0004435	R03435
0004439	R04404
0004451	R00479
0004452	R01123
0004456	R02036
0004462	R02530
0004463	R03057
0004464	R03059
0004471	R00214
0004473	R00216
0004474	R00472
0004475	R00885
0004485	R04138
0004487	R01218
0004488	R01220
0004489	R01224,R07168
0004490	R02085
0004493	R02765
0004494	R00833
0004496	R02245
0004498	R03610
0004500	R02535
0004501	R02374
0004502	R01960
0004506	R02874
0004512	R07324
0004514	R03348
0004516	R01724
0004552	R02878
0004571	R12479
0004575	R00802
0004586	R00670
0004589	R01869
0004590	R00965
0004593	R02474
0004595	R03035
0004601	R03532
0004604	R02021
0004608	R02056
0004609	R02055
0004610	R08193
0004612	R00341
0004615	R01818
0004618	R01512
0004619	R01516
0004631	R03245
0004633	R03269
0004635	R04037
0004636	R04035
0004637	R04144
0004638	R04209
0004639	R04591
0004640	R03509
0004641	R04208
0004642	R04463
0004655	R00036
0004656	R03219
0004665	R01730
0004667	R02266
0004671	R04496
0004707	R00162
0004729	R03222
0004730	R01055
0004736	R00344
0004746	R00066
0004749	R01049
0004750	R01529
0004751	R01056
0004754	R00715
0004755	R02315
0004756	R03595
0004758	R01281
0004760	R00585
0004764	R02413
0004765	R02412
0004767	R02541
0004775	R00405
0004776	R00432
0004778	R00407
0004780	R00530
0004789	R03223
0004790	R02572
0004791	R02016
0004792	R01931
0004796	R02268
0004799	R02101
0004807	R01015
0004808	R00601
0004816	R03648
0004822	R03656
0004823	R03657
0004831	R02918
0004832	R03665
0004834	R02722
0004842	R03876
0004845	R00966
0004847	R00774
0004848	R00469
0004852	R03165
0004856	R01639
0008108	R00955
0008110	R01161
0008112	R01269
0008115	R00610
0008116	R02267
0008124	R04734
0008127	R02156
0008131	R01853,R02173,R02613
0008177	R02164
0008336	R02397
0008397	R04826,R07204
0008424	R05988
0008440	R03433
0008444	R01801
0008446	R00888
0008458	R03779
0008459	R02181
0008460	R06513
0008463	R00653
0008473	R00671
0008480	R00611
0008482	R00533
0008486	R05777
0008531	R00549
0008660	R00997
0008661	R05636
0008666	R04365
0008667	R01505
0008668	R12777
0008671	R03387
0008673	R01541
0008674	R01064
0008676	R03254
0008677	R02472
0008683	R00272
0008685	R05637
0008686	R07281
0008687	R03303
0008688	R06786
0008696	R05553
0008697	R04383
0008701	R00750
0008703	R03458
0008705	R00946
0008709	R02792
0008710	R03210
0008712	R05176
0008714	R00182
0008715	R01797
0008716	R01150
0008720	R00704
0008730	R00339
0008733	R01761
0008737	R03241
0008738	R02262
0008740	R02437
0008742	R05850
0008743	R01465
0008747	R01811
0008753	R07359
0008756	R04030
0008760	R00660
0008763	R03193
0008764	R02783
0008765	R02788
0008771	R04449
0008783	R01157
0008784	R00401
0008789	R01540
0008792	R00566
0008801	R02728
0008803	R00125
0008811	R03065
0008812	R01025
0008813	R01302
0008815	R00362
0008817	R05218
0008820	R05222
0008830	R06514
0008831	R02777
0008832	R01856
0008835	R03459
0008836	R00451
0008837	R02735
0008840	R02292
0008863	R00519
0008864	R00944
0008866	R02454
0008867	R05608
0008869	R03033
0008876	R00305
0008877	R00304
0008878	R00948
0008879	R02328
0008881	R00260
0008883	R04109
0008886	R01058
0008887	R01514
0008888	R01034
0008890	R00371
0008899	R01777
0008902	R03471
0008903	R01394
0008904	R03770
0008908	R03037
0008909	R01717
0008910	R01888
0008915	R04606
0008922	R07325
0008923	R00462
0008927	R05606
0008928	R00883
0008929	R01016
0008935	R04150
0008938	R01721
0008939	R04148
0008942	R00787,R00789
0008948	R00217
0008949	R01908
0008964	R00345
0008966	R02060
0008967	R01334
0008974	R01523
0008977	R01728
0008986	R00199
0008989	R07233
0008990	R07234
0009001	R00586
0009012	R02226
0009014	R02734
0009015	R04189
0009016	R04475
0009017	R00411
0009025	R01069
0009026	R02555
0009028	R00013
0009029	R04657
0009030	R00617
0009034	R00673
0009042	R01215
0009496	R03817
0009702	R01754
0009815	R07214
0009824	R04038
0009899	R05092
0009905	R02068
0009976	R07502,R07503,R10623,R10624
0010176	R07500
0010285	R07613
0010293	R06957
0010295	R07202
0010301	R06954
0010308	R07363
0010309	R07364
0015049	R01142,R01143
0015069	R03477
0016040	R00093
0016152	R02807
0016153	R02914
0016155	R00941
0016156	R00402
0016207	R01616
0016216	R04872
0016287	R01013
0016297	R08159,R08162
0016303	R03362
0016308	R03469
0016629	R03401
0016692	R00090
0016720	R05740
0016754	R03323
0016844	R03738
0016847	R00179
0016851	R03877
0016871	R03200
0016937	R01178
0016966	R00294
0016980	R01566
0016995	R01459
0017057	R02035
0017067	R04213
0017103	R00502
0017159	R02973
0017168	R00251
0017172	R00893
0017174	R00367
0017178	R03613
0017188	R00487
0018111	R00655
0018112	R01255
0018114	R01467
0018392	R06015
0018457	R03945
0018458	R03261
0018459	R03114
0018462	R05271
0018463	R05283
0018464	R05305
0018465	R02877
0018467	R00604
0018481	R05236
0018482	R05272
0018489	R05274
0018490	R00042
0018493	R03015
0018507	R04151
0018510	R05308
0018511	R05240
0018513	R05310
0018515	R05311
0018516	R05276
0018517	R05275
0018518	R05312
0018519	R05313
0018521	R05314
0018522	R02451
0018525	R05316
0018529	R09798
0018530	R07170
0018531	R03202
0018537	R04464
0018541	R05244
0018601	R03023
0018619	R03543
0018620	R03630
0018621	R01636
0018622	R03306
0018624	R03559
0018627	R05156
0018628	R05148
0018661	R02830
0018663	R04130
0018664	R01295
0018668	R01628
0018669	R02589
0018672	R00980
0018674	R02469
0018676	R02470
0018690	R01306
0018693	R05745
0018710	R05735
0018738	R00527
0018739	R01301
0018740	R07311
0018757	R05574
0018759	R03464
0018760	R05780
0018761	R04349
0018766	R07831
0018773	R00324
0018788	R05558
0018789	R02564
0018798	R03247
0018799	R01238
0018801	R03028
0018805	R05598
0018814	R07638
0018818	R05380
0018820	R00778
0018823	R05597
0018833	R04522
0018834	R00603
0018845	R05137
0018846	R02615
0018851	R04040
0018856	R05452
0018858	R01422
0018859	R01300
0018860	R00982
0018861	R03932
0018862	R05603
0019010	R08147,R08151
0019134	R05332
0019142	R00932
0019143	R03350
0019146	R01530
0019147	R03759
0019152	R02343
0019154	R00476
0019160	R01270
0019162	R01713
0019164	R01196
0019165	R02134
0019180	R04438
0019797	R03218
0019874	R03448
0030196	R01408
0030266	R01872
0030268	R04456
0030269	R04347
0030270	R03390
0030272	R02301
0030408	R02729
0030410	R00075
0030411	R02907
0030412	R02302
0030585	R00346
0030596	R02436
0030603	R00338
0030604	R05688
0030611	R05752
0030699	R07226
0030729	R01357
0030731	R01883
0030735	R02144
0030736	R01239
0030737	R03746
0030738	R02384
0030740	R01189
0030741	R01188
0030750	R01153
0030751	R03623
0030753	R02982
0030756	R03731
0030757	R05323
0030758	R03456
0030759	R04505
0030760	R02862
0030761	R04398
0030762	R04077
0030763	R04169
0030767	R02667
0030768	R04013
0030769	R02858
0030770	R02859
0030771	R04421
0030772	R08547
0030773	R03934
0030774	R00984
0030777	R03835
0030778	R03721
0030779	R04707
0030780	R04705
0030787	R01190
0030788	R03948
0030793	R05757
0030796	R05760
0030797	R05776
0030798	R05763
0030848	R05758
0031132	R06126
0031299	R05652
0032115	R07346
0032867	R01759
0033188	R08969
0033608	R07290
0033702	R06117
0033703	R06166
0033704	R07138
0033709	R07143,R07144
0033711	R04210
0033712	R08194
0033714	R02277
0033732	R07353
0033735	R07164,R07165
0033736	R07598
0033739	R07605
0033741	R05717
0033743	R07607
0033744	R07606
0033760	R07185
0033761	R07186,R07187
0033766	R05158
0033767	R06892
0033771	R07198
0033775	R05828
0033776	R07201
0033777	R07203
0033781	R07207
0033782	R07208
0033784	R07373
0033787	R02999
0033789	R07222
0033797	R07229
0033799	R06815
0033802	R07242
0033803	R06807
0033813	R03064
0033816	R06978
0033828	R05328
0033831	R07264
0033848	R05465
0033849	R08948
0033850	R08528
0033851	R08950
0033852	R03952
0033854	R07276
0033855	R07277
0033856	R05838
0033863	R06836
0033873	R07797
0033874	R07798
0033876	R07289
0033877	R05588
0033880	R07294
0033881	R07295
0033885	R07582
0033887	R03517
0033888	R03518
0033926	R04527
0033960	R07918
0033969	R07419
0033970	R07629
0033971	R06601
0033972	R05357
0033973	R07307
0033978	R08200
0033980	R04053
0033981	R07313
0033982	R07125
0033983	R07650
0033984	R02340
0033988	R07318
0033990	R06979
0034002	R06120
0034003	R06523
0034005	R07649
0034006	R07630
0034007	R07631
0034008	R07632
0034009	R08199
0034010	R07633
0034011	R07634
0034016	R06502
0034020	R06948
0034022	R06988
0034024	R07414
0034027	R05467
0034028	R07404
0034029	R08201
0034277	R09119
0034278	R09115
0034279	R09117
0034280	R09120
0034282	R09121
0034283	R09116
0034417	R09532
0034549	R06972
0034736	R01461
0034823	R08088
0034899	R05623
0035005	R05795
0035299	R05202
0035527	R09289
0035529	R00103
0035595	R09651
0035870	R03531
0036130	R02264
0036131	R02799
0036133	R05060
0036188	R06357
0036189	R06351
0036190	R07403
0036191	R07421
0036192	R07422
0036193	R07423
0036199	R09859
0036200	R09860
0036201	R09861
0036202	R09866
0036203	R09867
0036204	R06354
0036209	R09865
0036217	R01855
0036219	R00426
0036220	R00720
0036221	R00662
0036222	R02720
0036238	R09565
0036239	R09868
0036348	R09704
0036374	R00494
0036380	R08856
0036381	R10089
0036382	R09662
0036383	R09819
0036397	R09494
0036403	R07053
0036423	R09245
0036424	R00582
0036426	R07257
0036430	R00512
0036431	R01665
0036433	R05626
0036434	R00025
0036440	R00351
0036441	R03155
0042286	R02272
0042410	R03209
0042602	R05707
0042736	R00105
0043115	R03947
0043716	R07394
0043718	R07985
0043721	R05337
0043722	R07312
0043732	R07221
0043740	R07306
0043755	R04594
0043756	R05226
0043768	R01291
0043785	R07796
0043792	R07984
0043802	R05224
0043817	R07476
0043818	R05217
0043819	R05219
0043824	R05049
0043825	R04217
0043831	R07177
0043857	R07245
0043957	R00919
0044540	R02408
0045127	R01201
0045133	R01507
0045134	R00155
0045174	R01108
0045300	R03370
0045303	R06977
0045437	R01080
0045439	R04147
0045442	R05229
0045481	R02994
0045482	R02306
0045484	R00457
0045551	R03918
0046029	R07135
0046316	R01737
0046404	R03840
0046406	R04237
0046408	R06284
0046421	R00409
0046423	R03402
0046429	R08689
0046481	R04469
0046507	R05775
0046509	R02691
0046522	R04143
0046523	R04420
0046526	R01896
0046539	R02155
0046547	R05764
0046553	R00215
0046554	R00343
0046562	R01522
0046564	R00522
0046567	R06313
0046570	R07392
0046820	R01716
0046934	R04545
0046998	R07345
0047000	R01543
0047002	R02441
0047003	R02776
0047004	R00421
0047007	R03043
0047008	R03044
0047010	R05315
0047013	R02793
0047014	R00845
0047018	R02679
0047019	R02680
0047021	R04552
0047024	R04344
0047027	R04370
0047030	R04307
0047031	R04387
0047032	R04099
0047033	R03520
0047035	R01836
0047036	R05124
0047037	R04697
0047038	R07134
0047040	R01812
0047041	R01921
0047043	R04139
0047045	R01838
0047048	R04136
0047049	R03021
0047050	R03022
0047052	R04690
0047053	R03834
0047055	R04696
0047056	R04400
0047059	R03136
0047060	R03156
0047061	R00874
0047062	R04059
0047064	R00060
0047065	R00061
0047067	R02965
0047068	R04455
0047069	R03253
0047071	R04597
0047072	R01506
0047073	R01305
0047079	R02486
0047080	R01879
0047082	R03452
0047085	R02708
0047087	R04699
0047088	R04702
0047089	R04708
0047090	R02449
0047091	R00448
0047093	R05154
0047095	R03281
0047096	R01833
0047097	R03510
0047104	R01277
0047107	R03177
0047108	R04105
0047109	R04106
0047110	R02450
0047112	R00207
0047114	R03251
0047118	R03463
0047120	R01633
0047121	R05151
0047122	R03687
0047123	R05183
0047124	R03349
0047126	R00666
0047128	R04695
0047129	R03732
0047130	R00716
0047131	R02313
0047135	R02742
0047136	R04303
0047143	R03575
0047147	R02573
0047148	R01586
0047149	R04153
0047150	R02821
0047151	R03704
0047153	R01669
0047156	R02345
0047158	R00063
0047160	R03455
0047161	R03965
0047162	R03230
0047163	R04050
0047168	R01946
0047169	R03727
0047170	R02899
0047174	R01944
0047176	R04498
0047180	R04723
0047185	R01806
0047189	R04211
0047190	R01319
0047194	R04333
0047198	R04950
0047199	R04227
0047200	R04364
0047201	R00049
0047202	R03075
0047203	R04205
0047204	R02998
0047208	R03548
0047212	R03710
0047215	R03094
0047219	R02179
0047221	R00853
0047227	R04334
0047231	R01912
0047239	R02709
0047240	R04431
0047246	R06827
0047247	R06828
0047248	R04577
0047249	R04359
0047250	R01304
0047258	R01928
0047261	R04451
0047264	R03768,R03769
0047278	R00062
0047279	R00854
0047280	R01271
0047282	R04222
0047289	R03468
0047290	R04635
0047294	R04158
0047295	R04520
0047298	R04188
0047299	R01376
0047300	R01712
0047301	R02200
0047302	R04529
0047303	R00373
0047304	R04152
0047305	R02050
0047306	R03001
0047307	R02293
0047308	R02970
0047309	R02077
0047310	R02781
0047311	R03502
0047312	R00692
0047315	R01957
0047316	R01375
0047319	R00695
0047320	R04234
0047324	R01012
0047325	R03479
0047326	R03478
0047327	R00850
0047331	R01044
0047332	R00584
0047333	R03395
0047336	R04235
0047341	R01951
0047342	R02329
0047343	R00956
0047344	R00954
0047345	R01052
0047348	R00856
0047349	R02921
0047350	R01381
0047351	R00012
0047352	R01619
0047353	R03375
0047354	R01929
0047357	R00504
0047360	R01535
0047364	R03214,R08167
0047365	R02632
0047366	R02633
0047368	R04476
0047371	R01365
0047373	R04490
0047374	R04141
0047376	R02368
0047377	R04525
0047378	R04043
0047382	R04317
0047383	R03496
0047386	R02730
0047387	R02817
0047388	R03474
0047390	R02591
0047393	R02648
0047395	R01193
0047400	R00318
0047401	R01930
0047406	R01266
0047413	R02552
0047414	R04397
0047415	R04113
0047421	R01581
0047422	R02182
0047423	R03187
0047425	R02280
0047427	R00486
0047431	R03461
0047432	R03854
0047433	R03894
0047435	R03178
0047436	R05173
0047439	R01576
0047440	R01782
0047441	R05378
0047445	R08090
0047446	R02232
0047448	R02279
0047449	R02278
0047452	R03742
0047453	R00129
0047454	R04728
0047456	R04425
0047458	R03134
0047459	R03030
0047460	R02605
0047462	R00686
0047463	R04736
0047466	R04576
0047469	R04510
0047472	R03307
0047475	R02539
0047478	R00482
0047482	R02786
0047483	R04068
0047493	R01891
0047494	R02563
0047500	R02944
0047501	R02548
0047502	R03745
0047503	R02945
0047504	R02177
0047505	R02178
0047508	R03896
0047509	R03198
0047510	R03693
0047511	R02764
0047512	R03707
0047518	R03885
0047519	R01873
0047520	R03049
0047521	R03495
0047522	R04556,R04557
0047528	R00983
0047529	R01355
0047532	R03810
0047535	R03963
0047536	R01939
0047538	R04167
0047541	R02986
0047542	R02987
0047543	R02463
0047544	R03964
0047546	R03206
0047547	R04424
0047548	R03908
0047549	R00828
0047550	R01932
0047554	R04277
0047556	R01634
0047557	R01609
0047558	R01267
0047560	R02978
0047561	R02666
0047562	R00478
0047563	R01508
0047564	R03212
0047565	R01608
0047566	R04367
0047567	R03930
0047572	R01511
0047574	R04056
0047575	R03470
0047576	R01307
0047577	R01644
0047579	R02673
0047580	R03296
0047581	R02711
0047582	R02712
0047583	R01144
0047584	R04478
0047585	R02992
0047587	R03675
0047589	R02274
0047591	R04057
0047592	R04570
0047593	R00327
0047594	R03737
0047596	R03567
0047597	R02995
0047599	R03667
0047601	R00320
0047602	R01366
0047603	R01358
0047604	R02949
0047609	R01156
0047610	R02942
0047611	R07300
0047612	R00394
0047613	R02243
0047614	R02244
0047618	R01425
0047627	R00531
0047630	R03969
0047633	R01417
0047634	R01617
0047636	R00398
0047638	R03712
0047641	R00834
0047644	R03573
0047647	R03454
0047648	R03620
0047649	R04126
0047650	R03944
0047651	R03523
0047653	R03925
0047655	R03572
0047660	R00777
0047663	R01889
0047665	R02271
0047666	R00141
0047668	R02985
0047670	R04060
0047671	R00979
0047672	R02453
0047673	R00989
0047674	R03577
0047675	R03032
0047676	R01598
0047677	R01594
0047678	R00559
0047680	R01862
0047689	R00491
0047691	R03799
0047695	R00027
0047697	R00906
0047699	R03781
0047703	R03900
0047705	R02394
0047706	R02954
0047709	R04202
0047710	R00187
0047713	R02928
0047715	R03939
0047716	R03621
0047717	R04066
0047719	R02338
0047720	R04093
0047721	R03095
0047722	R01971
0047723	R01128
0047727	R01181
0047728	R02395
0047729	R02398
0047732	R04266
0047733	R02426
0047734	R00855
0047739	R03062
0047740	R03063
0047741	R03612
0047743	R03716
0047744	R04602
0047745	R02997
0047751	R02610
0047753	R01028
0047754	R01027
0047755	R02318
0047758	R04002
0047761	R01688
0047762	R03365
0047766	R00213
0047768	R03308
0047771	R02284
0047772	R01336
0047773	R01922
0047776	R00325
0047777	R00237
0047779	R01322
0047784	R02837
0047785	R02839
0047788	R03709
0047789	R01884
0047793	R03775
0047796	R03211
0047797	R02234
0047799	R02554
0047800	R02467
0047802	R04338
0047805	R00574
0047807	R04071
0047808	R00340
0047809	R00297
0047811	R01149
0047814	R01573
0047815	R02714
0047817	R02458
0047818	R03671
0047820	R01583
0047821	R00279
0047825	R01448
0047826	R02852,R03275
0047827	R00452
0047828	R01898
0047831	R02461
0047832	R03498
0047835	R02481
0047836	R02482
0047837	R01430
0047841	R02658
0047842	R01905
0047843	R07153
0047845	R03803
0047850	R02755
0047854	R01418
0047855	R04623
0047856	R03692
0047857	R00975
0047858	R03127
0047860	R03431
0047861	R03207
0047862	R01533
0047863	R01659
0047864	R03345
0047865	R01565
0047866	R01564
0047867	R01211
0047868	R03069
0047869	R02574
0047870	R03726
0047871	R03216
0047875	R02373
0047877	R03614
0047878	R02430
0047880	R08573
0047882	R03086
0047885	R03265
0047886	R03264
0047887	R02303
0047888	R01703
0047894	R02159
0047897	R02238
0047899	R00134
0047900	R00518
0047904	R00873
0047906	R03723
0047907	R04538
0047912	R01980
0047913	R03297
0047917	R00337
0047919	R00880
0047920	R03860
0047921	R03056
0047922	R02656
0047923	R02489
0047925	R03494
0047926	R02007
0047929	R01538
0047932	R01204
0047933	R01660
0047939	R01481
0047940	R01476
0047941	R03183
0047942	R02929
0047943	R01585
0047945	R00576
0047948	R02402
0047950	R00120
0047951	R00547
0047953	R01039
0047954	R01043
0047955	R01045
0047962	R02452
0047966	R00534
0047967	R03906
0047968	R00468
0047969	R00466
0047970	R00775
0047971	R01990
0047972	R00913
0047973	R02575
0047976	R03766
0047980	R01424
0047981	R01160
0047983	R02741
0047986	R01850
0047989	R00048
0047990	R04135
0047991	R00793
0047992	R03378
0047993	R02969
0047994	R02083
0047996	R07151
0047997	R01393
0047998	R03812
0047999	R00023
0048001	R01825
0048040	R01384
0048244	R05722
0048472	R06530
0050003	R01670
0050005	R03493
0050007	R03072
0050008	R03782
0050009	R01550
0050010	R03686
0050012	R04327
0050014	R01014
0050015	R03622
0050019	R01903
0050020	R02522
0050021	R02526
0050023	R03688
0050024	R00643
0050028	R00463
0050029	R00447
0050031	R02204
0050032	R03774
0050033	R03772
0050034	R03942
0050035	R01695
0050036	R03733
0050037	R03586
0050038	R01904
0050039	R02259
0050040	R00319
0050041	R00753
0050042	R01447
0050043	R01450
0050044	R03240
0050047	R01091
0050050	R01089
0050052	R04256
0050054	R00043
0050056	R04366
0050058	R03627
0050064	R03589
0050065	R00453
0050066	R00461
0050067	R00449
0050068	R01396
0050070	R03334
0050073	R03780
0050075	R02419
0050076	R01087
0050078	R00743
0050084	R02167
0050085	R00870
0050088	R01817
0050089	R00877
0050091	R03369
0050092	R02544
0050093	R00605
0050094	R00652
0050095	R00656
0050096	R03696
0050097	R00262
0050098	R01589
0050099	R00609
0050100	R03070
0050101	R04350
0050104	R02640
0050106	R01145
0050111	R05189
0050112	R01183
0050113	R01184
0050114	R02782
0050116	R02509
0050117	R00909
0050118	R02733
0050119	R01200
0050120	R01202
0050122	R01203
0050123	R02651
0050125	R02551
0050126	R01152
0050127	R01563
0050128	R03579
0050129	R00525
0050130	R01587
0050132	R01584
0050133	R03168
0050134	R00612
0050137	R00113
0050138	R01720
0050139	R01722
0050143	R03073
0050150	R00821
0050151	R02813
0050153	R03886
0050154	R04388
0050156	R00664
0050158	R01866
0050159	R02831
0050160	R00054
0050161	R01559
0050162	R00273
0050163	R00363
0050166	R02471
0050167	R02972
0050168	R02938
0050172	R00690
0050176	R00693
0050179	R01766
0050180	R02901
0050181	R04119
0050182	R01174
0050183	R03476
0050184	R03475
0050185	R03360
0050187	R01882
0050188	R00661
0050189	R00208
0050190	R00949
0050191	R01517
0050192	R01748
0050194	R00747
0050195	R01050
0050197	R03631
0050198	R02505
0050199	R03994
0050201	R03161
0050202	R03358
0050203	R01558
0050204	R00477
0050205	R02937
0050206	R03796
0050212	R02214
0050214	R02212
0050215	R02376
0050216	R04236
0050217	R00038
0050219	R04565
0050220	R02265
0050223	R00822
0050224	R02558
0050225	R03315
0050231	R01399
0050233	R00302
0050234	R02378
0050235	R01707
0050236	R01708
0050240	R03246
0050242	R00206
0050243	R00210
0050244	R00211
0050246	R02417
0050247	R03703
0050249	R03138
0050251	R02369
0050255	R01895
0050257	R00550
0050258	R01732
0050259	R01079
0050260	R01053
0050261	R01081
0050262	R02324
0050264	R03736
0050270	R00193
0050272	R04003
0050273	R00499
0050274	R03558
0050275	R03594
0050276	R03384
0050277	R01844
0050280	R03497
0050285	R02381
0050286	R02866
0050287	R01694
0050288	R01696
0050290	R02542
0050292	R04392
0050293	R03641
0050295	R01460
0050296	R03739
0050299	R02227
0050300	R02225
0050301	R02228
0050302	R02681
0050304	R02804
0050305	R00368
0050307	R00805,R06211
0050308	R00804
0050314	R03271
0050315	R03359
0050317	R02927
0050318	R00053
0050319	R01751
0050320	R02546
0050323	R07167
0050324	R03785
0050325	R01683
0050329	R04154
0050330	R02930
0050332	R02863
0050333	R00618
0050334	R02133
0050336	R03668
0050344	R02254
0050345	R02547
0050346	R04374
0050348	R07248
0050349	R03702
0050351	R02504
0050352	R02512
0050353	R03451
0050354	R01059
0050355	R00138
0050356	R02832
0050357	R03563
0050358	R06734
0050361	R00679
0050365	R00682
0050367	R00735
0050368	R00739
0050371	R00728
0050373	R01473
0050374	R02636
0050377	R00293
0050378	R01385
0050379	R01387
0050380	R05627
0050382	R00973
0050384	R02646
0050385	R00776
0050386	R00484
0050387	R02359
0050388	R01981
0050390	R01437
0050392	R03642
0050393	R03031
0050395	R03565
0050396	R04412
0050399	R03787
0050400	R02136
0050401	R02429
0050403	R02118
0050404	R02119
0050409	R04335
0050410	R03747
0050412	R02256
0050413	R01225
0050415	R02285
0050422	R03820
0050437	R02004
0050438	R00998
0050439	R00474
0050440	R00931
0050441	R01180
0050442	R03040
0050445	R03761
0050447	R03133
0050448	R04080
0050449	R02064
0050454	R03025
0050455	R00044
0050456	R00892
0050457	R03735
0050458	R03859
0050459	R00748
0050461	R04091
0050467	R02305
0050468	R03831
0050469	R02006
0050472	R05702
0050480	R02288
0050481	R03794
0050487	R05651
0050491	R05678
0050502	R07260
0050504	R05768
0050505	R05769
0050506	R05882
0050507	R06048
0050513	R06016
0050515	R05634
0050518	R05633
0050520	R05794
0050524	R04541
0050529	R05825
0050530	R05791
0050531	R05790
0050532	R05789
0050536	R07301
0050537	R05783
0050539	R05781
0050540	R03887
0050545	R05774
0050546	R03341
0050547	R12566
0050549	R05771
0050551	R02009
0050553	R06305
0050554	R06301
0050556	R05750
0050557	R05749
0050558	R07319
0050559	R06298
0050564	R04870
0050569	R01333
0050571	R05682
0050573	R05687
0050574	R05689
0050575	R05690
0050579	R05827
0050584	R05718
0050586	R05720
0050587	R05721
0050588	R08889
0050590	R05857
0050591	R05727
0050592	R05728
0050593	R05732
0050594	R05855
0050596	R05877
0050597	R06309
0050598	R06308
0050599	R05301
0050603	R05742
0050604	R06306
0050606	R04279
0050608	R05699
0050609	R05746
0050610	R05748
0050615	R05879
0050621	R05317
0050623	R07169
0050624	R05878
0050625	R05399
0050628	R05713
0050631	R07241
0050632	R05330
0050635	R07250
0050636	R05876
0050637	R07251
0050638	R06307
0050639	R07252
0050641	R07253
0050642	R06310
0050643	R06311
0050644	R05324
0050659	R10868,R10869
0050797	R06613
0051116	R05227
0051266	R02864
0051745	R05884
0051786	R07163
0051903	R06983,R07140
0051907	R06982
0051921	R05225
0051997	R06604
0052577	R07648
0052581	R06417
0052582	R08923
0052587	R02855
0052588	R09078
0052597	R03139,R05334
0052598	R02150
0052601	R06398,R09385,R09389,R09393
0052621	R08057
0052622	R08051,R08052
0052624	R06859
0052650	R08379
0052654	R01090
0052655	R01214
0052656	R02199
0052657	R01229
0052658	R03394
0052659	R03430
0052660	R03080
0052661	R02258
0052662	R06946,R06947,R10070
0052664	R00799,R10389
0052675	R05686
0052676	R05685
0052678	R06302
0052680	R07830
0052681	R08370
0052682	R09140
0052684	R00674
0052686	R06368
0052687	R06396
0052688	R06515
0052689	R00630
0052692	R01103
0052706	R01169,R04436,R10523,R10524
0052716	R00083
0052723	R05799
0052725	R03429
0052726	R03428
0052729	R07244
0052730	R07243
0052731	R06871
0052732	R06870
0052733	R06846
0052734	R06847
0052737	R03145
0052741	R06119
0052748	R09533
0052749	R09550
0052750	R07612
0052761	R08715
0052823	R06789
0052845	R05779
0052851	R09541
0052869	R07041
0052873	R05706
0052874	R05705
0052875	R09750
0052876	R00606
0052878	R07061
0052879	R07062
0052885	R08388
0052892	R09359
0052897	R09075
0052901	R09076
0052903	R03899
0052907	R07232
0052917	R06260
0052918	R06261
0052922	R09246
0052923	R07267,R09250
0052924	R09251
0052925	R06258
0052926	R06259
0052927	R09383,R09384
0052929	R09386
0052933	R10713
0052934	R05198,R05285
0055041	R02553
0070204	R08165
0070205	R08166
0070448	R06816
0070626	R04559
0071111	R08991
0080062	R08369
0080109	R04020
0080130	R00694
0090489	R08160
0097266	R09838
0102373	R10924
0102506	R10261
0120242	R11098
0120243	R11099
0120519	R12978
0120525	R10285
0120526	R11646
0120529	R10129
0140393	R10309
0140398	R10479
0140643	R02081
0141035	R09944
0141152	R00842
0141153	R00844
0141197	R10859
0160220	R09588
0160222	R09595
0160298	R13518
0160301	R13520
0160302	R13499
1,2-dehydroreticulinium reductase (NADPH) activity	R04695
1,2-diacylglycerol 3-beta-galactosyltransferase activity	R02691
1,2-dihydrovomilenine reductase activity	R05879
1,2-dihydroxy-6-methylcyclohexa-3,5-dienecarboxylate dehydrogenase activity	R05314
1,4-dihydroxy-2-naphthoyl-CoA synthase activity	R04150
1,5-anhydro-D-fructose reductase (1,5-anhydro-D-mannitol-forming) activity	R08194
1,5-anhydro-D-fructose reductase activity	R05682
1-(5-phosphoribosyl)-5-[(5-phosphoribosylamino)methylideneamino]imidazole-4-carboxamide isomerase activity	R04640
1-aminocyclopropane-1-carboxylate deaminase activity	R00997
1-aminocyclopropane-1-carboxylate oxidase activity	R07214
1-aminocyclopropane-1-carboxylate synthase activity	R00179
1-deoxy-D-xylulose-5-phosphate reductoisomerase activity	R05688
1-deoxy-D-xylulose-5-phosphate synthase activity	R05636
1-methyladenosine nucleosidase activity	R03885
1-phosphatidylinositol 4-kinase activity	R03361
1-phosphatidylinositol-3-kinase activity	R03362
1-phosphatidylinositol-3-phosphate 5-kinase activity	R05802
1-phosphatidylinositol-4,5-bisphosphate 3-kinase activity	R04545
1-phosphatidylinositol-4-phosphate 3-kinase activity	R05795
1-phosphatidylinositol-4-phosphate 5-kinase activity	R03469
1-pyrroline-4-hydroxy-2-carboxylate deaminase activity	R02280
10-deacetylbaccatin III 10-O-acetyltransferase activity	R06311
10-hydroxy-9-(phosphonooxy)octadecanoate phosphatase activity	R07582
10-hydroxydihydrosanguinarine 10-O-methyltransferase activity	R04707
10-hydroxytaxane O-acetyltransferase activity	R07252
11-cis-retinyl-palmitate hydrolase activity	R03049
11-hydroxythromboxane B2 dehydrogenase activity	R05060
12-beta-hydroxysteroid dehydrogenase (NADP+) activity	R03495
12-hydroxydihydrochelirubine 12-O-methyltransferase activity	R04705
12-oxophytodienoate reductase activity	R03401
13-hydroxylupinine O-tigloyltransferase activity	R04205
15-hydroxyprostaglandin dehydrogenase (NADP+) activity	R04552
15-hydroxyprostaglandin-I dehydrogenase (NADP+) activity	R03520
15-oxoprostaglandin 13-reductase [NAD(P)+] activity	R04556,R04557
16-methoxy-2,3-dihydro-3-hydroxytabersonine N-methyltransferase activity	R04013
17-O-deacetylvindoline O-acetyltransferase activity	R03230
1D-1-guanidino-3-amino-1,3-dideoxy-scyllo-inositol transaminase activity	R03502
2'-deoxymugineic-acid 2'-dioxygenase activity	R07185
2'-hydroxybiphenyl-2-sulfinate desulfinase activity	R07311
2,2-dialkylglycine decarboxylase (pyruvate) activity	R03854
2,3,4,5-tetrahydropyridine-2,6-dicarboxylate N-succinyltransferase activity	R04365
2,3-diaminopropionate N-oxalyltransferase activity	R04211
2,3-dihydro-2,3-dihydroxybenzoate dehydrogenase activity	R01505
2,3-dihydroxy-2,3-dihydro-p-cumate dehydrogenase activity	R05240
2,3-dihydroxybenzoate 2,3-dioxygenase activity	R01506
2,3-dihydroxybenzoate 3,4-dioxygenase activity	R01507
2,3-dihydroxybenzoate--[aryl-carrier protein] ligase	R12777
2,3-dihydroxyindole 2,3-dioxygenase activity	R00983
2,3-dimethylmalate lyase activity	R01355
2,4'-dihydroxyacetophenone dioxygenase activity	R01305
2,4-dichlorobenzoyl-CoA reductase activity	R05276
2,5-dioxopiperazine hydrolase activity	R03810
2,6-dihydroxypyridine 3-monooxygenase activity	R04130
2-(R)-hydroxypropyl-CoM dehydrogenase activity	R05689
2-(S)-hydroxypropyl-CoM dehydrogenase activity	R05690
2-(hydroxymethyl)-3-(acetamidomethylene)succinate hydrolase activity	R04397
2-C-methyl-D-erythritol 2,4-cyclodiphosphate synthase activity	R05637
2-C-methyl-D-erythritol 4-phosphate cytidylyltransferase activity	R05633
2-acylglycerophosphocholine O-acyltransferase activity	R01319
2-alkyn-1-ol dehydrogenase activity	R03963
2-alpha-hydroxytaxane 2-O-benzoyltransferase activity	R06310
2-amino-4-hydroxy-6-hydroxymethyldihydropteridine diphosphokinase activity	R03503
2-aminoadipate transaminase activity	R01939
2-aminobenzenesulfonate 2,3-dioxygenase activity	R05156
2-aminoethylphosphonate-pyruvate transaminase activity	R04152
2-aminohexano-6-lactam racemase activity	R04736
2-aminomuconate deaminase activity	R03887
2-carboxy-D-arabinitol-1-phosphatase activity	R04167
2-chloro-4-carboxymethylenebut-2-en-1,4-olide isomerase activity	R04576
2-coumarate O-beta-glucosyltransferase activity	R03710
2-coumarate reductase activity	R03709
2-dehydro-3-deoxy-6-phosphogalactonate aldolase activity	R01064
2-dehydro-3-deoxy-D-gluconate 6-dehydrogenase activity	R01543
2-dehydro-3-deoxy-D-pentonate aldolase activity	R01782
2-dehydro-3-deoxy-L-arabinonate dehydratase activity	R02278
2-dehydro-3-deoxygalactonokinase activity	R03387
2-dehydro-3-deoxygluconokinase activity	R01541
2-dehydropantoate 2-reductase activity	R02472
2-dehydropantolactone reductase activity	R03155
2-deoxyglucose-6-phosphatase activity	R02587
2-ethylmalate synthase activity	R00998
2-furoate-CoA ligase activity	R02986
2-furoyl-CoA dehydrogenase activity	R02987
2-hexadecenal reductase activity	R02463
2-hydroxy-1,4-benzoquinone reductase (NADH) activity	R05399
2-hydroxy-1,4-benzoxazin-3-one monooxygenase activity	R07423
2-hydroxy-3-keto-5-methylthiopentenyl-1-phosphate phosphatase activity	R07394
2-hydroxy-3-oxoadipate synthase activity	R00474
2-hydroxy-6-oxo-6-phenylhexa-2,4-dienoate reductase activity	R03463
2-hydroxy-6-oxonona-2,4,7-trienedioate hydrolase activity	R06789
2-hydroxybiphenyl 3-monooxygenase (NADH) activity	R03964
2-hydroxychromene-2-carboxylate isomerase activity	R05137
2-hydroxycyclohexanone 2-monooxygenase activity	R03281
2-hydroxyglutarate synthase activity	R00932
2-hydroxymethylglutarate dehydrogenase activity	R07985
2-hydroxypyridine 5-monooxygenase activity	R03206
2-hydroxyquinoline 8-monooxygenase activity	R05158
2-iminobutanoate deaminase activity	R11098
2-iminopropanoate deaminase activity	R11099
2-isopropylmalate synthase activity	R01213
2-methylcitrate dehydratase activity	R04424
2-methylcitrate synthase activity	R00931
2-methyleneglutarate mutase activity	R03908
2-methylisocitrate dehydratase activity	R04425
2-nitrophenol 2-monooxygenase activity	R00828
2-oxo-4-hydroxy-4-carboxy-5-ureidoimidazoline decarboxylase activity	R06604
2-oxoadipate reductase activity	R01932
2-oxoglutarate carboxylase activity	R08201
2-oxoglutarate decarboxylase activity	R00272
2-oxopropyl-CoM reductase (carboxylating) activity	R05713
2-phosphosulfolactate phosphatase activity	R05789
2-phytyl-1,4-naphthoquinone methyltransferase activity	R06859
2-pyrone-4,6-dicarboxylate lactonase activity	R04277
2-succinyl-5-enolpyruvyl-6-hydroxy-3-cyclohexene-1-carboxylic-acid synthase activity	R08165
2-succinyl-6-hydroxy-2,4-cyclohexadiene-1-carboxylate synthase activity	R08166
23S rRNA (adenine(1618)-N(6))-methyltransferase activity	R07232
24-methylenesterol C-methyltransferase activity	R05776
24S-hydroxycholesterol 7-alpha-hydroxylase activity	R07208
3'-demethylstaurosporine O-methyltransferase activity	R05757
3,4-dichloroaniline N-malonyltransferase activity	R04050
3,4-dihydroxy-2-butanone-4-phosphate synthase activity	R07281
3,4-dihydroxy-9,10-secoandrosta-1,3,5(10)-triene-9,17-dione 4,5-dioxygenase activity	R04597
3,4-dihydroxyphenylacetate 2,3-dioxygenase activity	R03303
3,4-dihydroxyphthalate decarboxylase activity	R01634
3,7-dimethylquercitin 4'-O-methyltransferase activity	R03456
3,9-dihydroxypterocarpan 6a-monooxygenase activity	R03452
3-(3-hydroxyphenyl)propionate hydroxylase activity	R06786
3-(hydroxyamino)phenol mutase activity	R06988
3-aci-nitropropanoate oxidase activity	R01609
3-alpha-hydroxycholanate dehydrogenase activity	R04139
3-alpha-hydroxyglycyrrhetinate dehydrogenase activity	R04099
3-aminobutyryl-CoA ammonia-lyase activity	R03030
3-beta-hydroxy-5-alpha-steroid dehydrogenase (NADP+) activity	R07138
3-beta-hydroxy-5-beta-steroid dehydrogenase (NADP+) activity	R06166
3-carboxy-cis,cis-muconate cycloisomerase activity	R03307
3-cyanoalanine hydratase activity	R01267
3-dehydro-L-gulonate-6-phosphate decarboxylase activity	R07125
3-dehydroquinate dehydratase activity	R03084
3-dehydroquinate synthase activity	R03083
3-dehydrosphinganine reductase activity	R02978
3-deoxy-7-phosphoheptulonate synthase activity	R01826
3-deoxy-8-phosphooctulonate synthase activity	R03254
3-deoxy-D-manno-octulosonate aldolase activity	R01576
3-deoxy-manno-octulosonate-8-phosphatase activity	R03350
3-ethylmalate synthase activity	R01180
3-hydroxy-2-methylpyridine-4,5-dicarboxylate 4-decarboxylase activity	R03461
3-hydroxy-2-methylquinolin-4-one 2,4-dioxygenase activity	R05720
3-hydroxy-3-isohexenylglutaryl-CoA lyase activity	R08090
3-hydroxy-9,10-secoandrosta-1,3,5(10)-triene-9,17-dione monooxygenase activity	R09819
3-hydroxyanthranilate 3,4-dioxygenase activity	R02665
3-hydroxyanthranilate 4-C-methyltransferase activity	R02667
3-hydroxyanthranilate oxidase activity	R02666
3-hydroxyaspartate aldolase activity	R00478
3-hydroxybenzoate 2-monooxygenase activity	R01508
3-hydroxybenzoate 4-monooxygenase activity	R01628
3-hydroxybenzoate 6-monooxygenase activity	R02589
3-hydroxybenzyl-alcohol dehydrogenase activity	R04136
3-hydroxybutyrate dehydrogenase activity	R01361
3-hydroxycyclohexanone dehydrogenase activity	R03212
3-hydroxyindolin-2-one monooxygenase activity	R07422
3-hydroxypimeloyl-CoA dehydrogenase activity	R05305
3-hydroxypropionate dehydrogenase (NAD+) activity	R01608
3-hydroxypropionate dehydrogenase (NADP+) activity	R09289
3-ketosteroid 9-alpha-monooxygenase activity	R09860
3-ketovalidoxylamine C-N-lyase activity	R04367
3-methylbutanal reductase (NADH) activity	R05685
3-methylbutanal reductase (NADPH) activity	R05686
3-methyleneoxindole reductase activity	R03930
3-methylquercitin 7-O-methyltransferase activity	R05323
3-oxo-5-alpha-steroid 4-dehydrogenase (NADP+) activity	R02610
3-oxolaurate decarboxylase activity	R03747
3-phosphoglycerate phosphatase activity	R01511
3-phosphoshikimate 1-carboxyvinyltransferase activity	R03460
3-propylmalate synthase activity	R03040
4-(cytidine 5'-diphospho)-2-C-methyl-D-erythritol kinase activity	R05634
4-(dimethylamino)phenylazoxybenzene reductase activity	R04303
4-(hydroxymethyl)benzenesulfonate dehydrogenase activity	R05271
4-acetamidobutyryl-CoA deacetylase activity	R04056
4-alpha-hydroxytetrahydrobiopterin dehydratase activity	R04734
4-amino-4-deoxychorismate lyase activity	R05553
4-amino-4-deoxychorismate synthase activity	R01716
4-carboxy-2-hydroxymuconate semialdehyde hemiacetal dehydrogenase activity	R04279
4-carboxymethyl-4-methylbutenolide mutase activity	R04510
4-carboxymuconolactone decarboxylase activity	R03470
4-chlorobenzoate dehalogenase activity	R01307
4-chlorobenzoate-CoA ligase activity	R03932
4-chlorophenylacetate 3,4-dioxygenase activity	R03306
4-coumarate-CoA ligase activity	R01616
4-deoxy-L-threo-5-hexosulose-uronate ketol-isomerase activity	R04383
4-formylbenzenesulfonate dehydrogenase activity	R05272
4-hydroxy-2-oxovalerate aldolase activity	R00750
4-hydroxy-3-methylbut-2-en-1-yl diphosphate synthase activity (ferredoxin)	R08689
4-hydroxy-3-methylbut-2-enyl diphosphate reductase activity	R05884
4-hydroxy-3-methylbut-2-enyl-diphosphate synthase activity (flavodoxin)	R10859
4-hydroxy-tetrahydrodipicolinate synthase activity	R02292
4-hydroxyacetophenone monooxygenase activity	R06892
4-hydroxybenzoate 4-O-beta-D-glucosyltransferase activity	R01304
4-hydroxybenzoate decarboxylase activity	R01238
4-hydroxybenzoate-CoA ligase activity	R01300
4-hydroxybenzoyl-CoA reductase activity	R05316
4-hydroxybenzoyl-CoA thioesterase activity	R01301
4-hydroxybutanoyl-CoA dehydratase activity	R05337
4-hydroxybutyrate dehydrogenase activity	R01644
4-hydroxycyclohexanecarboxylate dehydrogenase activity	R04307
4-hydroxymandelate oxidase activity	R02673
4-hydroxymuconic-semialdehyde dehydrogenase activity	R05236
4-hydroxyphenylacetaldehyde oxime monooxygenase activity	R05728
4-hydroxyphenylacetate decarboxylase activity	R07312
4-hydroxyphenylpyruvate decarboxylase activity	R03341
4-hydroxyphenylpyruvate oxidase activity	R00042
4-hydroxyproline epimerase activity	R03296
4-hydroxyquinoline 3-monooxygenase activity	R05154
4-methoxybenzoate monooxygenase (O-demethylating) activity	R01306
4-methyleneglutamate-ammonia ligase activity	R02711
4-methyleneglutaminase activity	R02712
4-methyloxaloacetate esterase activity	R01144
4-nitrophenol 2-monooxygenase activity	R03023
4-oxalmesaconate hydratase activity	R04478
4-phosphoerythronate dehydrogenase activity	R04210
4-pyridoxolactonase activity	R02992
4-sulfobenzoate 3,4-dioxygenase activity	R01636
5,6-dihydroxy-3-methyl-2-oxo-1,2,5,6-tetrahydroquinoline dehydrogenase activity	R05312
5-(3,4-diacetoxybut-1-ynyl)-2,2'-bithiophene deacetylase activity	R04525
5-(carboxyamino)imidazole ribonucleotide synthase activity	R07404
5-alpha-androstane-3-beta,17-beta-diol dehydrogenase (NADP+) activity	R04344
5-alpha-hydroxysteroid dehydratase activity	R03675
5-amino-6-(5-phosphoribosylamino)uracil reductase activity	R03458
5-aminolevulinate synthase activity	R00830
5-aminovalerate transaminase activity	R02274
5-dehydro-2-deoxyphosphogluconate aldolase activity	R05378
5-dehydro-4-deoxyglucarate dehydratase activity	R02279
5-formyltetrahydrofolate cyclo-ligase activity	R02301
5-guanidino-2-oxopentanoate decarboxylase activity	R03178
5-hydroxypentanoate CoA-transferase activity	R04057
5-methyldeoxycytidine-5'-phosphate kinase activity	R04235
5-methyltetrahydropteroyltriglutamate-homocysteine S-methyltransferase activity	R04405
5-oxoprolinase (ATP-hydrolyzing) activity	R00251
5-pyridoxate dioxygenase activity	R04570
6-acetylglucose deacetylase activity	R00327
6-aminohexanoate-cyclic-dimer hydrolase activity	R03448
6-beta-hydroxyhyoscyamine epoxidase activity	R03737
6-carboxyhexanoate-CoA ligase activity	R03209
6-carboxymethyl-5-methyl-4-hydroxypyridin-2-ol 3-C-methyltransferase activity	R13499
6-endo-hydroxycineole dehydrogenase activity	R02994
6-hydroxyhexanoate dehydrogenase activity	R05283
6-hydroxymellein O-methyltransferase activity	R03934
6-hydroxynicotinate dehydrogenase activity	R07221
6-methylsalicylate decarboxylase activity	R03567
6-methylsalicylic acid synthase activity	R07253
6-oxocineole dehydrogenase activity	R02995
6-phosphofructo-2-kinase activity	R02732
6-phosphogluconolactonase activity	R02035
6-pyruvoyltetrahydropterin synthase activity	R04286
7,8-dihydroxykynurenate 8,8a-dioxygenase activity	R03253
8-amino-7-oxononanoate synthase activity	R03210
8-hydroxyfuranocoumarin 8-O-methyltransferase activity	R02982
8-hydroxyquercitin 8-O-methyltransferase activity	R04398
8-oxocoformycin reductase activity	R03667
9,12-octadecadienoate 8-hydroperoxide 8S-isomerase activity	R07062
9beta-pimara-7,15-diene oxidase activity	R09865
ADP-glyceromanno-heptose 6-epimerase activity	R05176
ADP-phosphoglycerate phosphatase activity	R03969
AMP dimethylallyltransferase activity	R04038
AMP nucleosidase activity	R00182
ATP citrate synthase activity	R00352
ATP-dependent NAD(P)H-hydrate dehydratase activity	R00129
ATP-dependent polydeoxyribonucleotide 5'-hydroxyl-kinase activity	R03840
ATP/ADP dimethylallyltransferase activity	R08051,R08052
ATP:2-methylpropanoate phosphotransferase activity	R04002
ATP:3'-cytidine-cytidine-tRNA adenylyltransferase activity	R09386
CC tRNA cytidylyltransferase activity	R09383,R09384
CDP-abequose epimerase activity	R04266
CDP-diacylglycerol diphosphatase activity	R01797
CDP-diacylglycerol-glycerol-3-phosphate 3-phosphatidyltransferase activity	R01801
CDP-diacylglycerol-inositol 3-phosphatidyltransferase activity	R01802
CDP-glucose 4,6-dehydratase activity	R02426
CDP-glycerol diphosphatase activity	R00855
CMP kinase activity	R00512
CTP-dependent diacylglycerol kinase activity	R09944
D(-)-tartrate dehydratase activity	R00340
D-4-hydroxyphenylglycine transaminase activity	R04234
D-alanine 2-hydroxymethyltransferase activity	R01225
D-alanine gamma-glutamyltransferase activity	R01149
D-alanine-(R)-lactate ligase activity	R09588
D-alanine-D-alanine ligase activity	R01150
D-alanine-D-serine ligase activity	R09595
D-arabinitol 2-dehydrogenase activity	R07134
D-arabinitol dehydrogenase (NADP+) activity	R07143,R07144
D-arabinokinase activity	R01573
D-arabinono-1,4-lactone oxidase activity	R02715
D-arabinonolactonase activity	R02714
D-arginase activity	R02458
D-benzoylarginine-4-nitroanilide amidase activity	R04113
D-dopachrome decarboxylase activity	R07313
D-fuconate dehydratase activity	R03671
D-glutamate cyclase activity	R01583
D-glutamate oxidase activity	R00279
D-lactate dehydrogenase (NAD+) activity	R00704
D-lactate dehydrogenase activity	R00297
D-lactate-2-sulfatase activity	R01448
D-lysine 5,6-aminomutase activity	R02852,R03275
D-lysopine dehydrogenase activity	R00452
D-lyxose ketol-isomerase activity	R01898
D-malate dehydrogenase (decarboxylating) (NAD+) activity	R00215
D-methionine-pyruvate transaminase activity	R03001
D-ornithine 4,5-aminomutase activity	R02461
D-pinitol dehydrogenase activity	R03498
D-ribitol-5-phosphate cytidylyltransferase activity	R02921
D-ribulose-phosphate 3-epimerase activity	R01529
D-tryptophan N-acetyltransferase activity	R02481
D-tryptophan N-malonyltransferase activity	R02482
D-xylose 1-dehydrogenase (NADP+) activity	R01430
D-xylulokinase activity	R01639
D-xylulose reductase activity	R01896
DDT-dehydrochlorinase activity	R04522
Delta24(24-1) sterol reductase activity	R05641
FMN adenylyltransferase activity	R00161
FMN reductase (NADH) activity	R05705
FMN reductase (NADPH) activity	R05706
GDP-glucosidase activity	R00337
GDP-mannose 4,6-dehydratase activity	R00888
GDP-mannose 6-dehydrogenase activity	R00880
GMP reductase activity	R01134
GTP cyclohydrolase I activity	R00424
GTP cyclohydrolase II activity	R00425
GTP cyclohydrolase IIa activity	R07306
GTP diphosphatase activity	R00426
GTP guanylyltransferase activity	R00012
ITP diphosphatase activity	R00720
L(+)-tartrate dehydratase activity	R00339
L,L-diaminopimelate aminotransferase activity	R07613
L-2-amino-4-chloropent-4-enoate dehydrochlorinase activity	R02605
L-alanine:2-oxoglutarate aminotransferase activity	R00258
L-arabinitol 2-dehydrogenase activity	R02441
L-arabinitol 4-dehydrogenase activity	R01903
L-arabinokinase activity	R01754
L-arabinonate dehydratase activity	R02522
L-arabinonolactonase activity	R02526
L-arabinose isomerase activity	R01761
L-arabinose reductase (NADPH) activity	R01759
L-aspartate N-acetyltransferase activity	R00487
L-aspartate:2-oxoglutarate aminotransferase activity	R00355
L-cysteate sulfo-lyase activity	R07634
L-cysteine-S-conjugate N-acetyltransferase activity	R04950
L-cystine L-cysteine-lyase (deaminating)	R02408
L-cystine reductase (NADH) activity	R00892
L-erythro-3,5-diaminohexanoate dehydrogenase activity	R03349
L-fuconate dehydratase activity	R03688
L-fuculokinase activity	R03241
L-fuculose-phosphate aldolase activity	R02262
L-galactonolactone oxidase activity	R00643
L-glucuronate reductase activity	R01481
L-glutamate N-acetyltransferase activity	R00259
L-glutamate N-acetyltransferase activity, acting on acetyl-L-ornithine as donor	R02282
L-glutamine:pyruvate aminotransferase activity	R00576
L-gulonate 3-dehydrogenase activity	R02640
L-histidine N(alpha)-methyltransferase activity	R01169,R04436,R10523,R10524
L-histidine N-acetyltransferase activity	R01160
L-histidine:2-oxoglutarate aminotransferase activity	R01161
L-isoleucine-2-oxoglutarate transaminase activity	R02199
L-leucine 2,3-aminomutase activity	R01091
L-leucine N-acetyltransferase activity	R01089
L-leucine-2-oxoglutarate transaminase activity	R01090
L-lysine 2,3-aminomutase activity	R00461
L-lysine 6-monooxygenase (NADPH) activity	R00448
L-lysine 6-oxidase activity	R07598
L-lysine 6-transaminase activity	R00457
L-lysine oxidase activity	R00447
L-lysine-lactamase activity	R00463
L-malate dehydrogenase (NADP+) activity	R00343
L-methionine (S)-S-oxide reductase activity	R07606
L-mimosine synthase activity	R04091
L-phenylalanine N-acetyltransferase activity	R00693
L-phenylalanine-2-oxoglutarate transaminase activity	R00694
L-phenylalanine-pyruvate transaminase activity	R00692
L-phosphoserine phosphatase activity	R00582
L-pipecolate oxidase activity	R02204
L-rhamnonate dehydratase activity	R03774
L-rhamnono-1,4-lactonase activity	R03772
L-rhamnose 1-dehydrogenase activity	R03942
L-rhamnose isomerase activity	R02437
L-ribulose-phosphate 4-epimerase activity	R05850
L-serine hydro-lyase (adding indole, L-tryptophan-forming) activity	R00674
L-serine-pyruvate transaminase activity	R00585
L-sorbose oxidase activity	R01695
L-threonate 3-dehydrogenase activity	R03733
L-threonine 3-dehydrogenase activity	R01465
L-tyrosine 2,3-aminomutase activity	R00739
L-valine-2-oxoglutarate transaminase activity	R01214
L-xylose 1-dehydrogenase activity	R03586
L-xylulose reductase (NADPH) activity	R01904
MAP kinase activity	R00162
N(1)-acetylpolyamine oxidase (3-acetamidopropanal-forming) activity	R03899
N(alpha)-benzyloxycarbonylleucine hydrolase activity	R02552
N,N-dimethylformamidase activity	R02509
N-(5-amino-5-carboxypentanoyl)-L-cysteinyl-D-valine synthase activity	R04870
N-acetyl-beta-alanine deacetylase activity	R00909
N-acetyldiaminopimelate deacetylase activity	R02733
N-acetylgalactosamine 4-sulfate 6-O-sulfotransferase activity	R10868,R10869
N-acetylglucosamine deacetylase activity	R01200
N-acetylglucosamine kinase activity	R01201
N-acetylglucosaminylinositol deacetylase activity	R09651
N-acetylhexosamine 1-dehydrogenase activity	R01202
N-acetylneuraminate 4-O-acetyltransferase activity	R01806
N-acetylneuraminate lyase activity	R01811
N-acetylornithine carbamoyltransferase activity	R07245
N-acyl-D-aspartate deacylase activity	R02182
N-acyl-D-glutamate deacylase activity	R01581
N-acylhexosamine oxidase activity	R01203
N-acylmannosamine 1-dehydrogenase activity	R02651
N-benzoyl-4-hydroxyanthranilate 4-O-methyltransferase activity	R04421
N-benzyloxycarbonylglycine hydrolase activity	R02551
N-carbamoylputrescine amidase activity	R01152
N-carbamoylsarcosine amidase activity	R01563
N-cyclopropylammelide alkylamino hydrolase activity	R06972
N-feruloylglycine deacylase activity	R03579
N-formylglutamate deformylase activity	R00525
N-malonylurea hydrolase activity	R07629
N-methyl nucleosidase activity	R07918
N-methyl-2-oxoglutaramate hydrolase activity	R01587
N-methylalanine dehydrogenase activity	R01584
N-methylcoclaurine 3'-monooxygenase activity	R05732
N-methylhydantoinase (ATP-hydrolyzing) activity	R03187
N-methylphosphoethanolamine cytidylyltransferase activity	R03375
N-succinylarginine dihydrolase activity	R04189
N2-(2-carboxyethyl)arginine synthase activity	R05465
N2-acetyl-L-ornithine:2-oxoglutarate 5-aminotransferase activity	R02283
N4-(beta-N-acetylglucosaminyl)-L-asparaginase activity	R03421
N5,N10-methenyltetrahydromethanopterin hydrogenase activity	R04455
N5-(carboxyethyl)ornithine synthase activity	R00666
N6-(1,2-dicarboxyethyl)AMP AMP-lyase (fumarate-forming) activity	R01083
N6-hydroxylysine O-acetyltransferase activity	R03168
N6-methyl-lysine oxidase activity	R00612
N8-acetylspermidine:oxygen oxidoreductase (propane-1,3-diamine-forming) activity	R09075
NAD+ kinase activity	R00104
NADH kinase activity	R00105
NADH peroxidase activity	R00090
NADH pyrophosphatase activity	R00103
NADPH dehydrogenase (quinone) activity	R07359
NADPH peroxidase activity	R00113
NMN nucleosidase activity	R01270
R-lactaldehyde reductase activity	R03080
R-linalool synthase activity	R07632
Renilla-luciferin sulfotransferase activity	R03138
S-(hydroxymethyl)glutathione dehydrogenase [NAD(P)+] activity	R06983,R07140
S-(hydroxymethyl)glutathione synthase activity	R06982
S-adenosylhomocysteine deaminase activity	R00193
S-carboxymethylcysteine synthase activity	R04003
S-formylglutathione hydrolase activity	R00527
S-lactaldehyde reductase activity	R02258
S-linalool synthase activity	R07631
S-methyl-5-thioribose kinase activity	R04143
S-methyl-5-thioribose-1-phosphate isomerase activity	R04420
S-ribosylhomocysteine lyase activity	R01291
S-succinylglutathione hydrolase activity	R00499
UDP phosphatase activity	R00155
UDP-2-acetamido-4-amino-2,4,6-trideoxyglucose transaminase activity	R04529
UDP-N-acetylgalactosamine-4-sulfate sulfotransferase activity	R04476
UDP-N-acetylglucosamine 1-carboxyvinyltransferase activity	R00660
UDP-N-acetylglucosamine 6-dehydrogenase activity	R00421
UDP-N-acetylglucosamine diphosphorylase activity	R00416
UDP-N-acetylglucosamine-undecaprenyl-phosphate N-acetylglucosaminephosphotransferase activity	R08856
UDP-N-acetylmuramate-L-alanine ligase activity	R03193
UDP-N-acetylmuramoyl-L-alanyl-D-glutamate-L-lysine ligase activity	R02786
UDP-N-acetylmuramoylalanine-D-glutamate ligase activity	R02783
UDP-N-acetylmuramoylalanyl-D-glutamate-2,6-diaminopimelate ligase activity	R02788
UDP-arabinose 4-epimerase activity	R01473
UDP-galactose-UDP-N-acetylglucosamine galactose phosphotransferase activity	R00504
UDP-galacturonate decarboxylase activity	R02636
UDP-glucose 4,6-dehydratase activity	R00293
UDP-glucose 6-dehydrogenase activity	R00286
UDP-glucose:hexose-1-phosphate uridylyltransferase activity	R00955
UDP-glucuronate 4-epimerase activity	R01385
UDP-glucuronate 5'-epimerase activity	R01387
UDP-glucuronate decarboxylase activity	R01384
UDPsulfoquinovose synthase activity	R05775
UTP diphosphatase activity	R00662
UTP:galactose-1-phosphate uridylyltransferase activity	R00502
UTP:glucose-1-phosphate uridylyltransferase activity	R00289
XTP diphosphatase activity	R02720
Z-farnesyl diphosphate synthase activity	R08528
[citrate (pro-3S)-lyase] ligase activity	R04449
[glutamine synthetase]-adenylyl-L-tyrosine phosphorylase activity	R03474
abieta-7,13-dien-18-al (NAD+) dehydrogenase activity	R06357
abieta-7,13-dien-18-ol hydroxylase activity	R06354
abieta-7,13-diene hydroxylase activity	R06351
abietadiene synthase activity	R06301
abscisic aldehyde oxidase activity	R06957
acetate kinase (diphosphate) activity	R00320
acetoacetate decarboxylase activity	R01366
acetoacetate-CoA ligase activity	R01357
acetoacetyl-CoA hydrolase activity	R01358
acetoin dehydrogenase (NAD+) activity	R02343
acetoin racemase activity	R02949
acetoin-ribose-5-phosphate transaldolase activity	R02345
acetone carboxylase activity	R05735
acetoxybutynylbithiophene deacetylase activity	R04490
acetyl-CoA hydrolase activity	R00227
acetylalkylglycerol acetylhydrolase activity	R04043
acetylene hydratase activity	R05380
acetylputrescine deacetylase activity	R01156
acetylpyruvate hydrolase activity	R00324
acetylsalicylate deacetylase activity	R02942
acetylspermidine deacetylase activity	R07300
acid-CoA ligase (GDP-forming) activity	R00394
acireductone dioxygenase (Ni2+-requiring) activity	R07363
acireductone dioxygenase [iron(II)-requiring] activity	R07364
aconitate decarboxylase activity	R02243
aconitate delta-isomerase activity	R02244
acridone synthase activity	R07250
acryloyl-CoA reductase (NADPH) activity	R00919
acyl-lipid Delta(12)-acetylenase	R05740
acyl-lipid omega-6 desaturase (cytochrome b5) activity	R03475
acylagmatine amidase activity	R01425
adenosylcobinamide hydrolase activity	R05226
adenosylcobyric acid synthase (glutamine-hydrolyzing) activity	R05225
adenosylmethionine decarboxylase activity	R00178
adenosylmethionine-8-amino-7-oxononanoate transaminase activity	R03231
adenylosuccinate synthase activity	R01135
adenylyl-sulfate reductase (glutathione) activity	R05717
adenylylsulfatase activity	R00531
adenylylsulfate-ammonia adenylyltransferase activity	R01619
agmatinase activity	R01157
agmatine N4-coumaroyltransferase activity	R01617
agmatine kinase activity	R01417
alanine racemase activity	R00401
alanine-oxomalonate transaminase activity	R02970
alanopine dehydrogenase activity	R00398
albendazole monooxygenase activity	R03712
alcohol dehydrogenase (cytochrome c(L)) activity	R10713
alcohol dehydrogenase (cytochrome c) activity	R05198,R05285
aldose reductase (NADPH) activity	R02820
aldose-6-phosphate reductase (NADPH) activity	R00834
alizarin 2-beta-glucosyltransferase activity	R03573
alkylacetylglycerophosphatase activity	R03454
alkylamidase activity	R03620
alkylglycerol kinase activity	R04126
alkylglycerone kinase activity	R03944
alkylglycerophosphate 2-O-acetyltransferase activity	R03455
alkylhalidase activity	R03523
all-trans-nonaprenyl-diphosphate synthase (geranyl-diphosphate specific) activity	R07267,R09250
all-trans-nonaprenyl-diphosphate synthase (geranylgeranyl-diphosphate specific) activity	R09251
all-trans-retinol 13,14-reductase activity	R07163
all-trans-retinol dehydrogenase (NADP+) activity	R08379
all-trans-retinyl-ester hydrolase, 11-cis retinol forming activity	R08388
all-trans-retinyl-palmitate hydrolase, all-trans-retinol forming activity	R02368
allantoicase activity	R02422
allantoin racemase activity	R03925
allene-oxide cyclase activity	R03402
allophanate hydrolase activity	R00005
allyl-alcohol dehydrogenase activity	R03572
alpha-1,3-mannosylglycoprotein 2-beta-N-acetylglucosaminyltransferase activity	R05983
alpha-L-rhamnosidase activity	R02436
alpha-N-acetylneuraminyl-2,3-beta-galactosyl-1,3-N-acetyl-galactosaminide 6-alpha-sialyltransferase activity	R04635
alpha-bisabolene synthase activity	R08370
alpha-pinene-oxide decyclase activity	R04040
alpha-ribazole phosphatase activity	R04594
altronate dehydratase activity	R01540
amidinoaspartase activity	R00777
amidophosphoribosyltransferase activity	R01072
aminocarboxymuconate-semialdehyde decarboxylase activity	R04323
aminoglycoside 2'-N-acetyltransferase activity	R03056
aminoglycoside 3''-adenylyltransferase activity	R02226
aminoglycoside 6'-N-acetyltransferase activity	R01889
aminoglycoside 6-kinase activity	R02225
aminolevulinate transaminase activity	R02271
ammonia kinase activity	R00141
amorpha-4,11-diene synthase activity	R07630
amygdalin beta-glucosidase activity	R02985
androst-4-ene-3,17-dione monooxygenase activity	R01833
anhydrotetracycline monooxygenase activity	R04060
anthranilate 3-monooxygenase (deaminating) activity	R00980
anthranilate N-benzoyltransferase activity	R02453
anthranilate N-malonyltransferase activity	R00989
anthranilate N-methyltransferase activity	R00984
anthranilate phosphoribosyltransferase activity	R01073
anthranilate-CoA ligase activity	R00982
aphidicolan-16 beta-ol synthase activity	R06313
apiose 1-reductase activity	R03577
apo-beta-carotenoid-14',13'-dioxygenase activity	R08889
arabinonate dehydratase activity	R03032
arabinose-5-phosphate isomerase activity	R01530
arachidonate 12(S)-lipoxygenase activity	R01596
arachidonate 8(R)-lipoxygenase activity	R01594
arachidonate 8(S)-lipoxygenase activity	R07053
arachidonate omega-hydroxylase activity	R07041
arachidonate-CoA ligase activity	R01598
arginine 2-monooxygenase activity	R00559
arginine decarboxylase activity	R00566
arginine kinase activity	R00554
aromatic (S)-hydroxynitrile lyase activity	R09359
aromatic desulfoglucosinolate sulfotransferase activity	R03214,R08167
arsenate reductase activity	R05752
aryl-acylamidase activity	R01862
arylmalonate decarboxylase activity	R05173
asparagine-tRNA ligase activity	R03648
asparagusate reductase (NADH) activity	R03761
aspartate carbamoyltransferase activity	R01397
aspartate dehydrogenase [NAD(P)+] activity	R07164,R07165
aspartate kinase activity	R00480
aspartate racemase activity	R00491
aspartate-ammonia ligase (ADP-forming) activity	R00482
aspartate-phenylpyruvate transaminase activity	R00695
aspartate-semialdehyde dehydrogenase activity	R02291
aspulvinone dimethylallyltransferase activity	R03799
atrazine chlorohydrolase activity	R05558
baicalin beta-D-glucuronidase activity	R09533
benzene 1,2-dioxygenase activity	R03543
benzoate 4-monooxygenase activity	R01295
benzoate-CoA ligase activity	R01422
benzoin aldolase activity	R00027
benzoyl acetate-CoA ligase activity	R05452
benzoyl-CoA 3-monooxygenase activity	R02449
benzoyl-CoA reductase activity	R02451
benzyl-2-methyl-hydroxybutyrate dehydrogenase activity	R04370
benzylsuccinate synthase activity	R05598
berberine reductase activity	R07169
beta-D-glucose oxidase activity	R01522
beta-alanopine dehydrogenase activity	R00906
beta-amyrin 28-monooxygenase activity	R10924
beta-aspartyl-N-acetylglucosaminidase activity	R01266
beta-carotene 15,15'-dioxygenase activity	R00032
beta-cyclopiazonate dehydrogenase activity	R04080
beta-diketone hydrolase activity	R03781
beta-glucogallin O-galloyltransferase activity	R00049
beta-glucogallin-tetrakisgalloylglucose O-galloyltransferase activity	R04498
beta-nitroacrylate reductase activity	R03900
beta-phosphoglucomutase activity	R02728
beta-pyrazolylalanine synthase activity	R03134
betaine-homocysteine S-methyltransferase activity	R02821
bile-acid 7alpha-dehydratase activity	R07318
bile-acid-CoA transferase activity	R07295
bilirubin oxidase activity	R02394
bilirubin-glucuronoside glucuronosyltransferase activity	R00062
biochanin-A reductase activity	R02954
biotin synthase activity	R01078
bis(2-ethylhexyl)phthalate esterase activity	R04202
bis(5'-adenosyl)-triphosphatase activity	R00187
bis(5'-nucleosyl)-tetraphosphatase (symmetrical) activity	R00125
bis-gamma-L-glutamylcystine reductase (NADPH) activity	R02742
bisphosphoglycerate 3-phosphatase activity	R09532
branched-chain-2-oxoacid decarboxylase activity	R03894
bromoxynil nitrilase activity	R04349
butyrate kinase activity	R01688
butyrate-acetoacetate CoA-transferase activity	R01365
caffeate 3,4-dioxygenase activity	R03365
calcidiol 1-monooxygenase activity	R03610
carbamoyl-phosphate synthase (ammonia) activity	R00149
carbamoyl-serine ammonia-lyase activity	R00213
carboxy-cis,cis-muconate cyclase activity	R03308
carboxylic ester hydrolase activity	R00630
carboxymethylhydantoinase activity	R02284
carboxymethyloxysuccinate lyase activity	R01336
carnitinamidase activity	R01922
carnitine 3-dehydrogenase activity	R02395
carnitine O-acetyltransferase activity	R02396
carnitine O-octanoyltransferase activity	R03779
carnitine decarboxylase activity	R02398
carnosine N-methyltransferase activity	R02144
carveol dehydrogenase activity	R03114
casbene synthase activity	R02064
cephalosporin-C deacetylase activity	R03062
cephalosporin-C transaminase activity	R03063
ceramide cholinephosphotransferase activity	R01891
cetraxate benzylesterase activity	R03612
chloramphenicol O-acetyltransferase activity	R03065
chlorate reductase activity	R03575
chlordecone reductase activity	R03716
chloridazon-catechol dioxygenase activity	R04602
chlorite O2-lyase activity	R05721
chlorogenate hydrolase activity	R02997
chlorogenate-glucarate O-hydroxycinnamoyltransferase activity	R02998
chlorophyll synthetase activity	R06284
cholate 12-alpha dehydrogenase (NADP+) activity	R02793
cholate 7-alpha-dehydrogenase (NAD+) activity	R02792
cholest-4-en-3-one 26-monooxygenase activity	R09859
cholesterol 24-hydroxylase activity	R07207
cholesterol 25-hydroxylase activity	R07218
cholesterol O-acyltransferase activity	R01461
cholesterol oxidase activity	R01459
choline O-acetyltransferase activity	R01023
choline dehydrogenase activity	R01025
choline kinase activity	R01021
choline sulfotransferase activity	R01027
choline trimethylamine lyase activity	R10285
choline-sulfatase activity	R01028
chondro-4-sulfatase activity	R03517
chondro-6-sulfatase activity	R03518
chondroitin 6-sulfotransferase activity	R02181
chorismate lyase activity	R01302
chorismate mutase activity	R01715
chorismate synthase activity	R01714
chrysanthemyl diphosphate synthase activity	R08948
cinnamate beta-D-glucosyltransferase activity	R02256
cinnamoyl-CoA:phenyllactate CoA-transferase activity	R07796
cinnamyl-alcohol dehydrogenase activity	R03918
cis-3,4-dihydrophenanthrene-3,4-diol dehydrogenase activity	R04151
cis-dihydroethylcatechol dehydrogenase activity	R05313
cis-p-coumarate glucosyltransferase activity	R05324
cis-zeatin O-beta-D-glucosyltransferase activity	R07260
citramalate lyase activity	R00325
citrate (pro-3S)-lyase activity	R00362
citrate synthase activity	R00351
citrate-CoA ligase activity	R01322
citronellyl-CoA ligase activity	R08088
cobaltochelatase activity	R05227
cobinamide phosphate guanylyltransferase activity	R05222
codeinone reductase (NADPH) activity	R05124
coenzyme F420 hydrogenase activity	R03025
coenzyme F420-dependent N5,N10-methenyltetrahydromethanopterin reductase activity	R04464
coenzyme-B sulfoethylthiotransferase activity	R04541
columbamine O-methyltransferase activity	R03721
columbamine oxidase activity	R00044
copalyl diphosphate synthase activity	R06298
coproporphyrinogen oxidase activity	R03220
corrinoid adenosyltransferase activity	R05218
corticosteroid side-chain-isomerase activity	R04165
cortisol O-acetyltransferase activity	R02837
cortisol sulfotransferase activity	R02839
corydaline synthase activity	R07241
creatinase activity	R01566
creatine kinase activity	R01881
creatininase activity	R01884
cyanamide hydratase activity	R00778
cyanide hydratase activity	R01408
cyanidin 3-O-glucoside 5-O-glucosyltransferase (acyl-glucose) activity	R10261
cyanoalanine nitrilase activity	R00486
cyanocobalamin reductase (cyanide-eliminating) (NADP+) activity	R02999
cyclamate sulfohydrolase activity	R02564
cyclic-guanylate-specific phosphodiesterase activity	R08991
cycloartenol 24-C-methyltransferase activity	R05760
cycloartenol synthase activity	R03200
cycloeucalenol cycloisomerase activity	R03775
cyclohexa-1,5-dienecarbonyl-CoA hydratase activity	R05597
cyclohexane-1,3-dione hydrolase activity	R03211
cyclohexanone dehydrogenase activity	R02234
cyclohexyl-isocyanide hydratase activity	R05771
cyclopentanol dehydrogenase activity	R02553
cyclopentanone monooxygenase activity	R02554
cyclopeptine synthase activity	R00979
cystathionine gamma-lyase activity	R01001
cysteamine dioxygenase activity	R02467
cysteine dioxygenase activity	R00893
cysteine-conjugate transaminase activity	R04338
cytidylate cyclase activity	R00574
cytokinin 7-beta-glucosyltransferase activity	R04071
cytokinin 9-beta-glucosyltransferase activity	R08369
dCMP kinase activity	R01665
dCTP deaminase (dUMP-forming) activity	R07307
dGTP diphosphatase activity	R01855
dGTPase activity	R01856
dITP diphosphatase activity	R03531
dTDP-4-amino-4,6-dideoxygalactose transaminase activity	R04438
dTDP-4-dehydro-6-deoxyglucose reductase activity	R05687
dTDP-4-dehydrorhamnose 3,5-epimerase activity	R06514
dTDP-4-dehydrorhamnose reductase activity	R02777
dTDP-6-deoxy-L-talose 4-dehydrogenase activity	R02776
dTDP-dihydrostreptose-streptidine-6-phosphate dihydrostreptosyltransferase activity	R04222
dTDP-glucose 4,6-dehydratase activity	R06513
dUTP diphosphatase activity	R02100
deacetoxycephalosporin-C hydroxylase activity	R05229
deacetoxycephalosporin-C synthase activity	R05301
deacetylcephalosporin-C acetyltransferase activity	R03064
deacetylipecoside synthase activity	R05749
deacetylisoipecoside synthase activity	R05750
decylcitrate synthase activity	R03735
decylhomocitrate synthase activity	R03859
dehydro-L-gulonate decarboxylase activity	R01905
dehydrogluconate dehydrogenase activity	R07153
dehydrogluconokinase activity	R02658
deisopropylhydroxyatrazine aminohydrolase activity	R05574
demethylmacrocin O-methyltransferase activity	R02859
deoxyadenosine kinase activity	R02089
deoxycytidylate 5-hydroxymethyltransferase activity	R01669
deoxycytidylate C-methyltransferase activity	R01670
deoxyguanosine kinase activity	R01967
deoxylimonate A-ring-lactonase activity	R03803
deoxyribose-phosphate aldolase activity	R01066
deoxysarpagine hydroxylase activity	R05828
deoxyuridine 1'-dioxygenase activity	R02486
deoxyuridine 2'-dioxygenase activity	R01879
dephospho-CoA kinase activity	R00130
desacetoxyvindoline 4-hydroxylase activity	R05857
dethiobiotin synthase activity	R03182
di-trans, poly-cis-undecaprenol kinase activity	R05626
diacetyl reductase ((R)-acetoin forming) (NAD+) activity	R02855
diacetyl reductase ((S)-acetoin forming) (NAD+) activity	R09078
diamine oxidase activity	R03139,R05334
diaminobutyrate acetyltransferase activity	R06978
diaminobutyrate decarboxylase activity	R07650
diaminobutyrate-2-oxoglutarate transaminase activity	R06977
diaminobutyrate-pyruvate transaminase activity	R02293
diaminohydroxyphosphoribosylaminopyrimidine deaminase activity	R03459
diaminopimelate decarboxylase activity	R00451
diaminopimelate dehydrogenase activity	R02755
diaminopimelate epimerase activity	R02735
dibenzothiophene dihydrodiol dehydrogenase activity	R05310
dichloromethane dehalogenase activity	R00603
diethyl 2-methyl-3-oxosuccinate reductase activity	R04387
digalactosyldiacylglycerol synthase activity	R04469
diguanidinobutanase activity	R01418
diguanylate cyclase activity	R08057
dihydrobunolol dehydrogenase activity	R04623
dihydrochelirubine 12-monooxygenase activity	R04708
dihydrocoumarin hydrolase activity	R03692
dihydroorotase activity	R01993
dihydroorotate dehydrogenase (NAD+) activity	R01869
dihydroorotate dehydrogenase (NADP+) activity	R01866
dihydroorotate dehydrogenase activity	R01868
dihydrophloroglucinol hydrolase activity	R07831
dihydrosanguinarine 10-monooxygenase activity	R04702
dihydrostreptomycin-6-phosphate 3'-alpha-kinase activity	R03395
dihydrouracil oxidase activity	R00975
dihydroxyfumarate decarboxylase activity	R03127
dihydroxyphenylalanine transaminase activity	R02077
diiodophenylpyruvate reductase (NAD+) activity	R03431
diiodotyrosine transaminase activity	R03207
diisopropyl-fluorophosphatase activity	R01533
dimethylallylcistransferase activity	R01659
dimethylaniline-N-oxide aldolase activity	R03345
dimethylglycine N-methyltransferase activity	R07244
dimethylglycine dehydrogenase activity	R01565
dimethylglycine oxidase activity	R01564
dimethylmalate dehydrogenase activity	R01211
dimethylmaleate hydratase activity	R03069
dimethylpropiothetin dethiomethylase activity	R02574
diphosphate-glycerol phosphotransferase activity	R01044
diphosphate-serine phosphotransferase activity	R00584
diphosphoinositol-polyphosphate diphosphatase activity	R05777
diphosphomevalonate decarboxylase activity	R01121
diphthine-ammonia ligase activity	R03613
discadenine synthase activity	R03726
disulfoglucosamine-6-sulfatase activity	R03216
ditrans, polycis-undecaprenyl-phosphate mannosyltransferase activity	R07257
dol-P-Man:Man(5)GlcNAc(2)-PP-Dol alpha-1,3-mannosyltransferase activity	R06258
dol-P-Man:Man(6)GlcNAc(2)-PP-Dol alpha-1,2-mannosyltransferase activity	R06259
dol-P-Man:Man(7)GlcNAc(2)-PP-Dol alpha-1,6-mannosyltransferase activity	R06260
dol-P-Man:Man(8)GlcNAc(2)-PP-Dol alpha-1,2-mannosyltransferase activity	R06261
dopachrome isomerase activity	R03673
dopamine beta-monooxygenase activity	R02535
ecdysone 20-monooxygenase activity	R02374
ecdysone O-acyltransferase activity	R02375
ecdysone oxidase activity	R02373
ectoine synthase activity	R06979
enamidase activity	R07984
endo-alpha-N-acetylgalactosaminidase activity	R04527
ent-cassa-12,15-diene 11-hydroxylase activity	R09866
ent-cassa-12,15-diene synthase activity	R09119
ent-copalyl diphosphate synthase activity	R02068
ent-isokaurene C2-hydroxylase activity	R09861
ent-kaurene synthase activity	R05092
ent-pimara-8(14),15-diene synthase activity	R09121
ent-sandaracopimaradiene synthase activity	R09120
ephedrine dehydrogenase activity	R03614
epi-cedrol synthase activity	R09140
epi-isozizaene synthase activity	R07830
erythritol kinase activity	R02430
erythrose-4-phosphate dehydrogenase activity	R01825
erythrulose reductase activity	R08573
estradiol 6-beta-monooxygenase activity	R03086
ethanolamine kinase activity	R01468
ethanolamine-phosphate phospho-lyase activity	R00748
ethylbenzene hydroxylase activity	R05745
exo-1,4-beta-D-glucosaminidase activity	R08715
farnesoic acid O-methyltransferase activity	R08147,R08151
farnesol 2-isomerase activity	R03265
farnesol dehydrogenase activity	R03264
farnesyl diphosphate kinase activity	R02303
fatty acid peroxidase activity	R01703
fatty acyl-[ACP] hydrolase activity	R08159,R08162
ferric-chelate reductase (NADPH) activity	R09541
ferrochelatase activity	R00310
feruloyl-CoA hydratase/lyase activity	R12566
flavanone 2-hydroxylase activity	R07198
flavin reductase (NADH) activity	R09662
flavonol 3-sulfotransferase activity	R02159
formaldehyde dehydrogenase (NAD+) activity	R00604
formamidase activity	R00524
formate dehydrogenase (NAD+) activity	R00519
formate dehydrogenase (NADP+) activity	R00134
formate dehydrogenase (quinone) activity	R09494
formate kinase activity	R00518
formate-dihydrofolate ligase activity	R02238
formimidoylglutamase activity	R02285
formimidoyltetrahydrofolate cyclodeaminase activity	R02302
formyl-CoA transferase activity	R07290
formylmethanofuran dehydrogenase activity	R03015
formylmethanofuran-tetrahydromethanopterin N-formyltransferase activity	R03390
formylmethionine deformylase activity	R00653
formyltetrahydrofolate deformylase activity	R00944
formyltetrahydrofolate dehydrogenase activity	R00941
fructose 5-dehydrogenase activity	R00873
fructose-2,6-bisphosphate 6-phosphatase activity	R02730
fructuronate reductase activity	R02454
fucokinase activity	R03161
fucose-1-phosphate guanylyltransferase activity	R01951
fucosterol-epoxide lyase activity	R03723
fumarate hydratase activity	R01082
fumarate reductase (NADH) activity	R00402
fumarylacetoacetase activity	R01364
furylfuramide isomerase activity	R04538
galactarate O-hydroxycinnamoyltransferase activity	R03727
galactarate dehydratase activity	R05608
galactitol 2-dehydrogenase activity	R02928
galactokinase activity	R01092
galactonate dehydratase activity	R03033
galactose-1-phosphate thymidylyltransferase activity	R02329
galactose-6-phosphate isomerase activity	R03240
galactosyldiacylglycerol alpha-2,3-sialyltransferase activity	R03468
galacturonokinase activity	R01980
gallate 1-beta-glucosyltransferase activity	R03297
gallate decarboxylase activity	R03247
gallate dioxygenase activity	R09565
gamma-butyrobetaine dioxygenase activity	R02397
gamma-glutamyl-gamma-aminobutyrate hydrolase activity	R07419
gamma-guanidinobutyraldehyde dehydrogenase (NAD+) activity	R03177
geissoschizine dehydrogenase activity	R03860
gentisate 1,2-dioxygenase activity	R02656
gentisate decarboxylase activity	R02489
geranoyl-CoA carboxylase activity	R03494
geranyl-diphosphate cyclase activity	R02007
geranylgeranyl diphosphate synthase activity	R02061
geranylgeranylglycerol-phosphate geranylgeranyltransferase activity	R04520
germacrene-A synthase activity	R07649
germacrene-D synthase activity	R07648
glucarate O-hydroxycinnamoyltransferase activity	R02899
gluconate dehydratase activity	R01538
gluconokinase activity	R01737
glucosamine 6-phosphate N-acetyltransferase activity	R02058
glucosamine N-acetyltransferase activity	R01204
glucosamine-1-phosphate N-acetyltransferase activity	R05332
glucosamine-6-phosphate deaminase activity	R00765
glucose-1,6-bisphosphate synthase activity	R01660
glucose-1-phosphatase activity	R00304
glucose-1-phosphate adenylyltransferase activity	R00948
glucose-1-phosphate cytidylyltransferase activity	R00956
glucose-1-phosphate guanylyltransferase activity	R00954
glucose-1-phosphate thymidylyltransferase activity	R02328
glucose-6-phosphatase activity	R00303
glucose-6-phosphate dehydrogenase (coenzyme F420) activity	R09550
glucose-fructose oxidoreductase activity	R00874
glucosylglycerol 3-phosphatase activity	R05791
glucosylglycerol-phosphate synthase activity	R05328
glucuronate-1-phosphate uridylyltransferase activity	R01381
glucuronokinase activity	R01476
glucuronolactone reductase activity	R03183
glutaconyl-CoA decarboxylase activity	R03028
glutamate 5-kinase activity	R00239
glutamate racemase activity	R00260
glutamate synthase (NADH) activity	R00093
glutamate synthase (NADPH) activity	R00114
glutamate-1-semialdehyde 2,1-aminomutase activity	R02272
glutamate-5-semialdehyde dehydrogenase activity	R03313
glutamate-cysteine ligase activity	R00894
glutamate-ethylamine ligase activity	R02929
glutamate-methylamine ligase activity	R01585
glutamate-prephenate aminotransferase activity	R07276
glutamate-putrescine ligase activity	R07414
glutamine synthetase activity	R00253
glutamine-fructose-6-phosphate transaminase (isomerizing) activity	R00768
glutamine-phenylpyruvate transaminase activity	R01375
glutamine-scyllo-inositol transaminase activity	R02781
glutamyl-tRNA reductase activity	R04109
glutarate-CoA ligase activity	R02402
glutathione dehydrogenase (ascorbate) activity	R01108
glutathione hydrolase activity	R00494
glutathione oxidase activity	R00120
glutathione synthase activity	R00497
glutathione thiolesterase activity	R00547
glyceraldehyde-3-phosphate dehydrogenase (NADP+) (non-phosphorylating) activity	R01058
glycerate kinase activity	R01514
glycerol 2-dehydrogenase (NADP+) activity	R01039
glycerol dehydrogenase (NAD+) activity	R01034
glycerol dehydrogenase (acceptor) activity	R01045
glycerol kinase activity	R00847
glycerol-1,2-cyclic-phosphate 2-phosphodiesterase activity	R02648
glycerol-2-phosphatase activity	R01043
glycerol-3-phosphate 1-dehydrogenase (NADP+) activity	R00845
glycerol-3-phosphate cytidylyltransferase activity	R00856
glycerol-3-phosphate dehydrogenase (NAD+) activity	R00842
glycerol-3-phosphate dehydrogenase (NADP+) activity	R00844
glycerol-3-phosphate oxidase activity	R00846
glycerol-3-phosphate-glucose phosphotransferase activity	R00850
glycerone kinase activity	R01011
glycerone-phosphate O-acyltransferase activity	R01013
glycerophosphocholine cholinephosphodiesterase activity	R02591
glycerophosphoinositol glycerophosphodiesterase activity	R01193
glycine C-acetyltransferase activity	R00371
glycine N-benzoyltransferase activity	R02452
glycine N-methyltransferase activity	R00367
glycine formimidoyltransferase activity	R02729
glycine reductase activity	R07226
glycine-oxaloacetate transaminase activity	R00373
glycochenodeoxycholate sulfotransferase activity	R07289
glycolaldehyde dehydrogenase (NAD+) activity	R01333
glycolate dehydrogenase activity	R00476
glycoprotein 2-beta-D-xylosyltransferase activity	R06016
glycoprotein 3-alpha-L-fucosyltransferase activity	R06015
glycoprotein 6-alpha-L-fucosyltransferase activity	R05988
glycosulfatase activity	R00534
glycyrrhizinate beta-glucuronidase activity	R03906
glyoxylate dehydrogenase (acylating) activity	R00468
glyoxylate oxidase activity	R00466
guanidinoacetase activity	R00775
guanidinoacetate N-methyltransferase activity	R01883
guanidinoacetate kinase activity	R02575
guanidinobutyrase activity	R01990
guanidinodeoxy-scyllo-inositol-4-phosphatase activity	R03496
guanidinopropionase activity	R00913
guanine phosphoribosyltransferase activity	R01229
guanylylpyridinol adenylase activity	R13520
hamamelose kinase activity	R03766
heteroglycan alpha-mannosyltransferase activity	R03768,R03769
hexadecanal dehydrogenase (acylating) activity	R01277
hexaprenyl diphosphate synthase (geranylgeranyl-diphosphate specific) activity	R09246
hexaprenyl-diphosphate synthase ((2E,6E)-farnesyl-diphosphate specific) activity	R09245
hippurate hydrolase activity	R01424
histamine N-methyltransferase activity	R02155
histamine oxidase activity	R02150
histidinol-phosphatase activity	R03013
homoaconitate hydratase activity	R04371
homocitrate synthase activity	R00271
homogentisate 1,2-dioxygenase activity	R02519
homogentisate phytyltransferase activity	R07500
homoglutathione synthase activity	R02741
homomethionine N-monooxygenase activity	R11646
homoserine O-acetyltransferase activity	R01776
homoserine O-succinyltransferase activity	R01777
homoserine kinase activity	R01771
hydantoin racemase activity	R09704
hydrogen-sulfide S-acetyltransferase activity	R01850
hydrogen:quinone oxidoreductase activity	R02965
hydrogenobyrinic acid a,c-diamide synthase (glutamine-hydrolysing) activity	R05224
hydroquinone glucosyltransferase activity	R05769
hydroquinone:oxygen oxidoreductase activity	R00083
hydroxybutyrate-dimer hydrolase activity	R00048
hydroxycyclohexanecarboxylate dehydrogenase activity	R05315
hydroxyethylthiazole kinase activity	R04448
hydroxyglutamate decarboxylase activity	R04135
hydroxyisourate hydrolase activity	R06601
hydroxylamine oxidase activity	R00793
hydroxylysine kinase activity	R03378
hydroxymalonate dehydrogenase activity	R02969
hydroxymandelonitrile glucosyltransferase activity	R02709
hydroxymethylbilane synthase activity	R00084
hydroxymethylglutaryl-CoA hydrolase activity	R02083
hydroxymethylglutaryl-CoA lyase activity	R01360
hydroxymethylglutaryl-CoA reductase (NADH) activity	R02081
hydroxymethylglutaryl-CoA reductase (NADPH) activity	R02082
hydroxymethylglutaryl-CoA synthase activity	R01978
hydroxymethylpyrimidine kinase activity	R03471
hydroxyphenylacetonitrile 2-monooxygenase activity	R02708
hydroxyphytanate oxidase activity	R07151
hydroxypyruvate decarboxylase activity	R01393
hydroxypyruvate isomerase activity	R01394
hygromycin-B 7''-O-phosphotransferase activity	R03770
hyoscyamine (6S)-dioxygenase activity	R03812
hyponitrite reductase (NADH) activity	R00023
hypotaurocyamine kinase activity	R03939
hypoxanthine phosphoribosyltransferase activity	R01132
imidazole N-acetyltransferase activity	R03621
imidazoleacetate 4-monooxygenase activity	R04066
imidazoleacetate-phosphoribosyldiphosphate ligase activity	R04068
imidazoleglycerol-phosphate dehydratase activity	R03457
imidazolonepropionase activity	R02288
indole 2,3-dioxygenase activity	R02338
indole-2-monooxygenase activity	R07403
indole-3-acetaldehyde oxidase activity	R02681
indole-3-acetaldehyde reductase (NADH) activity	R02679
indole-3-acetaldehyde reductase (NADPH) activity	R02680
indole-3-acetate beta-glucosyltransferase activity	R03094
indole-3-acetonitrile nitrile hydratase activity	R04020
indole-3-glycerol-phosphate lyase activity	R02340
indoleacetaldoxime dehydratase activity	R04093
indoleacetate-lysine synthetase activity	R03095
indoleacetylglucose-inositol O-acyltransferase activity	R04333
indolelactate dehydrogenase (NAD+) activity	R01971
indolin-2-one monooxygenase activity	R07421
indolylacetyl-myo-inositol galactosyltransferase activity	R04334
indolylacetylinositol arabinosyltransferase activity	R04335
indoxyl-UDPG glucosyltransferase activity	R06048
inorganic diphosphate phosphatase activity	R00004
inorganic triphosphate phosphatase activity	R00138
inosinate nucleosidase activity	R01128
inositol 1-methyltransferase activity	R01188
inositol 2-dehydrogenase (NAD+) activity	R01183
inositol 3-methyltransferase activity	R01189
inositol 4-methyltransferase activity	R01190
inositol hexakisphosphate 1-kinase activity	R05799
inositol hexakisphosphate 5-kinase activity	R09087
inositol oxygenase activity	R01184
inositol-1,3,4,5,6-pentakisphosphate 2-kinase activity	R05202
inositol-1,3,4,5-tetrakisphosphate 5-phosphatase activity	R03430
inositol-1,3,4,5-tetrakisphosphate 6-kinase activity	R10953
inositol-1,3,4,6-tetrakisphosphate 5-kinase activity	R03478
inositol-1,3,4-trisphosphate 5-kinase activity	R03428
inositol-1,3,4-trisphosphate 6-kinase activity	R03429
inositol-1,4,5,6-tetrakisphosphate 3-kinase activity	R05801
inositol-1,4,5-trisphosphate 3-kinase activity	R03433
inositol-1,4,5-trisphosphate 5-phosphatase activity	R03394
inositol-1,4,5-trisphosphate 6-kinase activity	R05800
inositol-3,4,5,6-tetrakisphosphate 1-kinase activity	R03479
inositol-3-phosphate synthase activity	R07324
inositol-5-diphosphate-1,2,3,4,6-pentakisphosphate diphosphatase activity	R05779
iodophenol O-methyltransferase activity	R03746
isobutyraldoxime O-methyltransferase activity	R04169
isobutyryl-CoA mutase activity	R01181
isochorismatase activity	R03037
isochorismate synthase activity	R01717
isocitrate O-dihydroxycinnamoyltransferase activity	R01946
isocitrate epimerase activity	R02318
isocitrate lyase activity	R00479
isohexenylglutaconyl-CoA hydratase activity	R03493
isoleucine-tRNA ligase activity	R03656
isoliquiritigenin 2'-O-methyltransferase activity	R07242
isonocardicin synthase activity	R03072
isoorientin 3'-O-methyltransferase activity	R03731
isopenicillin-N epimerase activity	R04147
isopenicillin-N synthase activity	R04872
isopentenyl-diphosphate delta-isomerase activity	R01123
isopiperitenol dehydrogenase activity	R03261
isopiperitenone delta-isomerase activity	R03782
isoprene synthase activity	R08199
isopropanol dehydrogenase (NADP+) activity	R01550
isoquinoline 1-oxidoreductase activity	R05151
isovitexin beta-glucosyltransferase activity	R03686
juglone 3-hydroxylase activity	R04327
kaempferol 4'-O-methyltransferase activity	R06807
kanamycin kinase activity	R01888
ketotetrose-phosphate aldolase activity	R01014
kievitone hydratase activity	R03622
kojibiose phosphorylase activity	R07264
kynurenate-7,8-dihydrodiol dehydrogenase activity	R03251
kynurenine 3-monooxygenase activity	R01960
kynurenine-glyoxylate transaminase activity	R01957
lactaldehyde reductase (NADPH) activity	R02259
lactate 2-monooxygenase activity	R00319
lactate aldolase activity	R00753
lactate racemase activity	R01450
lactate-malate transhydrogenase activity	R01447
lactosylceramide beta-1,3-galactosyltransferase activity	R04431
lactoylglutathione lyase activity	R02530
lanosterol synthase activity	R03199
laricitrin 5'-O-methyltransferase activity	R06816
lavandulyl diphosphate synthase activity	R08950
leucine-tRNA ligase activity	R03657
leukotriene-A4 hydrolase activity	R03057
leukotriene-C4 synthase activity	R03059
leukotriene-E4 20-monooxygenase activity	R04256
levopimaradiene synthase activity	R06302
licodione 2'-O-methyltransferase activity	R03623
lignostilbene alpha beta-dioxygenase activity	R00043
limonene 1,2-monooxygenase [NAD(P)H) activity	R06398,R09385,R09389,R09393
linalool 8-monooxygenase activity	R04366
linoleate 11-lipoxygenase activity	R05718
linoleate 8R-lipoxygenase activity	R07061
linoleate isomerase activity	R03627
lipid-A 4'-kinase activity	R04657
lipid-A-disaccharide synthase activity	R04606
lithocholate 6beta-hydroxylase activity	R07203
long-chain fatty acid [acyl-carrier-protein] ligase activity	R07325
lovastatin nonaketide synthase activity	R07251
luteolin 7-O-glucuronosyltransferase activity	R03589
luteolin-7-O-diglucuronide 4'-O-glucuronosyltransferase activity	R06828
luteolin-7-O-glucuronide 7-O-glucuronosyltransferase activity	R06827
lysine 2-monooxygenase activity	R00449
lysine carbamoyltransferase activity	R01396
lysine decarboxylase activity	R00462
lysine-pyruvate 6-transaminase activity	R00453
lysolecithin acylmutase activity	R03334
macrocin O-methyltransferase activity	R02858
macrolide 2'-kinase activity	R03780
magnesium chelatase activity	R03877
magnesium protoporphyrin IX methyltransferase activity	R04237
malate dehydrogenase (decarboxylating) (NAD+) activity	R00214
malate dehydrogenase (decarboxylating) (NADP+) activity	R00216
malate synthase activity	R00472
maleate hydratase activity	R02419
maleate isomerase activity	R01087
maleimide hydrolase activity	R05781
malonate CoA-transferase activity	R00743
maltose epimerase activity	R07319
mandelamide amidase activity	R05783
mandelate 4-monooxygenase activity	R03794
mannitol 2-dehydrogenase (NADP+) activity	R00870
mannitol dehydrogenase activity	R07135
mannitol-1-phosphatase activity	R02167
mannonate dehydratase activity	R05606
mannose isomerase activity	R00877
mannose-1-phosphate guanylyltransferase (GDP) activity	R00883
mannose-1-phosphate guanylyltransferase (GTP) activity	R00885
mannose-6-phosphate 6-reductase activity	R01817
mannosyl-3-phosphoglycerate phosphatase activity	R05790
mannosyl-3-phosphoglycerate synthase activity	R05768
mannosyl-oligosaccharide 1,2-alpha-mannosidase activity	R12479
melilotate 3-monooxygenase activity	R03369
mercury (II) reductase (NADP+) activity	R02807
meso-tartrate dehydrogenase activity	R02544
methane monooxygenase [NAD(P)H] activity	R01142,R01143
methanol dehydrogenase (NAD+) activity	R00605
methenyltetrahydromethanopterin cyclohydrolase activity	R03464
methionine decarboxylase activity	R00656
methionine racemase activity	R00655
methionine synthase activity	R00946
methionine-glyoxylate transaminase activity	R00652
methylamine dehydrogenase (amicyanin) activity	R00606
methylamine-glutamate N-methyltransferase activity	R01586
methylarsonate reductase activity	R05748
methylaspartate ammonia-lyase activity	R03696
methylaspartate mutase activity	R00262
methylcrotonoyl-CoA carboxylase activity	R04138
methylenetetrahydrofolate dehydrogenase (NAD+) activity	R01218
methylenetetrahydrofolate dehydrogenase (NADP+) activity	R01220
methylenetetrahydrofolate reductase [NAD(P)H] activity	R01224,R07168
methylenetetrahydromethanopterin dehydrogenase activity	R04456
methylglutaconyl-CoA hydratase activity	R02085
methylglutamate dehydrogenase activity	R00609
methylglyoxal synthase activity	R01016
methylguanidinase activity	R01589
methylisocitrate lyase activity	R00409
methylitaconate delta-isomerase activity	R03070
methylmalonyl-CoA epimerase activity	R02765
methylmalonyl-CoA mutase activity	R00833
methylphosphothioglycerate phosphatase activity	R04317
methylquercetagetin 6-O-methyltransferase activity	R04505
methylthioribulose 1-phosphate dehydratase activity	R07392
methylumbelliferyl-acetate deacetylase activity	R04141
mevalonate kinase activity	R02245
mimosinase activity	R04350
monomethyl-sulfatase activity	R01145
monoterpenol beta-glucosyltransferase activity	R02179
mugineic-acid 3-dioxygenase activity	R07186,R07187
mycocerosate synthase activity	R05189
myo-inosose-2 dehydratase activity	R02782
myrcene synthase activity	R02009
myricetin 3'-O-methyltransferase activity	R06815
neoxanthin synthase activity	R06948
nicotianamine aminotransferase activity	R07277
nicotianamine synthase activity	R00075
nicotinamide N-methyltransferase activity	R01269
nicotinamide phosphoribosyltransferase activity	R01271
nicotinate N-methyltransferase activity	R01721
nicotinate dehydrogenase activity	R01720
nicotinate phosphoribosyltransferase activity	R01724
nicotinate-N-glucosyltransferase activity	R01722
nicotinate-nucleotide diphosphorylase (carboxylating) activity	R03348
nicotinate-nucleotide-dimethylbenzimidazole phosphoribosyltransferase activity	R04148
nitric oxide reductase activity	R00294
nitrilase activity	R00540
nitrilotriacetate monooxygenase activity	R09798
nitrite reductase [NAD(P)H] activity	R00787,R00789
nitroalkane oxidase activity	R00799,R10389
nitronate monooxygenase (FMN-linked) activity	R00025
nitrous-oxide reductase activity	R02804
nocardicin-A epimerase activity	R03073
norsolorinic acid ketoreductase activity	R10309
nuatigenin 3-beta-glucosyltransferase activity	R04577
o-dihydroxycoumarin 7-O-glucosyltransferase activity	R03548
o-pyrocatechuate decarboxylase activity	R00821
o-succinylbenzoate-CoA ligase activity	R04030
octanol dehydrogenase (NAD+) activity	R02878
octopamine dehydratase activity	R03358
oleate hydratase activity	R02813
omega-hydroxydecanoate dehydrogenase activity	R03886
opheline kinase activity	R04388
opine dehydrogenase activity	R03732
orcinol 2-monooxygenase activity	R02830
ornithine N-benzoyltransferase activity	R00664
ornithine cyclodeaminase activity	R00671
ornithine decarboxylase activity	R00670
orotidine-5'-phosphate decarboxylase activity	R00965
orsellinate decarboxylase activity	R02831
orsellinate-depside hydrolase activity	R00054
oxalate decarboxylase activity	R00522
oxalate oxidase activity	R00273
oxalate-CoA ligase activity	R01558
oxaloacetase activity	R00338
oxaloacetate decarboxylase activity	R00217
oxaloacetate tautomerase activity	R00363
oxalomalate lyase activity	R00477
oxalyl-CoA decarboxylase activity	R01908
oxamate carbamoyltransferase activity	R02937
oximinotransferase activity	R03796
oxygen-dependent protoporphyrinogen oxidase activity	R03222
p-benzoquinone reductase (NADPH) activity	R05244
pantetheine hydrolase activity	R02973
pantetheine-phosphate adenylyltransferase activity	R03035
pantoate 4-dehydrogenase activity	R02471
pantothenase activity	R02474
pantothenoylcysteine decarboxylase activity	R02972
pentalenene synthase activity	R02305
pentanamidase activity	R02938
peptide-methionine (R)-S-oxide reductase activity	R07607
perillic acid-CoA ligase (AMP-forming) activity	R06368
perillyl-alcohol dehydrogenase (NAD+) activity	R03945
peroxidase activity	R03532
petromyzonol sulfotransferase activity	R07797
phaseollidin hydratase activity	R04728
phenol O-methyltransferase activity	R01239
phenyl-phosphate phosphatase/carboxylase activity	R05603
phenylacetaldoxime dehydratase activity	R07638
phenylacetate-CoA ligase activity	R02539
phenylacetone monooxygenase activity	R07201
phenylacetyl-CoA 1,2-epoxidase activity	R09838
phenylacetyl-CoA dehydrogenase activity	R07222
phenylacetyl-CoA hydrolase activity	R07294
phenylalanine 2-monooxygenase activity	R00690
phenylalanine racemase (ATP-hydrolyzing) activity	R00686
phenylglyoxylate dehydrogenase (acylating) activity	R02450
phenylserine aldolase activity	R01766
phloretin hydrolase activity	R02901
phloroglucinol reductase activity	R05308
phorbol-diester hydrolase activity	R04119
phosphate butyryltransferase activity	R01174
phosphatidyl-N-methylethanolamine N-methyltransferase activity	R01320,R03424
phosphatidylcholine 12-monooxygenase activity	R03476
phosphatidylcholine synthase activity	R05794
phosphatidylcholine-dolichol O-acyltransferase activity	R04227
phosphatidylethanolamine N-methyltransferase activity	R02056
phosphatidylinositol deacylase activity	R03360
phosphatidylinositol-4,5-bisphosphate 5-phosphatase activity	R04404
phosphatidylinositol-4,5-bisphosphate phospholipase C activity	R03435
phosphatidylserine decarboxylase activity	R02055
phosphoacetylglucosamine mutase activity	R08193
phosphoadenylyl-sulfate reductase (thioredoxin) activity	R02021
phosphoamidase activity	R01882
phosphocholine phosphatase activity	R06871
phosphoenolpyruvate carboxykinase (ATP) activity	R00341
phosphoenolpyruvate carboxykinase (diphosphate) activity	R00346
phosphoenolpyruvate carboxylase activity	R00345
phosphoenolpyruvate mutase activity	R00661
phosphoenolpyruvate phosphatase activity	R00208
phosphoenolpyruvate-glycerone phosphotransferase activity	R01012
phosphoethanolamine N-methyltransferase activity	R02037,R06868
phosphoethanolamine phosphatase activity	R06870
phosphoglucokinase activity	R00949
phosphogluconate dehydratase activity	R02036
phosphoglucosamine mutase activity	R02060
phosphoglycerate kinase (GTP) activity	R01517
phosphoglycerate kinase activity	R01512
phosphoglycerate mutase activity	R01516
phosphoglycerate phosphatase activity	R01748
phosphoglycerol geranylgeranyltransferase activity	R04158
phosphoglycolate phosphatase activity	R01334
phosphomannomutase activity	R01818
phosphomevalonate kinase activity	R03245
phosphonate dehydrogenase activity	R05746
phosphonoacetaldehyde hydrolase activity	R00747
phosphonoacetate hydrolase activity	R00318
phosphonopyruvate decarboxylase activity	R04053
phosphonopyruvate hydrolase activity	R08200
phosphopantothenoylcysteine decarboxylase activity	R03269
phosphoribokinase activity	R01050
phosphoribosyl-AMP cyclohydrolase activity	R04037
phosphoribosyl-ATP diphosphatase activity	R04035
phosphoribosylamine-glycine ligase activity	R04144
phosphoribosylaminoimidazole carboxylase activity	R04209
phosphoribosylaminoimidazolesuccinocarboxamide synthase activity	R04591
phosphoribosylanthranilate isomerase activity	R03509
phosphoribosylformylglycinamidine cyclo-ligase activity	R04208
phosphoribosylformylglycinamidine synthase activity	R04463
phosphoribulokinase activity	R01523
phosphosulfolactate synthase activity	R07476
phthalate 4,5-cis-dihydrodiol dehydrogenase activity	R05275
phthalate 4,5-dioxygenase activity	R03630
phylloquinone monooxygenase (2,3-epoxidizing) activity	R03510
phytanate-CoA ligase activity	R03631
phytanoyl-CoA dioxygenase activity	R05722
pimeloyl-CoA dehydrogenase activity	R05311
pinosylvin synthase activity	R02505
piperidine N-piperoyltransferase activity	R03994
plastoquinol--plastocyanin reductase activity	R03817
polyenoic fatty acid isomerase activity	R06502
polyneuridine-aldehyde esterase activity	R05825
polyvinyl alcohol dehydrogenase (cytochrome) activity	R03136
porphobilinogen synthase activity	R00036
preQ1 synthase activity	R07605
precorrin-2 C20-methyltransferase activity	R03948
precorrin-2 dehydrogenase activity	R03947
precorrin-3B synthase activity	R05217
precorrin-6A synthase (deacetylating) activity	R05219
pregnan-21-ol dehydrogenase (NAD+) activity	R03043
pregnan-21-ol dehydrogenase (NADP+) activity	R03044
prephenate dehydrogenase (NAD+) activity	R01728
prephenate dehydrogenase (NADP+) activity	R01730
primary methylamine oxidase activity	R01853,R02173,R02613
proclavaminate amidinohydrolase activity	R05357
procollagen-proline 3-dioxygenase activity	R03218
procollagen-proline 4-dioxygenase activity	R03219
progesterone 11-alpha-monooxygenase activity	R02214
progesterone monooxygenase activity	R02212
proline racemase activity	R01255
propanediol dehydratase activity	R02376
propanediol-phosphate dehydrogenase activity	R04236
propioin synthase activity	R00038
propionyl-CoA C2-trimethyltridecanoyltransferase activity	R05330
prostaglandin D2 11-ketoreductase activity	R02799
prostaglandin H2 endoperoxidase reductase activity	R02264
prostaglandin-A1 delta-isomerase activity	R04565
prostaglandin-D synthase activity	R02266
prostaglandin-E synthase activity	R02265
prostaglandin-I synthase activity	R02267
protein C-terminal S-isoprenylcysteine carboxyl O-methyltransferase activity	R04496
protoaphin-aglucone dehydratase (cyclizing) activity	R03742
protocatechuate decarboxylase activity	R00822
protopine 6-monooxygenase activity	R04699
prunasin beta-glucosidase activity	R02558
pseudouridine kinase activity	R03315
pseudouridylate synthase activity	R01055
pteridine reductase activity	R01812
putrescine N-hydroxycinnamoyltransferase activity	R01944
putrescine N-methyltransferase activity	R01153
putrescine carbamoyltransferase activity	R01399
pyranose oxidase activity	R00302
pyrazolylalanine synthase activity	R02378
pyridine N-methyltransferase activity	R02862
pyridinol guanylyltransferase activity	R13518
pyridoxal 4-dehydrogenase activity	R01707
pyridoxal 5'-phosphate synthase (glutamine hydrolysing) activity	R10089
pyridoxamine-oxaloacetate transaminase activity	R01713
pyridoxamine-pyruvate transaminase activity	R01712
pyridoxine 4-dehydrogenase (NADP+) activity	R01708
pyridoxine 5'-O-beta-D-glucosyltransferase activity	R01912
pyridoxine 5'-phosphate synthase activity	R05838
pyrogallol 1,2-oxygenase activity	R03246
pyrroloquinoline-quinone synthase activity	R07353
pyruvate carboxylase activity	R00344
pyruvate dehydrogenase (NADP+) activity	R00210
pyruvate dehydrogenase (quinone) activity	R03145
pyruvate oxidase (CoA-acetylating) activity	R00211
pyruvate oxidase activity	R00207
pyruvate synthase activity	R01196
pyruvate, phosphate dikinase activity	R00206
pyruvate, water dikinase activity	R00199
quercetin 2,3-dioxygenase activity	R02156
quercetin-3-sulfate 3'-sulfotransferase activity	R02632
quercetin-3-sulfate 4'-sulfotransferase activity	R02633
questin monooxygenase (NADPH) activity	R02417
quinaldate 4-oxidoreductase activity	R03687
quinate 3-dehydrogenase (NAD+) activity	R01872
quinate 3-dehydrogenase (NADP+) activity	R06846
quinate dehydrogenase (quinone) activity	R01873
quinine 3-monooxygenase activity	R05727
quinoline-4-carboxylate 2-oxidoreductase activity	R05183
quinoprotein glucose dehydrogenase activity	R00305
rRNA (guanine-N1-)-methyltransferase activity	R07233
rRNA (guanine-N2-)-methyltransferase activity	R07234
raffinose alpha-galactosidase activity	R01103
raucaffricine beta-glucosidase activity	R03703
reactive-black-5:hydrogen-peroxide oxidoreductase activity	R07612
reticuline oxidase activity	R03831
retinol isomerase activity	R02369
ribitol 2-dehydrogenase (NAD+) activity	R01895
riboflavin kinase activity	R00549
riboflavin phosphotransferase activity	R00550
riboflavin reductase (NADPH) activity	R05707
riboflavin reductase [NAD(P)H] activity	R09750
riboflavin synthase activity	R00066
riboflavinase activity	R01732
ribose 1,5-bisphosphate phosphokinase activity	R06836
ribose 1-dehydrogenase (NADP+) activity	R01079
ribose isomerase activity	R01081
ribose phosphate diphosphokinase activity	R01049
ribose-5-phosphate adenylyltransferase activity	R01052
ribose-5-phosphate isomerase activity	R01056
ribose-5-phosphate-ammonia ligase activity	R01053
ribosylnicotinamide kinase activity	R02324
rifamycin-B oxidase activity	R03736
sabinene-hydrate synthase activity	R02006
saccharopine dehydrogenase (NAD+, L-glutamate-forming) activity	R02313
saccharopine dehydrogenase (NAD+, L-lysine-forming) activity	R00715
saccharopine dehydrogenase (NADP+, L-glutamate-forming) activity	R02315
saccharopine dehydrogenase (NADP+, L-lysine-forming) activity	R00716
salicyl-alcohol beta-D-glucosyltransferase activity	R03558
salutaridine reductase (NADPH) activity	R04697
salutaridine synthase activity	R04696
salutaridinol 7-O-acetyltransferase activity	R04723
sarcosine N-methyltransferase activity	R07243
sarcosine dehydrogenase activity	R00611
sarcosine oxidase activity	R00610
sarsapogenin 3-beta-glucosyltransferase activity	R04359
scopoletin glucosyltransferase activity	R03594
scyllo-inosamine 4-kinase activity	R03384
scyllo-inosamine-4-phosphate amidinotransferase activity	R03477
scymnol sulfotransferase activity	R07798
scytalone dehydratase activity	R02907
secoisolariciresinol dehydrogenase activity	R10129
secondary-alcohol oxidase activity	R02277
sedoheptulokinase activity	R01844
selenate reductase activity	R07229
selenide, water dikinase activity	R03595
senecionine N-oxygenase activity	R07373
sequoyitol dehydrogenase activity	R03497
serine 3-dehydrogenase activity	R06126
serine C-palmitoyltransferase activity	R01281
serine O-acetyltransferase activity	R00586
serine-ethanolaminephosphate phosphodiesterase activity	R02817
serine-phosphoethanolamine synthase activity	R02563
shikimate 3-dehydrogenase (NAD+) activity	R06847
shikimate 3-dehydrogenase (NADP+) activity	R02413
shikimate kinase activity	R02412
short-chain 2-methyl fatty acyl-CoA dehydrogenase activity	R03169
short-chain fatty acyl-CoA dehydrogenase activity	R01178
sinapine esterase activity	R02381
sinapoylglucose-choline O-sinapoyltransferase activity	R03075
sinapoylglucose-malate O-sinapoyltransferase activity	R03323
sinapoylglucose-sinapoylglucose O-sinapoyltransferase activity	R00063
sirohydrochlorin ferrochelatase activity	R02864
sn-glycerol-3-phosphate 1-galactosyltransferase activity	R00854
sn-glycerol-3-phosphate 2-alpha-galactosyltransferase activity	R00853
sorbitol-6-phosphatase activity	R02866
sorbose 5-dehydrogenase (NADP+) activity	R01694
sorbose dehydrogenase activity	R01696
sorbose reductase activity	R07346
spermine oxidase activity	R09076
sphingomyelin phosphodiesterase D activity	R02542
sphingomyelin phosphodiesterase activity	R02541
sphingomyelin synthase activity	R08969
sphingosine beta-galactosyltransferase activity	R01928
sphingosine cholinephosphotransferase activity	R01929
squalene monooxygenase activity	R02874
stearoyl-[ACP] desaturase activity	R03370
stemar-13-ene synthase activity	R09115
steroid 9-alpha-monooxygenase activity	R04392
steroid N-acetylglucosaminyltransferase activity	R04451
steroid-lactonase activity	R03641
sterol 12-alpha-hydroxylase activity	R04826,R07204
steryl-beta-glucosidase activity	R01460
stipitatonate decarboxylase activity	R03739
streptomycin 3''-kinase activity	R02227
streptomycin-6-phosphatase activity	R02228
strictosidine beta-glucosidase activity	R03820
strictosidine synthase activity	R03738
strombine dehydrogenase activity	R00368
styrene-oxide isomerase activity	R02615
succinate dehydrogenase (quinone) activity	R02164
succinate dehydrogenase activity	R00412
succinate-CoA ligase (ADP-forming) activity	R00405
succinate-CoA ligase (GDP-forming) activity	R00432
succinyl-CoA hydrolase activity	R00407
succinyl-CoA:(R)-benzylsuccinate CoA-transferase activity	R05588
succinyl-CoA:oxalate CoA-transferase	R01559
succinyl-diaminopimelate desuccinylase activity	R02734
succinyldiaminopimelate transaminase activity	R04475
succinylglutamate desuccinylase activity	R00411
succinylglutamate-semialdehyde dehydrogenase activity	R05049
succinylornithine transaminase activity	R04217
sucrose alpha-glucosidase activity	R00802
sucrose-phosphate phosphatase activity	R00805,R06211
sugar-phosphatase activity	R00804
sulcatone reductase activity	R05678
sulfate adenylyltransferase (ADP) activity	R00530
sulfite oxidase activity	R00533
sulfoacetaldehyde acetyltransferase activity	R05651
sulfolactate sulfo-lyase activity	R07633
sulfopyruvate decarboxylase activity	R05774
sulochrin oxidase [(+)-bisdechlorogeodin-forming] activity	R00060
sulochrin oxidase [(-)-bisdechlorogeodin-forming] activity	R00061
sym-norspermidine synthase activity	R03271
syn-pimara-7,15-diene synthase activity	R09117
syn-stemod-13(17)-ene synthase activity	R09116
synephrine dehydratase activity	R03359
tRNA (5-methylaminomethyl-2-thiouridylate)(34)-methyltransferase activity	R00601
tRNA (uracil(54)-C5)-methyltransferase activity, 5,10-methylenetetrahydrofolate-dependent	R03704
tabersonine 16-hydroxylase activity	R05855
tagatose kinase activity	R02927
tagatose-bisphosphate aldolase activity	R01069
tagaturonate reductase activity	R02555
tannase activity	R00053
tartrate decarboxylase activity	R01751
tartrate epimerase activity	R02546
tartronate O-hydroxycinnamoyltransferase activity	R03965
tartronate-semialdehyde synthase activity	R00013
taurine dehydrogenase activity	R07167
taurine dioxygenase activity	R05320
taurine-pyruvate aminotransferase activity	R05652
taurocyamine kinase activity	R03785
tauropine dehydrogenase activity	R01683
taxadien-5-alpha-ol O-acetyltransferase activity	R06307
taxadiene 5-alpha-hydroxylase activity	R06306
taxadiene synthase activity	R06305
taxane 10-beta-hydroxylase activity	R06309
taxane 13-alpha-hydroxylase activity	R06308
taxoid 14-beta-hydroxylase activity	R09867
taxoid 7beta-hydroxylase activity	R09868
terephthalate 1,2-dioxygenase activity	R05148
testosterone dehydrogenase (NAD+) activity	R01836
testosterone dehydrogenase (NADP+) activity	R01838
tetrahydrocolumbamine 2-O-methyltransferase activity	R04077
tetrahydrodipicolinate N-acetyltransferase activity	R04364
tetrahydromethanopterin S-methyltransferase activity	R04347
tetrahydroxypteridine cycloisomerase activity	R04154
theanine hydrolase activity	R02930
thetin-homocysteine S-methyltransferase activity	R04153
thiaminase activity	R02133
thiamine kinase activity	R02134
thiamine pyridinylase activity	R02863
thiamine triphosphate phosphatase activity	R00618
thiamine-phosphate diphosphorylase activity	R03223
thiamine-phosphate kinase activity	R00617
thiocyanate hydrolase activity	R05780
thioethanolamine S-acetyltransferase activity	R03668
thioether S-methyltransferase activity	R02572
thiophene-2-carbonyl-CoA monooxygenase activity	R05742
thioredoxin-disulfide reductase (NADPH) activity	R02016
thiosulfate dehydrogenase (quinone) activity	R07177
thiosulfate-cyanide sulfurtransferase activity	R01931
threo-3-hydroxyaspartate ammonia-lyase activity	R05758
threonine racemase activity	R01467
threonine-phosphate decarboxylase activity	R06530
thromboxane-A synthase activity	R02268
thymidylate synthase (FAD) activity	R06613
thymidylate synthase activity	R02101
thyroid-hormone transaminase activity	R03952
tocopherol cyclase activity	R07502,R07503,R10623,R10624
toluene dioxygenase activity	R03559
trans-L-3-hydroxyproline dehydratase activity	R04374
trans-acenaphthene-1,2-diol dehydrogenase activity	R04059
trans-aconitate 2-methyltransferase activity	R05763
trans-aconitate 3-methyltransferase activity	R05764
trans-cinnamate 2-monooxygenase activity	R02254
trans-epoxysuccinate hydrolase activity	R02547
trans-zeatin O-beta-D-glucosyltransferase activity	R02118
trehalose O-mycolyltransferase activity	R07248
triacetate-lactonase activity	R03702
trichodiene synthase activity	R02306
trimetaphosphatase activity	R02504
trimethylamine monooxygenase activity	R05623
trimethylamine-oxide aldolase activity	R02512
trimethyllysine dioxygenase activity	R03451
trimethylsulfonium-tetrahydrofolate N-methyltransferase activity	R02573
triokinase activity	R01059
triose-phosphate isomerase activity	R01015
trithionate hydrolase activity	R01930
tropine dehydrogenase activity	R02832
tropinesterase activity	R03563
tropinone reductase activity	R06734
tryptophan 2-C-methyltransferase activity	R08547
tryptophan 2-monooxygenase activity	R00679
tryptophan N-monooxygenase activity	R08160
tryptophan alpha,beta-oxidase activity	R05317
tryptophan synthase activity	R02722
tryptophan-phenylpyruvate transaminase activity	R01376
tryptophanamidase activity	R00682
tryptophanase activity	R00673
tubulin N-terminal-methionine acetyltransferase activity	R12978
tyramine N-methyltransferase activity	R02384
tyrosine phenol-lyase activity	R00728
tyrosine-arginine ligase activity	R00735
tyrosine-ester sulfotransferase activity	R04213
tyrosine-tRNA ligase activity	R02918
ubiquitin-protein transferase activity	R03876
undecaprenyl-diphosphatase activity	R05627
undecaprenyl-phosphate galactose phosphotransferase activity	R01535
uracil phosphoribosyltransferase activity	R00966
uracil-5-carboxylate decarboxylase activity	R00973
urate-ribonucleotide phosphorylase activity	R02646
urea carboxylase activity	R00774
ureidoglycolate hydrolase activity	R00469
ureidoglycolate lyase activity	R00776
ureidosuccinase activity	R00484
urethanase activity	R02359
uridine nucleosidase activity	R01080
urocanate hydratase activity	R02914
uronate dehydrogenase activity	R01981
uroporphyrinogen-III synthase activity	R03165
valine decarboxylase activity	R01437
valine-3-methyl-2-oxovalerate transaminase activity	R02200
valine-pyruvate transaminase activity	R01215
valine-tRNA ligase activity	R03665
vanillate monooxygenase activity	R05274
vanillin dehydrogenase activity	R05699
vanillyl-alcohol oxidase activity	R02877
vellosimine dehydrogenase activity	R05827
versicolorin B desaturase activity	R10479
vetispiradiene synthase activity	R06523
vicianin beta-glucosidase activity	R03642
vinorine hydroxylase activity	R05877
vinorine synthase activity	R05876
vinylacetyl-CoA delta-isomerase activity	R03031
vitexin beta-glucosyltransferase activity	R03565
vomifoliol 4'-dehydrogenase activity	R04412
vomilenine glucosyltransferase activity	R05882
vomilenine reductase activity	R05878
xanthommatin reductase activity	R03787
xanthoxin dehydrogenase (NAD+) activity	R06954
xylitol kinase activity	R02136
xylonate dehydratase activity	R02429
zeatin 9-aminocarboxyethyltransferase activity	R03133
zeatin O-beta-D-xylosyltransferase activity	R02119
zeatin reductase activity	R05702
zeaxanthin epoxidase activity	R06946,R06947,R10070
