Reaction_ID	GO_terms
R00004	0004427,inorganic diphosphate phosphatase activity
R00005	0004039,allophanate hydrolase activity
R00012	0047351,GTP guanylyltransferase activity
R00013	0009028,tartronate-semialdehyde synthase activity
R00023	0047999,hyponitrite reductase (NADH) activity
R00025	0036434,nitronate monooxygenase (FMN-linked) activity
R00027	0047695,benzoin aldolase activity
R00032	0003834,beta-carotene 15,15'-dioxygenase activity
R00036	0004655,porphobilinogen synthase activity
R00038	0050217,propioin synthase activity
R00042	0018490,4-hydroxyphenylpyruvate oxidase activity
R00043	0050054,lignostilbene alpha beta-dioxygenase activity
R00044	0050455,columbamine oxidase activity
R00048	0047989,hydroxybutyrate-dimer hydrolase activity
R00049	0047201,beta-glucogallin O-galloyltransferase activity
R00053	0050318,tannase activity
R00054	0050160,orsellinate-depside hydrolase activity
R00060	0047064,sulochrin oxidase [(+)-bisdechlorogeodin-forming] activity
R00061	0047065,sulochrin oxidase [(-)-bisdechlorogeodin-forming] activity
R00062	0047278,bilirubin-glucuronoside glucuronosyltransferase activity
R00063	0047158,sinapoylglucose-sinapoylglucose O-sinapoyltransferase activity
R00066	0004746,riboflavin synthase activity
R00075	0030410,nicotianamine synthase activity
R00083	0052716,hydroquinone:oxygen oxidoreductase activity
R00084	0004418,hydroxymethylbilane synthase activity
R00090	0016692,NADH peroxidase activity
R00093	0016040,glutamate synthase (NADH) activity
R00103	0035529,NADH pyrophosphatase activity
R00104	0003951,NAD+ kinase activity
R00105	0042736,NADH kinase activity
R00113	0050137,NADPH peroxidase activity
R00114	0004355,glutamate synthase (NADPH) activity
R00120	0047950,glutathione oxidase activity
R00125	0008803,bis(5'-nucleosyl)-tetraphosphatase (symmetrical) activity
R00129	0047453,ATP-dependent NAD(P)H-hydrate dehydratase activity
R00130	0004140,dephospho-CoA kinase activity
R00134	0047899,formate dehydrogenase (NADP+) activity
R00138	0050355,inorganic triphosphate phosphatase activity
R00141	0047666,ammonia kinase activity
R00149	0004087,carbamoyl-phosphate synthase (ammonia) activity
R00155	0045134,UDP phosphatase activity
R00161	0003919,FMN adenylyltransferase activity
R00162	0004707,MAP kinase activity
R00178	0004014,adenosylmethionine decarboxylase activity
R00179	0016847,1-aminocyclopropane-1-carboxylate synthase activity
R00182	0008714,AMP nucleosidase activity
R00187	0047710,bis(5'-adenosyl)-triphosphatase activity
R00193	0050270,S-adenosylhomocysteine deaminase activity
R00199	0008986,pyruvate, water dikinase activity
R00206	0050242,pyruvate, phosphate dikinase activity
R00207	0047112,pyruvate oxidase activity
R00208	0050189,phosphoenolpyruvate phosphatase activity
R00210	0050243,pyruvate dehydrogenase (NADP+) activity
R00211	0050244,pyruvate oxidase (CoA-acetylating) activity
R00213	0047766,carbamoyl-serine ammonia-lyase activity
R00214	0004471,malate dehydrogenase (decarboxylating) (NAD+) activity
R00215	0046553,D-malate dehydrogenase (decarboxylating) (NAD+) activity
R00216	0004473,malate dehydrogenase (decarboxylating) (NADP+) activity
R00217	0008948,oxaloacetate decarboxylase activity
R00227	0003986,acetyl-CoA hydrolase activity
R00237	(S)-citramalyl-CoA lyase activity,0047777
R00239	0004349,glutamate 5-kinase activity
R00251	0017168,5-oxoprolinase (ATP-hydrolyzing) activity
R00253	0004356,glutamine synthetase activity
R00258	0004021,L-alanine:2-oxoglutarate aminotransferase activity
R00259	0004042,L-glutamate N-acetyltransferase activity
R00260	0008881,glutamate racemase activity
R00262	0050097,methylaspartate mutase activity
R00271	0004410,homocitrate synthase activity
R00272	0008683,2-oxoglutarate decarboxylase activity
R00273	0050162,oxalate oxidase activity
R00279	0047821,D-glutamate oxidase activity
R00286	0003979,UDP-glucose 6-dehydrogenase activity
R00289	0003983,UTP:glucose-1-phosphate uridylyltransferase activity
R00293	0050377,UDP-glucose 4,6-dehydratase activity
R00294	0016966,nitric oxide reductase activity
R00297	0047809,D-lactate dehydrogenase activity
R00302	0050233,pyranose oxidase activity
R00303	0004346,glucose-6-phosphatase activity
R00304	0008877,glucose-1-phosphatase activity
R00305	0008876,quinoprotein glucose dehydrogenase activity
R00310	0004325,ferrochelatase activity
R00318	0047400,phosphonoacetate hydrolase activity
R00319	0050040,lactate 2-monooxygenase activity
R00320	0047601,acetate kinase (diphosphate) activity
R00324	0018773,acetylpyruvate hydrolase activity
R00325	0047776,citramalate lyase activity
R00327	0047593,6-acetylglucose deacetylase activity
R00337	0047917,GDP-glucosidase activity
R00338	0030603,oxaloacetase activity
R00339	0008730,L(+)-tartrate dehydratase activity
R00340	0047808,D(-)-tartrate dehydratase activity
R00341	0004612,phosphoenolpyruvate carboxykinase (ATP) activity
R00343	0046554,L-malate dehydrogenase (NADP+) activity
R00344	0004736,pyruvate carboxylase activity
R00345	0008964,phosphoenolpyruvate carboxylase activity
R00346	0030585,phosphoenolpyruvate carboxykinase (diphosphate) activity
R00351	0036440,citrate synthase activity
R00352	0003878,ATP citrate synthase activity
R00355	0004069,L-aspartate:2-oxoglutarate aminotransferase activity
R00362	0008815,citrate (pro-3S)-lyase activity
R00363	0050163,oxaloacetate tautomerase activity
R00367	0017174,glycine N-methyltransferase activity
R00368	0050305,strombine dehydrogenase activity
R00371	0008890,glycine C-acetyltransferase activity
R00373	0047303,glycine-oxaloacetate transaminase activity
R00394	0047612,acid-CoA ligase (GDP-forming) activity
R00398	0047636,alanopine dehydrogenase activity
R00401	0008784,alanine racemase activity
R00402	0016156,fumarate reductase (NADH) activity
R00405	0004775,succinate-CoA ligase (ADP-forming) activity
R00407	0004778,succinyl-CoA hydrolase activity
R00409	0046421,methylisocitrate lyase activity
R00411	0009017,succinylglutamate desuccinylase activity
R00412	0000104,succinate dehydrogenase activity
R00416	0003977,UDP-N-acetylglucosamine diphosphorylase activity
R00421	0047004,UDP-N-acetylglucosamine 6-dehydrogenase activity
R00424	0003934,GTP cyclohydrolase I activity
R00425	0003935,GTP cyclohydrolase II activity
R00426	0036219,GTP diphosphatase activity
R00432	0004776,succinate-CoA ligase (GDP-forming) activity
R00447	0050029,L-lysine oxidase activity
R00448	0047091,L-lysine 6-monooxygenase (NADPH) activity
R00449	0050067,lysine 2-monooxygenase activity
R00451	0008836,diaminopimelate decarboxylase activity
R00452	0047827,D-lysopine dehydrogenase activity
R00453	0050065,lysine-pyruvate 6-transaminase activity
R00457	0045484,L-lysine 6-transaminase activity
R00461	0050066,L-lysine 2,3-aminomutase activity
R00462	0008923,lysine decarboxylase activity
R00463	0050028,L-lysine-lactamase activity
R00466	0047969,glyoxylate oxidase activity
R00468	0047968,glyoxylate dehydrogenase (acylating) activity
R00469	0004848,ureidoglycolate hydrolase activity
R00472	0004474,malate synthase activity
R00474	0050439,2-hydroxy-3-oxoadipate synthase activity
R00476	0019154,glycolate dehydrogenase activity
R00477	0050204,oxalomalate lyase activity
R00478	0047562,3-hydroxyaspartate aldolase activity
R00479	0004451,isocitrate lyase activity
R00480	0004072,aspartate kinase activity
R00482	0047478,aspartate-ammonia ligase (ADP-forming) activity
R00484	0050386,ureidosuccinase activity
R00486	0047427,cyanoalanine nitrilase activity
R00487	0017188,L-aspartate N-acetyltransferase activity
R00491	0047689,aspartate racemase activity
R00494	0036374,glutathione hydrolase activity
R00497	0004363,glutathione synthase activity
R00499	0050273,S-succinylglutathione hydrolase activity
R00502	0017103,UTP:galactose-1-phosphate uridylyltransferase activity
R00504	0047357,UDP-galactose-UDP-N-acetylglucosamine galactose phosphotransferase activity
R00512	0036430,CMP kinase activity
R00518	0047900,formate kinase activity
R00519	0008863,formate dehydrogenase (NAD+) activity
R00522	0046564,oxalate decarboxylase activity
R00524	0004328,formamidase activity
R00525	0050129,N-formylglutamate deformylase activity
R00527	0018738,S-formylglutathione hydrolase activity
R00530	0004780,sulfate adenylyltransferase (ADP) activity
R00531	0047627,adenylylsulfatase activity
R00533	0008482,sulfite oxidase activity
R00534	0047966,glycosulfatase activity
R00540	0000257,nitrilase activity
R00547	0047951,glutathione thiolesterase activity
R00549	0008531,riboflavin kinase activity
R00550	0050257,riboflavin phosphotransferase activity
R00554	0004054,arginine kinase activity
R00559	0047678,arginine 2-monooxygenase activity
R00566	0008792,arginine decarboxylase activity
R00574	0047805,cytidylate cyclase activity
R00576	0047945,L-glutamine:pyruvate aminotransferase activity
R00582	0036424,L-phosphoserine phosphatase activity
R00584	0047332,diphosphate-serine phosphotransferase activity
R00585	0004760,L-serine-pyruvate transaminase activity
R00586	0009001,serine O-acetyltransferase activity
R00601	0004808,tRNA (5-methylaminomethyl-2-thiouridylate)(34)-methyltransferase activity
R00603	0018834,dichloromethane dehalogenase activity
R00604	0018467,formaldehyde dehydrogenase (NAD+) activity
R00605	0050093,methanol dehydrogenase (NAD+) activity
R00606	0052876,methylamine dehydrogenase (amicyanin) activity
R00609	0050099,methylglutamate dehydrogenase activity
R00610	0008115,sarcosine oxidase activity
R00611	0008480,sarcosine dehydrogenase activity
R00612	0050134,N6-methyl-lysine oxidase activity
R00617	0009030,thiamine-phosphate kinase activity
R00618	0050333,thiamine triphosphate phosphatase activity
R00630	0052689,carboxylic ester hydrolase activity
R00643	0050024,L-galactonolactone oxidase activity
R00652	0050094,methionine-glyoxylate transaminase activity
R00653	0008463,formylmethionine deformylase activity
R00655	0018111,methionine racemase activity
R00656	0050095,methionine decarboxylase activity
R00660	0008760,UDP-N-acetylglucosamine 1-carboxyvinyltransferase activity
R00661	0050188,phosphoenolpyruvate mutase activity
R00662	0036221,UTP diphosphatase activity
R00664	0050156,ornithine N-benzoyltransferase activity
R00666	0047126,N5-(carboxyethyl)ornithine synthase activity
R00670	0004586,ornithine decarboxylase activity
R00671	0008473,ornithine cyclodeaminase activity
R00673	0009034,tryptophanase activity
R00674	0052684,L-serine hydro-lyase (adding indole, L-tryptophan-forming) activity
R00679	0050361,tryptophan 2-monooxygenase activity
R00682	0050365,tryptophanamidase activity
R00686	0047462,phenylalanine racemase (ATP-hydrolyzing) activity
R00690	0050172,phenylalanine 2-monooxygenase activity
R00692	0047312,L-phenylalanine-pyruvate transaminase activity
R00693	0050176,L-phenylalanine N-acetyltransferase activity
R00694	0080130,L-phenylalanine-2-oxoglutarate transaminase activity
R00695	0047319,aspartate-phenylpyruvate transaminase activity
R00704	0008720,D-lactate dehydrogenase (NAD+) activity
R00715	0004754,saccharopine dehydrogenase (NAD+, L-lysine-forming) activity
R00716	0047130,saccharopine dehydrogenase (NADP+, L-lysine-forming) activity
R00720	0036220,ITP diphosphatase activity
R00728	0050371,tyrosine phenol-lyase activity
R00735	0050367,tyrosine-arginine ligase activity
R00739	0050368,L-tyrosine 2,3-aminomutase activity
R00743	0050078,malonate CoA-transferase activity
R00747	0050194,phosphonoacetaldehyde hydrolase activity
R00748	0050459,ethanolamine-phosphate phospho-lyase activity
R00750	0008701,4-hydroxy-2-oxovalerate aldolase activity
R00753	0050041,lactate aldolase activity
R00765	0004342,glucosamine-6-phosphate deaminase activity
R00768	0004360,glutamine-fructose-6-phosphate transaminase (isomerizing) activity
R00774	0004847,urea carboxylase activity
R00775	0047970,guanidinoacetase activity
R00776	0050385,ureidoglycolate lyase activity
R00777	0047660,amidinoaspartase activity
R00778	0018820,cyanamide hydratase activity
R00787	0008942,nitrite reductase [NAD(P)H] activity
R00789	0008942,nitrite reductase [NAD(P)H] activity
R00793	0047991,hydroxylamine oxidase activity
R00799	0052664,nitroalkane oxidase activity
R00802	0004575,sucrose alpha-glucosidase activity
R00804	0050308,sugar-phosphatase activity
R00805	0050307,sucrose-phosphate phosphatase activity
R00821	0050150,o-pyrocatechuate decarboxylase activity
R00822	0050223,protocatechuate decarboxylase activity
R00828	0047549,2-nitrophenol 2-monooxygenase activity
R00830	0003870,5-aminolevulinate synthase activity
R00833	0004494,methylmalonyl-CoA mutase activity
R00834	0047641,aldose-6-phosphate reductase (NADPH) activity
R00842	0141152,glycerol-3-phosphate dehydrogenase (NAD+) activity
R00844	0141153,glycerol-3-phosphate dehydrogenase (NADP+) activity
R00845	0047014,glycerol-3-phosphate 1-dehydrogenase (NADP+) activity
R00846	0004369,glycerol-3-phosphate oxidase activity
R00847	0004370,glycerol kinase activity
R00850	0047327,glycerol-3-phosphate-glucose phosphotransferase activity
R00853	0047221,sn-glycerol-3-phosphate 2-alpha-galactosyltransferase activity
R00854	0047279,sn-glycerol-3-phosphate 1-galactosyltransferase activity
R00855	0047734,CDP-glycerol diphosphatase activity
R00856	0047348,glycerol-3-phosphate cytidylyltransferase activity
R00870	0050085,mannitol 2-dehydrogenase (NADP+) activity
R00873	0047904,fructose 5-dehydrogenase activity
R00874	0047061,glucose-fructose oxidoreductase activity
R00877	0050089,mannose isomerase activity
R00880	0047919,GDP-mannose 6-dehydrogenase activity
R00883	0008928,mannose-1-phosphate guanylyltransferase (GDP) activity
R00885	0004475,mannose-1-phosphate guanylyltransferase (GTP) activity
R00888	0008446,GDP-mannose 4,6-dehydratase activity
R00892	0050456,L-cystine reductase (NADH) activity
R00893	0017172,cysteine dioxygenase activity
R00894	0004357,glutamate-cysteine ligase activity
R00906	0047697,beta-alanopine dehydrogenase activity
R00909	0050117,N-acetyl-beta-alanine deacetylase activity
R00913	0047972,guanidinopropionase activity
R00919	0043957,acryloyl-CoA reductase (NADPH) activity
R00931	0050440,2-methylcitrate synthase activity
R00932	0019142,2-hydroxyglutarate synthase activity
R00941	0016155,formyltetrahydrofolate dehydrogenase activity
R00944	0008864,formyltetrahydrofolate deformylase activity
R00946	0008705,methionine synthase activity
R00948	0008878,glucose-1-phosphate adenylyltransferase activity
R00949	0050190,phosphoglucokinase activity
R00954	0047344,glucose-1-phosphate guanylyltransferase activity
R00955	0008108,UDP-glucose:hexose-1-phosphate uridylyltransferase activity
R00956	0047343,glucose-1-phosphate cytidylyltransferase activity
R00965	0004590,orotidine-5'-phosphate decarboxylase activity
R00966	0004845,uracil phosphoribosyltransferase activity
R00973	0050382,uracil-5-carboxylate decarboxylase activity
R00975	0047857,dihydrouracil oxidase activity
R00979	0047671,cyclopeptine synthase activity
R00980	0018672,anthranilate 3-monooxygenase (deaminating) activity
R00982	0018860,anthranilate-CoA ligase activity
R00983	0047528,2,3-dihydroxyindole 2,3-dioxygenase activity
R00984	0030774,anthranilate N-methyltransferase activity
R00989	0047673,anthranilate N-malonyltransferase activity
R00997	0008660,1-aminocyclopropane-1-carboxylate deaminase activity
R00998	0050438,2-ethylmalate synthase activity
R01001	0004123,cystathionine gamma-lyase activity
R01011	0004371,glycerone kinase activity
R01012	0047324,phosphoenolpyruvate-glycerone phosphotransferase activity
R01013	0016287,glycerone-phosphate O-acyltransferase activity
R01014	0050014,ketotetrose-phosphate aldolase activity
R01015	0004807,triose-phosphate isomerase activity
R01016	0008929,methylglyoxal synthase activity
R01021	0004103,choline kinase activity
R01023	0004102,choline O-acetyltransferase activity
R01025	0008812,choline dehydrogenase activity
R01027	0047754,choline sulfotransferase activity
R01028	0047753,choline-sulfatase activity
R01034	0008888,glycerol dehydrogenase (NAD+) activity
R01039	0047953,glycerol 2-dehydrogenase (NADP+) activity
R01043	0047954,glycerol-2-phosphatase activity
R01044	0047331,diphosphate-glycerol phosphotransferase activity
R01045	0047955,glycerol dehydrogenase (acceptor) activity
R01049	0004749,ribose phosphate diphosphokinase activity
R01050	0050195,phosphoribokinase activity
R01052	0047345,ribose-5-phosphate adenylyltransferase activity
R01053	0050260,ribose-5-phosphate-ammonia ligase activity
R01055	0004730,pseudouridylate synthase activity
R01056	0004751,ribose-5-phosphate isomerase activity
R01058	0008886,glyceraldehyde-3-phosphate dehydrogenase (NADP+) (non-phosphorylating) activity
R01059	0050354,triokinase activity
R01064	0008674,2-dehydro-3-deoxy-6-phosphogalactonate aldolase activity
R01066	0004139,deoxyribose-phosphate aldolase activity
R01069	0009025,tagatose-bisphosphate aldolase activity
R01072	0004044,amidophosphoribosyltransferase activity
R01073	0004048,anthranilate phosphoribosyltransferase activity
R01078	0004076,biotin synthase activity
R01079	0050259,ribose 1-dehydrogenase (NADP+) activity
R01080	0045437,uridine nucleosidase activity
R01081	0050261,ribose isomerase activity
R01082	0004333,fumarate hydratase activity
R01083	0004018,N6-(1,2-dicarboxyethyl)AMP AMP-lyase (fumarate-forming) activity
R01087	0050076,maleate isomerase activity
R01089	0050050,L-leucine N-acetyltransferase activity
R01090	0052654,L-leucine-2-oxoglutarate transaminase activity
R01091	0050047,L-leucine 2,3-aminomutase activity
R01092	0004335,galactokinase activity
R01103	0052692,raffinose alpha-galactosidase activity
R01108	0045174,glutathione dehydrogenase (ascorbate) activity
R01121	0004163,diphosphomevalonate decarboxylase activity
R01123	0004452,isopentenyl-diphosphate delta-isomerase activity
R01128	0047723,inosinate nucleosidase activity
R01132	0004422,hypoxanthine phosphoribosyltransferase activity
R01134	0003920,GMP reductase activity
R01135	0004019,adenylosuccinate synthase activity
R01142	0015049,methane monooxygenase [NAD(P)H] activity
R01143	0015049,methane monooxygenase [NAD(P)H] activity
R01144	0047583,4-methyloxaloacetate esterase activity
R01145	0050106,monomethyl-sulfatase activity
R01149	0047811,D-alanine gamma-glutamyltransferase activity
R01150	0008716,D-alanine-D-alanine ligase activity
R01152	0050126,N-carbamoylputrescine amidase activity
R01153	0030750,putrescine N-methyltransferase activity
R01156	0047609,acetylputrescine deacetylase activity
R01157	0008783,agmatinase activity
R01160	0047981,L-histidine N-acetyltransferase activity
R01161	0008110,L-histidine:2-oxoglutarate aminotransferase activity
R01169	0052706,L-histidine N(alpha)-methyltransferase activity
R01174	0050182,phosphate butyryltransferase activity
R01178	0016937,short-chain fatty acyl-CoA dehydrogenase activity
R01180	0050441,3-ethylmalate synthase activity
R01181	0047727,isobutyryl-CoA mutase activity
R01183	0050112,inositol 2-dehydrogenase (NAD+) activity
R01184	0050113,inositol oxygenase activity
R01188	0030741,inositol 1-methyltransferase activity
R01189	0030740,inositol 3-methyltransferase activity
R01190	0030787,inositol 4-methyltransferase activity
R01193	0047395,glycerophosphoinositol glycerophosphodiesterase activity
R01196	0019164,pyruvate synthase activity
R01200	0050119,N-acetylglucosamine deacetylase activity
R01201	0045127,N-acetylglucosamine kinase activity
R01202	0050120,N-acetylhexosamine 1-dehydrogenase activity
R01203	0050122,N-acylhexosamine oxidase activity
R01204	0047932,glucosamine N-acetyltransferase activity
R01211	0047867,dimethylmalate dehydrogenase activity
R01213	0003852,2-isopropylmalate synthase activity
R01214	0052655,L-valine-2-oxoglutarate transaminase activity
R01215	0009042,valine-pyruvate transaminase activity
R01218	0004487,methylenetetrahydrofolate dehydrogenase (NAD+) activity
R01220	0004488,methylenetetrahydrofolate dehydrogenase (NADP+) activity
R01224	0004489,methylenetetrahydrofolate reductase [NAD(P)H] activity
R01225	0050413,D-alanine 2-hydroxymethyltransferase activity
R01229	0052657,guanine phosphoribosyltransferase activity
R01238	0018799,4-hydroxybenzoate decarboxylase activity
R01239	0030736,phenol O-methyltransferase activity
R01255	0018112,proline racemase activity
R01266	0047406,beta-aspartyl-N-acetylglucosaminidase activity
R01267	0047558,3-cyanoalanine hydratase activity
R01269	0008112,nicotinamide N-methyltransferase activity
R01270	0019160,NMN nucleosidase activity
R01271	0047280,nicotinamide phosphoribosyltransferase activity
R01277	0047104,hexadecanal dehydrogenase (acylating) activity
R01281	0004758,serine C-palmitoyltransferase activity
R01291	0043768,S-ribosylhomocysteine lyase activity
R01295	0018664,benzoate 4-monooxygenase activity
R01300	0018859,4-hydroxybenzoate-CoA ligase activity
R01301	0018739,4-hydroxybenzoyl-CoA thioesterase activity
R01302	0008813,chorismate lyase activity
R01304	0047250,4-hydroxybenzoate 4-O-beta-D-glucosyltransferase activity
R01305	0047073,2,4'-dihydroxyacetophenone dioxygenase activity
R01306	0018690,4-methoxybenzoate monooxygenase (O-demethylating) activity
R01307	0047576,4-chlorobenzoate dehalogenase activity
R01319	0047190,2-acylglycerophosphocholine O-acyltransferase activity
R01320	0000773,phosphatidyl-N-methylethanolamine N-methyltransferase activity
R01322	0047779,citrate-CoA ligase activity
R01333	0050569,glycolaldehyde dehydrogenase (NAD+) activity
R01334	0008967,phosphoglycolate phosphatase activity
R01336	0047772,carboxymethyloxysuccinate lyase activity
R01355	0047529,2,3-dimethylmalate lyase activity
R01357	0030729,acetoacetate-CoA ligase activity
R01358	0047603,acetoacetyl-CoA hydrolase activity
R01360	0004419,hydroxymethylglutaryl-CoA lyase activity
R01361	0003858,3-hydroxybutyrate dehydrogenase activity
R01364	0004334,fumarylacetoacetase activity
R01365	0047371,butyrate-acetoacetate CoA-transferase activity
R01366	0047602,acetoacetate decarboxylase activity
R01375	0047316,glutamine-phenylpyruvate transaminase activity
R01376	0047299,tryptophan-phenylpyruvate transaminase activity
R01381	0047350,glucuronate-1-phosphate uridylyltransferase activity
R01384	0048040,UDP-glucuronate decarboxylase activity
R01385	0050378,UDP-glucuronate 4-epimerase activity
R01387	0050379,UDP-glucuronate 5'-epimerase activity
R01393	0047997,hydroxypyruvate decarboxylase activity
R01394	0008903,hydroxypyruvate isomerase activity
R01396	0050068,lysine carbamoyltransferase activity
R01397	0004070,aspartate carbamoyltransferase activity
R01399	0050231,putrescine carbamoyltransferase activity
R01408	0030196,cyanide hydratase activity
R01417	0047633,agmatine kinase activity
R01418	0047854,diguanidinobutanase activity
R01422	0018858,benzoate-CoA ligase activity
R01424	0047980,hippurate hydrolase activity
R01425	0047618,acylagmatine amidase activity
R01430	0047837,D-xylose 1-dehydrogenase (NADP+) activity
R01437	0050390,valine decarboxylase activity
R01447	0050042,lactate-malate transhydrogenase activity
R01448	0047825,D-lactate-2-sulfatase activity
R01450	0050043,lactate racemase activity
R01459	0016995,cholesterol oxidase activity
R01460	0050295,steryl-beta-glucosidase activity
R01461	0034736,cholesterol O-acyltransferase activity
R01465	0008743,L-threonine 3-dehydrogenase activity
R01467	0018114,threonine racemase activity
R01468	0004305,ethanolamine kinase activity
R01473	0050373,UDP-arabinose 4-epimerase activity
R01476	0047940,glucuronokinase activity
R01481	0047939,L-glucuronate reductase activity
R01505	0008667,2,3-dihydro-2,3-dihydroxybenzoate dehydrogenase activity
R01506	0047072,2,3-dihydroxybenzoate 2,3-dioxygenase activity
R01507	0045133,2,3-dihydroxybenzoate 3,4-dioxygenase activity
R01508	0047563,3-hydroxybenzoate 2-monooxygenase activity
R01511	0047572,3-phosphoglycerate phosphatase activity
R01512	0004618,phosphoglycerate kinase activity
R01514	0008887,glycerate kinase activity
R01516	0004619,phosphoglycerate mutase activity
R01517	0050191,phosphoglycerate kinase (GTP) activity
R01522	0046562,beta-D-glucose oxidase activity
R01523	0008974,phosphoribulokinase activity
R01529	0004750,D-ribulose-phosphate 3-epimerase activity
R01530	0019146,arabinose-5-phosphate isomerase activity
R01533	0047862,diisopropyl-fluorophosphatase activity
R01535	0047360,undecaprenyl-phosphate galactose phosphotransferase activity
R01538	0047929,gluconate dehydratase activity
R01540	0008789,altronate dehydratase activity
R01541	0008673,2-dehydro-3-deoxygluconokinase activity
R01543	0047000,2-dehydro-3-deoxy-D-gluconate 6-dehydrogenase activity
R01550	0050009,isopropanol dehydrogenase (NADP+) activity
R01558	0050203,oxalate-CoA ligase activity
R01559	0050161,succinyl-CoA:oxalate CoA-transferase
R01563	0050127,N-carbamoylsarcosine amidase activity
R01564	0047866,dimethylglycine oxidase activity
R01565	0047865,dimethylglycine dehydrogenase activity
R01566	0016980,creatinase activity
R01573	0047814,D-arabinokinase activity
R01576	0047439,3-deoxy-D-manno-octulosonate aldolase activity
R01581	0047421,N-acyl-D-glutamate deacylase activity
R01583	0047820,D-glutamate cyclase activity
R01584	0050132,N-methylalanine dehydrogenase activity
R01585	0047943,glutamate-methylamine ligase activity
R01586	0047148,methylamine-glutamate N-methyltransferase activity
R01587	0050130,N-methyl-2-oxoglutaramate hydrolase activity
R01589	0050098,methylguanidinase activity
R01594	0047677,arachidonate 8(R)-lipoxygenase activity
R01596	0004052,arachidonate 12(S)-lipoxygenase activity
R01598	0047676,arachidonate-CoA ligase activity
R01608	0047565,3-hydroxypropionate dehydrogenase (NAD+) activity
R01609	0047557,3-aci-nitropropanoate oxidase activity
R01616	0016207,4-coumarate-CoA ligase activity
R01617	0047634,agmatine N4-coumaroyltransferase activity
R01619	0047352,adenylylsulfate-ammonia adenylyltransferase activity
R01628	0018668,3-hydroxybenzoate 4-monooxygenase activity
R01633	(3S,4R)-3,4-dihydroxycyclohexa-1,5-diene-1,4-dicarboxylate dehydrogenase activity,0047120
R01634	0047556,3,4-dihydroxyphthalate decarboxylase activity
R01636	0018621,4-sulfobenzoate 3,4-dioxygenase activity
R01639	0004856,D-xylulokinase activity
R01644	0047577,4-hydroxybutyrate dehydrogenase activity
R01659	0047863,dimethylallylcistransferase activity
R01660	0047933,glucose-1,6-bisphosphate synthase activity
R01665	0036431,dCMP kinase activity
R01669	0047153,deoxycytidylate 5-hydroxymethyltransferase activity
R01670	0050003,deoxycytidylate C-methyltransferase activity
R01683	0050325,tauropine dehydrogenase activity
R01688	0047761,butyrate kinase activity
R01694	0050287,sorbose 5-dehydrogenase (NADP+) activity
R01695	0050035,L-sorbose oxidase activity
R01696	0050288,sorbose dehydrogenase activity
R01703	0047888,fatty acid peroxidase activity
R01707	0050235,pyridoxal 4-dehydrogenase activity
R01708	0050236,pyridoxine 4-dehydrogenase (NADP+) activity
R01712	0047300,pyridoxamine-pyruvate transaminase activity
R01713	0019162,pyridoxamine-oxaloacetate transaminase activity
R01714	0004107,chorismate synthase activity
R01715	0004106,chorismate mutase activity
R01716	0046820,4-amino-4-deoxychorismate synthase activity
R01717	0008909,isochorismate synthase activity
R01720	0050138,nicotinate dehydrogenase activity
R01721	0008938,nicotinate N-methyltransferase activity
R01722	0050139,nicotinate-N-glucosyltransferase activity
R01724	0004516,nicotinate phosphoribosyltransferase activity
R01728	0008977,prephenate dehydrogenase (NAD+) activity
R01730	0004665,prephenate dehydrogenase (NADP+) activity
R01732	0050258,riboflavinase activity
R01737	0046316,gluconokinase activity
R01748	0050192,phosphoglycerate phosphatase activity
R01751	0050319,tartrate decarboxylase activity
R01754	0009702,L-arabinokinase activity
R01759	0032867,L-arabinose reductase (NADPH) activity
R01761	0008733,L-arabinose isomerase activity
R01766	0050179,phenylserine aldolase activity
R01771	0004413,homoserine kinase activity
R01776	0004414,homoserine O-acetyltransferase activity
R01777	0008899,homoserine O-succinyltransferase activity
R01782	0047440,2-dehydro-3-deoxy-D-pentonate aldolase activity
R01797	0008715,CDP-diacylglycerol diphosphatase activity
R01801	0008444,CDP-diacylglycerol-glycerol-3-phosphate 3-phosphatidyltransferase activity
R01802	0003881,CDP-diacylglycerol-inositol 3-phosphatidyltransferase activity
R01806	0047185,N-acetylneuraminate 4-O-acetyltransferase activity
R01811	0008747,N-acetylneuraminate lyase activity
R01812	0047040,pteridine reductase activity
R01817	0050088,mannose-6-phosphate 6-reductase activity
R01818	0004615,phosphomannomutase activity
R01825	0048001,erythrose-4-phosphate dehydrogenase activity
R01826	0003849,3-deoxy-7-phosphoheptulonate synthase activity
R01833	0047096,androst-4-ene-3,17-dione monooxygenase activity
R01836	0047035,testosterone dehydrogenase (NAD+) activity
R01838	0047045,testosterone dehydrogenase (NADP+) activity
R01844	0050277,sedoheptulokinase activity
R01850	0047986,hydrogen-sulfide S-acetyltransferase activity
R01853	0008131,primary methylamine oxidase activity
R01855	0036217,dGTP diphosphatase activity
R01856	0008832,dGTPase activity
R01862	0047680,aryl-acylamidase activity
R01866	0050158,dihydroorotate dehydrogenase (NADP+) activity
R01868	0004152,dihydroorotate dehydrogenase activity
R01869	0004589,dihydroorotate dehydrogenase (NAD+) activity
R01872	0030266,quinate 3-dehydrogenase (NAD+) activity
R01873	0047519,quinate dehydrogenase (quinone) activity
R01879	0047080,deoxyuridine 2'-dioxygenase activity
R01881	0004111,creatine kinase activity
R01882	0050187,phosphoamidase activity
R01883	0030731,guanidinoacetate N-methyltransferase activity
R01884	0047789,creatininase activity
R01888	0008910,kanamycin kinase activity
R01889	0047663,aminoglycoside 6'-N-acetyltransferase activity
R01891	0047493,ceramide cholinephosphotransferase activity
R01895	0050255,ribitol 2-dehydrogenase (NAD+) activity
R01896	0046526,D-xylulose reductase activity
R01898	0047828,D-lyxose ketol-isomerase activity
R01903	0050019,L-arabinitol 4-dehydrogenase activity
R01904	0050038,L-xylulose reductase (NADPH) activity
R01905	0047842,dehydro-L-gulonate decarboxylase activity
R01908	0008949,oxalyl-CoA decarboxylase activity
R01912	0047231,pyridoxine 5'-O-beta-D-glucosyltransferase activity
R01921	(S)-carnitine 3-dehydrogenase activity,0047041
R01922	0047773,carnitinamidase activity
R01928	0047258,sphingosine beta-galactosyltransferase activity
R01929	0047354,sphingosine cholinephosphotransferase activity
R01930	0047401,trithionate hydrolase activity
R01931	0004792,thiosulfate-cyanide sulfurtransferase activity
R01932	0047550,2-oxoadipate reductase activity
R01939	0047536,2-aminoadipate transaminase activity
R01944	0047174,putrescine N-hydroxycinnamoyltransferase activity
R01946	0047168,isocitrate O-dihydroxycinnamoyltransferase activity
R01951	0047341,fucose-1-phosphate guanylyltransferase activity
R01957	0047315,kynurenine-glyoxylate transaminase activity
R01960	0004502,kynurenine 3-monooxygenase activity
R01967	0004138,deoxyguanosine kinase activity
R01971	0047722,indolelactate dehydrogenase (NAD+) activity
R01978	0004421,hydroxymethylglutaryl-CoA synthase activity
R01980	0047912,galacturonokinase activity
R01981	0050388,uronate dehydrogenase activity
R01990	0047971,guanidinobutyrase activity
R01993	0004151,dihydroorotase activity
R02003	(2E,6E)-farnesyl diphosphate synthase activity,0004337
R02004	(-)-endo-fenchol synthase activity,0050437
R02006	0050469,sabinene-hydrate synthase activity
R02007	0047926,geranyl-diphosphate cyclase activity
R02009	0050551,myrcene synthase activity
R02016	0004791,thioredoxin-disulfide reductase (NADPH) activity
R02021	0004604,phosphoadenylyl-sulfate reductase (thioredoxin) activity
R02035	0017057,6-phosphogluconolactonase activity
R02036	0004456,phosphogluconate dehydratase activity
R02037	0000234,phosphoethanolamine N-methyltransferase activity
R02050	(R)-3-amino-2-methylpropionate-pyruvate transaminase activity,0047305
R02055	0004609,phosphatidylserine decarboxylase activity
R02056	0004608,phosphatidylethanolamine N-methyltransferase activity
R02058	0004343,glucosamine 6-phosphate N-acetyltransferase activity
R02060	0008966,phosphoglucosamine mutase activity
R02061	0004311,geranylgeranyl diphosphate synthase activity
R02064	0050449,casbene synthase activity
R02068	0009905,ent-copalyl diphosphate synthase activity
R02077	0047309,dihydroxyphenylalanine transaminase activity
R02081	0140643,hydroxymethylglutaryl-CoA reductase (NADH) activity
R02082	0004420,hydroxymethylglutaryl-CoA reductase (NADPH) activity
R02083	0047994,hydroxymethylglutaryl-CoA hydrolase activity
R02085	0004490,methylglutaconyl-CoA hydratase activity
R02089	0004136,deoxyadenosine kinase activity
R02100	0004170,dUTP diphosphatase activity
R02101	0004799,thymidylate synthase activity
R02118	0050403,trans-zeatin O-beta-D-glucosyltransferase activity
R02119	0050404,zeatin O-beta-D-xylosyltransferase activity
R02133	0050334,thiaminase activity
R02134	0019165,thiamine kinase activity
R02136	0050400,xylitol kinase activity
R02144	0030735,carnosine N-methyltransferase activity
R02150	0052598,histamine oxidase activity
R02155	0046539,histamine N-methyltransferase activity
R02156	0008127,quercetin 2,3-dioxygenase activity
R02159	0047894,flavonol 3-sulfotransferase activity
R02164	0008177,succinate dehydrogenase (quinone) activity
R02167	0050084,mannitol-1-phosphatase activity
R02173	0008131,primary methylamine oxidase activity
R02177	(-)-menthol dehydrogenase activity,0047504
R02178	(-)-menthol monooxygenase activity,0047505
R02179	0047219,monoterpenol beta-glucosyltransferase activity
R02181	0008459,chondroitin 6-sulfotransferase activity
R02182	0047422,N-acyl-D-aspartate deacylase activity
R02199	0052656,L-isoleucine-2-oxoglutarate transaminase activity
R02200	0047301,valine-3-methyl-2-oxovalerate transaminase activity
R02204	0050031,L-pipecolate oxidase activity
R02212	0050214,progesterone monooxygenase activity
R02214	0050212,progesterone 11-alpha-monooxygenase activity
R02225	0050300,aminoglycoside 6-kinase activity
R02226	0009012,aminoglycoside 3''-adenylyltransferase activity
R02227	0050299,streptomycin 3''-kinase activity
R02228	0050301,streptomycin-6-phosphatase activity
R02232	(1-hydroxycyclohexan-1-yl)acetyl-CoA lyase activity,0047446
R02234	0047797,cyclohexanone dehydrogenase activity
R02238	0047897,formate-dihydrofolate ligase activity
R02243	0047613,aconitate decarboxylase activity
R02244	0047614,aconitate delta-isomerase activity
R02245	0004496,mevalonate kinase activity
R02254	0050344,trans-cinnamate 2-monooxygenase activity
R02256	0050412,cinnamate beta-D-glucosyltransferase activity
R02258	0052661,S-lactaldehyde reductase activity
R02259	0050039,lactaldehyde reductase (NADPH) activity
R02262	0008738,L-fuculose-phosphate aldolase activity
R02264	0036130,prostaglandin H2 endoperoxidase reductase activity
R02265	0050220,prostaglandin-E synthase activity
R02266	0004667,prostaglandin-D synthase activity
R02267	0008116,prostaglandin-I synthase activity
R02268	0004796,thromboxane-A synthase activity
R02271	0047665,aminolevulinate transaminase activity
R02272	0042286,glutamate-1-semialdehyde 2,1-aminomutase activity
R02274	0047589,5-aminovalerate transaminase activity
R02277	0033714,secondary-alcohol oxidase activity
R02278	0047449,2-dehydro-3-deoxy-L-arabinonate dehydratase activity
R02279	0047448,5-dehydro-4-deoxyglucarate dehydratase activity
R02280	0047425,1-pyrroline-4-hydroxy-2-carboxylate deaminase activity
R02282	0004358,L-glutamate N-acetyltransferase activity, acting on acetyl-L-ornithine as donor
R02283	0003992,N2-acetyl-L-ornithine:2-oxoglutarate 5-aminotransferase activity
R02284	0047771,carboxymethylhydantoinase activity
R02285	0050415,formimidoylglutamase activity
R02288	0050480,imidazolonepropionase activity
R02291	0004073,aspartate-semialdehyde dehydrogenase activity
R02292	0008840,4-hydroxy-tetrahydrodipicolinate synthase activity
R02293	0047307,diaminobutyrate-pyruvate transaminase activity
R02301	0030272,5-formyltetrahydrofolate cyclo-ligase activity
R02302	0030412,formimidoyltetrahydrofolate cyclodeaminase activity
R02303	0047887,farnesyl diphosphate kinase activity
R02305	0050467,pentalenene synthase activity
R02306	0045482,trichodiene synthase activity
R02313	0047131,saccharopine dehydrogenase (NAD+, L-glutamate-forming) activity
R02315	0004755,saccharopine dehydrogenase (NADP+, L-glutamate-forming) activity
R02318	0047755,isocitrate epimerase activity
R02324	0050262,ribosylnicotinamide kinase activity
R02328	0008879,glucose-1-phosphate thymidylyltransferase activity
R02329	0047342,galactose-1-phosphate thymidylyltransferase activity
R02338	0047719,indole 2,3-dioxygenase activity
R02340	0033984,indole-3-glycerol-phosphate lyase activity
R02343	0019152,acetoin dehydrogenase (NAD+) activity
R02345	0047156,acetoin-ribose-5-phosphate transaldolase activity
R02359	0050387,urethanase activity
R02368	0047376,all-trans-retinyl-palmitate hydrolase, all-trans-retinol forming activity
R02369	0050251,retinol isomerase activity
R02373	0047875,ecdysone oxidase activity
R02374	0004501,ecdysone 20-monooxygenase activity
R02375	0004173,ecdysone O-acyltransferase activity
R02376	0050215,propanediol dehydratase activity
R02378	0050234,pyrazolylalanine synthase activity
R02381	0050285,sinapine esterase activity
R02384	0030738,tyramine N-methyltransferase activity
R02394	0047705,bilirubin oxidase activity
R02395	0047728,carnitine 3-dehydrogenase activity
R02396	0004092,carnitine O-acetyltransferase activity
R02397	0008336,gamma-butyrobetaine dioxygenase activity
R02398	0047729,carnitine decarboxylase activity
R02402	0047948,glutarate-CoA ligase activity
R02408	0044540,L-cystine L-cysteine-lyase (deaminating)
R02412	0004765,shikimate kinase activity
R02413	0004764,shikimate 3-dehydrogenase (NADP+) activity
R02417	0050246,questin monooxygenase (NADPH) activity
R02419	0050075,maleate hydratase activity
R02422	0004037,allantoicase activity
R02426	0047733,CDP-glucose 4,6-dehydratase activity
R02429	0050401,xylonate dehydratase activity
R02430	0047878,erythritol kinase activity
R02436	0030596,alpha-L-rhamnosidase activity
R02437	0008740,L-rhamnose isomerase activity
R02441	0047002,L-arabinitol 2-dehydrogenase activity
R02449	0047090,benzoyl-CoA 3-monooxygenase activity
R02450	0047110,phenylglyoxylate dehydrogenase (acylating) activity
R02451	0018522,benzoyl-CoA reductase activity
R02452	0047962,glycine N-benzoyltransferase activity
R02453	0047672,anthranilate N-benzoyltransferase activity
R02454	0008866,fructuronate reductase activity
R02458	0047817,D-arginase activity
R02461	0047831,D-ornithine 4,5-aminomutase activity
R02463	0047543,2-hexadecenal reductase activity
R02467	0047800,cysteamine dioxygenase activity
R02469	(S)-limonene 3-monooxygenase activity,0018674
R02470	(S)-limonene 7-monooxygenase activity,0018676
R02471	0050166,pantoate 4-dehydrogenase activity
R02472	0008677,2-dehydropantoate 2-reductase activity
R02474	0004593,pantothenase activity
R02481	0047835,D-tryptophan N-acetyltransferase activity
R02482	0047836,D-tryptophan N-malonyltransferase activity
R02486	0047079,deoxyuridine 1'-dioxygenase activity
R02489	0047923,gentisate decarboxylase activity
R02504	0050351,trimetaphosphatase activity
R02505	0050198,pinosylvin synthase activity
R02509	0050116,N,N-dimethylformamidase activity
R02512	0050352,trimethylamine-oxide aldolase activity
R02519	0004411,homogentisate 1,2-dioxygenase activity
R02522	0050020,L-arabinonate dehydratase activity
R02526	0050021,L-arabinonolactonase activity
R02530	0004462,lactoylglutathione lyase activity
R02535	0004500,dopamine beta-monooxygenase activity
R02539	0047475,phenylacetate-CoA ligase activity
R02541	0004767,sphingomyelin phosphodiesterase activity
R02542	0050290,sphingomyelin phosphodiesterase D activity
R02544	0050092,meso-tartrate dehydrogenase activity
R02546	0050320,tartrate epimerase activity
R02547	0050345,trans-epoxysuccinate hydrolase activity
R02548	(+)-neomenthol dehydrogenase activity,0047501
R02551	0050125,N-benzyloxycarbonylglycine hydrolase activity
R02552	0047413,N(alpha)-benzyloxycarbonylleucine hydrolase activity
R02553	0055041,cyclopentanol dehydrogenase activity
R02554	0047799,cyclopentanone monooxygenase activity
R02555	0009026,tagaturonate reductase activity
R02558	0050224,prunasin beta-glucosidase activity
R02563	0047494,serine-phosphoethanolamine synthase activity
R02564	0018789,cyclamate sulfohydrolase activity
R02572	0004790,thioether S-methyltransferase activity
R02573	0047147,trimethylsulfonium-tetrahydrofolate N-methyltransferase activity
R02574	0047869,dimethylpropiothetin dethiomethylase activity
R02575	0047973,guanidinoacetate kinase activity
R02587	0003850,2-deoxyglucose-6-phosphatase activity
R02589	0018669,3-hydroxybenzoate 6-monooxygenase activity
R02591	0047390,glycerophosphocholine cholinephosphodiesterase activity
R02605	0047460,L-2-amino-4-chloropent-4-enoate dehydrochlorinase activity
R02610	0047751,3-oxo-5-alpha-steroid 4-dehydrogenase (NADP+) activity
R02613	0008131,primary methylamine oxidase activity
R02615	0018846,styrene-oxide isomerase activity
R02632	0047365,quercetin-3-sulfate 3'-sulfotransferase activity
R02633	0047366,quercetin-3-sulfate 4'-sulfotransferase activity
R02636	0050374,UDP-galacturonate decarboxylase activity
R02640	0050104,L-gulonate 3-dehydrogenase activity
R02646	0050384,urate-ribonucleotide phosphorylase activity
R02648	0047393,glycerol-1,2-cyclic-phosphate 2-phosphodiesterase activity
R02651	0050123,N-acylmannosamine 1-dehydrogenase activity
R02656	0047922,gentisate 1,2-dioxygenase activity
R02658	0047841,dehydrogluconokinase activity
R02665	0000334,3-hydroxyanthranilate 3,4-dioxygenase activity
R02666	0047561,3-hydroxyanthranilate oxidase activity
R02667	0030767,3-hydroxyanthranilate 4-C-methyltransferase activity
R02673	0047579,4-hydroxymandelate oxidase activity
R02679	0047018,indole-3-acetaldehyde reductase (NADH) activity
R02680	0047019,indole-3-acetaldehyde reductase (NADPH) activity
R02681	0050302,indole-3-acetaldehyde oxidase activity
R02691	0046509,1,2-diacylglycerol 3-beta-galactosyltransferase activity
R02708	0047085,hydroxyphenylacetonitrile 2-monooxygenase activity
R02709	0047239,hydroxymandelonitrile glucosyltransferase activity
R02711	0047581,4-methyleneglutamate-ammonia ligase activity
R02712	0047582,4-methyleneglutaminase activity
R02714	0047815,D-arabinonolactonase activity
R02715	0003885,D-arabinono-1,4-lactone oxidase activity
R02720	0036222,XTP diphosphatase activity
R02722	0004834,tryptophan synthase activity
R02728	0008801,beta-phosphoglucomutase activity
R02729	0030408,glycine formimidoyltransferase activity
R02730	0047386,fructose-2,6-bisphosphate 6-phosphatase activity
R02732	0003873,6-phosphofructo-2-kinase activity
R02733	0050118,N-acetyldiaminopimelate deacetylase activity
R02734	0009014,succinyl-diaminopimelate desuccinylase activity
R02735	0008837,diaminopimelate epimerase activity
R02741	0047983,homoglutathione synthase activity
R02742	0047135,bis-gamma-L-glutamylcystine reductase (NADPH) activity
R02755	0047850,diaminopimelate dehydrogenase activity
R02764	(S)-methylmalonyl-CoA hydrolase activity,0047511
R02765	0004493,methylmalonyl-CoA epimerase activity
R02776	0047003,dTDP-6-deoxy-L-talose 4-dehydrogenase activity
R02777	0008831,dTDP-4-dehydrorhamnose reductase activity
R02781	0047310,glutamine-scyllo-inositol transaminase activity
R02782	0050114,myo-inosose-2 dehydratase activity
R02783	0008764,UDP-N-acetylmuramoylalanine-D-glutamate ligase activity
R02786	0047482,UDP-N-acetylmuramoyl-L-alanyl-D-glutamate-L-lysine ligase activity
R02788	0008765,UDP-N-acetylmuramoylalanyl-D-glutamate-2,6-diaminopimelate ligase activity
R02792	0008709,cholate 7-alpha-dehydrogenase (NAD+) activity
R02793	0047013,cholate 12-alpha dehydrogenase (NADP+) activity
R02799	0036131,prostaglandin D2 11-ketoreductase activity
R02804	0050304,nitrous-oxide reductase activity
R02807	0016152,mercury (II) reductase (NADP+) activity
R02813	0050151,oleate hydratase activity
R02817	0047387,serine-ethanolaminephosphate phosphodiesterase activity
R02820	0004032,aldose reductase (NADPH) activity
R02821	0047150,betaine-homocysteine S-methyltransferase activity
R02830	0018661,orcinol 2-monooxygenase activity
R02831	0050159,orsellinate decarboxylase activity
R02832	0050356,tropine dehydrogenase activity
R02837	0047784,cortisol O-acetyltransferase activity
R02839	0047785,cortisol sulfotransferase activity
R02852	0047826,D-lysine 5,6-aminomutase activity
R02855	0052587,diacetyl reductase ((R)-acetoin forming) (NAD+) activity
R02858	0030769,macrocin O-methyltransferase activity
R02859	0030770,demethylmacrocin O-methyltransferase activity
R02862	0030760,pyridine N-methyltransferase activity
R02863	0050332,thiamine pyridinylase activity
R02864	0051266,sirohydrochlorin ferrochelatase activity
R02866	0050286,sorbitol-6-phosphatase activity
R02874	0004506,squalene monooxygenase activity
R02877	0018465,vanillyl-alcohol oxidase activity
R02878	0004552,octanol dehydrogenase (NAD+) activity
R02899	0047170,glucarate O-hydroxycinnamoyltransferase activity
R02901	0050180,phloretin hydrolase activity
R02907	0030411,scytalone dehydratase activity
R02914	0016153,urocanate hydratase activity
R02918	0004831,tyrosine-tRNA ligase activity
R02921	0047349,D-ribitol-5-phosphate cytidylyltransferase activity
R02927	0050317,tagatose kinase activity
R02928	0047713,galactitol 2-dehydrogenase activity
R02929	0047942,glutamate-ethylamine ligase activity
R02930	0050330,theanine hydrolase activity
R02937	0050205,oxamate carbamoyltransferase activity
R02938	0050168,pentanamidase activity
R02942	0047610,acetylsalicylate deacetylase activity
R02944	(+)-borneol dehydrogenase activity,0047500
R02945	(-)-borneol dehydrogenase activity,0047503
R02949	0047604,acetoin racemase activity
R02954	0047706,biochanin-A reductase activity
R02965	0047067,hydrogen:quinone oxidoreductase activity
R02969	0047993,hydroxymalonate dehydrogenase activity
R02970	0047308,alanine-oxomalonate transaminase activity
R02972	0050167,pantothenoylcysteine decarboxylase activity
R02973	0017159,pantetheine hydrolase activity
R02978	0047560,3-dehydrosphinganine reductase activity
R02982	0030753,8-hydroxyfuranocoumarin 8-O-methyltransferase activity
R02985	0047668,amygdalin beta-glucosidase activity
R02986	0047541,2-furoate-CoA ligase activity
R02987	0047542,2-furoyl-CoA dehydrogenase activity
R02992	0047585,4-pyridoxolactonase activity
R02994	0045481,6-endo-hydroxycineole dehydrogenase activity
R02995	0047597,6-oxocineole dehydrogenase activity
R02997	0047745,chlorogenate hydrolase activity
R02998	0047204,chlorogenate-glucarate O-hydroxycinnamoyltransferase activity
R02999	0033787,cyanocobalamin reductase (cyanide-eliminating) (NADP+) activity
R03001	0047306,D-methionine-pyruvate transaminase activity
R03013	0004401,histidinol-phosphatase activity
R03015	0018493,formylmethanofuran dehydrogenase activity
R03021	(R)-2-hydroxy-fatty acid dehydrogenase (NAD+) activity,0047049
R03022	(S)-2-hydroxy-fatty acid dehydrogenase activity,0047050
R03023	0018601,4-nitrophenol 2-monooxygenase activity
R03025	0050454,coenzyme F420 hydrogenase activity
R03028	0018801,glutaconyl-CoA decarboxylase activity
R03030	0047459,3-aminobutyryl-CoA ammonia-lyase activity
R03031	0050393,vinylacetyl-CoA delta-isomerase activity
R03032	0047675,arabinonate dehydratase activity
R03033	0008869,galactonate dehydratase activity
R03035	0004595,pantetheine-phosphate adenylyltransferase activity
R03037	0008908,isochorismatase activity
R03040	0050442,3-propylmalate synthase activity
R03043	0047007,pregnan-21-ol dehydrogenase (NAD+) activity
R03044	0047008,pregnan-21-ol dehydrogenase (NADP+) activity
R03049	0047520,11-cis-retinyl-palmitate hydrolase activity
R03056	0047921,aminoglycoside 2'-N-acetyltransferase activity
R03057	0004463,leukotriene-A4 hydrolase activity
R03059	0004464,leukotriene-C4 synthase activity
R03062	0047739,cephalosporin-C deacetylase activity
R03063	0047740,cephalosporin-C transaminase activity
R03064	0033813,deacetylcephalosporin-C acetyltransferase activity
R03065	0008811,chloramphenicol O-acetyltransferase activity
R03069	0047868,dimethylmaleate hydratase activity
R03070	0050100,methylitaconate delta-isomerase activity
R03072	0050007,isonocardicin synthase activity
R03073	0050143,nocardicin-A epimerase activity
R03075	0047202,sinapoylglucose-choline O-sinapoyltransferase activity
R03080	0052660,R-lactaldehyde reductase activity
R03083	0003856,3-dehydroquinate synthase activity
R03084	0003855,3-dehydroquinate dehydratase activity
R03086	0047882,estradiol 6-beta-monooxygenase activity
R03094	0047215,indole-3-acetate beta-glucosyltransferase activity
R03095	0047721,indoleacetate-lysine synthetase activity
R03114	0018459,carveol dehydrogenase activity
R03127	0047858,dihydroxyfumarate decarboxylase activity
R03133	0050447,zeatin 9-aminocarboxyethyltransferase activity
R03134	0047458,beta-pyrazolylalanine synthase activity
R03136	0047059,polyvinyl alcohol dehydrogenase (cytochrome) activity
R03138	0050249,Renilla-luciferin sulfotransferase activity
R03139	0052597,diamine oxidase activity
R03145	0052737,pyruvate dehydrogenase (quinone) activity
R03155	0036441,2-dehydropantolactone reductase activity
R03156	(R)-pantolactone dehydrogenase (flavin) activity,0047060
R03161	0050201,fucokinase activity
R03165	0004852,uroporphyrinogen-III synthase activity
R03168	0050133,N6-hydroxylysine O-acetyltransferase activity
R03169	0003853,short-chain 2-methyl fatty acyl-CoA dehydrogenase activity
R03177	0047107,gamma-guanidinobutyraldehyde dehydrogenase (NAD+) activity
R03178	0047435,5-guanidino-2-oxopentanoate decarboxylase activity
R03182	0004141,dethiobiotin synthase activity
R03183	0047941,glucuronolactone reductase activity
R03187	0047423,N-methylhydantoinase (ATP-hydrolyzing) activity
R03193	0008763,UDP-N-acetylmuramate-L-alanine ligase activity
R03198	(R)-dehydropantoate dehydrogenase activity,0047509
R03199	0000250,lanosterol synthase activity
R03200	0016871,cycloartenol synthase activity
R03202	(S)-6-hydroxynicotine oxidase activity,0018531
R03206	0047546,2-hydroxypyridine 5-monooxygenase activity
R03207	0047861,diiodotyrosine transaminase activity
R03209	0042410,6-carboxyhexanoate-CoA ligase activity
R03210	0008710,8-amino-7-oxononanoate synthase activity
R03211	0047796,cyclohexane-1,3-dione hydrolase activity
R03212	0047564,3-hydroxycyclohexanone dehydrogenase activity
R03214	0047364,aromatic desulfoglucosinolate sulfotransferase activity
R03216	0047871,disulfoglucosamine-6-sulfatase activity
R03218	0019797,procollagen-proline 3-dioxygenase activity
R03219	0004656,procollagen-proline 4-dioxygenase activity
R03220	0004109,coproporphyrinogen oxidase activity
R03222	0004729,oxygen-dependent protoporphyrinogen oxidase activity
R03223	0004789,thiamine-phosphate diphosphorylase activity
R03230	0047162,17-O-deacetylvindoline O-acetyltransferase activity
R03231	0004015,adenosylmethionine-8-amino-7-oxononanoate transaminase activity
R03240	0050044,galactose-6-phosphate isomerase activity
R03241	0008737,L-fuculokinase activity
R03245	0004631,phosphomevalonate kinase activity
R03246	0050240,pyrogallol 1,2-oxygenase activity
R03247	0018798,gallate decarboxylase activity
R03251	0047114,kynurenate-7,8-dihydrodiol dehydrogenase activity
R03253	0047069,7,8-dihydroxykynurenate 8,8a-dioxygenase activity
R03254	0008676,3-deoxy-8-phosphooctulonate synthase activity
R03261	0018458,isopiperitenol dehydrogenase activity
R03264	0047886,farnesol dehydrogenase activity
R03265	0047885,farnesol 2-isomerase activity
R03269	0004633,phosphopantothenoylcysteine decarboxylase activity
R03271	0050314,sym-norspermidine synthase activity
R03275	0047826,D-lysine 5,6-aminomutase activity
R03281	0047095,2-hydroxycyclohexanone 2-monooxygenase activity
R03296	0047580,4-hydroxyproline epimerase activity
R03297	0047913,gallate 1-beta-glucosyltransferase activity
R03303	0008687,3,4-dihydroxyphenylacetate 2,3-dioxygenase activity
R03306	0018622,4-chlorophenylacetate 3,4-dioxygenase activity
R03307	0047472,3-carboxy-cis,cis-muconate cycloisomerase activity
R03308	0047768,carboxy-cis,cis-muconate cyclase activity
R03313	0004350,glutamate-5-semialdehyde dehydrogenase activity
R03315	0050225,pseudouridine kinase activity
R03323	0016754,sinapoylglucose-malate O-sinapoyltransferase activity
R03334	0050070,lysolecithin acylmutase activity
R03341	0050546,4-hydroxyphenylpyruvate decarboxylase activity
R03345	0047864,dimethylaniline-N-oxide aldolase activity
R03348	0004514,nicotinate-nucleotide diphosphorylase (carboxylating) activity
R03349	0047124,L-erythro-3,5-diaminohexanoate dehydrogenase activity
R03350	0019143,3-deoxy-manno-octulosonate-8-phosphatase activity
R03358	0050202,octopamine dehydratase activity
R03359	0050315,synephrine dehydratase activity
R03360	0050185,phosphatidylinositol deacylase activity
R03361	0004430,1-phosphatidylinositol 4-kinase activity
R03362	0016303,1-phosphatidylinositol-3-kinase activity
R03365	0047762,caffeate 3,4-dioxygenase activity
R03369	0050091,melilotate 3-monooxygenase activity
R03370	0045300,stearoyl-[ACP] desaturase activity
R03375	0047353,N-methylphosphoethanolamine cytidylyltransferase activity
R03378	0047992,hydroxylysine kinase activity
R03384	0050276,scyllo-inosamine 4-kinase activity
R03387	0008671,2-dehydro-3-deoxygalactonokinase activity
R03390	0030270,formylmethanofuran-tetrahydromethanopterin N-formyltransferase activity
R03394	0052658,inositol-1,4,5-trisphosphate 5-phosphatase activity
R03395	0047333,dihydrostreptomycin-6-phosphate 3'-alpha-kinase activity
R03401	0016629,12-oxophytodienoate reductase activity
R03402	0046423,allene-oxide cyclase activity
R03421	0003948,N4-(beta-N-acetylglucosaminyl)-L-asparaginase activity
R03424	0000773,phosphatidyl-N-methylethanolamine N-methyltransferase activity
R03428	0052726,inositol-1,3,4-trisphosphate 5-kinase activity
R03429	0052725,inositol-1,3,4-trisphosphate 6-kinase activity
R03430	0052659,inositol-1,3,4,5-tetrakisphosphate 5-phosphatase activity
R03431	0047860,diiodophenylpyruvate reductase (NAD+) activity
R03433	0008440,inositol-1,4,5-trisphosphate 3-kinase activity
R03435	0004435,phosphatidylinositol-4,5-bisphosphate phospholipase C activity
R03448	0019874,6-aminohexanoate-cyclic-dimer hydrolase activity
R03451	0050353,trimethyllysine dioxygenase activity
R03452	0047082,3,9-dihydroxypterocarpan 6a-monooxygenase activity
R03454	0047647,alkylacetylglycerophosphatase activity
R03455	0047160,alkylglycerophosphate 2-O-acetyltransferase activity
R03456	0030758,3,7-dimethylquercitin 4'-O-methyltransferase activity
R03457	0004424,imidazoleglycerol-phosphate dehydratase activity
R03458	0008703,5-amino-6-(5-phosphoribosylamino)uracil reductase activity
R03459	0008835,diaminohydroxyphosphoribosylaminopyrimidine deaminase activity
R03460	0003866,3-phosphoshikimate 1-carboxyvinyltransferase activity
R03461	0047431,3-hydroxy-2-methylpyridine-4,5-dicarboxylate 4-decarboxylase activity
R03463	0047118,2-hydroxy-6-oxo-6-phenylhexa-2,4-dienoate reductase activity
R03464	0018759,methenyltetrahydromethanopterin cyclohydrolase activity
R03468	0047289,galactosyldiacylglycerol alpha-2,3-sialyltransferase activity
R03469	0016308,1-phosphatidylinositol-4-phosphate 5-kinase activity
R03470	0047575,4-carboxymuconolactone decarboxylase activity
R03471	0008902,hydroxymethylpyrimidine kinase activity
R03474	0047388,[glutamine synthetase]-adenylyl-L-tyrosine phosphorylase activity
R03475	0050184,acyl-lipid omega-6 desaturase (cytochrome b5) activity
R03476	0050183,phosphatidylcholine 12-monooxygenase activity
R03477	0015069,scyllo-inosamine-4-phosphate amidinotransferase activity
R03478	0047326,inositol-1,3,4,6-tetrakisphosphate 5-kinase activity
R03479	0047325,inositol-3,4,5,6-tetrakisphosphate 1-kinase activity
R03493	0050005,isohexenylglutaconyl-CoA hydratase activity
R03494	0047925,geranoyl-CoA carboxylase activity
R03495	0047521,12-beta-hydroxysteroid dehydrogenase (NADP+) activity
R03496	0047383,guanidinodeoxy-scyllo-inositol-4-phosphatase activity
R03497	0050280,sequoyitol dehydrogenase activity
R03498	0047832,D-pinitol dehydrogenase activity
R03502	0047311,1D-1-guanidino-3-amino-1,3-dideoxy-scyllo-inositol transaminase activity
R03503	0003848,2-amino-4-hydroxy-6-hydroxymethyldihydropteridine diphosphokinase activity
R03509	0004640,phosphoribosylanthranilate isomerase activity
R03510	0047097,phylloquinone monooxygenase (2,3-epoxidizing) activity
R03517	0033887,chondro-4-sulfatase activity
R03518	0033888,chondro-6-sulfatase activity
R03520	0047033,15-hydroxyprostaglandin-I dehydrogenase (NADP+) activity
R03523	0047651,alkylhalidase activity
R03531	0035870,dITP diphosphatase activity
R03532	0004601,peroxidase activity
R03543	0018619,benzene 1,2-dioxygenase activity
R03548	0047208,o-dihydroxycoumarin 7-O-glucosyltransferase activity
R03558	0050274,salicyl-alcohol beta-D-glucosyltransferase activity
R03559	0018624,toluene dioxygenase activity
R03563	0050357,tropinesterase activity
R03565	0050395,vitexin beta-glucosyltransferase activity
R03567	0047596,6-methylsalicylate decarboxylase activity
R03572	0047655,allyl-alcohol dehydrogenase activity
R03573	0047644,alizarin 2-beta-glucosyltransferase activity
R03575	0047143,chlorate reductase activity
R03577	0047674,apiose 1-reductase activity
R03579	0050128,N-feruloylglycine deacylase activity
R03586	0050037,L-xylose 1-dehydrogenase activity
R03589	0050064,luteolin 7-O-glucuronosyltransferase activity
R03594	0050275,scopoletin glucosyltransferase activity
R03595	0004756,selenide, water dikinase activity
R03610	0004498,calcidiol 1-monooxygenase activity
R03612	0047741,cetraxate benzylesterase activity
R03613	0017178,diphthine-ammonia ligase activity
R03614	0047877,ephedrine dehydrogenase activity
R03620	0047648,alkylamidase activity
R03621	0047716,imidazole N-acetyltransferase activity
R03622	0050015,kievitone hydratase activity
R03623	0030751,licodione 2'-O-methyltransferase activity
R03627	0050058,linoleate isomerase activity
R03630	0018620,phthalate 4,5-dioxygenase activity
R03631	0050197,phytanate-CoA ligase activity
R03641	0050293,steroid-lactonase activity
R03642	0050392,vicianin beta-glucosidase activity
R03648	0004816,asparagine-tRNA ligase activity
R03656	0004822,isoleucine-tRNA ligase activity
R03657	0004823,leucine-tRNA ligase activity
R03665	0004832,valine-tRNA ligase activity
R03667	0047599,8-oxocoformycin reductase activity
R03668	0050336,thioethanolamine S-acetyltransferase activity
R03671	0047818,D-fuconate dehydratase activity
R03673	0004167,dopachrome isomerase activity
R03675	0047587,5-alpha-hydroxysteroid dehydratase activity
R03686	0050010,isovitexin beta-glucosyltransferase activity
R03687	0047122,quinaldate 4-oxidoreductase activity
R03688	0050023,L-fuconate dehydratase activity
R03692	0047856,dihydrocoumarin hydrolase activity
R03693	(S)-2-methylmalate dehydratase activity,0047510
R03696	0050096,methylaspartate ammonia-lyase activity
R03702	0050349,triacetate-lactonase activity
R03703	0050247,raucaffricine beta-glucosidase activity
R03704	0047151,tRNA (uracil(54)-C5)-methyltransferase activity, 5,10-methylenetetrahydrofolate-dependent
R03707	(S,S)-butanediol dehydrogenase activity,0047512
R03709	0047788,2-coumarate reductase activity
R03710	0047212,2-coumarate O-beta-glucosyltransferase activity
R03712	0047638,albendazole monooxygenase activity
R03716	0047743,chlordecone reductase activity
R03721	0030778,columbamine O-methyltransferase activity
R03723	0047906,fucosterol-epoxide lyase activity
R03726	0047870,discadenine synthase activity
R03727	0047169,galactarate O-hydroxycinnamoyltransferase activity
R03731	0030756,isoorientin 3'-O-methyltransferase activity
R03732	0047129,opine dehydrogenase activity
R03733	0050036,L-threonate 3-dehydrogenase activity
R03735	0050457,decylcitrate synthase activity
R03736	0050264,rifamycin-B oxidase activity
R03737	0047594,6-beta-hydroxyhyoscyamine epoxidase activity
R03738	0016844,strictosidine synthase activity
R03739	0050296,stipitatonate decarboxylase activity
R03742	0047452,protoaphin-aglucone dehydratase (cyclizing) activity
R03745	(+)-sabinol dehydrogenase activity,0047502
R03746	0030737,iodophenol O-methyltransferase activity
R03747	0050410,3-oxolaurate decarboxylase activity
R03759	(R)-aminopropanol dehydrogenase activity,0019147
R03761	0050445,asparagusate reductase (NADH) activity
R03766	0047976,hamamelose kinase activity
R03768	0047264,heteroglycan alpha-mannosyltransferase activity
R03769	0047264,heteroglycan alpha-mannosyltransferase activity
R03770	0008904,hygromycin-B 7''-O-phosphotransferase activity
R03772	0050033,L-rhamnono-1,4-lactonase activity
R03774	0050032,L-rhamnonate dehydratase activity
R03775	0047793,cycloeucalenol cycloisomerase activity
R03779	0008458,carnitine O-octanoyltransferase activity
R03780	0050073,macrolide 2'-kinase activity
R03781	0047699,beta-diketone hydrolase activity
R03782	0050008,isopiperitenone delta-isomerase activity
R03785	0050324,taurocyamine kinase activity
R03787	0050399,xanthommatin reductase activity
R03794	0050481,mandelate 4-monooxygenase activity
R03796	0050206,oximinotransferase activity
R03799	0047691,aspulvinone dimethylallyltransferase activity
R03803	0047845,deoxylimonate A-ring-lactonase activity
R03810	0047532,2,5-dioxopiperazine hydrolase activity
R03812	0047998,hyoscyamine (6S)-dioxygenase activity
R03817	0009496,plastoquinol--plastocyanin reductase activity
R03820	0050422,strictosidine beta-glucosidase activity
R03831	0050468,reticuline oxidase activity
R03834	(S)-cheilanthifoline synthase activity,0047053
R03835	(S)-scoulerine 9-O-methyltransferase activity,0030777
R03840	0046404,ATP-dependent polydeoxyribonucleotide 5'-hydroxyl-kinase activity
R03854	0047432,2,2-dialkylglycine decarboxylase (pyruvate) activity
R03859	0050458,decylhomocitrate synthase activity
R03860	0047920,geissoschizine dehydrogenase activity
R03876	0004842,ubiquitin-protein transferase activity
R03877	0016851,magnesium chelatase activity
R03885	0047518,1-methyladenosine nucleosidase activity
R03886	0050153,omega-hydroxydecanoate dehydrogenase activity
R03887	0050540,2-aminomuconate deaminase activity
R03894	0047433,branched-chain-2-oxoacid decarboxylase activity
R03896	(R)-2-methylmalate dehydratase activity,0047508
R03899	0052903,N(1)-acetylpolyamine oxidase (3-acetamidopropanal-forming) activity
R03900	0047703,beta-nitroacrylate reductase activity
R03906	0047967,glycyrrhizinate beta-glucuronidase activity
R03908	0047548,2-methyleneglutarate mutase activity
R03918	0045551,cinnamyl-alcohol dehydrogenase activity
R03925	0047653,allantoin racemase activity
R03930	0047567,3-methyleneoxindole reductase activity
R03932	0018861,4-chlorobenzoate-CoA ligase activity
R03934	0030773,6-hydroxymellein O-methyltransferase activity
R03939	0047715,hypotaurocyamine kinase activity
R03942	0050034,L-rhamnose 1-dehydrogenase activity
R03944	0047650,alkylglycerone kinase activity
R03945	0018457,perillyl-alcohol dehydrogenase (NAD+) activity
R03947	0043115,precorrin-2 dehydrogenase activity
R03948	0030788,precorrin-2 C20-methyltransferase activity
R03952	0033852,thyroid-hormone transaminase activity
R03963	0047535,2-alkyn-1-ol dehydrogenase activity
R03964	0047544,2-hydroxybiphenyl 3-monooxygenase (NADH) activity
R03965	0047161,tartronate O-hydroxycinnamoyltransferase activity
R03969	0047630,ADP-phosphoglycerate phosphatase activity
R03994	0050199,piperidine N-piperoyltransferase activity
R04002	0047758,ATP:2-methylpropanoate phosphotransferase activity
R04003	0050272,S-carboxymethylcysteine synthase activity
R04013	0030768,16-methoxy-2,3-dihydro-3-hydroxytabersonine N-methyltransferase activity
R04020	0080109,indole-3-acetonitrile nitrile hydratase activity
R04030	0008756,o-succinylbenzoate-CoA ligase activity
R04035	0004636,phosphoribosyl-ATP diphosphatase activity
R04037	0004635,phosphoribosyl-AMP cyclohydrolase activity
R04038	0009824,AMP dimethylallyltransferase activity
R04040	0018851,alpha-pinene-oxide decyclase activity
R04043	0047378,acetylalkylglycerol acetylhydrolase activity
R04050	0047163,3,4-dichloroaniline N-malonyltransferase activity
R04053	0033980,phosphonopyruvate decarboxylase activity
R04056	0047574,4-acetamidobutyryl-CoA deacetylase activity
R04057	0047591,5-hydroxypentanoate CoA-transferase activity
R04059	0047062,trans-acenaphthene-1,2-diol dehydrogenase activity
R04060	0047670,anhydrotetracycline monooxygenase activity
R04066	0047717,imidazoleacetate 4-monooxygenase activity
R04068	0047483,imidazoleacetate-phosphoribosyldiphosphate ligase activity
R04071	0047807,cytokinin 7-beta-glucosyltransferase activity
R04077	0030762,tetrahydrocolumbamine 2-O-methyltransferase activity
R04080	0050448,beta-cyclopiazonate dehydrogenase activity
R04091	0050461,L-mimosine synthase activity
R04093	0047720,indoleacetaldoxime dehydratase activity
R04099	0047032,3-alpha-hydroxyglycyrrhetinate dehydrogenase activity
R04105	(R)-3-hydroxyacid-ester dehydrogenase activity,0047108
R04106	(S)-3-hydroxyacid-ester dehydrogenase activity,0047109
R04109	0008883,glutamyl-tRNA reductase activity
R04113	0047415,D-benzoylarginine-4-nitroanilide amidase activity
R04119	0050181,phorbol-diester hydrolase activity
R04126	0047649,alkylglycerol kinase activity
R04130	0018663,2,6-dihydroxypyridine 3-monooxygenase activity
R04135	0047990,hydroxyglutamate decarboxylase activity
R04136	0047048,3-hydroxybenzyl-alcohol dehydrogenase activity
R04138	0004485,methylcrotonoyl-CoA carboxylase activity
R04139	0047043,3-alpha-hydroxycholanate dehydrogenase activity
R04141	0047374,methylumbelliferyl-acetate deacetylase activity
R04143	0046522,S-methyl-5-thioribose kinase activity
R04144	0004637,phosphoribosylamine-glycine ligase activity
R04147	0045439,isopenicillin-N epimerase activity
R04148	0008939,nicotinate-nucleotide-dimethylbenzimidazole phosphoribosyltransferase activity
R04150	0008935,1,4-dihydroxy-2-naphthoyl-CoA synthase activity
R04151	0018507,cis-3,4-dihydrophenanthrene-3,4-diol dehydrogenase activity
R04152	0047304,2-aminoethylphosphonate-pyruvate transaminase activity
R04153	0047149,thetin-homocysteine S-methyltransferase activity
R04154	0050329,tetrahydroxypteridine cycloisomerase activity
R04158	0047294,phosphoglycerol geranylgeranyltransferase activity
R04165	0004110,corticosteroid side-chain-isomerase activity
R04167	0047538,2-carboxy-D-arabinitol-1-phosphatase activity
R04169	0030763,isobutyraldoxime O-methyltransferase activity
R04188	(S)-3-amino-2-methylpropionate transaminase activity,0047298
R04189	0009015,N-succinylarginine dihydrolase activity
R04202	0047709,bis(2-ethylhexyl)phthalate esterase activity
R04205	0047203,13-hydroxylupinine O-tigloyltransferase activity
R04208	0004641,phosphoribosylformylglycinamidine cyclo-ligase activity
R04209	0004638,phosphoribosylaminoimidazole carboxylase activity
R04210	0033711,4-phosphoerythronate dehydrogenase activity
R04211	0047189,2,3-diaminopropionate N-oxalyltransferase activity
R04213	0017067,tyrosine-ester sulfotransferase activity
R04217	0043825,succinylornithine transaminase activity
R04222	0047282,dTDP-dihydrostreptose-streptidine-6-phosphate dihydrostreptosyltransferase activity
R04227	0047199,phosphatidylcholine-dolichol O-acyltransferase activity
R04234	0047320,D-4-hydroxyphenylglycine transaminase activity
R04235	0047336,5-methyldeoxycytidine-5'-phosphate kinase activity
R04236	0050216,propanediol-phosphate dehydrogenase activity
R04237	0046406,magnesium protoporphyrin IX methyltransferase activity
R04256	0050052,leukotriene-E4 20-monooxygenase activity
R04266	0047732,CDP-abequose epimerase activity
R04277	0047554,2-pyrone-4,6-dicarboxylate lactonase activity
R04279	0050606,4-carboxy-2-hydroxymuconate semialdehyde hemiacetal dehydrogenase activity
R04286	0003874,6-pyruvoyltetrahydropterin synthase activity
R04303	0047136,4-(dimethylamino)phenylazoxybenzene reductase activity
R04307	0047030,4-hydroxycyclohexanecarboxylate dehydrogenase activity
R04317	0047382,methylphosphothioglycerate phosphatase activity
R04323	0001760,aminocarboxymuconate-semialdehyde decarboxylase activity
R04327	0050012,juglone 3-hydroxylase activity
R04333	0047194,indoleacetylglucose-inositol O-acyltransferase activity
R04334	0047227,indolylacetyl-myo-inositol galactosyltransferase activity
R04335	0050409,indolylacetylinositol arabinosyltransferase activity
R04338	0047802,cysteine-conjugate transaminase activity
R04344	0047024,5-alpha-androstane-3-beta,17-beta-diol dehydrogenase (NADP+) activity
R04347	0030269,tetrahydromethanopterin S-methyltransferase activity
R04349	0018761,bromoxynil nitrilase activity
R04350	0050101,mimosinase activity
R04359	0047249,sarsapogenin 3-beta-glucosyltransferase activity
R04364	0047200,tetrahydrodipicolinate N-acetyltransferase activity
R04365	0008666,2,3,4,5-tetrahydropyridine-2,6-dicarboxylate N-succinyltransferase activity
R04366	0050056,linalool 8-monooxygenase activity
R04367	0047566,3-ketovalidoxylamine C-N-lyase activity
R04370	0047027,benzyl-2-methyl-hydroxybutyrate dehydrogenase activity
R04371	0004409,homoaconitate hydratase activity
R04374	0050346,trans-L-3-hydroxyproline dehydratase activity
R04383	0008697,4-deoxy-L-threo-5-hexosulose-uronate ketol-isomerase activity
R04387	0047031,diethyl 2-methyl-3-oxosuccinate reductase activity
R04388	0050154,opheline kinase activity
R04392	0050292,steroid 9-alpha-monooxygenase activity
R04397	0047414,2-(hydroxymethyl)-3-(acetamidomethylene)succinate hydrolase activity
R04398	0030761,8-hydroxyquercitin 8-O-methyltransferase activity
R04400	(S)-canadine synthase activity,0047056
R04404	0004439,phosphatidylinositol-4,5-bisphosphate 5-phosphatase activity
R04405	0003871,5-methyltetrahydropteroyltriglutamate-homocysteine S-methyltransferase activity
R04412	0050396,vomifoliol 4'-dehydrogenase activity
R04420	0046523,S-methyl-5-thioribose-1-phosphate isomerase activity
R04421	0030771,N-benzoyl-4-hydroxyanthranilate 4-O-methyltransferase activity
R04424	0047547,2-methylcitrate dehydratase activity
R04425	0047456,2-methylisocitrate dehydratase activity
R04431	0047240,lactosylceramide beta-1,3-galactosyltransferase activity
R04436	0052706,L-histidine N(alpha)-methyltransferase activity
R04438	0019180,dTDP-4-amino-4,6-dideoxygalactose transaminase activity
R04448	0004417,hydroxyethylthiazole kinase activity
R04449	0008771,[citrate (pro-3S)-lyase] ligase activity
R04451	0047261,steroid N-acetylglucosaminyltransferase activity
R04455	0047068,N5,N10-methenyltetrahydromethanopterin hydrogenase activity
R04456	0030268,methylenetetrahydromethanopterin dehydrogenase activity
R04463	0004642,phosphoribosylformylglycinamidine synthase activity
R04464	0018537,coenzyme F420-dependent N5,N10-methenyltetrahydromethanopterin reductase activity
R04469	0046481,digalactosyldiacylglycerol synthase activity
R04475	0009016,succinyldiaminopimelate transaminase activity
R04476	0047368,UDP-N-acetylgalactosamine-4-sulfate sulfotransferase activity
R04478	0047584,4-oxalmesaconate hydratase activity
R04490	0047373,acetoxybutynylbithiophene deacetylase activity
R04496	0004671,protein C-terminal S-isoprenylcysteine carboxyl O-methyltransferase activity
R04498	0047176,beta-glucogallin-tetrakisgalloylglucose O-galloyltransferase activity
R04505	0030759,methylquercetagetin 6-O-methyltransferase activity
R04510	0047469,4-carboxymethyl-4-methylbutenolide mutase activity
R04520	0047295,geranylgeranylglycerol-phosphate geranylgeranyltransferase activity
R04522	0018833,DDT-dehydrochlorinase activity
R04525	0047377,5-(3,4-diacetoxybut-1-ynyl)-2,2'-bithiophene deacetylase activity
R04527	0033926,endo-alpha-N-acetylgalactosaminidase activity
R04529	0047302,UDP-2-acetamido-4-amino-2,4,6-trideoxyglucose transaminase activity
R04538	0047907,furylfuramide isomerase activity
R04541	0050524,coenzyme-B sulfoethylthiotransferase activity
R04545	0046934,1-phosphatidylinositol-4,5-bisphosphate 3-kinase activity
R04552	0047021,15-hydroxyprostaglandin dehydrogenase (NADP+) activity
R04556	0047522,15-oxoprostaglandin 13-reductase [NAD(P)+] activity
R04557	0047522,15-oxoprostaglandin 13-reductase [NAD(P)+] activity
R04559	(S)-2-(5-amino-1-(5-phospho-D-ribosyl)imidazole-4-carboxamido) succinate lyase (fumarate-forming) activity,0070626
R04565	0050219,prostaglandin-A1 delta-isomerase activity
R04570	0047592,5-pyridoxate dioxygenase activity
R04576	0047466,2-chloro-4-carboxymethylenebut-2-en-1,4-olide isomerase activity
R04577	0047248,nuatigenin 3-beta-glucosyltransferase activity
R04591	0004639,phosphoribosylaminoimidazolesuccinocarboxamide synthase activity
R04594	0043755,alpha-ribazole phosphatase activity
R04597	0047071,3,4-dihydroxy-9,10-secoandrosta-1,3,5(10)-triene-9,17-dione 4,5-dioxygenase activity
R04602	0047744,chloridazon-catechol dioxygenase activity
R04606	0008915,lipid-A-disaccharide synthase activity
R04623	0047855,dihydrobunolol dehydrogenase activity
R04635	0047290,alpha-N-acetylneuraminyl-2,3-beta-galactosyl-1,3-N-acetyl-galactosaminide 6-alpha-sialyltransferase activity
R04640	0003949,1-(5-phosphoribosyl)-5-[(5-phosphoribosylamino)methylideneamino]imidazole-4-carboxamide isomerase activity
R04657	0009029,lipid-A 4'-kinase activity
R04690	(S)-stylopine synthase activity,0047052
R04695	0047128,1,2-dehydroreticulinium reductase (NADPH) activity
R04696	0047055,salutaridine synthase activity
R04697	0047037,salutaridine reductase (NADPH) activity
R04699	0047087,protopine 6-monooxygenase activity
R04702	0047088,dihydrosanguinarine 10-monooxygenase activity
R04705	0030780,12-hydroxydihydrochelirubine 12-O-methyltransferase activity
R04707	0030779,10-hydroxydihydrosanguinarine 10-O-methyltransferase activity
R04708	0047089,dihydrochelirubine 12-monooxygenase activity
R04723	0047180,salutaridinol 7-O-acetyltransferase activity
R04728	0047454,phaseollidin hydratase activity
R04734	0008124,4-alpha-hydroxytetrahydrobiopterin dehydratase activity
R04736	0047463,2-aminohexano-6-lactam racemase activity
R04826	0008397,sterol 12-alpha-hydroxylase activity
R04870	0050564,N-(5-amino-5-carboxypentanoyl)-L-cysteinyl-D-valine synthase activity
R04872	0016216,isopenicillin-N synthase activity
R04950	0047198,L-cysteine-S-conjugate N-acetyltransferase activity
R05049	0043824,succinylglutamate-semialdehyde dehydrogenase activity
R05060	0036133,11-hydroxythromboxane B2 dehydrogenase activity
R05092	0009899,ent-kaurene synthase activity
R05124	0047036,codeinone reductase (NADPH) activity
R05137	0018845,2-hydroxychromene-2-carboxylate isomerase activity
R05148	0018628,terephthalate 1,2-dioxygenase activity
R05151	0047121,isoquinoline 1-oxidoreductase activity
R05154	0047093,4-hydroxyquinoline 3-monooxygenase activity
R05156	0018627,2-aminobenzenesulfonate 2,3-dioxygenase activity
R05158	0033766,2-hydroxyquinoline 8-monooxygenase activity
R05173	0047436,arylmalonate decarboxylase activity
R05176	0008712,ADP-glyceromanno-heptose 6-epimerase activity
R05183	0047123,quinoline-4-carboxylate 2-oxidoreductase activity
R05189	0050111,mycocerosate synthase activity
R05198	0052934,alcohol dehydrogenase (cytochrome c) activity
R05202	0035299,inositol-1,3,4,5,6-pentakisphosphate 2-kinase activity
R05217	0043818,precorrin-3B synthase activity
R05218	0008817,corrinoid adenosyltransferase activity
R05219	0043819,precorrin-6A synthase (deacetylating) activity
R05222	0008820,cobinamide phosphate guanylyltransferase activity
R05224	0043802,hydrogenobyrinic acid a,c-diamide synthase (glutamine-hydrolysing) activity
R05225	0051921,adenosylcobyric acid synthase (glutamine-hydrolyzing) activity
R05226	0043756,adenosylcobinamide hydrolase activity
R05227	0051116,cobaltochelatase activity
R05229	0045442,deacetoxycephalosporin-C hydroxylase activity
R05236	0018481,4-hydroxymuconic-semialdehyde dehydrogenase activity
R05240	0018511,2,3-dihydroxy-2,3-dihydro-p-cumate dehydrogenase activity
R05244	0018541,p-benzoquinone reductase (NADPH) activity
R05271	0018462,4-(hydroxymethyl)benzenesulfonate dehydrogenase activity
R05272	0018482,4-formylbenzenesulfonate dehydrogenase activity
R05274	0018489,vanillate monooxygenase activity
R05275	0018517,phthalate 4,5-cis-dihydrodiol dehydrogenase activity
R05276	0018516,2,4-dichlorobenzoyl-CoA reductase activity
R05283	0018463,6-hydroxyhexanoate dehydrogenase activity
R05285	0052934,alcohol dehydrogenase (cytochrome c) activity
R05301	0050599,deacetoxycephalosporin-C synthase activity
R05305	0018464,3-hydroxypimeloyl-CoA dehydrogenase activity
R05308	0018510,phloroglucinol reductase activity
R05310	0018513,dibenzothiophene dihydrodiol dehydrogenase activity
R05311	0018515,pimeloyl-CoA dehydrogenase activity
R05312	0018518,5,6-dihydroxy-3-methyl-2-oxo-1,2,5,6-tetrahydroquinoline dehydrogenase activity
R05313	0018519,cis-dihydroethylcatechol dehydrogenase activity
R05314	0018521,1,2-dihydroxy-6-methylcyclohexa-3,5-dienecarboxylate dehydrogenase activity
R05315	0047010,hydroxycyclohexanecarboxylate dehydrogenase activity
R05316	0018525,4-hydroxybenzoyl-CoA reductase activity
R05317	0050621,tryptophan alpha,beta-oxidase activity
R05320	0000908,taurine dioxygenase activity
R05323	0030757,3-methylquercitin 7-O-methyltransferase activity
R05324	0050644,cis-p-coumarate glucosyltransferase activity
R05328	0033828,glucosylglycerol-phosphate synthase activity
R05330	0050632,propionyl-CoA C2-trimethyltridecanoyltransferase activity
R05332	0019134,glucosamine-1-phosphate N-acetyltransferase activity
R05334	0052597,diamine oxidase activity
R05337	0043721,4-hydroxybutanoyl-CoA dehydratase activity
R05357	0033972,proclavaminate amidinohydrolase activity
R05378	0047441,5-dehydro-2-deoxyphosphogluconate aldolase activity
R05380	0018818,acetylene hydratase activity
R05399	0050625,2-hydroxy-1,4-benzoquinone reductase (NADH) activity
R05452	0018856,benzoyl acetate-CoA ligase activity
R05465	0033848,N2-(2-carboxyethyl)arginine synthase activity
R05467	(carboxyethyl)arginine beta-lactam-synthase activity,0034027
R05553	0008696,4-amino-4-deoxychorismate lyase activity
R05558	0018788,atrazine chlorohydrolase activity
R05574	0018757,deisopropylhydroxyatrazine aminohydrolase activity
R05588	0033877,succinyl-CoA:(R)-benzylsuccinate CoA-transferase activity
R05597	0018823,cyclohexa-1,5-dienecarbonyl-CoA hydratase activity
R05598	0018805,benzylsuccinate synthase activity
R05603	0018862,phenyl-phosphate phosphatase/carboxylase activity
R05606	0008927,mannonate dehydratase activity
R05608	0008867,galactarate dehydratase activity
R05623	0034899,trimethylamine monooxygenase activity
R05626	0036433,di-trans, poly-cis-undecaprenol kinase activity
R05627	0050380,undecaprenyl-diphosphatase activity
R05633	0050518,2-C-methyl-D-erythritol 4-phosphate cytidylyltransferase activity
R05634	0050515,4-(cytidine 5'-diphospho)-2-C-methyl-D-erythritol kinase activity
R05636	0008661,1-deoxy-D-xylulose-5-phosphate synthase activity
R05637	0008685,2-C-methyl-D-erythritol 2,4-cyclodiphosphate synthase activity
R05641	0000246,Delta24(24-1) sterol reductase activity
R05651	0050487,sulfoacetaldehyde acetyltransferase activity
R05652	0031299,taurine-pyruvate aminotransferase activity
R05678	0050491,sulcatone reductase activity
R05682	0050571,1,5-anhydro-D-fructose reductase activity
R05685	0052676,3-methylbutanal reductase (NADH) activity
R05686	0052675,3-methylbutanal reductase (NADPH) activity
R05687	0050573,dTDP-4-dehydro-6-deoxyglucose reductase activity
R05688	0030604,1-deoxy-D-xylulose-5-phosphate reductoisomerase activity
R05689	0050574,2-(R)-hydroxypropyl-CoM dehydrogenase activity
R05690	0050575,2-(S)-hydroxypropyl-CoM dehydrogenase activity
R05699	0050608,vanillin dehydrogenase activity
R05702	0050472,zeatin reductase activity
R05705	0052874,FMN reductase (NADH) activity
R05706	0052873,FMN reductase (NADPH) activity
R05707	0042602,riboflavin reductase (NADPH) activity
R05713	0050628,2-oxopropyl-CoM reductase (carboxylating) activity
R05717	0033741,adenylyl-sulfate reductase (glutathione) activity
R05718	0050584,linoleate 11-lipoxygenase activity
R05720	0050586,3-hydroxy-2-methylquinolin-4-one 2,4-dioxygenase activity
R05721	0050587,chlorite O2-lyase activity
R05722	0048244,phytanoyl-CoA dioxygenase activity
R05727	0050591,quinine 3-monooxygenase activity
R05728	0050592,4-hydroxyphenylacetaldehyde oxime monooxygenase activity
R05732	0050593,N-methylcoclaurine 3'-monooxygenase activity
R05735	0018710,acetone carboxylase activity
R05740	0016720,acyl-lipid Delta(12)-acetylenase
R05742	0050603,thiophene-2-carbonyl-CoA monooxygenase activity
R05745	0018693,ethylbenzene hydroxylase activity
R05746	0050609,phosphonate dehydrogenase activity
R05748	0050610,methylarsonate reductase activity
R05749	0050557,deacetylipecoside synthase activity
R05750	0050556,deacetylisoipecoside synthase activity
R05752	0030611,arsenate reductase activity
R05757	0030793,3'-demethylstaurosporine O-methyltransferase activity
R05758	0030848,threo-3-hydroxyaspartate ammonia-lyase activity
R05760	0030796,cycloartenol 24-C-methyltransferase activity
R05763	0030798,trans-aconitate 2-methyltransferase activity
R05764	0046547,trans-aconitate 3-methyltransferase activity
R05768	0050504,mannosyl-3-phosphoglycerate synthase activity
R05769	0050505,hydroquinone glucosyltransferase activity
R05771	0050549,cyclohexyl-isocyanide hydratase activity
R05774	0050545,sulfopyruvate decarboxylase activity
R05775	0046507,UDPsulfoquinovose synthase activity
R05776	0030797,24-methylenesterol C-methyltransferase activity
R05777	0008486,diphosphoinositol-polyphosphate diphosphatase activity
R05779	0052845,inositol-5-diphosphate-1,2,3,4,6-pentakisphosphate diphosphatase activity
R05780	0018760,thiocyanate hydrolase activity
R05781	0050539,maleimide hydrolase activity
R05783	0050537,mandelamide amidase activity
R05789	0050532,2-phosphosulfolactate phosphatase activity
R05790	0050531,mannosyl-3-phosphoglycerate phosphatase activity
R05791	0050530,glucosylglycerol 3-phosphatase activity
R05794	0050520,phosphatidylcholine synthase activity
R05795	0035005,1-phosphatidylinositol-4-phosphate 3-kinase activity
R05799	0052723,inositol hexakisphosphate 1-kinase activity
R05800	0000823,inositol-1,4,5-trisphosphate 6-kinase activity
R05801	0000824,inositol-1,4,5,6-tetrakisphosphate 3-kinase activity
R05802	0000285,1-phosphatidylinositol-3-phosphate 5-kinase activity
R05825	0050529,polyneuridine-aldehyde esterase activity
R05827	0050579,vellosimine dehydrogenase activity
R05828	0033775,deoxysarpagine hydroxylase activity
R05838	0033856,pyridoxine 5'-phosphate synthase activity
R05850	0008742,L-ribulose-phosphate 4-epimerase activity
R05855	0050594,tabersonine 16-hydroxylase activity
R05857	0050590,desacetoxyvindoline 4-hydroxylase activity
R05876	0050636,vinorine synthase activity
R05877	0050596,vinorine hydroxylase activity
R05878	0050624,vomilenine reductase activity
R05879	0050615,1,2-dihydrovomilenine reductase activity
R05882	0050506,vomilenine glucosyltransferase activity
R05884	0051745,4-hydroxy-3-methylbut-2-enyl diphosphate reductase activity
R05983	0003827,alpha-1,3-mannosylglycoprotein 2-beta-N-acetylglucosaminyltransferase activity
R05988	0008424,glycoprotein 6-alpha-L-fucosyltransferase activity
R06015	0018392,glycoprotein 3-alpha-L-fucosyltransferase activity
R06016	0050513,glycoprotein 2-beta-D-xylosyltransferase activity
R06048	0050507,indoxyl-UDPG glucosyltransferase activity
R06117	(+)-trans-carveol dehydrogenase activity,0033702
R06119	(R)-limonene 6-monooxygenase activity,0052741
R06120	(R)-limonene synthase activity,0034002
R06126	0031132,serine 3-dehydrogenase activity
R06166	0033703,3-beta-hydroxy-5-beta-steroid dehydrogenase (NADP+) activity
R06211	0050307,sucrose-phosphate phosphatase activity
R06258	0052925,dol-P-Man:Man(5)GlcNAc(2)-PP-Dol alpha-1,3-mannosyltransferase activity
R06259	0052926,dol-P-Man:Man(6)GlcNAc(2)-PP-Dol alpha-1,2-mannosyltransferase activity
R06260	0052917,dol-P-Man:Man(7)GlcNAc(2)-PP-Dol alpha-1,6-mannosyltransferase activity
R06261	0052918,dol-P-Man:Man(8)GlcNAc(2)-PP-Dol alpha-1,2-mannosyltransferase activity
R06284	0046408,chlorophyll synthetase activity
R06298	0050559,copalyl diphosphate synthase activity
R06301	0050554,abietadiene synthase activity
R06302	0052678,levopimaradiene synthase activity
R06305	0050553,taxadiene synthase activity
R06306	0050604,taxadiene 5-alpha-hydroxylase activity
R06307	0050638,taxadien-5-alpha-ol O-acetyltransferase activity
R06308	0050598,taxane 13-alpha-hydroxylase activity
R06309	0050597,taxane 10-beta-hydroxylase activity
R06310	0050642,2-alpha-hydroxytaxane 2-O-benzoyltransferase activity
R06311	0050643,10-deacetylbaccatin III 10-O-acetyltransferase activity
R06313	0046567,aphidicolan-16 beta-ol synthase activity
R06351	0036189,abieta-7,13-diene hydroxylase activity
R06354	0036204,abieta-7,13-dien-18-ol hydroxylase activity
R06357	0036188,abieta-7,13-dien-18-al (NAD+) dehydrogenase activity
R06368	0052686,perillic acid-CoA ligase (AMP-forming) activity
R06396	(3R)-3-isopropenyl-6-oxoheptanoate:CoA ligase (ADP-forming) activity,0052687
R06398	0052601,limonene 1,2-monooxygenase [NAD(P)H) activity
R06417	(-)-isopiperitenone reductase activity,0052581
R06502	0034016,polyenoic fatty acid isomerase activity
R06513	0008460,dTDP-glucose 4,6-dehydratase activity
R06514	0008830,dTDP-4-dehydrorhamnose 3,5-epimerase activity
R06515	(3R)-3-isopropenyl-6-oxoheptanoate:CoA ligase (AMP-forming) activity,0052688
R06523	0034003,vetispiradiene synthase activity
R06530	0048472,threonine-phosphate decarboxylase activity
R06601	0033971,hydroxyisourate hydrolase activity
R06604	0051997,2-oxo-4-hydroxy-4-carboxy-5-ureidoimidazoline decarboxylase activity
R06613	0050797,thymidylate synthase (FAD) activity
R06734	0050358,tropinone reductase activity
R06786	0008688,3-(3-hydroxyphenyl)propionate hydroxylase activity
R06789	0052823,2-hydroxy-6-oxonona-2,4,7-trienedioate hydrolase activity
R06807	0033803,kaempferol 4'-O-methyltransferase activity
R06815	0033799,myricetin 3'-O-methyltransferase activity
R06816	0070448,laricitrin 5'-O-methyltransferase activity
R06827	0047246,luteolin-7-O-glucuronide 7-O-glucuronosyltransferase activity
R06828	0047247,luteolin-7-O-diglucuronide 4'-O-glucuronosyltransferase activity
R06836	0033863,ribose 1,5-bisphosphate phosphokinase activity
R06846	0052733,quinate 3-dehydrogenase (NADP+) activity
R06847	0052734,shikimate 3-dehydrogenase (NAD+) activity
R06859	0052624,2-phytyl-1,4-naphthoquinone methyltransferase activity
R06868	0000234,phosphoethanolamine N-methyltransferase activity
R06870	0052732,phosphoethanolamine phosphatase activity
R06871	0052731,phosphocholine phosphatase activity
R06892	0033767,4-hydroxyacetophenone monooxygenase activity
R06946	0052662,zeaxanthin epoxidase activity
R06947	0052662,zeaxanthin epoxidase activity
R06948	0034020,neoxanthin synthase activity
R06954	0010301,xanthoxin dehydrogenase (NAD+) activity
R06957	0010293,abscisic aldehyde oxidase activity
R06972	0034549,N-cyclopropylammelide alkylamino hydrolase activity
R06977	0045303,diaminobutyrate-2-oxoglutarate transaminase activity
R06978	0033816,diaminobutyrate acetyltransferase activity
R06979	0033990,ectoine synthase activity
R06982	0051907,S-(hydroxymethyl)glutathione synthase activity
R06983	0051903,S-(hydroxymethyl)glutathione dehydrogenase [NAD(P)+] activity
R06988	0034022,3-(hydroxyamino)phenol mutase activity
R07041	0052869,arachidonate omega-hydroxylase activity
R07053	0036403,arachidonate 8(S)-lipoxygenase activity
R07061	0052878,linoleate 8R-lipoxygenase activity
R07062	0052879,9,12-octadecadienoate 8-hydroperoxide 8S-isomerase activity
R07125	0033982,3-dehydro-L-gulonate-6-phosphate decarboxylase activity
R07134	0047038,D-arabinitol 2-dehydrogenase activity
R07135	0046029,mannitol dehydrogenase activity
R07138	0033704,3-beta-hydroxy-5-alpha-steroid dehydrogenase (NADP+) activity
R07140	0051903,S-(hydroxymethyl)glutathione dehydrogenase [NAD(P)+] activity
R07143	0033709,D-arabinitol dehydrogenase (NADP+) activity
R07144	0033709,D-arabinitol dehydrogenase (NADP+) activity
R07151	0047996,hydroxyphytanate oxidase activity
R07153	0047843,dehydrogluconate dehydrogenase activity
R07163	0051786,all-trans-retinol 13,14-reductase activity
R07164	0033735,aspartate dehydrogenase [NAD(P)+] activity
R07165	0033735,aspartate dehydrogenase [NAD(P)+] activity
R07167	0050323,taurine dehydrogenase activity
R07168	0004489,methylenetetrahydrofolate reductase [NAD(P)H] activity
R07169	0050623,berberine reductase activity
R07170	(R)-6-hydroxynicotine oxidase activity,0018530
R07177	0043831,thiosulfate dehydrogenase (quinone) activity
R07185	0033760,2'-deoxymugineic-acid 2'-dioxygenase activity
R07186	0033761,mugineic-acid 3-dioxygenase activity
R07187	0033761,mugineic-acid 3-dioxygenase activity
R07198	0033771,flavanone 2-hydroxylase activity
R07201	0033776,phenylacetone monooxygenase activity
R07202	(+)-abscisic acid 8'-hydroxylase activity,0010295
R07203	0033777,lithocholate 6beta-hydroxylase activity
R07204	0008397,sterol 12-alpha-hydroxylase activity
R07207	0033781,cholesterol 24-hydroxylase activity
R07208	0033782,24S-hydroxycholesterol 7-alpha-hydroxylase activity
R07214	0009815,1-aminocyclopropane-1-carboxylate oxidase activity
R07218	0001567,cholesterol 25-hydroxylase activity
R07221	0043732,6-hydroxynicotinate dehydrogenase activity
R07222	0033789,phenylacetyl-CoA dehydrogenase activity
R07226	0030699,glycine reductase activity
R07229	0033797,selenate reductase activity
R07232	0052907,23S rRNA (adenine(1618)-N(6))-methyltransferase activity
R07233	0008989,rRNA (guanine-N1-)-methyltransferase activity
R07234	0008990,rRNA (guanine-N2-)-methyltransferase activity
R07241	0050631,corydaline synthase activity
R07242	0033802,isoliquiritigenin 2'-O-methyltransferase activity
R07243	0052730,sarcosine N-methyltransferase activity
R07244	0052729,dimethylglycine N-methyltransferase activity
R07245	0043857,N-acetylornithine carbamoyltransferase activity
R07248	0050348,trehalose O-mycolyltransferase activity
R07250	0050635,acridone synthase activity
R07251	0050637,lovastatin nonaketide synthase activity
R07252	0050639,10-hydroxytaxane O-acetyltransferase activity
R07253	0050641,6-methylsalicylic acid synthase activity
R07257	0036426,ditrans, polycis-undecaprenyl-phosphate mannosyltransferase activity
R07260	0050502,cis-zeatin O-beta-D-glucosyltransferase activity
R07264	0033831,kojibiose phosphorylase activity
R07267	0052923,all-trans-nonaprenyl-diphosphate synthase (geranyl-diphosphate specific) activity
R07276	0033854,glutamate-prephenate aminotransferase activity
R07277	0033855,nicotianamine aminotransferase activity
R07281	0008686,3,4-dihydroxy-2-butanone-4-phosphate synthase activity
R07289	0033876,glycochenodeoxycholate sulfotransferase activity
R07290	0033608,formyl-CoA transferase activity
R07294	0033880,phenylacetyl-CoA hydrolase activity
R07295	0033881,bile-acid-CoA transferase activity
R07300	0047611,acetylspermidine deacetylase activity
R07301	(S)-N-acetyl-1-phenylethylamine hydrolase activity,0050536
R07306	0043740,GTP cyclohydrolase IIa activity
R07307	0033973,dCTP deaminase (dUMP-forming) activity
R07311	0018740,2'-hydroxybiphenyl-2-sulfinate desulfinase activity
R07312	0043722,4-hydroxyphenylacetate decarboxylase activity
R07313	0033981,D-dopachrome decarboxylase activity
R07318	0033988,bile-acid 7alpha-dehydratase activity
R07319	0050558,maltose epimerase activity
R07324	0004512,inositol-3-phosphate synthase activity
R07325	0008922,long-chain fatty acid [acyl-carrier-protein] ligase activity
R07345	(S)-usnate reductase activity,0046998
R07346	0032115,sorbose reductase activity
R07353	0033732,pyrroloquinoline-quinone synthase activity
R07359	0008753,NADPH dehydrogenase (quinone) activity
R07363	0010308,acireductone dioxygenase (Ni2+-requiring) activity
R07364	0010309,acireductone dioxygenase [iron(II)-requiring] activity
R07373	0033784,senecionine N-oxygenase activity
R07392	0046570,methylthioribulose 1-phosphate dehydratase activity
R07394	0043716,2-hydroxy-3-keto-5-methylthiopentenyl-1-phosphate phosphatase activity
R07403	0036190,indole-2-monooxygenase activity
R07404	0034028,5-(carboxyamino)imidazole ribonucleotide synthase activity
R07414	0034024,glutamate-putrescine ligase activity
R07419	0033969,gamma-glutamyl-gamma-aminobutyrate hydrolase activity
R07421	0036191,indolin-2-one monooxygenase activity
R07422	0036192,3-hydroxyindolin-2-one monooxygenase activity
R07423	0036193,2-hydroxy-1,4-benzoxazin-3-one monooxygenase activity
R07476	0043817,phosphosulfolactate synthase activity
R07500	0010176,homogentisate phytyltransferase activity
R07502	0009976,tocopherol cyclase activity
R07503	0009976,tocopherol cyclase activity
R07582	0033885,10-hydroxy-9-(phosphonooxy)octadecanoate phosphatase activity
R07598	0033736,L-lysine 6-oxidase activity
R07605	0033739,preQ1 synthase activity
R07606	0033744,L-methionine (S)-S-oxide reductase activity
R07607	0033743,peptide-methionine (R)-S-oxide reductase activity
R07612	0052750,reactive-black-5:hydrogen-peroxide oxidoreductase activity
R07613	0010285,L,L-diaminopimelate aminotransferase activity
R07629	0033970,N-malonylurea hydrolase activity
R07630	0034006,amorpha-4,11-diene synthase activity
R07631	0034007,S-linalool synthase activity
R07632	0034008,R-linalool synthase activity
R07633	0034010,sulfolactate sulfo-lyase activity
R07634	0034011,L-cysteate sulfo-lyase activity
R07638	0018814,phenylacetaldoxime dehydratase activity
R07648	0052577,germacrene-D synthase activity
R07649	0034005,germacrene-A synthase activity
R07650	0033983,diaminobutyrate decarboxylase activity
R07796	0043785,cinnamoyl-CoA:phenyllactate CoA-transferase activity
R07797	0033873,petromyzonol sulfotransferase activity
R07798	0033874,scymnol sulfotransferase activity
R07830	0052680,epi-isozizaene synthase activity
R07831	0018766,dihydrophloroglucinol hydrolase activity
R07918	0033960,N-methyl nucleosidase activity
R07984	0043792,enamidase activity
R07985	0043718,2-hydroxymethylglutarate dehydrogenase activity
R08051	0052622,ATP/ADP dimethylallyltransferase activity
R08052	0052622,ATP/ADP dimethylallyltransferase activity
R08057	0052621,diguanylate cyclase activity
R08088	0034823,citronellyl-CoA ligase activity
R08090	0047445,3-hydroxy-3-isohexenylglutaryl-CoA lyase activity
R08147	0019010,farnesoic acid O-methyltransferase activity
R08151	0019010,farnesoic acid O-methyltransferase activity
R08159	0016297,fatty acyl-[ACP] hydrolase activity
R08160	0090489,tryptophan N-monooxygenase activity
R08162	0016297,fatty acyl-[ACP] hydrolase activity
R08165	0070204,2-succinyl-5-enolpyruvyl-6-hydroxy-3-cyclohexene-1-carboxylic-acid synthase activity
R08166	0070205,2-succinyl-6-hydroxy-2,4-cyclohexadiene-1-carboxylate synthase activity
R08167	0047364,aromatic desulfoglucosinolate sulfotransferase activity
R08193	0004610,phosphoacetylglucosamine mutase activity
R08194	0033712,1,5-anhydro-D-fructose reductase (1,5-anhydro-D-mannitol-forming) activity
R08199	0034009,isoprene synthase activity
R08200	0033978,phosphonopyruvate hydrolase activity
R08201	0034029,2-oxoglutarate carboxylase activity
R08369	0080062,cytokinin 9-beta-glucosyltransferase activity
R08370	0052681,alpha-bisabolene synthase activity
R08379	0052650,all-trans-retinol dehydrogenase (NADP+) activity
R08388	0052885,all-trans-retinyl-ester hydrolase, 11-cis retinol forming activity
R08528	0033850,Z-farnesyl diphosphate synthase activity
R08547	0030772,tryptophan 2-C-methyltransferase activity
R08573	0047880,erythrulose reductase activity
R08689	0046429,4-hydroxy-3-methylbut-2-en-1-yl diphosphate synthase activity (ferredoxin)
R08715	0052761,exo-1,4-beta-D-glucosaminidase activity
R08856	0036380,UDP-N-acetylglucosamine-undecaprenyl-phosphate N-acetylglucosaminephosphotransferase activity
R08889	0050588,apo-beta-carotenoid-14',13'-dioxygenase activity
R08923	(+)-menthofuran synthase activity,0052582
R08948	0033849,chrysanthemyl diphosphate synthase activity
R08950	0033851,lavandulyl diphosphate synthase activity
R08969	0033188,sphingomyelin synthase activity
R08991	0071111,cyclic-guanylate-specific phosphodiesterase activity
R09075	0052897,N8-acetylspermidine:oxygen oxidoreductase (propane-1,3-diamine-forming) activity
R09076	0052901,spermine oxidase activity
R09078	0052588,diacetyl reductase ((S)-acetoin forming) (NAD+) activity
R09087	0000832,inositol hexakisphosphate 5-kinase activity
R09115	0034278,stemar-13-ene synthase activity
R09116	0034283,syn-stemod-13(17)-ene synthase activity
R09117	0034279,syn-pimara-7,15-diene synthase activity
R09119	0034277,ent-cassa-12,15-diene synthase activity
R09120	0034280,ent-sandaracopimaradiene synthase activity
R09121	0034282,ent-pimara-8(14),15-diene synthase activity
R09140	0052682,epi-cedrol synthase activity
R09245	0036423,hexaprenyl-diphosphate synthase ((2E,6E)-farnesyl-diphosphate specific) activity
R09246	0052922,hexaprenyl diphosphate synthase (geranylgeranyl-diphosphate specific) activity
R09250	0052923,all-trans-nonaprenyl-diphosphate synthase (geranyl-diphosphate specific) activity
R09251	0052924,all-trans-nonaprenyl-diphosphate synthase (geranylgeranyl-diphosphate specific) activity
R09289	0035527,3-hydroxypropionate dehydrogenase (NADP+) activity
R09359	0052892,aromatic (S)-hydroxynitrile lyase activity
R09383	0052927,CC tRNA cytidylyltransferase activity
R09384	0052927,CC tRNA cytidylyltransferase activity
R09385	0052601,limonene 1,2-monooxygenase [NAD(P)H) activity
R09386	0052929,ATP:3'-cytidine-cytidine-tRNA adenylyltransferase activity
R09389	0052601,limonene 1,2-monooxygenase [NAD(P)H) activity
R09393	0052601,limonene 1,2-monooxygenase [NAD(P)H) activity
R09494	0036397,formate dehydrogenase (quinone) activity
R09532	0034417,bisphosphoglycerate 3-phosphatase activity
R09533	0052748,baicalin beta-D-glucuronidase activity
R09541	0052851,ferric-chelate reductase (NADPH) activity
R09550	0052749,glucose-6-phosphate dehydrogenase (coenzyme F420) activity
R09565	0036238,gallate dioxygenase activity
R09588	0160220,D-alanine-(R)-lactate ligase activity
R09595	0160222,D-alanine-D-serine ligase activity
R09651	0035595,N-acetylglucosaminylinositol deacetylase activity
R09662	0036382,flavin reductase (NADH) activity
R09704	0036348,hydantoin racemase activity
R09750	0052875,riboflavin reductase [NAD(P)H] activity
R09798	0018529,nitrilotriacetate monooxygenase activity
R09819	0036383,3-hydroxy-9,10-secoandrosta-1,3,5(10)-triene-9,17-dione monooxygenase activity
R09838	0097266,phenylacetyl-CoA 1,2-epoxidase activity
R09859	0036199,cholest-4-en-3-one 26-monooxygenase activity
R09860	0036200,3-ketosteroid 9-alpha-monooxygenase activity
R09861	0036201,ent-isokaurene C2-hydroxylase activity
R09865	0036209,9beta-pimara-7,15-diene oxidase activity
R09866	0036202,ent-cassa-12,15-diene 11-hydroxylase activity
R09867	0036203,taxoid 14-beta-hydroxylase activity
R09868	0036239,taxoid 7beta-hydroxylase activity
R09944	0141035,CTP-dependent diacylglycerol kinase activity
R10070	0052662,zeaxanthin epoxidase activity
R10089	0036381,pyridoxal 5'-phosphate synthase (glutamine hydrolysing) activity
R10129	0120529,secoisolariciresinol dehydrogenase activity
R10261	0102506,cyanidin 3-O-glucoside 5-O-glucosyltransferase (acyl-glucose) activity
R10285	0120525,choline trimethylamine lyase activity
R10309	0140393,norsolorinic acid ketoreductase activity
R10389	0052664,nitroalkane oxidase activity
R10479	0140398,versicolorin B desaturase activity
R10523	0052706,L-histidine N(alpha)-methyltransferase activity
R10524	0052706,L-histidine N(alpha)-methyltransferase activity
R10623	0009976,tocopherol cyclase activity
R10624	0009976,tocopherol cyclase activity
R10713	0052933,alcohol dehydrogenase (cytochrome c(L)) activity
R10859	0141197,4-hydroxy-3-methylbut-2-enyl-diphosphate synthase activity (flavodoxin)
R10868	0050659,N-acetylgalactosamine 4-sulfate 6-O-sulfotransferase activity
R10869	0050659,N-acetylgalactosamine 4-sulfate 6-O-sulfotransferase activity
R10924	0102373,beta-amyrin 28-monooxygenase activity
R10953	0000825,inositol-1,3,4,5-tetrakisphosphate 6-kinase activity
R11098	0120242,2-iminobutanoate deaminase activity
R11099	0120243,2-iminopropanoate deaminase activity
R11646	0120526,homomethionine N-monooxygenase activity
R12479	0004571,mannosyl-oligosaccharide 1,2-alpha-mannosidase activity
R12566	0050547,feruloyl-CoA hydratase/lyase activity
R12777	0008668,2,3-dihydroxybenzoate--[aryl-carrier protein] ligase
R12978	0120519,tubulin N-terminal-methionine acetyltransferase activity
R13499	0160302,6-carboxymethyl-5-methyl-4-hydroxypyridin-2-ol 3-C-methyltransferase activity
R13518	0160298,pyridinol guanylyltransferase activity
R13520	0160301,guanylylpyridinol adenylase activity
