model	train_accuracy	val_accuracy	test_accuracy	train_balanced_accuracy	val_balanced_accuracy	test_balanced_accuracy	macro_f1	weighted_f1	overfit
baseline	0.2761409589832467	0.2777777777777778	0.2764976958525346	0.125	0.125	0.125	0.05415162454873646	0.11978239531517743	-0.001636818794531092
rf	0.9838243789716926	0.6111111111111112	0.5944700460829493	0.9906784694245807	0.42485119047619047	0.4030133103684933	0.4095238465993173	0.5727724435701125	0.37271326786058145
gb	1.0	0.5925925925925926	0.5898617511520737	1.0	0.4537202380952381	0.38324193590961886	0.39073629356937684	0.5672772687260573	0.40740740740740744
xgb	0.9982668977469671	0.6018518518518519	0.5944700460829493	0.9992154811715481	0.40922619047619047	0.3948995618202935	0.4037154374705401	0.5672405350856646	0.3964150458951152
lr	0.7169266320046216	0.5092592592592593	0.48847926267281105	0.8132115087033818	0.4219494047619048	0.41381833359729703	0.395208310706963	0.4980090909817518	0.2076673727453623
