Genome	map00010	map00030	map00040	map00051	map00220	map00230	map00240	map00250	map00260	map00270	map00300	map00400	map00470	map00520	map00541	map00550	map00562	map00564	map00620	map00630	map00670	map00710	map00720	map00730	map00740	map00760	map00770	map00860	map00900	map00910	map00970	map01100	map01110	map01120	map01200	map01210	map01230	map01232	map01240	map01250	rn00010	rn00030	rn00040	rn00051	rn00220	rn00230	rn00240	rn00250	rn00260	rn00270	rn00300	rn00400	rn00470	rn00520	rn00541	rn00550	rn00562	rn00564	rn00620	rn00630	rn00670	rn00710	rn00720	rn00730	rn00740	rn00760	rn00770	rn00860	rn00900	rn00910	rn00970	rn01100	rn01110	rn01120	rn01200	rn01210	rn01230	rn01232	rn01240	rn01250
GCF_000006985.1	3	4	1	1	2	12	5	7	8	10	6	10	6	4	6	5	1	1	3	2	6	4	2	4	6	2	3	17	7	2	4	128	74	24	9	6	34	6	41	9	3	4	1	1	2	12	5	7	8	10	6	10	6	4	6	5	1	1	3	2	6	4	2	4	6	2	3	17	7	2	4	128	74	24	9	6	34	6	41	9
GCF_000007125.1	6	6	4	4	4	15	7	8	10	9	6	11	7	6	6	6	4	2	9	9	8	7	8	4	4	2	3	17	7	4	4	173	79	49	24	4	41	8	43	10	6	6	4	4	4	15	7	8	10	9	6	11	7	6	6	6	4	2	9	9	8	7	8	4	4	2	3	17	7	4	4	173	79	49	24	4	41	8	43	10
GCF_000007505.1	6	6	4	4	4	15	7	8	9	8	6	11	7	7	6	6	4	2	9	8	8	7	8	4	4	2	3	17	7	4	4	170	77	49	23	4	41	8	42	11	6	6	4	4	4	15	7	8	9	8	6	11	7	7	6	6	4	2	9	8	8	7	8	4	4	2	3	17	7	4	4	170	77	49	23	4	41	8	42	11
GCF_000007625.1	4	4	2	2	0	8	9	4	5	9	5	7	6	10	3	7	3	2	6	4	3	9	2	4	7	1	3	9	7	1	5	123	53	31	17	3	25	5	30	9	4	4	2	2	0	8	9	4	5	9	5	7	6	10	3	7	3	2	6	4	3	9	2	4	7	1	3	9	7	1	5	123	53	31	17	3	25	5	30	9
GCF_000007745.1	3	7	7	3	2	14	5	5	7	7	7	15	6	11	5	4	2	4	8	10	6	8	4	4	6	2	3	9	7	1	5	161	81	48	27	5	43	7	36	13	3	7	7	3	2	14	5	5	7	7	7	15	6	11	5	4	2	4	8	10	6	8	4	4	6	2	3	9	7	1	5	161	81	48	27	5	43	7	36	13
GCF_000007805.1	3	8	3	2	10	17	7	10	8	10	8	12	8	7	9	6	2	4	10	15	9	6	5	4	8	3	5	18	7	11	4	216	97	63	29	5	45	8	57	13	3	8	3	2	10	17	7	10	8	10	8	12	8	7	9	6	2	4	10	15	9	6	5	4	8	3	5	18	7	11	4	216	97	63	29	5	45	8	57	13
GCF_000007905.1	3	3	2	1	2	11	6	6	6	5	5	12	6	8	7	4	0	2	4	3	6	4	4	3	5	1	3	7	7	1	4	113	64	27	14	4	33	4	29	12	3	3	2	1	2	11	6	6	6	5	5	12	6	8	7	4	0	2	4	3	6	4	4	3	5	1	3	7	7	1	4	113	64	27	14	4	33	4	29	12
GCF_000007985.2	5	3	2	2	2	9	7	7	5	7	5	12	6	7	7	5	1	2	10	2	5	6	6	5	5	3	4	11	8	2	5	131	68	28	15	5	35	5	39	12	5	3	2	2	2	9	7	7	5	7	5	12	6	7	7	5	1	2	10	2	5	6	6	5	5	3	4	11	8	2	5	131	68	28	15	5	35	5	39	12
GCF_000008185.1	4	3	1	1	0	8	4	2	2	2	0	5	4	7	2	5	1	1	3	4	4	7	2	2	0	1	2	4	6	1	5	70	28	15	12	0	10	4	9	7	4	3	1	1	0	8	4	2	2	2	0	5	4	7	2	5	1	1	3	4	4	7	2	2	0	1	2	4	6	1	5	70	28	15	12	0	10	4	9	7
GCF_000008325.1	4	6	2	2	3	12	6	6	5	12	8	10	6	9	8	5	1	2	8	7	5	8	4	4	6	3	3	16	7	5	4	172	81	54	31	6	40	6	47	14	4	6	2	2	3	12	6	6	5	12	8	10	6	9	8	5	1	2	8	7	5	8	4	4	6	3	3	16	7	5	4	172	81	54	31	6	40	6	47	14
GCF_000008445.1	3	7	3	1	1	10	4	5	8	16	6	8	7	4	5	3	3	2	10	8	5	11	3	5	3	5	4	6	7	4	5	144	68	41	29	3	25	7	34	7	3	7	3	1	1	10	4	5	8	16	6	8	7	4	5	3	3	2	10	8	5	11	3	5	3	5	4	6	7	4	5	144	68	41	29	3	25	7	34	7
GCF_000008465.1	4	4	2	1	1	14	5	6	7	3	6	13	6	7	6	5	1	2	8	3	2	7	4	3	8	3	3	8	7	1	5	150	72	35	22	2	34	7	43	10	4	4	2	1	1	14	5	6	7	3	6	13	6	7	6	5	1	2	8	3	2	7	4	3	8	3	3	8	7	1	5	150	72	35	22	2	34	7	43	10
GCF_000009265.1	7	12	7	6	9	16	8	12	14	9	6	12	8	14	14	6	5	2	10	14	11	11	9	5	9	3	3	19	9	12	6	241	100	73	37	4	49	8	48	23	7	12	7	6	9	16	8	12	14	9	6	12	8	14	14	6	5	2	10	14	11	11	9	5	9	3	3	19	9	12	6	241	100	73	37	4	49	8	48	23
GCF_000009305.1	3	5	2	1	1	4	6	5	7	5	5	13	6	6	5	4	0	3	2	3	3	3	3	1	3	1	3	7	7	2	4	92	51	24	13	2	28	4	27	9	3	5	2	1	1	4	6	5	7	5	5	13	6	6	5	4	0	3	2	3	3	3	3	1	3	1	3	7	7	2	4	92	51	24	13	2	28	4	27	9
GCF_000009365.1	4	3	2	1	5	13	8	6	7	8	8	9	6	7	6	5	1	2	9	5	6	5	4	3	6	2	3	14	7	6	4	159	74	43	20	7	37	8	41	10	4	3	2	1	5	13	8	6	7	8	8	9	6	7	6	5	1	2	9	5	6	5	4	3	6	2	3	14	7	6	4	159	74	43	20	7	37	8	41	10
GCF_000009765.2	4	7	3	2	5	17	6	9	12	14	9	13	8	14	4	6	2	2	12	14	9	9	9	5	10	4	4	17	11	8	4	214	98	66	30	5	43	8	49	14	4	7	3	2	5	17	6	9	12	14	9	13	8	14	4	6	2	2	12	14	9	9	9	5	10	4	4	17	11	8	4	214	98	66	30	5	43	8	49	14
GCF_000009785.1	2	5	6	1	4	11	6	7	7	12	6	11	6	11	3	6	2	2	6	8	5	4	5	5	5	5	4	14	7	6	5	162	81	44	16	6	39	4	47	9	2	5	6	1	4	11	6	7	7	12	6	11	6	11	3	6	2	2	6	8	5	4	5	5	5	5	4	14	7	6	5	162	81	44	16	6	39	4	47	9
GCF_000009805.1	2	5	3	2	5	16	7	8	8	9	6	13	5	11	7	5	2	2	11	9	4	3	7	4	10	4	4	15	13	7	4	192	91	51	16	6	41	8	51	14	2	5	3	2	5	16	7	8	8	9	6	13	5	11	7	5	2	2	11	9	4	3	7	4	10	4	4	15	13	7	4	192	91	51	16	6	41	8	51	14
GCF_000009905.1	4	6	4	1	2	12	6	6	9	7	6	12	6	11	2	7	1	1	7	10	6	9	4	3	3	2	3	4	8	2	5	133	60	35	23	5	37	6	21	10	4	6	4	1	2	12	6	6	9	7	6	12	6	11	2	7	1	1	7	10	6	9	4	3	3	2	3	4	8	2	5	133	60	35	23	5	37	6	21	10
GCF_000009985.1	2	3	3	3	2	13	5	6	8	7	7	10	7	11	14	5	1	1	11	7	7	6	8	3	5	6	4	15	8	6	4	172	77	46	20	6	38	6	47	20	2	3	3	3	2	13	5	6	8	7	7	10	7	11	14	5	1	1	11	7	7	6	8	3	5	6	4	15	8	6	4	172	77	46	20	6	38	6	47	20
GCF_000010125.1	3	5	5	1	2	12	6	6	9	9	4	8	5	12	4	6	1	2	6	5	5	5	3	5	6	3	4	7	7	1	5	128	64	24	14	4	28	5	38	9	3	5	5	1	2	12	6	6	9	9	4	8	5	12	4	6	1	2	6	5	5	5	3	5	6	3	4	7	7	1	5	128	64	24	14	4	28	5	38	9
GCF_000010265.1	5	4	3	3	1	9	7	6	8	13	6	14	6	11	5	7	1	1	7	2	4	8	3	6	5	3	3	7	7	1	6	131	73	24	13	6	44	5	36	12	5	4	3	3	1	9	7	6	8	13	6	14	6	11	5	7	1	1	7	2	4	8	3	6	5	3	3	7	7	1	6	131	73	24	13	6	44	5	36	12
GCF_000010425.1	2	6	4	1	3	12	8	7	6	6	5	6	5	9	4	5	2	1	3	3	5	5	4	3	0	3	3	0	5	2	3	95	48	22	13	4	31	6	18	11	2	6	4	1	3	12	8	7	6	6	5	6	5	9	4	5	2	1	3	3	5	5	4	3	0	3	3	0	5	2	3	95	48	22	13	4	31	6	18	11
GCF_000010505.1	4	4	1	2	0	7	6	4	5	4	5	3	6	5	6	5	1	1	5	3	3	6	4	3	5	2	3	8	5	1	5	96	39	17	13	2	16	5	29	9	4	4	1	2	0	7	6	4	5	4	5	3	6	5	6	5	1	1	5	3	3	6	4	3	5	2	3	8	5	1	5	96	39	17	13	2	16	5	29	9
GCF_000010525.1	5	7	4	3	7	13	7	9	13	9	7	11	7	9	12	5	1	1	13	20	9	9	8	4	5	4	4	16	8	6	4	205	84	54	32	5	41	6	46	17	5	7	4	3	7	13	7	9	13	9	7	11	7	9	12	5	1	1	13	20	9	9	8	4	5	4	4	16	8	6	4	205	84	54	32	5	41	6	46	17
GCF_000010665.1	3	5	2	3	3	8	7	8	6	5	5	9	6	6	8	5	1	2	5	8	6	5	4	5	6	1	3	7	6	3	5	122	63	32	20	4	33	5	34	12	3	5	2	3	3	8	7	8	6	5	5	9	6	6	8	5	1	2	5	8	6	5	4	5	6	1	3	7	6	3	5	122	63	32	20	4	33	5	34	12
GCF_000010985.1	3	4	2	1	2	10	8	7	5	6	4	11	6	7	4	5	1	2	8	3	6	6	5	4	5	1	4	11	7	1	4	126	63	25	14	4	31	6	35	9	3	4	2	1	2	10	8	7	5	6	4	11	6	7	4	5	1	2	8	3	6	6	5	4	5	1	4	11	7	1	4	126	63	25	14	4	31	6	35	9
GCF_000011225.1	2	3	3	2	0	6	6	4	0	0	0	0	0	2	1	0	2	1	1	0	1	4	1	1	1	0	2	0	5	0	5	31	10	7	6	0	4	7	11	1	2	3	3	2	0	6	6	4	0	0	0	0	0	2	1	0	2	1	1	0	1	4	1	1	1	0	2	0	5	0	5	31	10	7	6	0	4	7	11	1
GCF_000011245.1	2	7	9	2	3	12	7	6	9	11	6	11	7	12	8	5	1	2	6	5	4	5	3	7	8	4	3	10	7	1	6	166	84	39	17	6	39	5	46	15	2	7	9	2	3	12	7	6	9	11	6	11	7	12	8	5	1	2	6	5	4	5	3	7	8	4	3	10	7	1	6	166	84	39	17	6	39	5	46	15
GCF_000011305.1	2	5	3	1	6	13	7	8	9	7	7	17	6	9	5	5	2	1	7	10	8	3	6	4	7	4	3	11	8	4	4	160	89	38	20	4	45	8	44	10	2	5	3	1	6	13	7	8	9	7	7	17	6	9	5	5	2	1	7	10	8	3	6	4	7	4	3	11	8	4	4	160	89	38	20	4	45	8	44	10
GCF_000011325.1	2	5	4	1	3	15	7	7	7	7	7	15	6	11	5	6	3	1	6	7	8	3	6	4	8	4	3	9	8	2	4	151	80	37	20	4	42	10	42	11	2	5	4	1	3	15	7	7	7	7	7	15	6	11	5	6	3	1	6	7	8	3	6	4	8	4	3	9	8	2	4	151	80	37	20	4	42	10	42	11
GCF_000011345.1	4	4	1	2	2	12	4	6	4	6	3	11	6	6	5	4	1	1	5	3	7	5	5	2	6	2	3	15	8	1	5	127	74	24	12	3	30	6	36	10	4	4	1	2	2	12	4	6	4	6	3	11	6	6	5	4	1	1	5	3	7	5	5	2	6	2	3	15	8	1	5	127	74	24	12	3	30	6	36	10
GCF_000011385.1	2	6	1	3	5	12	6	7	4	6	3	12	6	9	12	4	1	1	4	3	7	5	4	3	6	1	3	15	7	2	4	140	80	27	14	3	32	7	35	17	2	6	1	3	5	12	6	7	4	6	3	12	6	9	12	4	1	1	4	3	7	5	4	3	6	1	3	15	7	2	4	140	80	27	14	3	32	7	35	17
GCF_000011965.2	5	8	3	1	6	15	9	10	19	5	6	11	6	5	2	5	1	1	8	14	8	8	9	5	6	3	4	16	10	6	4	203	82	61	31	4	42	9	45	6	5	8	3	1	6	15	9	10	19	5	6	11	6	5	2	5	1	1	8	14	8	8	9	5	6	3	4	16	10	6	4	203	82	61	31	4	42	9	45	6
GCF_000012305.1	3	3	1	1	3	14	8	6	7	6	7	9	6	6	5	5	1	2	10	5	4	7	4	2	6	4	3	11	6	1	4	139	70	37	22	5	35	8	40	9	3	3	1	1	3	14	8	6	7	6	7	9	6	6	5	5	1	2	10	5	4	7	4	2	6	4	3	11	6	1	4	139	70	37	22	5	35	8	40	9
GCF_000012325.1	5	7	3	2	4	16	5	6	14	11	7	14	6	9	5	5	1	3	8	13	11	7	4	3	6	2	3	13	7	7	5	192	83	56	29	6	44	6	45	10	5	7	3	2	4	16	5	6	14	11	7	14	6	9	5	5	1	3	8	13	11	7	4	3	6	2	3	13	7	7	5	192	83	56	29	6	44	6	45	10
GCF_000012365.1	4	9	7	3	5	19	7	10	12	9	7	14	7	12	15	6	3	1	12	17	9	6	7	8	11	4	5	16	8	12	4	253	103	85	39	6	47	9	61	21	4	9	7	3	5	19	7	10	12	9	7	14	7	12	15	6	3	1	12	17	9	6	7	8	11	4	5	16	8	12	4	253	103	85	39	6	47	9	61	21
GCF_000012405.1	3	4	4	1	3	14	7	7	8	6	5	12	6	6	2	6	2	1	4	8	7	3	5	5	5	3	3	14	7	2	4	134	67	30	14	4	34	8	38	6	3	4	4	1	3	14	7	7	8	6	5	12	6	6	2	6	2	1	4	8	7	3	5	5	5	3	3	14	7	2	4	134	67	30	14	4	34	8	38	6
GCF_000012485.1	4	4	1	3	2	12	5	7	8	10	5	12	6	5	8	6	1	1	6	3	7	7	4	5	5	2	3	19	7	2	4	145	83	34	15	6	38	6	44	11	4	4	1	3	2	12	5	7	8	10	5	12	6	5	8	6	1	1	6	3	7	7	4	5	5	2	3	19	7	2	4	145	83	34	15	6	38	6	44	11
GCF_000012565.1	2	3	1	0	2	9	6	5	3	2	6	0	2	0	0	0	0	2	4	1	2	5	3	3	5	2	2	6	5	1	3	62	34	18	8	3	12	4	30	0	2	3	1	0	2	9	6	5	3	2	6	0	2	0	0	0	0	2	4	1	2	5	3	3	5	2	2	6	5	1	3	62	34	18	8	3	12	4	30	0
GCF_000012665.1	5	5	2	4	3	8	6	9	6	5	6	10	9	9	12	7	2	2	4	7	5	5	4	6	6	1	3	10	6	4	5	143	70	38	18	4	36	5	35	18	5	5	2	4	3	8	6	9	6	5	6	10	9	9	12	7	2	2	4	7	5	5	4	6	6	1	3	10	6	4	5	143	70	38	18	4	36	5	35	18
GCF_000012805.1	5	4	2	2	3	12	6	6	6	8	7	9	6	8	9	6	1	2	7	3	6	7	6	4	6	3	3	11	7	1	4	154	75	46	25	5	36	6	42	14	5	4	2	2	3	12	6	6	6	8	7	9	6	8	9	6	1	2	7	3	6	7	6	4	6	3	3	11	7	1	4	154	75	46	25	5	36	6	42	14
GCF_000012825.1	8	5	10	4	3	10	7	8	10	11	7	9	7	9	14	5	2	1	9	7	11	8	6	5	6	1	3	8	6	3	5	169	77	40	20	5	41	8	31	19	8	5	10	4	3	10	7	8	10	11	7	9	7	9	14	5	2	1	9	7	11	8	6	5	6	1	3	8	6	3	5	169	77	40	20	5	41	8	31	19
GCF_000012865.1	4	4	2	1	3	10	6	8	8	9	7	14	6	8	6	6	1	1	8	10	6	7	4	4	5	1	3	12	7	3	4	139	77	40	20	6	39	4	34	11	4	4	2	1	3	10	6	8	8	9	7	14	6	8	6	6	1	1	8	10	6	7	4	4	5	1	3	12	7	3	4	139	77	40	20	6	39	4	34	11
GCF_000012885.1	6	5	1	1	2	10	6	8	7	5	5	16	6	7	8	5	1	2	7	3	5	5	6	5	6	3	3	16	7	4	5	152	76	36	16	5	40	5	43	13	6	5	1	1	2	10	6	8	7	5	5	16	6	7	8	5	1	2	7	3	5	5	6	5	6	3	3	16	7	4	5	152	76	36	16	5	40	5	43	13
GCF_000012925.1	7	4	2	3	2	9	6	7	6	7	6	13	6	9	8	6	1	3	9	3	6	7	8	5	5	2	4	13	8	1	5	145	73	37	20	6	35	4	41	15	7	4	2	3	2	9	6	7	6	7	6	13	6	9	8	6	1	3	9	3	6	7	8	5	5	2	4	13	8	1	5	145	73	37	20	6	35	4	41	15
GCF_000012945.1	4	7	8	2	6	20	7	13	12	13	8	16	9	14	13	7	3	1	15	20	8	6	7	5	11	4	6	15	9	8	4	286	114	96	40	7	55	8	62	22	4	7	8	2	6	20	7	13	12	13	8	16	9	14	13	7	3	1	15	20	8	6	7	5	11	4	6	15	9	8	4	286	114	96	40	7	55	8	62	22
GCF_000012965.1	3	3	2	1	2	13	4	6	7	8	5	13	5	6	5	5	0	3	3	3	6	4	3	3	5	2	3	12	7	3	4	122	70	29	11	4	36	5	35	9	3	3	2	1	2	13	4	6	7	8	5	13	5	6	5	5	0	3	3	3	6	4	3	3	5	2	3	12	7	3	4	122	70	29	11	4	36	5	35	9
GCF_000012985.1	4	7	3	1	5	14	8	8	13	13	8	11	8	8	7	6	3	2	10	8	8	6	6	3	10	3	5	18	7	8	5	209	96	63	28	6	46	5	55	11	4	7	3	1	5	14	8	8	13	13	8	11	8	8	7	6	3	2	10	8	8	6	6	3	10	3	5	18	7	8	5	209	96	63	28	6	46	5	55	11
GCF_000013025.1	4	5	2	2	2	13	5	6	8	7	5	10	7	8	8	4	2	2	8	6	7	7	7	4	3	2	3	17	7	5	4	153	69	41	21	4	33	7	39	13	4	5	2	2	2	13	5	6	8	7	5	10	7	8	8	4	2	2	8	6	7	7	7	4	3	2	3	17	7	5	4	153	69	41	21	4	33	7	39	13
GCF_000013085.1	5	5	3	4	5	13	7	10	10	9	7	12	5	9	10	6	2	2	11	10	7	9	9	5	7	3	4	21	9	4	4	185	92	50	29	6	48	8	49	16	5	5	3	4	5	13	7	10	10	9	7	12	5	9	10	6	2	2	11	10	7	9	9	5	7	3	4	21	9	4	4	185	92	50	29	6	48	8	49	16
GCF_000013145.1	2	3	1	0	2	9	6	5	3	2	6	0	2	0	0	0	0	1	4	1	2	5	3	3	5	2	2	7	5	1	3	62	34	18	8	3	12	4	31	0	2	3	1	0	2	9	6	5	3	2	6	0	2	0	0	0	0	1	4	1	2	5	3	3	5	2	2	7	5	1	3	62	34	18	8	3	12	4	31	0
GCF_000013345.1	4	6	3	3	5	17	5	9	4	6	6	13	6	14	8	7	2	0	9	7	8	5	9	3	9	4	3	15	10	8	4	168	79	45	21	5	43	10	46	18	4	6	3	3	5	17	5	9	4	6	6	13	6	14	8	7	2	0	9	7	8	5	9	3	9	4	3	15	10	8	4	168	79	45	21	5	43	10	46	18
GCF_000013405.1	4	3	3	2	3	8	6	7	5	5	6	15	7	6	10	5	1	2	4	8	3	4	3	5	5	3	3	4	7	3	4	126	71	27	15	5	37	4	36	12	4	3	3	2	3	8	6	7	5	5	6	15	7	6	10	5	1	2	4	8	3	4	3	5	5	3	3	4	7	3	4	126	71	27	15	5	37	4	36	12
GCF_000013645.1	4	11	9	5	6	20	7	7	11	11	8	13	7	13	21	5	3	1	13	20	9	8	6	4	10	4	6	15	9	8	4	286	114	102	47	7	48	8	59	26	4	11	9	5	6	20	7	7	11	11	8	13	7	13	21	5	3	1	13	20	9	8	6	4	10	4	6	15	9	8	4	286	114	102	47	7	48	8	59	26
GCF_000013665.1	5	5	10	4	5	13	5	5	6	7	7	10	6	11	8	5	3	2	10	4	6	9	4	5	7	2	3	13	7	6	4	173	83	46	21	6	40	5	48	16	5	5	10	4	5	13	5	5	6	7	7	10	6	11	8	5	3	2	10	4	6	9	4	5	7	2	3	13	7	6	4	173	83	46	21	6	40	5	48	16
GCF_000013705.1	3	8	2	3	6	15	8	9	6	8	7	11	6	8	9	5	1	2	6	7	7	6	3	5	7	2	3	13	8	9	4	165	80	47	23	6	45	8	46	14	3	8	2	3	6	15	8	9	6	8	7	11	6	8	9	5	1	2	6	7	7	6	3	5	7	2	3	13	8	9	4	165	80	47	23	6	45	8	46	14
GCF_000013765.1	4	6	2	1	3	14	7	6	10	8	7	14	6	11	12	5	1	3	8	6	8	7	5	3	7	2	4	10	7	7	5	185	91	52	24	5	44	8	43	18	4	6	2	1	3	14	7	6	10	8	7	14	6	11	12	5	1	3	8	6	8	7	5	3	7	2	4	10	7	7	5	185	91	52	24	5	44	8	43	18
GCF_000013885.1	5	5	2	2	2	13	6	6	8	6	6	10	6	9	15	5	1	2	8	6	5	10	6	5	6	3	4	12	10	5	4	165	82	48	24	4	36	7	44	19	5	5	2	2	2	13	6	6	8	6	6	10	6	9	15	5	1	2	8	6	5	10	6	5	6	3	4	12	10	5	4	165	82	48	24	4	36	7	44	19
GCF_000013905.1	3	3	1	1	3	16	8	6	8	6	7	10	6	6	6	5	1	2	10	6	5	7	4	2	6	5	3	11	6	5	4	155	73	43	22	5	37	8	40	10	3	3	1	1	3	16	8	6	8	6	7	10	6	6	6	5	1	2	10	6	5	7	4	2	6	5	3	11	6	5	4	155	73	43	22	5	37	8	40	10
GCF_000013985.1	4	5	2	1	4	13	7	8	8	5	6	10	6	7	2	5	1	2	8	8	7	8	7	4	9	2	3	10	6	7	4	149	68	43	21	4	37	8	43	7	4	5	2	1	4	13	7	8	8	5	6	10	6	7	2	5	1	2	8	8	7	8	7	4	9	2	3	10	6	7	4	149	68	43	21	4	37	8	43	7
GCF_000014005.1	2	7	5	2	2	12	6	9	9	7	5	10	6	12	6	4	1	1	3	7	3	5	1	3	6	1	3	8	7	3	5	133	65	34	15	4	32	6	29	15	2	7	5	2	2	12	6	9	9	7	5	10	6	12	6	4	1	1	3	7	3	5	1	3	6	1	3	8	7	3	5	133	65	34	15	4	32	6	29	15
GCF_000014025.1	3	3	2	0	2	11	4	6	7	6	5	15	5	7	7	5	0	2	4	2	6	4	3	2	7	2	3	8	7	1	4	118	70	27	13	4	37	3	32	11	3	3	2	0	2	11	4	6	7	6	5	15	5	7	7	5	0	2	4	2	6	4	3	2	7	2	3	8	7	1	4	118	70	27	13	4	37	3	32	11
GCF_000014145.1	1	4	1	2	3	11	5	7	6	9	5	7	6	8	7	4	1	2	5	4	6	4	3	3	9	2	3	9	7	7	5	122	64	31	11	4	31	6	38	13	1	4	1	2	3	11	5	7	6	9	5	7	6	8	7	4	1	2	5	4	6	4	3	3	9	2	3	9	7	7	5	122	64	31	11	4	31	6	38	13
GCF_000014185.1	3	6	3	3	5	14	8	10	7	5	6	11	7	8	6	6	1	2	9	7	7	4	5	6	7	2	2	10	6	5	4	152	70	40	19	5	34	7	37	11	3	6	3	3	5	14	8	10	7	5	6	11	7	8	6	6	1	2	9	7	7	4	5	6	7	2	2	10	6	5	4	152	70	40	19	5	34	7	37	11
GCF_000014265.1	3	5	1	3	4	12	5	7	4	9	3	12	6	6	8	4	1	1	5	2	7	5	5	3	7	2	3	18	9	2	5	147	86	29	15	4	36	7	40	12	3	5	1	3	4	12	5	7	4	9	3	12	6	6	8	4	1	1	5	2	7	5	5	3	7	2	3	18	9	2	5	147	86	29	15	4	36	7	40	12
GCF_000014425.1	4	5	2	1	1	5	7	5	4	5	2	0	4	9	6	4	1	2	4	4	2	6	2	2	2	3	3	1	7	1	5	66	27	14	11	2	10	5	17	11	4	5	2	1	1	5	7	5	4	5	2	0	4	9	6	4	1	2	4	4	2	6	2	2	2	3	3	1	7	1	5	66	27	14	11	2	10	5	17	11
GCF_000014445.1	4	7	7	1	2	12	7	6	5	9	4	9	7	13	6	5	1	1	3	1	7	7	3	7	5	2	3	1	6	1	5	124	63	22	14	4	36	5	31	13	4	7	7	1	2	12	7	6	5	9	4	9	7	13	6	5	1	1	3	1	7	7	3	7	5	2	3	1	6	1	5	124	63	22	14	4	36	5	31	13
GCF_000014505.1	1	5	6	1	1	13	6	6	3	3	5	0	6	9	2	4	1	2	5	2	3	3	3	5	5	3	3	0	7	1	5	84	34	16	11	2	13	5	24	8	1	5	6	1	1	13	6	6	3	3	5	0	6	9	2	4	1	2	5	2	3	3	3	5	5	3	3	0	7	1	5	84	34	16	11	2	13	5	24	8
GCF_000014705.1	4	6	3	1	3	14	6	6	11	8	7	13	6	12	13	5	1	3	14	11	7	7	6	3	7	2	4	13	7	7	5	206	102	61	34	5	44	7	54	20	4	6	3	1	3	14	6	6	11	8	7	13	6	12	13	5	1	3	14	11	7	7	6	3	7	2	4	13	7	7	5	206	102	61	34	5	44	7	54	20
GCF_000014765.1	5	4	2	1	4	13	6	6	7	8	7	10	6	8	5	5	1	1	8	3	6	7	6	4	5	2	3	10	7	1	4	144	78	39	21	5	38	6	38	10	5	4	2	1	4	13	6	6	7	8	7	10	6	8	5	5	1	1	8	3	6	7	6	4	5	2	3	10	7	1	4	144	78	39	21	5	38	6	38	10
GCF_000014785.1	5	3	2	1	3	14	6	6	7	9	7	11	5	10	7	4	1	2	8	9	7	8	5	4	5	3	3	15	7	6	4	165	78	49	26	5	37	7	45	14	5	3	2	1	3	14	6	6	7	9	7	11	5	10	7	4	1	2	8	9	7	8	5	4	5	3	3	15	7	6	4	165	78	49	26	5	37	7	45	14
GCF_000014865.1	5	5	2	3	2	13	6	6	6	7	9	11	6	9	10	5	1	2	8	4	6	7	5	4	5	2	3	16	8	1	4	148	80	34	16	6	38	7	43	16	5	5	2	3	2	13	6	6	6	7	9	11	6	9	10	5	1	2	8	4	6	7	5	4	5	2	3	16	8	1	4	148	80	34	16	6	38	7	43	16
GCF_000014885.1	4	7	2	1	4	13	6	7	11	8	7	13	7	13	7	5	1	4	11	13	7	7	5	3	8	2	3	14	7	8	5	197	94	57	31	5	43	7	53	16	4	7	2	1	4	13	6	7	11	8	7	13	7	13	7	5	1	4	11	13	7	7	5	3	8	2	3	14	7	8	5	197	94	57	31	5	43	7	53	16
GCF_000014965.1	6	4	1	4	2	10	6	8	7	6	6	15	9	10	9	8	4	4	7	10	4	7	6	6	5	2	4	12	7	2	5	165	80	46	24	6	38	3	38	16	6	4	1	4	2	10	6	8	7	6	6	15	9	10	9	8	4	4	7	10	4	7	6	6	5	2	4	12	7	2	5	165	80	46	24	6	38	3	38	16
GCF_000015025.1	3	4	5	2	5	14	5	9	5	7	5	15	7	12	7	7	2	1	3	6	7	3	4	4	5	4	3	10	7	8	4	145	72	36	12	4	37	7	38	16	3	4	5	2	5	14	5	9	5	7	5	15	7	12	7	7	2	1	3	6	7	3	4	4	5	4	3	10	7	8	4	145	72	36	12	4	37	7	38	16
GCF_000015045.1	5	4	2	2	3	8	7	8	6	7	6	12	6	8	11	5	1	2	9	4	5	6	8	5	6	1	4	13	8	3	5	137	72	31	16	6	35	5	40	16	5	4	2	2	3	8	7	8	6	7	6	12	6	8	11	5	1	2	9	4	5	6	8	5	6	1	4	13	8	3	5	137	72	31	16	6	35	5	40	16
GCF_000015105.1	3	3	2	2	2	13	5	6	5	5	6	10	5	6	4	5	1	2	2	4	5	5	2	4	4	2	3	9	7	3	4	117	63	29	13	4	34	5	38	8	3	3	2	2	2	13	5	6	5	5	6	10	5	6	4	5	1	2	2	4	5	5	2	4	4	2	3	9	7	3	4	117	63	29	13	4	34	5	38	8
GCF_000015125.1	3	4	1	2	2	12	5	8	8	12	5	10	6	5	7	5	1	1	4	3	7	4	5	4	6	2	3	15	8	2	4	133	78	28	14	6	36	6	38	11	3	4	1	2	2	12	5	8	8	12	5	10	6	5	7	5	1	1	4	3	7	4	5	4	6	2	3	15	8	2	4	133	78	28	14	6	36	6	38	11
GCF_000015245.1	4	6	2	1	4	15	7	7	10	9	8	14	6	12	7	5	1	3	11	9	7	7	5	3	8	2	3	10	7	3	5	187	91	47	26	6	45	8	47	15	4	6	2	1	4	15	7	7	10	9	8	14	6	12	7	5	1	3	11	9	7	7	5	3	8	2	3	10	7	3	5	187	91	47	26	6	45	8	47	15
GCF_000015285.1	5	8	4	2	4	13	7	7	12	9	9	15	9	15	11	6	1	3	12	8	6	9	4	6	7	3	3	12	7	7	5	211	102	58	27	7	48	5	52	21	5	8	4	2	4	13	7	7	12	9	9	15	9	15	11	6	1	3	12	8	6	9	4	6	7	3	3	12	7	7	5	211	102	58	27	7	48	5	52	21
GCF_000015305.1	3	5	3	1	11	16	8	14	9	5	6	15	6	9	7	5	2	2	9	15	6	3	8	5	10	4	3	15	12	15	4	186	100	55	17	4	46	10	48	12	3	5	3	1	11	16	8	14	9	5	6	15	6	9	7	5	2	2	9	15	6	3	8	5	10	4	3	15	12	15	4	186	100	55	17	4	46	10	48	12
GCF_000015445.1	4	3	2	1	3	10	6	7	2	2	6	6	6	6	3	4	1	2	3	2	3	5	4	3	4	2	3	3	6	2	5	82	41	17	9	3	22	4	27	7	4	3	2	1	3	10	6	7	2	2	6	6	6	6	3	4	1	2	3	2	3	5	4	3	4	2	3	3	6	2	5	82	41	17	9	3	22	4	27	7
GCF_000015485.1	3	4	2	2	3	10	7	8	5	5	6	10	7	7	10	5	1	2	4	8	6	4	4	6	6	1	3	7	6	4	5	127	64	29	17	4	34	7	33	14	3	4	2	2	3	10	7	8	5	5	6	10	7	7	10	5	1	2	4	8	6	4	4	6	6	1	3	7	6	4	5	127	64	29	17	4	34	7	33	14
GCF_000015505.1	6	6	3	2	6	14	7	7	6	8	8	12	6	8	8	5	1	2	9	10	7	8	9	4	5	6	5	14	8	7	4	184	87	57	30	6	44	7	51	13	6	6	3	2	6	14	7	7	6	8	8	12	6	8	8	5	1	2	9	10	7	8	9	4	5	6	5	14	8	7	4	184	87	57	30	6	44	7	51	13
GCF_000015585.1	4	2	2	1	6	11	6	7	9	9	8	11	6	9	3	7	1	2	10	6	6	7	7	4	4	3	3	19	8	2	4	163	86	44	22	6	39	6	50	10	4	2	2	1	6	11	6	7	9	9	8	11	6	9	3	7	1	2	10	6	6	7	7	4	4	3	3	19	8	2	4	163	86	44	22	6	39	6	50	10
GCF_000015665.1	3	3	1	3	2	12	5	6	4	5	3	9	6	6	7	5	1	1	3	2	7	6	4	2	5	1	3	15	6	1	4	118	67	23	11	3	27	5	34	11	3	3	1	3	2	12	5	6	4	5	3	9	6	6	7	5	1	1	3	2	7	6	4	2	5	1	3	15	6	1	4	118	67	23	11	3	27	5	34	11
GCF_000015785.2	3	5	8	1	3	13	8	6	11	17	7	11	7	15	8	6	2	3	7	5	6	8	3	7	7	5	4	12	8	5	5	187	90	42	19	7	40	7	52	15	3	5	8	1	3	13	8	6	11	17	7	11	7	15	8	6	2	3	7	5	6	8	3	7	7	5	4	12	8	5	5	187	90	42	19	7	40	7	52	15
GCF_000016065.1	4	6	3	1	3	15	7	6	10	8	8	14	6	16	13	5	1	3	12	12	6	7	7	3	7	2	3	14	7	3	5	206	105	56	32	6	47	8	53	22	4	6	3	1	3	15	7	6	10	8	8	14	6	16	13	5	1	3	12	12	6	7	7	3	7	2	3	14	7	3	5	206	105	56	32	6	47	8	53	22
GCF_000016165.1	8	4	2	4	4	10	8	9	7	11	7	18	6	13	10	7	2	2	5	8	6	7	4	6	6	1	3	13	8	4	5	156	87	37	17	6	47	6	36	18	8	4	2	4	4	10	8	9	7	11	7	18	6	13	10	7	2	2	5	8	6	7	4	6	6	1	3	13	8	4	5	156	87	37	17	6	47	6	36	18
GCF_000016285.1	5	10	7	2	7	17	10	11	12	8	7	11	9	11	13	6	3	2	9	14	7	6	7	3	4	4	3	18	7	11	4	218	98	61	28	4	42	9	44	19	5	10	7	2	7	17	10	11	12	8	7	11	9	11	13	6	3	2	9	14	7	6	7	3	4	4	3	18	7	11	4	218	98	61	28	4	42	9	44	19
GCF_000016345.1	4	3	2	2	3	13	6	6	6	5	6	10	6	8	9	5	1	2	5	10	7	4	5	4	4	2	4	9	7	5	4	138	69	36	16	5	35	6	37	14	4	3	2	2	3	13	6	6	6	5	6	10	6	8	9	5	1	2	5	10	7	4	5	4	4	2	4	9	7	5	4	138	69	36	16	5	35	6	37	14
GCF_000016425.1	4	5	3	1	3	16	6	8	9	8	7	14	6	8	6	7	2	2	8	4	8	7	7	4	10	4	3	15	8	6	5	176	80	45	17	5	41	9	49	11	4	5	3	1	3	16	6	8	9	8	7	14	6	8	6	7	2	2	8	4	8	7	7	4	10	4	3	15	8	6	5	176	80	45	17	5	41	9	49	11
GCF_000016545.1	2	4	7	2	1	11	7	6	6	7	4	11	6	12	2	7	1	2	3	1	3	4	2	3	3	1	3	4	7	1	4	107	58	19	7	3	31	5	25	12	2	4	7	2	1	11	7	6	6	7	4	11	6	12	2	7	1	2	3	1	3	4	2	3	3	1	3	4	7	1	4	107	58	19	7	3	31	5	25	12
GCF_000016645.1	3	6	7	2	3	12	6	7	9	10	6	9	6	12	6	5	2	2	11	6	6	7	5	3	7	3	3	12	3	6	6	150	75	44	19	6	39	8	39	14	3	6	7	2	3	12	6	7	9	10	6	9	6	12	6	5	2	2	11	6	6	7	5	3	7	3	3	12	3	6	6	150	75	44	19	6	39	8	39	14
GCF_000016785.1	5	6	4	2	3	11	4	6	9	9	6	9	6	8	1	5	2	0	7	2	5	8	5	2	3	1	3	1	7	2	4	106	59	28	17	8	32	5	13	8	5	6	4	2	3	11	4	6	9	9	6	9	6	8	1	5	2	0	7	2	5	8	5	2	3	1	3	1	7	2	4	106	59	28	17	8	32	5	13	8
GCF_000016845.1	6	6	4	4	4	15	7	8	9	9	6	11	7	7	6	6	4	2	9	9	8	7	8	4	4	2	3	17	7	4	4	173	79	49	24	4	41	8	43	11	6	6	4	4	4	15	7	8	9	9	6	11	7	7	6	6	4	2	9	9	8	7	8	4	4	2	3	17	7	4	4	173	79	49	24	4	41	8	43	11
GCF_000016985.1	2	5	8	1	3	11	7	7	8	10	10	11	7	12	3	9	1	2	10	7	6	4	3	5	6	2	3	8	6	2	5	156	74	32	14	8	41	5	36	11	2	5	8	1	3	11	7	7	8	10	10	11	7	12	3	9	1	2	10	7	6	4	3	5	6	2	3	8	6	2	5	156	74	32	14	8	41	5	36	11
GCF_000017245.1	4	8	9	3	2	14	4	5	7	7	7	14	6	11	8	4	3	3	5	7	3	8	2	5	6	2	3	9	7	1	5	158	86	40	23	5	44	7	37	16	4	8	9	3	2	14	4	5	7	7	7	14	6	11	8	4	3	3	5	7	3	8	2	5	6	2	3	9	7	1	5	158	86	40	23	5	44	7	37	16
GCF_000017265.1	5	6	4	1	2	14	6	6	10	5	6	11	5	10	10	5	1	1	12	8	9	7	10	4	5	4	3	11	7	5	4	160	70	43	25	4	35	7	44	16	5	6	4	1	2	14	6	6	10	5	6	11	5	10	10	5	1	1	12	8	9	7	10	4	5	4	3	11	7	5	4	160	70	43	25	4	35	7	44	16
GCF_000017305.1	4	7	6	4	7	16	6	9	7	8	6	15	6	9	5	4	3	1	5	7	8	5	6	6	5	4	3	9	10	6	4	164	88	47	24	4	44	8	37	11	4	7	6	4	7	16	6	9	7	8	6	15	6	9	5	4	3	1	5	7	8	5	6	6	5	4	3	9	10	6	4	164	88	47	24	4	44	8	37	11
GCF_000017425.1	3	6	3	1	2	11	3	6	5	11	6	6	7	6	7	5	1	2	5	4	4	5	3	6	6	5	3	8	8	5	4	143	73	38	17	5	30	5	40	10	3	6	3	1	2	11	3	6	5	11	6	6	7	6	7	5	1	2	5	4	4	5	3	6	6	5	3	8	8	5	4	143	73	38	17	5	30	5	40	10
GCF_000017545.1	5	4	1	1	3	10	3	8	6	5	5	1	6	8	1	5	1	1	5	3	7	9	6	2	3	0	3	4	6	4	5	87	42	27	18	4	18	5	11	8	5	4	1	1	3	10	3	8	6	5	5	1	6	8	1	5	1	1	5	3	7	9	6	2	3	0	3	4	6	4	5	87	42	27	18	4	18	5	11	8
GCF_000017565.1	5	3	2	3	8	12	6	10	11	11	7	11	6	10	12	5	1	1	7	9	8	7	6	5	5	2	3	12	7	5	4	162	79	40	20	5	42	6	42	18	5	3	2	3	8	12	6	10	11	11	7	11	6	10	12	5	1	1	7	9	8	7	6	5	5	2	3	12	7	5	4	162	79	40	20	5	42	6	42	18
GCF_000017585.1	1	3	2	0	2	12	5	6	6	4	6	12	5	6	3	5	0	2	2	3	4	3	1	3	4	1	3	7	7	1	4	96	59	21	8	4	32	5	28	7	1	3	2	0	2	12	5	6	6	4	6	12	5	6	3	5	0	2	2	3	4	3	1	3	4	1	3	7	7	1	4	96	59	21	8	4	32	5	28	7
GCF_000017685.1	4	3	3	2	2	13	5	6	7	7	4	8	7	7	6	7	1	2	8	3	5	7	6	5	6	1	2	8	5	6	5	128	62	31	15	6	31	6	33	11	4	3	3	2	2	13	5	6	7	7	4	8	7	7	6	7	1	2	8	3	5	7	6	5	6	1	2	8	5	6	5	128	62	31	15	6	31	6	33	11
GCF_000017805.1	2	8	2	3	6	14	7	9	5	4	3	11	4	9	6	5	1	1	10	6	1	6	3	5	1	1	4	15	4	3	5	137	68	34	16	6	34	5	33	13	2	8	2	3	6	14	7	9	5	4	3	11	4	9	6	5	1	1	10	6	1	6	3	5	1	1	4	15	4	3	5	137	68	34	16	6	34	5	33	13
GCF_000017845.1	5	5	1	4	3	12	4	6	4	7	4	11	7	9	7	5	1	1	9	3	6	6	6	3	7	2	3	19	9	1	5	157	89	33	18	5	35	6	44	14	5	5	1	4	3	12	4	6	4	7	4	11	7	9	7	5	1	1	9	3	6	6	6	3	7	2	3	19	9	1	5	157	89	33	18	5	35	6	44	14
GCF_000017865.1	3	6	3	1	4	11	4	8	4	7	5	1	7	9	1	4	1	1	4	2	2	5	2	2	0	0	3	2	6	3	5	83	35	17	9	5	16	5	8	9	3	6	3	1	4	11	4	8	4	7	5	1	7	9	1	4	1	1	4	2	2	5	2	2	0	0	3	2	6	3	5	83	35	17	9	5	16	5	8	9
GCF_000018025.1	4	6	2	1	4	14	7	8	12	9	7	15	6	13	11	5	1	4	14	16	7	7	7	3	9	2	3	17	7	8	5	217	105	64	37	6	47	9	55	18	4	6	2	1	4	14	7	8	12	9	7	15	6	13	11	5	1	4	14	16	7	7	7	3	9	2	3	17	7	8	5	217	105	64	37	6	47	9	55	18
GCF_000018045.1	6	6	10	5	2	13	7	6	15	15	7	14	8	12	9	7	3	3	9	16	8	7	5	6	6	5	4	17	8	4	5	247	99	67	36	5	43	8	58	16	6	6	10	5	2	13	7	6	15	15	7	14	8	12	9	7	3	3	9	16	8	7	5	6	6	5	4	17	8	4	5	247	99	67	36	5	43	8	58	16
GCF_000018325.1	3	4	1	1	0	7	6	3	4	5	5	7	5	8	1	9	1	2	3	1	6	5	2	4	2	1	3	8	6	0	5	95	43	19	9	2	18	2	19	7	3	4	1	1	0	7	6	3	4	5	5	7	5	8	1	9	1	2	3	1	6	5	2	4	2	1	3	8	6	0	5	95	43	19	9	2	18	2	19	7
GCF_000018525.1	6	6	4	4	4	15	8	8	11	8	6	11	7	7	6	6	4	2	9	11	8	7	8	4	4	2	3	17	7	4	4	177	79	49	25	5	41	9	43	11	6	6	4	4	4	15	8	8	11	8	6	11	7	7	6	6	4	2	9	11	8	7	8	4	4	2	3	17	7	4	4	177	79	49	25	5	41	9	43	11
GCF_000018605.1	2	7	2	1	3	10	5	5	7	9	6	9	5	10	3	3	1	1	6	2	3	5	2	1	1	0	3	2	7	1	5	97	51	20	11	6	30	5	10	11	2	7	2	1	3	10	5	5	7	9	6	9	5	10	3	3	1	1	6	2	3	5	2	1	1	0	3	2	7	1	5	97	51	20	11	6	30	5	10	11
GCF_000018665.1	4	6	2	2	3	16	7	6	7	8	8	11	6	8	6	7	2	2	10	14	9	7	8	4	7	4	4	14	9	7	4	201	80	61	34	7	43	9	48	11	4	6	2	2	3	16	7	6	7	8	8	11	6	8	6	7	2	2	10	14	9	7	8	4	7	4	4	14	9	7	4	201	80	61	34	7	43	9	48	11
GCF_000018685.1	4	3	6	2	3	8	6	9	6	7	7	10	8	7	5	7	1	3	5	2	4	5	3	2	2	1	2	11	7	3	6	120	68	33	9	6	36	4	26	9	4	3	6	2	3	8	6	9	6	7	7	10	8	7	5	7	1	3	5	2	4	5	3	2	2	1	2	11	7	3	6	120	68	33	9	6	36	4	26	9
GCF_000018785.1	3	4	2	1	0	6	3	2	3	2	4	5	1	6	2	1	1	1	0	0	3	4	1	0	5	1	1	0	6	0	5	50	31	10	6	2	14	8	13	5	3	4	2	1	0	6	3	2	3	2	4	5	1	6	2	1	1	1	0	0	3	4	1	0	5	1	1	0	6	0	5	50	31	10	6	2	14	8	13	5
GCF_000018865.1	4	6	1	3	5	15	7	8	8	8	4	14	5	10	6	5	1	1	7	7	7	7	6	4	7	2	4	20	3	3	5	162	87	39	19	6	39	6	45	14	4	6	1	3	5	15	7	8	8	8	4	14	5	10	6	5	1	1	7	7	7	7	6	4	7	2	4	20	3	3	5	162	87	39	19	6	39	6	45	14
GCF_000018945.1	5	6	4	3	3	12	3	6	8	9	6	8	7	10	6	6	2	1	8	2	5	8	5	2	3	1	3	1	7	2	4	114	62	28	17	8	31	5	13	13	5	6	4	3	3	12	3	6	8	9	6	8	7	10	6	6	2	1	8	2	5	8	5	2	3	1	3	1	7	2	4	114	62	28	17	8	31	5	13	13
GCF_000019045.1	4	4	4	1	5	11	6	7	7	13	6	10	6	8	2	6	1	3	6	8	5	7	4	5	5	4	4	15	8	2	5	149	81	33	16	7	38	4	46	8	4	4	4	1	5	11	6	7	7	13	6	10	6	8	2	6	1	3	6	8	5	7	4	5	5	4	4	15	8	2	5	149	81	33	16	7	38	4	46	8
GCF_000019085.1	6	5	3	2	3	12	6	9	7	6	6	12	7	14	7	8	1	2	9	2	5	8	3	4	5	0	3	5	6	4	4	135	69	30	14	5	36	5	25	16	6	5	3	2	3	12	6	9	7	6	6	12	7	14	7	8	1	2	9	2	5	8	3	4	5	0	3	5	6	4	4	135	69	30	14	5	36	5	25	16
GCF_000019165.1	5	4	2	2	2	9	7	7	8	9	7	15	7	8	5	7	2	2	5	5	5	7	4	4	5	1	3	17	7	2	4	145	80	37	16	7	42	5	36	11	5	4	2	2	2	9	7	7	8	9	7	15	7	8	5	7	2	2	5	5	5	7	4	4	5	1	3	17	7	2	4	145	80	37	16	7	42	5	36	11
GCF_000019185.1	4	6	3	1	4	14	10	10	11	7	7	13	7	12	8	5	1	4	13	20	7	7	6	4	8	2	3	14	8	4	5	211	97	64	41	6	43	9	56	15	4	6	3	1	4	14	10	10	11	7	7	13	7	12	8	5	1	4	13	20	7	7	6	4	8	2	3	14	8	4	5	211	97	64	41	6	43	9	56	15
GCF_000019225.1	4	6	8	2	6	13	6	5	6	8	7	11	6	12	7	5	2	2	8	3	6	7	4	4	7	2	3	15	7	6	4	168	83	48	21	5	41	4	46	15	4	6	8	2	6	13	6	5	6	8	7	11	6	12	7	5	2	2	8	3	6	7	4	4	7	2	3	15	7	6	4	168	83	48	21	5	41	4	46	15
GCF_000019405.1	2	7	6	3	1	14	2	5	6	6	6	14	6	11	6	4	3	3	7	3	5	7	4	2	5	2	3	7	7	1	5	133	72	36	16	3	34	7	28	13	2	7	6	3	1	14	2	5	6	6	6	14	6	11	6	4	3	3	7	3	5	7	4	2	5	2	3	7	7	1	5	133	72	36	16	3	34	7	28	13
GCF_000019665.1	5	6	2	1	3	13	6	6	5	5	4	7	5	6	5	5	1	2	6	4	2	7	4	4	6	2	3	4	7	3	4	115	65	31	17	5	30	6	28	10	5	6	2	1	3	13	6	6	5	5	4	7	5	6	5	5	1	2	6	4	2	7	4	4	6	2	3	4	7	3	4	115	65	31	17	5	30	6	28	10
GCF_000019685.1	2	1	0	1	0	4	2	2	0	1	0	0	3	2	0	4	1	2	0	0	2	2	0	0	0	1	3	0	5	0	5	26	8	2	2	0	3	6	6	1	2	1	0	1	0	4	2	2	0	1	0	0	3	2	0	4	1	2	0	0	2	2	0	0	0	1	3	0	5	0	5	26	8	2	2	0	3	6	6	1
GCF_000019705.1	2	1	0	1	0	4	2	2	0	1	0	0	3	2	0	4	1	2	0	0	2	2	0	0	0	1	3	0	5	0	5	25	8	2	2	0	3	6	6	1	2	1	0	1	0	4	2	2	0	1	0	0	3	2	0	4	1	2	0	0	2	2	0	0	0	1	3	0	5	0	5	25	8	2	2	0	3	6	6	1
GCF_000019725.1	7	8	2	2	5	18	8	8	11	10	6	11	7	10	10	5	2	2	10	19	5	9	7	6	6	3	4	20	9	5	4	208	90	56	37	4	40	8	50	16	7	8	2	2	5	18	8	8	11	10	6	11	7	10	10	5	2	2	10	19	5	9	7	6	6	3	4	20	9	5	4	208	90	56	37	4	40	8	50	16
GCF_000019785.1	4	6	6	4	6	15	8	8	8	6	8	10	6	10	9	5	5	3	9	16	10	8	8	6	9	2	4	11	8	12	4	211	90	78	33	7	42	10	52	16	4	6	6	4	6	15	8	8	8	6	8	10	6	10	9	5	5	3	9	16	10	8	8	6	9	2	4	11	8	12	4	211	90	78	33	7	42	10	52	16
GCF_000019845.1	4	7	5	1	2	13	7	6	9	7	7	12	7	8	6	5	3	1	8	8	7	6	8	5	5	3	3	15	8	4	4	165	81	45	28	5	39	7	44	11	4	7	5	1	2	13	7	6	9	7	7	12	7	8	6	5	3	1	8	8	7	6	8	5	5	3	3	15	8	4	4	165	81	45	28	5	39	7	44	11
GCF_000019905.1	4	6	3	1	2	12	7	6	7	11	3	9	6	13	3	6	1	3	3	2	4	6	3	5	5	5	3	9	7	1	5	139	68	27	14	2	28	6	38	12	4	6	3	1	2	12	7	6	7	11	3	9	6	13	3	6	1	3	3	2	4	6	3	5	5	5	3	9	7	1	5	139	68	27	14	2	28	6	38	12
GCF_000019945.1	5	7	2	1	7	16	7	9	14	7	6	11	6	11	12	5	3	1	8	17	5	9	6	5	6	3	5	20	9	7	4	201	93	51	33	4	41	10	49	18	5	7	2	1	7	16	7	9	14	7	6	11	6	11	12	5	3	1	8	17	5	9	6	5	6	3	5	20	9	7	4	201	93	51	33	4	41	10	49	18
GCF_000019965.1	4	8	7	6	3	11	8	6	11	6	5	12	7	9	9	6	1	2	8	5	6	7	7	2	6	3	3	10	7	2	5	152	77	34	19	5	38	8	34	15	4	8	7	6	3	11	8	6	11	6	5	12	7	9	9	6	1	2	8	5	6	7	7	2	6	3	3	10	7	2	5	152	77	34	19	5	38	8	34	15
GCF_000020005.1	5	4	3	1	3	8	8	8	9	7	8	9	5	11	3	8	1	2	4	7	6	8	3	5	6	1	3	8	8	3	4	127	62	33	16	4	29	5	30	10	5	4	3	1	3	8	8	8	9	7	8	9	5	11	3	8	1	2	4	7	6	8	3	5	6	1	3	8	8	3	4	127	62	33	16	4	29	5	30	10
GCF_000020025.1	4	5	1	3	6	11	5	7	6	9	4	19	7	10	8	5	2	1	7	4	7	4	4	4	8	2	4	20	9	2	5	179	97	33	18	8	46	6	49	17	4	5	1	3	6	11	5	7	6	9	4	19	7	10	8	5	2	1	7	4	7	4	4	4	8	2	4	20	9	2	5	179	97	33	18	8	46	6	49	17
GCF_000020045.1	5	10	9	5	9	18	6	10	13	12	8	13	6	13	15	5	3	1	15	29	10	8	11	5	8	3	6	15	9	10	4	285	111	101	55	7	50	7	57	22	5	10	9	5	9	18	6	10	13	12	8	13	6	13	15	5	3	1	15	29	10	8	11	5	8	3	6	15	9	10	4	285	111	101	55	7	50	7	57	22
GCF_000020125.1	5	8	9	4	8	18	6	10	11	9	8	16	7	13	17	5	3	1	13	20	8	6	6	4	9	4	6	15	10	8	4	277	112	91	44	6	49	7	58	24	5	8	9	4	8	18	6	10	11	9	8	16	7	13	17	5	3	1	13	20	8	6	6	4	9	4	6	15	10	8	4	277	112	91	44	6	49	7	58	24
GCF_000020305.1	1	2	1	0	1	10	6	7	3	2	4	0	3	3	0	4	0	1	4	1	3	3	4	3	5	2	2	6	5	1	3	64	30	15	7	2	7	5	32	3	1	2	1	0	1	10	6	7	3	2	4	0	3	3	0	4	0	1	4	1	3	3	4	3	5	2	2	6	5	1	3	64	30	15	7	2	7	5	32	3
GCF_000020365.1	4	4	2	1	4	8	6	7	5	6	4	16	6	9	8	4	1	2	11	10	8	6	8	3	6	1	3	9	7	3	5	143	75	36	23	5	39	4	29	14	4	4	2	1	4	8	6	7	5	6	4	16	6	9	8	4	1	2	11	10	8	6	8	3	6	1	3	9	7	3	5	143	75	36	23	5	39	4	29	14
GCF_000020385.1	2	3	2	3	2	9	7	7	6	8	6	14	6	10	11	5	1	2	8	2	4	5	6	5	9	2	4	13	8	1	5	140	74	24	12	6	36	5	43	18	2	3	2	3	2	9	7	7	6	8	6	14	6	10	11	5	1	2	8	2	4	5	6	5	9	2	4	13	8	1	5	140	74	24	12	6	36	5	43	18
GCF_000020465.1	3	4	1	1	2	12	5	7	8	13	6	11	6	4	6	5	1	1	4	3	7	4	5	4	6	2	3	18	7	2	4	138	80	30	14	6	38	6	43	9	3	4	1	1	2	12	5	7	8	13	6	11	6	4	6	5	1	1	4	3	7	4	5	4	6	2	3	18	7	2	4	138	80	30	14	6	38	6	43	9
GCF_000020485.1	4	5	3	2	2	12	7	8	6	7	8	9	6	13	4	6	1	1	5	5	6	7	3	1	11	1	3	1	7	2	5	122	67	27	18	6	36	6	27	13	4	5	3	2	2	12	7	8	6	7	8	9	6	13	4	6	1	1	5	5	6	7	3	1	11	1	3	1	7	2	5	122	67	27	18	6	36	6	27	13
GCF_000020505.1	3	4	1	1	2	12	5	7	8	10	6	11	6	5	8	5	1	1	3	3	6	4	3	4	6	2	3	15	7	2	4	132	75	25	10	6	35	6	39	11	3	4	1	1	2	12	5	7	8	10	6	11	6	5	8	5	1	1	3	3	6	4	3	4	6	2	3	15	7	2	4	132	75	25	10	6	35	6	39	11
GCF_000020525.1	4	4	1	3	2	13	7	7	10	8	6	11	6	7	8	5	1	3	8	3	7	8	7	7	6	2	3	21	7	2	4	147	84	31	17	6	36	8	46	13	4	4	1	3	2	13	7	7	10	8	6	11	6	7	8	5	1	3	8	3	7	8	7	7	6	2	3	21	7	2	4	147	84	31	17	6	36	8	46	13
GCF_000020625.1	4	4	1	2	2	12	5	8	8	10	5	11	6	7	10	5	1	1	5	4	7	5	5	5	5	2	3	20	8	2	4	145	85	28	13	6	37	6	45	14	4	4	1	2	2	12	5	8	8	10	5	11	6	7	10	5	1	1	5	4	7	5	5	5	5	2	3	20	8	2	4	145	85	28	13	6	37	6	45	14
GCF_000020685.1	4	5	3	2	4	14	5	8	6	3	3	11	5	12	5	5	1	0	8	11	7	6	6	3	6	2	3	14	8	7	5	152	77	45	19	4	32	7	32	14	4	5	3	2	4	14	5	8	6	3	3	11	5	12	5	5	1	0	8	11	7	6	6	3	6	2	3	14	8	7	5	152	77	45	19	4	32	7	32	14
GCF_000020725.1	4	3	2	2	3	9	7	8	8	6	7	13	7	10	9	6	1	2	12	6	3	8	5	5	8	2	3	10	8	3	5	142	71	33	18	6	38	6	37	16	4	3	2	2	3	9	7	8	8	6	7	13	7	10	9	6	1	2	12	6	3	8	5	5	8	2	3	10	8	3	5	142	71	33	18	6	38	6	37	16
GCF_000020945.1	3	4	1	1	1	12	6	7	5	4	1	2	3	8	2	5	1	0	1	1	2	4	1	4	0	0	3	0	3	2	5	66	24	10	6	1	11	7	11	8	3	4	1	1	1	12	6	7	5	4	1	2	3	8	2	5	1	0	1	1	2	4	1	4	0	0	3	0	3	2	5	66	24	10	6	1	11	7	11	8
GCF_000020965.1	2	5	3	2	3	13	7	8	6	7	6	10	6	6	5	4	1	1	4	5	4	5	3	3	1	1	2	1	7	3	5	99	55	24	12	5	31	7	15	10	2	5	3	2	3	13	7	8	6	7	6	10	6	6	5	4	1	1	4	5	4	5	3	3	1	1	2	1	7	3	5	99	55	24	12	5	31	7	15	10
GCF_000020985.1	3	3	2	2	2	9	5	6	5	5	5	12	6	10	7	5	1	2	4	2	5	5	4	4	5	1	3	12	5	1	4	115	60	21	10	4	31	3	37	14	3	3	2	2	2	9	5	6	5	5	5	12	6	10	7	5	1	2	4	2	5	5	4	4	5	1	3	12	5	1	4	115	60	21	10	4	31	3	37	14
GCF_000021285.1	6	4	1	2	3	10	5	7	7	5	5	3	7	10	4	6	1	1	4	3	5	8	4	2	3	1	4	11	6	3	5	102	55	27	14	4	19	6	24	11	6	4	1	2	3	10	5	7	7	5	5	3	7	10	4	6	1	1	4	3	5	8	4	2	3	1	4	11	6	3	5	102	55	27	14	4	19	6	24	11
GCF_000021325.1	3	6	3	1	2	14	6	6	7	12	7	13	6	8	9	4	2	3	11	4	6	7	6	5	4	3	3	15	9	2	4	163	84	42	23	5	40	8	39	13	3	6	3	1	2	14	6	6	7	12	7	13	6	8	9	4	2	3	11	4	6	7	6	5	4	3	3	15	9	2	4	163	84	42	23	5	40	8	39	13
GCF_000021485.1	3	4	2	3	3	13	6	6	6	10	8	10	6	8	10	4	1	1	8	2	5	6	5	3	5	3	3	9	8	1	4	144	78	36	19	7	41	6	41	15	3	4	2	3	3	13	6	6	6	10	8	10	6	8	10	4	1	1	8	2	5	6	5	3	5	3	3	9	8	1	4	144	78	36	19	7	41	6	41	15
GCF_000021545.1	4	4	2	2	2	13	5	7	6	10	5	9	6	8	11	5	1	2	3	1	6	4	3	5	5	2	3	6	6	2	4	119	63	22	9	4	32	6	33	15	4	4	2	2	2	13	5	7	6	10	5	9	6	8	11	5	1	2	3	1	6	4	3	5	5	2	3	6	6	2	4	119	63	22	9	4	32	6	33	15
GCF_000021565.1	4	4	2	2	2	12	4	7	8	10	5	10	7	8	7	6	2	2	3	4	5	4	3	5	5	2	3	8	6	3	4	126	63	26	11	4	33	5	35	12	4	4	2	2	2	12	4	7	8	10	5	10	7	8	7	6	2	2	3	4	5	4	3	5	5	2	3	8	6	3	4	126	63	26	11	4	33	5	35	12
GCF_000021645.1	3	5	3	2	2	12	7	7	6	7	6	12	6	8	2	5	1	1	6	4	5	7	3	3	1	1	2	1	7	2	5	104	54	26	15	5	34	7	15	9	3	5	3	2	2	12	7	7	6	7	6	12	6	8	2	5	1	1	6	4	5	7	3	3	1	1	2	1	7	2	5	104	54	26	15	5	34	7	15	9
GCF_000021685.1	4	6	2	2	4	12	5	9	6	5	2	13	4	8	5	5	1	0	9	6	3	10	5	6	6	2	3	8	8	5	4	134	74	36	21	2	31	3	34	12	4	6	2	2	4	12	5	9	6	5	2	13	4	8	5	5	1	0	9	6	3	10	5	6	6	2	3	8	8	5	4	134	74	36	21	2	31	3	34	12
GCF_000021745.1	5	7	2	2	5	14	6	8	11	7	6	10	5	8	7	5	1	1	12	13	6	10	10	4	4	2	5	20	8	8	4	179	86	63	40	4	40	6	47	12	5	7	2	2	5	14	6	8	11	7	6	10	5	8	7	5	1	1	12	13	6	10	10	4	4	2	5	20	8	8	4	179	86	63	40	4	40	6	47	12
GCF_000021805.1	5	6	1	4	3	13	3	6	4	10	4	12	6	9	10	4	2	1	9	3	6	7	6	2	7	2	3	18	9	1	5	159	91	36	22	5	36	5	42	16	5	6	1	4	3	13	3	6	4	10	4	12	6	9	10	4	2	1	9	3	6	7	6	2	7	2	3	18	9	1	5	159	91	36	22	5	36	5	42	16
GCF_000021825.1	6	5	1	3	3	12	4	6	6	10	5	17	6	7	6	4	1	1	10	5	6	6	7	4	7	3	2	18	9	1	5	168	98	37	23	6	41	6	43	12	6	5	1	3	3	12	4	6	6	10	5	17	6	7	6	4	1	1	10	5	6	6	7	4	7	3	2	18	9	1	5	168	98	37	23	6	41	6	43	12
GCF_000021865.1	2	7	3	1	6	15	10	10	10	8	7	11	5	9	8	5	1	1	10	11	8	6	6	5	6	4	3	15	11	6	4	175	83	49	26	5	41	9	45	13	2	7	3	1	6	15	10	10	10	8	7	11	5	9	8	5	1	1	10	11	8	6	6	5	6	4	3	15	11	6	4	175	83	49	26	5	41	9	45	13
GCF_000021905.1	3	4	1	1	2	8	5	7	7	6	6	11	7	5	5	5	1	2	6	6	7	6	6	6	6	2	3	11	7	2	5	132	68	33	17	4	32	3	35	9	3	4	1	1	2	8	5	7	7	6	6	11	7	5	5	5	1	2	6	6	7	6	6	6	6	2	3	11	7	2	5	132	68	33	17	4	32	3	35	9
GCF_000021925.1	6	4	2	2	4	9	8	10	7	10	6	13	8	12	8	7	2	1	11	9	4	11	5	4	7	3	3	12	7	5	6	160	86	40	25	5	41	6	45	15	6	4	2	2	4	9	8	10	7	10	6	13	8	12	8	7	2	1	11	9	4	11	5	4	7	3	3	12	7	5	6	160	86	40	25	5	41	6	45	15
GCF_000021945.1	2	6	1	3	5	14	7	8	6	7	4	12	5	10	6	5	1	1	7	6	4	5	3	3	5	2	4	17	3	3	5	138	75	28	14	6	35	6	37	14	2	6	1	3	5	14	7	8	6	7	4	12	5	10	6	5	1	1	7	6	4	5	3	3	5	2	4	17	3	3	5	138	75	28	14	6	35	6	37	14
GCF_000022025.1	4	7	8	2	4	16	8	8	12	9	6	14	6	13	7	5	3	1	10	11	10	3	7	5	6	4	3	7	7	7	4	180	89	52	25	4	42	10	38	14	4	7	8	2	4	16	8	8	12	9	6	14	6	13	7	5	3	1	10	11	10	3	7	5	6	4	3	7	7	7	4	180	89	52	25	4	42	10	38	14
GCF_000022065.1	2	5	8	3	2	9	7	7	7	7	4	17	5	10	4	7	1	2	3	2	3	6	1	4	5	2	3	7	7	2	5	136	72	27	11	4	38	5	33	12	2	5	8	3	2	9	7	7	7	7	4	17	5	10	4	7	1	2	3	2	3	6	1	4	5	2	3	7	7	2	5	136	72	27	11	4	38	5	33	12
GCF_000022085.1	6	5	3	5	5	15	8	9	14	10	6	13	7	10	12	7	2	2	12	20	8	12	7	7	8	3	5	17	11	4	4	233	96	62	34	4	44	8	54	19	6	5	3	5	5	15	8	9	14	10	6	13	7	10	12	7	2	2	12	20	8	12	7	7	8	3	5	17	11	4	4	233	96	62	34	4	44	8	54	19
GCF_000022145.1	4	5	2	3	3	10	7	7	10	7	7	13	7	11	9	6	3	2	11	9	7	6	5	6	7	2	4	10	6	3	4	167	81	41	20	8	41	4	44	16	4	5	2	3	3	10	7	7	10	7	7	13	7	11	9	6	3	2	11	9	7	6	5	6	7	2	4	10	6	3	4	167	81	41	20	8	41	4	44	16
GCF_000022305.1	4	6	2	2	3	16	7	6	9	9	8	10	6	8	7	6	1	2	8	11	7	5	7	4	7	3	3	13	7	6	4	170	78	48	27	6	40	9	42	12	4	6	2	2	3	16	7	6	9	9	8	10	6	8	7	6	1	2	8	11	7	5	7	4	7	3	3	13	7	6	4	170	78	48	27	6	40	9	42	12
GCF_000022325.1	2	4	6	2	1	12	7	7	6	7	4	11	6	12	5	7	1	2	2	1	3	4	2	3	4	1	3	4	7	2	4	111	64	20	7	3	32	5	26	15	2	4	6	2	1	12	7	7	6	7	4	11	6	12	5	7	1	2	2	1	3	4	2	3	4	1	3	4	7	2	4	111	64	20	7	3	32	5	26	15
GCF_000022565.1	4	6	6	1	3	12	6	7	10	8	4	11	6	13	10	5	2	2	5	4	4	7	1	5	6	2	3	11	8	2	5	140	76	30	14	4	31	5	33	19	4	6	6	1	3	12	6	7	10	8	4	11	6	13	10	5	2	2	5	4	4	7	1	5	6	2	3	11	8	2	5	140	76	30	14	4	31	5	33	19
GCF_000022725.1	4	5	2	1	3	12	6	7	3	3	6	6	6	6	3	4	1	2	4	2	3	6	4	4	5	2	3	3	6	2	4	89	43	21	12	3	23	6	29	7	4	5	2	1	3	12	6	7	3	3	6	6	6	6	3	4	1	2	4	2	3	6	4	4	5	2	3	3	6	2	4	89	43	21	12	3	23	6	29	7
GCF_000022745.1	6	6	4	4	4	15	8	8	11	8	6	11	7	7	6	6	4	2	10	11	8	8	8	4	4	2	3	17	7	4	4	178	79	50	26	5	41	9	43	11	6	6	4	4	4	15	8	8	11	8	6	11	7	7	6	6	4	2	10	11	8	8	8	4	4	2	3	17	7	4	4	178	79	50	26	5	41	9	43	11
GCF_000022905.1	3	5	2	1	4	15	11	7	9	8	6	14	6	9	4	5	1	1	4	5	9	4	5	3	8	4	3	8	8	2	4	152	77	36	20	5	42	14	37	9	3	5	2	1	4	15	11	7	9	8	6	14	6	9	4	5	1	1	4	5	9	4	5	3	8	4	3	8	8	2	4	152	77	36	20	5	42	14	37	9
GCF_000022965.1	2	5	4	1	3	11	8	7	5	5	5	7	5	9	3	5	2	1	2	4	4	4	3	3	2	3	2	0	6	2	3	92	46	20	10	4	31	5	18	10	2	5	4	1	3	11	8	7	5	5	5	7	5	9	3	5	2	1	2	4	4	4	3	3	2	3	2	0	6	2	3	92	46	20	10	4	31	5	18	10
GCF_000023065.1	7	11	10	5	4	16	6	6	9	8	8	15	7	13	9	5	2	3	15	5	6	11	6	6	9	5	3	15	7	8	5	215	103	61	28	6	46	8	60	18	7	11	10	5	4	16	6	6	9	8	8	15	7	13	9	5	2	3	15	5	6	11	6	6	9	5	3	15	7	8	5	215	103	61	28	6	46	8	60	18
GCF_000023105.1	5	6	6	4	3	15	6	7	10	8	6	13	7	12	5	5	3	1	5	6	6	6	6	3	3	4	3	7	8	6	5	157	74	45	22	4	39	8	31	13	5	6	6	4	3	15	6	7	10	8	6	13	7	12	5	5	3	1	5	6	6	6	6	3	3	4	3	7	8	6	5	157	74	45	22	4	39	8	31	13
GCF_000023125.1	3	7	10	3	4	13	7	8	8	9	5	11	6	12	11	6	3	2	6	6	9	7	6	7	6	2	3	17	6	8	5	175	80	51	20	5	41	10	46	16	3	7	10	3	4	13	7	8	8	9	5	11	6	12	11	6	3	2	6	6	9	7	6	7	6	2	3	17	6	8	5	175	80	51	20	5	41	10	46	16
GCF_000023145.1	3	5	2	1	4	12	7	7	8	8	6	13	5	11	5	5	2	1	5	6	8	4	5	2	6	3	3	16	4	2	4	139	76	34	19	5	41	7	40	12	3	5	2	1	4	12	7	7	8	8	6	13	5	11	5	5	2	1	5	6	8	4	5	2	6	3	3	16	4	2	4	139	76	34	19	5	41	7	40	12
GCF_000023225.1	4	6	3	4	3	12	8	8	9	4	4	12	8	11	16	7	1	3	7	6	6	4	6	5	6	1	3	10	6	3	5	151	73	37	18	4	35	7	37	21	4	6	3	4	3	12	8	8	9	4	4	12	8	11	16	7	1	3	7	6	6	4	6	5	6	1	3	10	6	3	5	151	73	37	18	4	35	7	37	21
GCF_000023245.1	4	7	6	3	4	18	7	9	10	12	7	18	9	11	6	7	3	2	9	12	8	6	9	6	7	4	3	14	11	7	4	211	100	55	28	4	48	9	52	14	4	7	6	3	4	18	7	9	10	12	7	18	9	11	6	7	3	2	9	12	8	6	9	6	7	4	3	14	11	7	4	211	100	55	28	4	48	9	52	14
GCF_000023265.1	4	3	2	2	3	15	6	7	6	6	5	12	6	5	5	4	1	0	6	5	5	6	6	4	8	2	3	11	6	2	4	120	67	28	16	4	32	7	32	8	4	3	2	2	3	15	6	7	6	6	5	12	6	5	5	4	1	0	6	5	5	6	6	4	8	2	3	11	6	2	4	120	67	28	16	4	32	7	32	8
GCF_000023285.1	3	4	1	1	1	10	6	5	3	6	5	5	6	7	7	4	1	1	3	1	5	5	3	2	4	1	3	8	3	1	4	91	46	24	10	3	18	6	30	11	3	4	1	1	1	10	6	5	3	6	5	5	6	7	7	4	1	1	3	1	5	5	3	2	4	1	3	8	3	1	4	91	46	24	10	3	18	6	30	11
GCF_000023445.1	3	4	2	1	3	9	8	8	9	6	5	12	6	9	7	5	1	1	1	7	8	4	3	4	6	1	3	10	6	3	5	137	63	34	15	4	36	6	35	13	3	4	2	1	3	9	8	8	9	6	5	12	6	9	7	5	1	1	1	7	8	4	3	4	6	1	3	10	6	3	5	137	63	34	15	4	36	6	35	13
GCF_000023465.1	4	5	5	2	3	11	6	7	9	10	7	9	6	9	6	4	2	2	10	4	6	8	4	7	5	2	3	8	3	2	5	145	68	37	17	6	36	8	38	14	4	5	5	2	3	11	6	7	9	10	7	9	6	9	6	4	2	2	10	4	6	8	4	7	5	2	3	8	3	2	5	145	68	37	17	6	36	8	38	14
GCF_000023545.1	6	8	8	5	2	16	7	7	9	15	9	16	7	12	9	5	2	3	11	13	7	8	6	5	5	4	4	11	7	3	5	220	105	57	28	7	50	11	53	18	6	8	8	5	2	16	7	7	9	15	9	16	7	12	9	5	2	3	11	13	7	8	6	5	5	4	4	11	7	3	5	220	105	57	28	7	50	11	53	18
GCF_000023705.1	5	6	2	3	3	13	6	6	6	9	7	10	6	8	9	5	2	2	5	4	6	6	4	4	4	2	3	15	8	5	4	156	78	48	25	5	41	6	42	14	5	6	2	3	3	13	6	6	6	9	7	10	6	8	9	5	2	2	5	4	6	6	4	4	4	2	3	15	8	5	4	156	78	48	25	5	41	6	42	14
GCF_000023745.1	4	6	2	1	7	13	7	8	6	9	7	12	6	8	8	5	1	2	7	8	6	6	5	5	7	2	3	15	8	8	4	164	87	47	24	7	46	7	46	13	4	6	2	1	7	13	7	8	6	9	7	12	6	8	8	5	1	2	7	8	6	6	5	5	7	2	3	15	8	8	4	164	87	47	24	7	46	7	46	13
GCF_000023785.1	3	6	4	3	2	13	4	5	7	6	5	9	6	9	11	4	1	0	7	4	7	6	8	4	3	2	3	14	7	5	4	147	63	39	20	4	33	7	35	16	3	6	4	3	2	13	4	5	7	6	5	9	6	9	11	4	1	0	7	4	7	6	8	4	3	2	3	14	7	5	4	147	63	39	20	4	33	7	35	16
GCF_000023825.1	5	5	7	2	1	12	7	5	9	9	6	11	7	9	6	6	1	1	8	3	7	8	5	4	9	2	3	9	7	1	5	147	73	33	16	6	37	9	38	13	5	5	7	2	1	12	7	5	9	9	6	11	7	9	6	6	1	1	8	3	7	8	5	4	9	2	3	9	7	1	5	147	73	33	16	6	37	9	38	13
GCF_000023845.1	4	3	2	1	2	11	7	7	2	5	4	8	6	8	4	6	1	2	2	3	3	5	2	4	1	1	3	7	7	2	4	91	45	21	9	3	22	7	27	8	4	3	2	1	2	11	7	7	2	5	4	8	6	8	4	6	1	2	2	3	3	5	2	4	1	1	3	7	7	2	4	91	45	21	9	3	22	7	27	8
GCF_000023865.1	4	6	4	3	4	14	6	7	12	11	6	13	7	12	6	6	4	2	9	13	15	6	10	5	9	4	3	17	9	3	4	201	89	50	28	5	40	8	51	15	4	6	4	3	4	14	6	7	12	11	6	13	7	12	6	6	4	2	9	13	15	6	10	5	9	4	3	17	9	3	4	201	89	50	28	5	40	8	51	15
GCF_000023905.1	5	5	2	1	2	10	5	6	6	11	6	11	7	10	7	5	1	1	4	1	6	6	3	1	5	4	3	9	7	1	5	122	71	25	11	5	40	3	28	13	5	5	2	1	2	10	5	6	6	11	6	11	7	10	7	5	1	1	4	1	6	6	3	1	5	4	3	9	7	1	5	122	71	25	11	5	40	3	28	13
GCF_000024005.1	4	9	7	3	3	16	7	7	8	8	7	11	7	9	7	6	3	2	8	4	5	9	4	4	7	2	3	16	6	6	6	169	82	45	19	5	41	9	43	15	4	9	7	3	3	16	7	7	8	8	7	11	7	9	7	6	3	2	8	4	5	9	4	4	7	2	3	16	6	6	6	169	82	45	19	5	41	9	43	15
GCF_000024025.1	3	8	7	2	6	19	7	11	9	6	7	13	9	14	7	7	2	1	9	6	10	5	7	4	11	4	3	16	11	8	4	197	86	50	19	6	41	11	54	15	3	8	7	2	6	19	7	11	9	6	7	13	9	14	7	7	2	1	9	6	10	5	7	4	11	4	3	16	11	8	4	197	86	50	19	6	41	11	54	15
GCF_000024085.1	4	3	1	1	2	14	5	6	7	5	6	11	5	5	2	5	1	2	6	1	6	5	4	3	7	2	3	11	7	1	5	139	66	34	18	3	32	5	43	6	4	3	1	1	2	14	5	6	7	5	6	11	5	5	2	5	1	2	6	1	6	5	4	3	7	2	3	11	7	1	5	139	66	34	18	3	32	5	43	6
GCF_000024105.1	4	5	2	1	1	7	7	5	1	3	0	0	4	9	1	5	1	1	5	2	2	7	2	3	4	1	4	0	6	2	5	70	27	14	12	0	9	5	16	8	4	5	2	1	1	7	7	5	1	3	0	0	4	9	1	5	1	1	5	2	2	7	2	3	4	1	4	0	6	2	5	70	27	14	12	0	9	5	16	8
GCF_000024125.1	4	4	5	3	2	11	5	6	8	7	6	8	6	6	7	3	1	1	9	4	7	7	6	2	6	1	3	9	3	3	5	127	64	33	15	6	31	7	36	11	4	4	5	3	2	11	5	6	8	7	6	8	6	6	7	3	1	1	9	4	7	7	6	2	6	1	3	9	3	3	5	127	64	33	15	6	31	7	36	11
GCF_000024165.1	3	3	2	2	3	14	6	7	6	7	8	11	6	8	8	5	1	3	10	7	7	8	8	3	5	2	3	13	8	6	4	162	75	45	23	7	40	7	43	13	3	3	2	2	3	14	6	7	6	7	8	11	6	8	8	5	1	3	10	7	7	8	8	3	5	2	3	13	8	6	4	162	75	45	23	7	40	7	43	13
GCF_000024205.1	4	4	2	3	6	11	11	12	7	7	6	19	6	12	12	8	1	2	5	7	9	5	4	4	5	1	3	14	7	6	5	155	87	34	12	7	47	10	38	20	4	4	2	3	6	11	11	12	7	7	6	19	6	12	12	8	1	2	5	7	9	5	4	4	5	1	3	14	7	6	5	155	87	34	12	7	47	10	38	20
GCF_000024225.1	4	4	2	1	2	11	7	8	3	6	4	4	5	11	6	7	1	1	3	2	3	6	3	1	3	1	3	0	7	3	5	79	39	16	8	2	18	7	16	13	4	4	2	1	2	11	7	8	3	6	4	4	5	11	6	7	1	1	3	2	3	6	3	1	3	1	3	0	7	3	5	79	39	16	8	2	18	7	16	13
GCF_000024285.1	2	6	5	2	5	13	6	8	6	12	6	11	6	9	2	7	1	3	4	9	2	5	2	7	5	2	3	11	8	4	5	145	76	38	15	4	34	6	43	9	2	6	5	2	5	13	6	8	6	12	6	11	6	9	2	7	1	3	4	9	2	5	2	7	5	2	3	11	8	4	5	145	76	38	15	4	34	6	43	9
GCF_000024325.1	6	4	3	2	2	8	8	7	7	4	4	12	6	7	7	5	2	2	5	4	7	5	4	6	5	1	3	6	6	2	5	128	63	34	15	4	34	5	33	11	6	4	3	2	2	8	8	7	7	4	4	12	6	7	7	5	2	2	5	4	7	5	4	6	5	1	3	6	6	2	5	128	63	34	15	4	34	5	33	11
GCF_000024345.1	4	4	5	3	4	16	6	8	11	10	7	15	9	13	7	8	2	1	10	9	9	6	8	5	12	4	5	17	9	7	5	204	88	48	21	5	42	8	61	17	4	4	5	3	4	16	6	8	11	10	7	15	9	13	7	8	2	1	10	9	9	6	8	5	12	4	5	17	9	7	5	204	88	48	21	5	42	8	61	17
GCF_000024365.1	3	7	3	1	5	19	6	9	10	10	6	15	7	10	5	6	2	2	11	11	10	8	8	6	9	4	3	15	7	6	4	196	86	55	26	4	43	9	46	12	3	7	3	1	5	19	6	9	10	10	6	15	7	10	5	6	2	2	11	11	10	8	8	6	9	4	3	15	7	6	4	196	86	55	26	4	43	9	46	12
GCF_000024385.1	4	6	3	2	3	15	7	7	8	10	5	15	7	10	5	6	2	1	8	9	7	7	8	5	8	4	3	15	8	6	5	180	78	46	22	4	37	8	52	12	4	6	3	2	3	15	7	7	8	10	5	15	7	10	5	6	2	1	8	9	7	7	8	5	8	4	3	15	8	6	5	180	78	46	22	4	37	8	52	12
GCF_000024425.1	3	5	3	1	4	16	5	8	6	9	3	12	4	11	5	5	3	0	6	7	7	6	5	3	5	1	3	12	8	3	5	140	81	41	16	4	35	6	28	13	3	5	3	1	4	16	5	8	6	9	3	12	4	11	5	5	3	0	6	7	7	6	5	3	5	1	3	12	8	3	5	140	81	41	16	4	35	6	28	13
GCF_000024465.1	2	6	4	2	6	14	8	10	11	5	6	10	5	9	6	4	3	3	7	10	6	6	5	4	6	1	4	15	7	5	4	158	70	43	20	4	35	8	37	12	2	6	4	2	6	14	8	10	11	5	6	10	5	9	6	4	3	3	7	10	6	6	5	4	6	1	4	15	7	5	4	158	70	43	20	4	35	8	37	12
GCF_000024525.1	4	5	11	3	3	12	6	7	9	9	6	12	6	11	9	6	2	2	6	7	7	5	5	8	6	2	3	12	5	6	5	166	80	42	18	6	41	7	47	16	4	5	11	3	3	12	6	7	9	9	6	12	6	11	9	6	2	2	6	7	7	5	5	8	6	2	3	12	5	6	5	166	80	42	18	6	41	7	47	16
GCF_000024545.1	4	7	4	3	3	16	6	7	9	8	6	11	8	11	3	7	1	2	10	9	9	7	6	6	6	4	4	10	11	6	4	175	80	52	21	4	34	7	43	11	4	7	4	3	3	16	6	7	9	8	6	11	8	11	3	7	1	2	10	9	9	7	6	6	6	4	4	10	11	6	4	175	80	52	21	4	34	7	43	11
GCF_000024565.1	2	4	5	1	1	12	2	4	2	2	4	0	5	8	2	5	1	1	1	1	0	4	1	0	1	1	4	0	5	1	5	51	24	10	5	2	9	7	9	7	2	4	5	1	1	12	2	4	2	2	4	0	5	8	2	5	1	1	1	1	0	4	1	0	1	1	4	0	5	1	5	51	24	10	5	2	9	7	9	7
GCF_000024605.1	3	5	3	1	3	10	6	7	6	7	6	14	6	9	6	5	1	0	6	6	5	7	3	3	5	1	3	11	6	2	4	125	71	34	16	5	39	4	33	12	3	5	3	1	3	10	6	7	6	7	6	14	6	9	6	5	1	0	6	6	5	7	3	3	5	1	3	11	6	2	4	125	71	34	16	5	39	4	33	12
GCF_000024725.1	5	4	2	2	3	12	6	6	8	10	7	9	6	9	9	6	1	3	8	4	5	8	7	4	6	3	3	10	7	1	4	164	77	48	27	5	36	6	44	15	5	4	2	2	3	12	6	6	8	10	7	9	6	9	9	6	1	3	8	4	5	8	7	4	6	3	3	10	7	1	4	164	77	48	27	5	36	6	44	15
GCF_000024765.1	4	3	2	2	9	14	7	9	7	9	7	9	8	8	8	5	1	2	9	9	6	6	6	4	5	1	3	13	7	10	4	157	84	43	18	6	39	8	40	13	4	3	2	2	9	14	7	9	7	9	7	9	8	8	8	5	1	2	9	9	6	6	6	4	5	1	3	13	7	10	4	157	84	43	18	6	39	8	40	13
GCF_000024785.1	2	5	2	1	6	14	8	9	9	7	6	15	6	9	5	5	2	3	9	10	6	3	6	5	10	4	3	15	8	11	4	174	90	48	18	4	42	8	49	11	2	5	2	1	6	14	8	9	9	7	6	15	6	9	5	5	2	3	9	10	6	3	6	5	10	4	3	15	8	11	4	174	90	48	18	4	42	8	49	11
GCF_000024805.1	5	8	4	1	2	16	7	8	12	12	8	11	7	9	4	6	1	2	11	7	4	7	4	2	8	2	3	8	6	3	5	159	82	37	22	6	38	8	43	11	5	8	4	1	2	16	7	8	12	12	8	11	7	9	4	6	1	2	11	7	4	7	4	2	8	2	3	8	6	3	5	159	82	37	22	6	38	8	43	11
GCF_000024825.1	5	7	2	1	2	14	6	7	14	10	8	14	7	13	8	5	1	3	14	8	7	8	6	7	11	3	4	14	8	8	6	224	101	64	31	6	44	6	62	17	5	7	2	1	2	14	6	7	14	10	8	14	7	13	8	5	1	3	14	8	7	8	6	7	11	3	4	14	8	8	6	224	101	64	31	6	44	6	62	17
GCF_000024845.1	5	6	4	4	3	14	7	7	10	8	4	13	5	12	4	6	2	2	7	6	6	7	6	6	5	2	3	12	5	3	4	157	80	38	20	4	32	8	46	12	5	6	4	4	3	14	7	7	10	8	4	13	5	12	4	6	2	2	7	6	6	7	6	6	5	2	3	12	5	3	4	157	80	38	20	4	32	8	46	12
GCF_000024865.1	4	7	4	3	7	18	8	13	15	10	7	21	8	18	10	7	2	1	9	14	13	7	10	6	18	3	3	15	10	11	5	246	104	65	28	5	54	7	62	24	4	7	4	3	7	18	8	13	15	10	7	21	8	18	10	7	2	1	9	14	13	7	10	6	18	3	3	15	10	11	5	246	104	65	28	5	54	7	62	24
GCF_000024885.1	4	3	2	1	2	13	6	6	9	7	5	14	4	8	12	5	0	3	4	6	8	4	3	5	5	2	3	7	7	1	4	127	74	26	14	4	36	7	33	16	4	3	2	1	2	13	6	6	9	7	5	14	4	8	12	5	0	3	4	6	8	4	3	5	5	2	3	7	7	1	4	127	74	26	14	4	36	7	33	16
GCF_000024925.1	3	5	6	3	5	14	6	8	8	9	6	14	7	11	5	6	2	1	5	6	7	4	6	3	6	4	3	7	7	11	4	155	80	44	18	4	42	8	33	12	3	5	6	3	5	14	6	8	8	9	6	14	7	11	5	6	2	1	5	6	7	4	6	3	6	4	3	7	7	11	4	155	80	44	18	4	42	8	33	12
GCF_000024965.1	4	5	5	3	3	14	6	7	7	8	6	9	7	10	5	6	2	1	6	8	7	5	6	4	5	4	3	8	7	10	4	155	74	49	23	4	35	8	35	11	4	5	5	3	3	14	6	7	7	8	6	9	7	10	5	6	2	1	6	8	7	5	6	4	5	4	3	8	7	10	4	155	74	49	23	4	35	8	35	11
GCF_000024985.1	5	6	1	3	3	13	5	8	7	4	4	13	5	7	6	5	1	1	10	6	3	10	5	7	5	1	3	8	9	5	4	146	78	41	22	3	32	5	34	11	5	6	1	3	3	13	5	8	7	4	4	13	5	7	6	5	1	1	10	6	3	10	5	7	5	1	3	8	9	5	4	146	78	41	22	3	32	5	34	11
GCF_000025005.1	3	6	3	3	2	11	7	7	6	5	4	12	4	11	2	5	3	1	6	5	4	6	4	8	4	2	3	9	9	2	4	126	68	32	15	4	30	6	38	12	3	6	3	3	2	11	7	7	6	5	4	12	4	11	2	5	3	1	6	5	4	6	4	8	4	2	3	9	9	2	4	126	68	32	15	4	30	6	38	12
GCF_000025125.1	3	3	1	2	1	0	4	3	2	3	4	5	6	6	1	4	1	1	2	1	0	4	0	2	4	0	2	15	7	1	5	75	44	16	5	2	17	2	26	6	3	3	1	2	1	0	4	3	2	3	4	5	6	6	1	4	1	1	2	1	0	4	0	2	4	0	2	15	7	1	5	75	44	16	5	2	17	2	26	6
GCF_000025225.2	4	3	2	1	0	3	7	2	3	3	3	0	3	5	0	6	3	2	7	0	2	7	3	4	1	1	4	0	6	1	5	61	22	15	10	2	7	6	14	4	4	3	2	1	0	3	7	2	3	3	3	0	3	5	0	6	3	2	7	0	2	7	3	4	1	1	4	0	6	1	5	61	22	15	10	2	7	6	14	4
GCF_000025265.1	2	4	4	4	6	11	6	12	10	7	4	10	8	9	7	6	1	1	7	9	8	6	6	5	10	1	3	5	6	5	5	157	68	42	20	4	35	6	37	14	2	4	4	4	6	11	6	12	10	7	4	10	8	9	7	6	1	1	7	9	8	6	6	5	10	1	3	5	6	5	5	157	68	42	20	4	35	6	37	14
GCF_000025305.1	4	3	2	1	0	11	6	6	7	12	4	10	6	9	8	5	1	0	7	2	8	6	4	5	6	2	3	3	8	1	4	124	71	22	14	3	34	6	28	14	4	3	2	1	0	11	6	6	7	12	4	10	6	9	8	5	1	0	7	2	8	6	4	5	6	2	3	3	8	1	4	124	71	22	14	3	34	6	28	14
GCF_000025345.1	5	5	5	2	3	15	5	7	13	11	7	14	6	13	6	7	3	2	11	13	14	8	11	7	7	4	3	14	8	6	4	200	89	51	29	4	39	7	46	15	5	5	5	2	3	15	5	7	13	11	7	14	6	13	6	7	3	2	11	13	14	8	11	7	7	4	3	14	8	6	4	200	89	51	29	4	39	7	46	15
GCF_000025485.1	5	3	2	1	3	11	6	7	6	8	8	10	6	13	11	5	1	2	13	7	6	8	6	3	5	3	4	16	8	1	4	165	85	40	24	8	38	4	47	20	5	3	2	1	3	11	6	7	6	8	8	10	6	13	11	5	1	2	13	7	6	8	6	3	5	3	4	16	8	1	4	165	85	40	24	8	38	4	47	20
GCF_000025605.1	3	4	2	2	2	14	5	7	6	6	5	9	6	7	9	5	1	0	3	5	5	4	4	5	5	2	3	10	7	2	4	124	71	30	16	4	31	6	37	13	3	4	2	2	2	14	5	7	6	6	5	9	6	7	9	5	1	0	3	5	5	4	4	5	5	2	3	10	7	2	4	124	71	30	16	4	31	6	37	13
GCF_000025645.1	5	6	7	1	3	10	6	9	6	6	6	11	7	14	7	8	1	1	6	3	5	8	3	5	5	0	3	8	6	4	4	133	69	34	15	5	36	5	29	16	5	6	7	1	3	10	6	9	6	6	6	11	7	14	7	8	1	1	6	3	5	8	3	5	5	0	3	8	6	4	4	133	69	34	15	5	36	5	29	16
GCF_000025705.1	5	4	2	2	6	13	6	7	7	8	8	10	6	9	12	5	1	1	10	7	7	8	7	4	4	2	3	11	8	6	4	154	83	48	25	9	43	6	39	17	5	4	2	2	6	13	6	7	7	8	8	10	6	9	12	5	1	1	10	7	7	8	7	4	4	2	3	11	8	6	4	154	83	48	25	9	43	6	39	17
GCF_000025725.1	5	3	2	4	2	13	7	7	6	8	6	12	9	10	10	7	1	2	9	4	6	7	7	5	6	2	4	13	7	3	5	149	75	35	17	5	37	8	42	16	5	3	2	4	2	13	7	7	6	8	6	12	9	10	10	7	1	2	9	4	6	7	7	5	6	2	4	13	7	3	5	149	75	35	17	5	37	8	42	16
GCF_000025885.1	6	3	2	1	1	12	9	7	6	6	5	1	8	7	6	7	1	2	16	2	4	11	4	3	5	0	3	2	6	2	5	113	48	25	17	3	20	8	20	10	6	3	2	1	1	12	9	7	6	6	5	1	8	7	6	7	1	2	16	2	4	11	4	3	5	0	3	2	6	2	5	113	48	25	17	3	20	8	20	10
GCF_000025905.1	4	4	6	3	6	11	8	6	7	5	4	10	5	10	7	5	1	2	5	6	6	6	6	5	5	1	3	9	7	6	4	135	68	32	14	5	32	8	36	14	4	4	6	3	6	11	8	6	7	5	4	10	5	10	7	5	1	2	5	6	6	6	6	5	5	1	3	9	7	6	4	135	68	32	14	5	32	8	36	14
GCF_000025925.1	4	4	7	3	3	9	6	8	8	9	6	9	6	7	10	5	2	1	6	7	7	7	5	4	6	1	4	7	6	3	5	133	72	31	16	5	39	6	27	14	4	4	7	3	3	9	6	8	8	9	6	9	6	7	10	5	2	1	6	7	7	7	5	4	6	1	4	7	6	3	5	133	72	31	16	5	39	6	27	14
GCF_000025945.1	3	4	3	3	2	8	6	6	4	3	3	12	6	7	10	5	2	2	5	4	4	6	3	5	6	1	3	10	6	1	5	123	63	22	13	3	30	4	36	13	3	4	3	3	2	8	6	6	4	3	3	12	6	7	10	5	2	2	5	4	4	6	3	5	6	1	3	10	6	1	5	123	63	22	13	3	30	4	36	13
GCF_000025965.1	4	4	2	1	3	14	6	6	8	8	7	12	6	8	9	5	1	1	9	10	7	7	9	5	5	2	3	13	10	7	4	189	83	60	27	5	40	6	43	14	4	4	2	1	3	14	6	6	8	8	7	12	6	8	9	5	1	1	9	10	7	7	9	5	5	2	3	13	10	7	4	189	83	60	27	5	40	6	43	14
GCF_000025985.1	4	6	4	2	2	10	7	6	8	9	6	8	6	11	14	4	1	1	8	4	9	7	5	5	8	2	3	9	6	2	5	152	77	31	15	5	37	7	36	19	4	6	4	2	2	10	7	6	8	9	6	8	6	11	14	4	1	1	8	4	9	7	5	5	8	2	3	9	6	2	5	152	77	31	15	5	37	7	36	19
GCF_000026085.1	4	7	2	1	1	16	5	6	12	13	9	14	6	9	3	6	1	3	10	5	5	7	4	3	9	2	3	11	7	1	6	184	84	48	26	6	43	8	47	9	4	7	2	1	1	16	5	6	12	13	9	14	6	9	3	6	1	3	10	5	5	7	4	3	9	2	3	11	7	1	6	184	84	48	26	6	43	8	47	9
GCF_000026185.1	5	4	4	2	4	17	7	6	8	11	7	16	6	12	8	6	2	3	9	3	7	7	6	5	6	4	4	10	8	3	5	190	89	46	17	5	42	10	46	16	5	4	4	2	4	17	7	6	8	11	7	16	6	12	8	6	2	3	9	3	7	7	6	5	6	4	4	10	8	3	5	190	89	46	17	5	42	10	46	16
GCF_000026745.1	2	4	3	1	1	11	7	6	6	7	4	5	4	12	5	5	1	1	2	2	5	5	3	3	2	2	4	0	6	1	5	99	45	18	13	3	22	4	23	13	2	4	3	1	1	11	7	6	6	7	4	5	4	12	5	5	1	1	2	2	5	5	3	3	2	2	4	0	6	1	5	99	45	18	13	3	22	4	23	13
GCF_000027145.1	4	11	5	2	2	13	6	6	7	12	7	11	6	9	6	5	2	2	5	2	2	11	3	1	2	5	4	11	11	1	5	137	80	35	21	6	45	5	32	11	4	11	5	2	2	13	6	6	7	12	7	11	6	9	6	5	2	2	5	2	2	11	3	1	2	5	4	11	11	1	5	137	80	35	21	6	45	5	32	11
GCF_000055785.1	4	8	5	1	7	17	8	10	12	11	7	10	6	6	4	5	1	2	13	16	9	8	7	5	7	3	3	9	7	9	4	206	87	69	38	8	47	9	46	8	4	8	5	1	7	17	8	10	12	11	7	10	6	6	4	5	1	2	13	16	9	8	7	5	7	3	3	9	7	9	4	206	87	69	38	8	47	9	46	8
GCF_000058485.1	3	5	2	3	7	15	7	10	9	11	8	15	7	13	7	8	2	0	11	12	10	6	10	5	7	4	3	14	10	9	4	185	89	55	25	6	48	9	48	17	3	5	2	3	7	15	7	10	9	11	8	15	7	13	7	8	2	0	11	12	10	6	10	5	7	4	3	14	10	9	4	185	89	55	25	6	48	9	48	17
GCF_000060345.1	4	5	3	3	2	9	7	5	8	7	6	11	6	8	7	6	1	2	6	3	7	7	6	2	5	2	3	12	3	2	5	140	69	36	14	5	36	6	40	13	4	5	3	3	2	9	7	5	8	7	6	11	6	8	7	6	1	2	6	3	7	7	6	2	5	2	3	12	3	2	5	140	69	36	14	5	36	6	40	13
GCF_000062885.1	4	7	5	3	4	17	5	8	15	17	6	18	7	11	5	6	3	2	10	15	14	5	11	6	14	4	3	15	9	8	4	242	108	69	33	5	50	8	60	13	4	7	5	3	4	17	5	8	15	17	6	18	7	11	5	6	3	2	10	15	14	5	11	6	14	4	3	15	9	8	4	242	108	69	33	5	50	8	60	13
GCF_000063585.1	4	4	2	2	0	10	8	8	6	11	7	8	8	12	8	7	1	1	9	1	6	9	4	7	7	2	3	5	7	2	6	129	59	28	16	4	29	6	32	14	4	4	2	2	0	10	8	8	6	11	7	8	8	12	8	7	1	1	9	1	6	9	4	7	7	2	3	5	7	2	6	129	59	28	16	4	29	6	32	14
GCF_000067205.1	4	3	4	1	5	14	4	5	8	8	7	11	5	8	8	5	1	2	9	8	6	6	6	4	6	3	4	12	9	6	4	174	81	55	25	5	38	6	44	13	4	3	4	1	5	14	4	5	8	8	7	11	5	8	8	5	1	2	9	8	6	6	6	4	6	3	4	12	9	6	4	174	81	55	25	5	38	6	44	13
GCF_000069185.1	3	5	2	1	4	16	7	7	8	10	7	14	7	11	5	5	2	2	8	10	8	5	7	4	6	4	4	15	8	7	4	182	85	55	24	4	41	9	47	13	3	5	2	1	4	16	7	7	8	10	7	14	7	11	5	5	2	2	8	10	8	5	7	4	6	4	4	15	8	7	4	182	85	55	24	4	41	9	47	13
GCF_000069225.1	2	6	5	2	5	16	6	7	7	7	6	11	8	11	6	8	1	1	3	3	5	3	3	3	5	3	3	7	6	2	4	126	68	28	13	4	35	8	31	13	2	6	5	2	5	16	6	7	7	7	6	11	8	11	6	8	1	1	3	3	5	3	3	3	5	3	3	7	6	2	4	126	68	28	13	4	35	8	31	13
GCF_000069965.1	5	6	4	1	2	14	6	7	11	8	8	15	8	11	8	5	1	3	11	9	7	7	6	4	6	4	4	13	8	3	5	199	95	52	26	5	42	8	54	15	5	6	4	1	2	14	6	7	11	8	8	15	8	11	8	5	1	3	11	9	7	7	6	4	6	4	4	13	8	3	5	199	95	52	26	5	42	8	54	15
GCF_000083545.1	7	7	2	1	9	15	7	10	18	9	6	11	6	11	12	5	2	1	11	18	7	10	8	7	6	3	5	19	10	7	4	214	99	55	35	4	44	8	52	18	7	7	2	1	9	15	7	10	18	9	6	11	6	11	12	5	2	1	11	18	7	10	8	7	6	3	5	19	10	7	4	214	99	55	35	4	44	8	52	18
GCF_000091125.1	4	5	3	2	4	13	5	6	7	7	6	10	6	7	4	5	1	2	8	7	10	7	8	4	7	2	3	16	7	5	4	161	73	50	26	4	37	7	44	9	4	5	3	2	4	13	5	6	7	7	6	10	6	7	4	5	1	2	8	7	10	7	8	4	7	2	3	16	7	5	4	161	73	50	26	4	37	7	44	9
GCF_000091305.1	4	6	4	2	7	17	7	11	13	11	7	14	5	13	5	6	3	1	9	13	12	5	11	5	7	4	4	16	11	9	4	202	91	61	20	5	43	9	51	13	4	6	4	2	7	17	7	11	13	11	7	14	5	13	5	6	3	1	9	13	12	5	11	5	7	4	4	16	11	9	4	202	91	61	20	5	43	9	51	13
GCF_000091325.1	4	6	3	4	2	14	7	6	10	9	7	14	6	15	12	5	1	3	9	5	7	7	5	3	9	2	3	10	7	8	5	194	88	52	26	5	43	8	51	21	4	6	3	4	2	14	7	6	10	9	7	14	6	15	12	5	1	3	9	5	7	7	5	3	9	2	3	10	7	8	5	194	88	52	26	5	43	8	51	21
GCF_000091545.1	4	5	1	3	2	15	5	6	7	8	4	10	3	9	2	5	1	0	10	4	6	6	5	3	5	2	3	12	8	1	5	126	69	32	14	5	28	6	30	9	4	5	1	3	2	15	5	6	7	8	4	10	3	9	2	5	1	0	10	4	6	6	5	3	5	2	3	12	8	1	5	126	69	32	14	5	28	6	30	9
GCF_000091785.1	3	6	3	2	2	14	7	7	5	1	4	10	6	8	7	4	3	3	8	4	4	7	6	3	6	3	3	7	2	2	5	139	58	36	21	1	27	8	45	11	3	6	3	2	2	14	7	7	5	1	4	10	6	8	7	4	3	3	8	4	4	7	6	3	6	3	3	7	2	2	5	139	58	36	21	1	27	8	45	11
GCF_000092025.1	5	9	8	3	7	16	8	11	15	9	6	12	7	11	11	6	3	2	9	17	11	7	7	4	5	3	3	17	7	10	4	213	91	60	28	4	45	8	45	17	5	9	8	3	7	16	8	11	15	9	6	12	7	11	11	6	3	2	9	17	11	7	7	4	5	3	3	17	7	10	4	213	91	60	28	4	45	8	45	17
GCF_000092045.1	6	10	6	5	9	17	8	11	14	8	6	11	8	11	9	6	5	2	10	13	10	7	9	6	9	3	3	20	8	10	4	226	96	70	33	4	45	8	51	17	6	10	6	5	9	17	8	11	14	8	6	11	8	11	9	6	5	2	10	13	10	7	9	6	9	3	3	20	8	10	4	226	96	70	33	4	45	8	51	17
GCF_000092105.1	3	5	3	2	3	13	5	7	5	5	3	9	4	7	6	4	1	1	8	2	6	8	4	2	3	1	2	9	8	2	4	118	64	29	16	3	30	5	27	12	3	5	3	2	3	13	5	7	5	5	3	9	4	7	6	4	1	1	8	2	6	8	4	2	3	1	2	9	8	2	4	118	64	29	16	3	30	5	27	12
GCF_000092125.1	3	9	5	2	5	15	5	9	6	7	3	11	5	12	6	5	2	0	6	9	6	6	4	3	5	1	3	12	8	4	5	145	85	40	17	4	34	6	28	14	3	9	5	2	5	15	5	9	6	7	3	11	5	12	6	5	2	0	6	9	6	6	4	3	5	1	3	12	8	4	5	145	85	40	17	4	34	6	28	14
GCF_000092205.1	5	4	2	2	2	9	4	6	5	8	4	11	6	11	13	5	1	2	4	5	2	6	3	4	5	1	3	13	6	1	4	133	74	32	17	4	31	2	37	20	5	4	2	2	2	9	4	6	5	8	4	11	6	11	13	5	1	2	4	5	2	6	3	4	5	1	3	13	6	1	4	133	74	32	17	4	31	2	37	20
GCF_000092245.1	1	5	3	1	4	13	6	7	11	9	7	13	6	8	8	5	0	2	5	7	8	3	3	2	9	1	3	10	7	6	4	149	82	46	18	6	39	7	36	12	1	5	3	1	4	13	6	7	11	9	7	13	6	8	8	5	0	2	5	7	8	3	3	2	9	1	3	10	7	6	4	149	82	46	18	6	39	7	36	12
GCF_000092405.1	4	4	1	2	4	10	7	10	5	6	6	15	7	10	2	7	1	2	4	5	6	5	4	4	5	1	3	11	8	5	4	122	68	29	12	5	40	4	31	10	4	4	1	2	4	10	7	10	5	6	6	15	7	10	2	7	1	2	4	5	6	5	4	4	5	1	3	11	8	5	4	122	68	29	12	5	40	4	31	10
GCF_000092425.1	5	6	4	4	2	14	5	6	6	7	4	11	5	9	5	6	3	0	10	5	6	6	5	1	5	1	3	11	8	1	5	139	80	38	17	5	31	6	27	12	5	6	4	4	2	14	5	6	6	7	4	11	5	9	5	6	3	0	10	5	6	6	5	1	5	1	3	11	8	1	5	139	80	38	17	5	31	6	27	12
GCF_000092505.1	4	7	5	1	2	12	8	6	6	9	4	8	6	9	6	5	1	2	5	1	8	9	3	7	5	3	3	0	6	1	5	122	61	22	15	4	34	5	34	11	4	7	5	1	2	12	8	6	6	9	4	8	6	9	6	5	1	2	5	1	8	9	3	7	5	3	3	0	6	1	5	122	61	22	15	4	34	5	34	11
GCF_000092645.1	4	5	3	2	4	17	7	8	9	9	6	15	7	10	3	7	2	1	8	9	8	7	8	4	8	3	3	14	7	3	5	165	78	41	20	4	41	8	41	11	4	5	3	2	4	17	7	8	9	9	6	15	7	10	3	7	2	1	8	9	8	7	8	4	8	3	3	14	7	3	5	165	78	41	20	4	41	8	41	11
GCF_000092785.1	3	5	1	2	1	5	5	5	4	1	2	5	4	4	5	4	2	2	2	5	3	5	3	0	7	2	1	7	5	1	5	85	39	20	15	1	16	6	23	8	3	5	1	2	1	5	5	5	4	1	2	5	4	4	5	4	2	2	2	5	3	5	3	0	7	2	1	7	5	1	5	85	39	20	15	1	16	6	23	8
GCF_000092825.1	3	4	2	1	5	14	6	8	7	9	6	13	6	9	5	4	2	2	7	7	5	4	6	4	5	4	3	9	8	5	4	148	83	41	19	4	40	6	39	11	3	4	2	1	5	14	6	8	7	9	6	13	6	9	5	4	2	2	7	7	5	4	6	4	5	4	3	9	8	5	4	148	83	41	19	4	40	6	39	11
GCF_000092845.1	3	4	2	1	4	11	5	7	8	9	5	12	6	9	7	4	1	1	2	2	5	4	2	5	5	1	3	1	6	2	4	116	59	17	10	6	37	6	23	14	3	4	2	1	4	11	5	7	8	9	5	12	6	9	7	4	1	1	2	2	5	4	2	5	5	1	3	1	6	2	4	116	59	17	10	6	37	6	23	14
GCF_000092865.1	4	7	5	4	5	15	6	7	8	10	6	14	8	10	7	6	2	1	6	8	6	5	6	6	7	6	3	7	8	12	4	173	83	52	23	4	40	8	40	14	4	7	5	4	5	15	6	7	8	10	6	14	8	10	7	6	2	1	6	8	6	5	6	6	7	6	3	7	8	12	4	173	83	52	23	4	40	8	40	14
GCF_000092905.1	3	4	2	1	4	13	7	8	7	10	6	9	6	8	6	5	1	3	7	9	7	6	5	5	5	2	3	10	7	7	4	142	70	40	16	5	35	7	35	11	3	4	2	1	4	13	7	8	7	10	6	9	6	8	6	5	1	3	7	9	7	6	5	5	5	2	3	10	7	7	4	142	70	40	16	5	35	7	35	11
GCF_000092925.1	5	10	6	2	7	11	7	10	12	6	6	10	6	9	8	5	1	1	10	22	8	11	8	4	7	3	4	19	7	8	4	210	92	59	39	4	44	5	47	14	5	10	6	2	7	11	7	10	12	6	6	10	6	9	8	5	1	1	10	22	8	11	8	4	7	3	4	19	7	8	4	210	92	59	39	4	44	5	47	14
GCF_000092965.1	3	7	7	1	3	10	6	9	5	6	6	11	6	13	5	7	1	1	4	2	4	6	2	5	5	0	3	6	6	4	4	120	63	29	11	5	36	5	26	14	3	7	7	1	3	10	6	9	5	6	6	11	6	13	5	7	1	1	4	2	4	6	2	5	5	0	3	6	6	4	4	120	63	29	11	5	36	5	26	14
GCF_000093025.1	6	6	2	3	10	13	6	11	9	9	7	12	6	8	7	5	3	2	6	12	7	8	5	4	8	2	3	16	8	11	4	175	93	56	29	5	49	6	48	12	6	6	2	3	10	13	6	11	9	9	7	12	6	8	7	5	3	2	6	12	7	8	5	4	8	2	3	16	8	11	4	175	93	56	29	5	49	6	48	12
GCF_000093085.1	3	5	6	1	2	13	6	6	11	16	7	10	6	12	2	6	1	2	7	7	5	6	5	6	7	3	3	9	8	1	5	149	75	37	18	6	37	4	35	10	3	5	6	1	2	13	6	6	11	16	7	10	6	12	2	6	1	2	7	7	5	6	5	6	7	3	3	9	8	1	5	149	75	37	18	6	37	4	35	10
GCF_000143085.1	4	4	2	2	3	13	7	7	6	7	7	9	5	8	9	5	1	2	8	3	6	7	6	4	6	3	3	10	7	1	4	151	73	44	25	5	35	7	42	14	4	4	2	2	3	13	7	7	6	7	7	9	5	8	9	5	1	2	8	3	6	7	6	4	6	3	3	10	7	1	4	151	73	44	25	5	35	7	42	14
GCF_000143145.1	5	3	2	2	6	12	6	10	9	8	6	10	6	7	7	5	1	1	6	10	7	8	8	6	6	2	4	15	11	10	4	163	78	48	25	4	40	6	47	11	5	3	2	2	6	12	6	10	9	8	6	10	6	7	7	5	1	1	6	10	7	8	8	6	6	2	4	15	11	10	4	163	78	48	25	4	40	6	47	11
GCF_000143685.1	5	5	8	3	1	9	6	5	8	8	6	12	8	11	14	7	1	1	15	8	5	14	4	7	5	3	3	9	7	0	6	157	72	39	27	5	35	4	36	19	5	5	8	3	1	9	6	5	8	8	6	12	8	11	14	7	1	1	15	8	5	14	4	7	5	3	3	9	7	0	6	157	72	39	27	5	35	4	36	19
GCF_000143725.1	4	4	2	2	4	11	6	7	6	6	5	9	6	8	4	5	1	1	2	2	6	5	3	5	5	1	3	2	7	2	4	105	52	18	11	6	33	6	24	11	4	4	2	2	4	11	6	7	6	6	5	9	6	8	4	5	1	1	2	2	6	5	3	5	5	1	3	2	7	2	4	105	52	18	11	6	33	6	24	11
GCF_000143845.1	4	5	2	1	2	11	7	8	4	8	3	6	5	10	4	7	1	2	6	2	2	6	3	1	2	2	3	0	8	3	5	91	48	21	9	3	25	7	15	10	4	5	2	1	2	11	7	8	4	8	3	6	5	10	4	7	1	2	6	2	2	6	3	1	2	2	3	0	8	3	5	91	48	21	9	3	25	7	15	10
GCF_000143965.1	3	5	1	1	2	7	6	6	6	5	5	12	4	5	5	3	1	2	7	4	3	5	4	5	5	2	3	11	7	1	5	121	60	25	13	4	30	4	36	9	3	5	1	1	2	7	6	6	6	5	5	12	4	5	5	3	1	2	7	4	3	5	4	5	5	2	3	11	7	1	5	121	60	25	13	4	30	4	36	9
GCF_000143985.1	3	7	6	2	3	11	3	5	8	10	6	8	6	5	7	4	6	1	7	1	3	5	2	4	1	1	4	4	6	2	5	121	61	32	10	8	32	5	14	11	3	7	6	2	3	11	3	5	8	10	6	8	6	5	7	4	6	1	7	1	3	5	2	4	1	1	4	4	6	2	5	121	61	32	10	8	32	5	14	11
GCF_000144405.1	3	4	1	1	2	8	6	6	7	9	5	5	5	6	6	5	1	1	5	3	5	6	2	4	5	2	3	4	5	2	5	97	51	20	12	3	23	6	24	10	3	4	1	1	2	8	6	6	7	9	5	5	5	6	6	5	1	1	5	3	5	6	2	4	5	2	3	4	5	2	5	97	51	20	12	3	23	6	24	10
GCF_000144605.1	5	5	2	3	2	13	6	6	10	5	6	10	6	7	9	6	1	1	8	5	9	7	8	5	4	2	3	16	8	1	4	155	73	40	21	4	34	7	42	13	5	5	2	3	2	13	6	6	10	5	6	10	6	7	9	6	1	1	8	5	9	7	8	5	4	2	3	16	8	1	4	155	73	40	21	4	34	7	42	13
GCF_000144625.1	3	5	8	2	3	10	5	9	7	10	7	12	8	10	7	8	3	1	5	4	4	5	2	4	6	1	3	9	7	4	5	140	76	28	8	5	40	5	27	13	3	5	8	2	3	10	5	9	7	10	7	12	8	10	7	8	3	1	5	4	4	5	2	4	6	1	3	9	7	4	5	140	76	28	8	5	40	5	27	13
GCF_000144645.1	5	4	3	3	1	11	4	5	3	5	5	6	8	10	4	7	1	0	6	2	7	8	3	3	5	0	3	10	6	1	4	104	46	23	13	2	18	7	23	10	5	4	3	3	1	11	4	5	3	5	5	6	8	10	4	7	1	0	6	2	7	8	3	3	5	0	3	10	6	1	4	104	46	23	13	2	18	7	23	10
GCF_000144695.1	4	4	2	2	3	11	7	8	7	5	7	14	7	9	4	7	1	2	13	7	4	13	2	5	5	1	3	10	7	3	4	144	68	37	21	5	39	5	36	10	4	4	2	2	3	11	7	8	7	5	7	14	7	9	4	7	1	2	13	7	4	13	2	5	5	1	3	10	7	3	4	144	68	37	21	5	39	5	36	10
GCF_000145035.1	3	4	6	3	5	9	6	11	5	6	5	9	6	15	9	4	1	1	3	3	5	6	3	4	1	1	3	0	7	4	5	114	61	22	9	4	34	4	17	19	3	4	6	3	5	9	6	11	5	6	5	9	6	15	9	4	1	1	3	3	5	6	3	4	1	1	3	0	7	4	5	114	61	22	9	4	34	4	17	19
GCF_000145215.1	2	4	6	2	1	11	7	7	5	7	4	10	6	12	5	7	1	2	2	1	3	4	2	3	4	1	3	0	7	2	4	103	58	16	7	3	31	5	20	15	2	4	6	2	1	11	7	7	5	7	4	10	6	12	5	7	1	2	2	1	3	4	2	3	4	1	3	0	7	2	4	103	58	16	7	3	31	5	20	15
GCF_000145235.1	5	6	5	2	5	16	7	10	8	8	7	14	7	14	9	8	4	2	8	7	7	8	8	5	13	5	3	11	8	9	5	195	91	49	20	5	41	9	54	18	5	6	5	2	5	16	7	10	8	8	7	14	7	14	9	8	4	2	8	7	7	8	8	5	13	5	3	11	8	9	5	195	91	49	20	5	41	9	54	18
GCF_000145255.1	3	4	2	3	5	11	6	6	6	7	7	10	6	10	11	5	1	2	6	3	7	6	6	3	4	2	3	10	8	1	4	138	73	34	18	5	36	6	36	17	3	4	2	3	5	11	6	6	6	7	7	10	6	10	11	5	1	2	6	3	7	6	6	3	4	2	3	10	8	1	4	138	73	34	18	5	36	6	36	17
GCF_000145615.1	4	10	8	2	4	9	6	8	6	6	6	12	6	14	4	7	1	1	7	3	5	11	3	4	5	1	3	8	6	3	5	128	70	35	19	6	40	5	30	12	4	10	8	2	4	9	6	8	6	6	6	12	6	14	4	7	1	1	7	3	5	11	3	4	5	1	3	8	6	3	5	128	70	35	19	6	40	5	30	12
GCF_000146065.2	4	4	1	1	1	12	6	6	3	3	3	0	5	4	4	4	1	1	2	2	2	5	2	1	5	1	3	1	7	1	5	69	29	11	7	2	8	6	15	7	4	4	1	1	1	12	6	6	3	3	3	0	5	4	4	4	1	1	2	2	2	5	2	1	5	1	3	1	7	1	5	69	29	11	7	2	8	6	15	7
GCF_000146165.2	4	7	2	1	3	16	7	7	11	10	8	14	6	11	7	6	1	3	7	13	7	7	5	3	8	3	3	15	7	2	5	194	98	56	36	6	46	9	53	14	4	7	2	1	3	16	7	7	11	10	8	14	6	11	7	6	1	3	7	13	7	7	5	3	8	3	3	15	7	2	5	194	98	56	36	6	46	9	53	14
GCF_000146185.1	3	4	5	2	3	9	9	10	4	8	4	9	6	8	4	5	1	1	3	2	3	6	1	4	6	2	3	6	8	3	4	107	64	22	7	4	33	6	29	9	3	4	5	2	3	9	9	10	4	8	4	9	6	8	4	5	1	1	3	2	3	6	1	4	6	2	3	6	8	3	4	107	64	22	7	4	33	6	29	9
GCF_000146505.1	3	3	2	1	4	13	5	9	5	6	5	8	6	6	5	6	1	4	3	3	6	5	2	5	5	1	3	4	8	3	4	116	69	26	10	5	35	7	29	10	3	3	2	1	4	13	5	9	5	6	5	8	6	6	5	6	1	4	3	3	6	5	2	5	5	1	3	4	8	3	4	116	69	26	10	5	35	7	29	10
GCF_000147335.1	5	5	1	4	4	12	5	7	8	13	5	19	6	11	7	4	2	1	10	7	6	6	6	3	9	3	3	18	9	2	5	184	107	45	26	6	47	6	47	16	5	5	1	4	4	12	5	7	8	13	5	19	6	11	7	4	2	1	10	7	6	6	6	3	9	3	3	18	9	2	5	184	107	45	26	6	47	6	47	16
GCF_000147355.1	5	3	2	1	2	12	4	6	6	6	5	13	4	9	11	5	0	3	4	4	6	4	4	3	5	1	3	10	7	2	4	121	73	28	13	4	35	4	31	16	5	3	2	1	2	12	4	6	6	6	5	13	4	9	11	5	0	3	4	4	6	4	4	3	5	1	3	10	7	2	4	121	73	28	13	4	35	4	31	16
GCF_000147695.2	6	5	3	2	3	10	6	10	7	6	6	12	7	14	7	8	1	2	7	3	5	9	3	4	5	0	4	7	6	5	4	136	71	34	15	5	38	5	28	16	6	5	3	2	3	10	6	10	7	6	6	12	7	14	7	8	1	2	7	3	5	9	3	4	5	0	4	7	6	5	4	136	71	34	15	5	38	5	28	16
GCF_000148645.1	4	6	4	1	3	16	7	8	12	10	9	14	6	11	9	5	1	3	11	12	7	7	6	3	6	2	3	12	7	5	5	199	95	61	33	6	45	9	51	14	4	6	4	1	3	16	7	8	12	10	9	14	6	11	9	5	1	3	11	12	7	7	6	3	6	2	3	12	7	5	5	199	95	61	33	6	45	9	51	14
GCF_000152825.2	4	3	2	2	2	13	5	6	9	8	5	9	5	6	4	6	1	0	6	3	6	6	5	4	5	2	3	11	8	5	4	130	65	38	19	3	33	6	35	8	4	3	2	2	2	13	5	6	9	8	5	9	5	6	4	6	1	0	6	3	6	6	5	4	5	2	3	11	8	5	4	130	65	38	19	3	33	6	35	8
GCF_000153485.2	4	4	1	3	2	12	7	5	8	7	5	11	6	10	9	6	1	1	7	6	4	6	4	7	6	2	3	10	3	2	5	146	71	34	16	4	35	9	44	14	4	4	1	3	2	12	7	5	8	7	5	11	6	10	9	6	1	1	7	6	4	6	4	7	6	2	3	10	3	2	5	146	71	34	16	4	35	9	44	14
GCF_000154785.2	5	8	5	4	7	15	9	10	19	7	6	10	6	8	8	5	3	1	7	15	7	7	6	9	6	3	4	25	11	12	4	221	96	63	30	4	40	9	53	13	5	8	5	4	7	15	9	10	19	7	6	10	6	8	8	5	3	1	7	15	7	7	6	9	6	3	4	25	11	12	4	221	96	63	30	4	40	9	53	13
GCF_000155515.2	3	8	4	1	2	13	7	7	6	7	6	5	6	10	3	5	3	1	6	2	4	6	4	4	1	4	4	2	7	2	5	108	53	26	13	3	28	5	22	10	3	8	4	1	2	13	7	7	6	7	6	5	6	10	3	5	3	1	6	2	4	6	4	4	1	4	4	2	7	2	5	108	53	26	13	3	28	5	22	10
GCF_000155675.2	2	7	7	2	5	15	9	9	13	5	6	10	6	9	5	5	6	1	8	9	5	5	5	7	6	2	3	19	9	8	4	183	81	53	20	4	38	9	45	10	2	7	7	2	5	15	9	9	13	5	6	10	6	9	5	5	6	1	8	9	5	5	5	7	6	2	3	19	9	8	4	183	81	53	20	4	38	9	45	10
GCF_000155735.2	5	7	3	3	6	15	9	10	15	6	6	10	6	8	4	5	4	1	8	14	6	7	7	11	7	2	3	17	9	5	4	193	84	54	27	4	41	9	48	9	5	7	3	3	6	15	9	10	15	6	6	10	6	8	4	5	4	1	8	14	6	7	7	11	7	2	3	17	9	5	4	193	84	54	27	4	41	9	48	9
GCF_000156995.2	4	10	3	2	9	17	7	9	9	15	8	13	8	7	9	6	2	4	10	13	8	7	5	4	7	3	5	18	7	9	4	225	101	68	33	5	49	8	56	13	4	10	3	2	9	17	7	9	9	15	8	13	8	7	9	6	2	4	10	13	8	7	5	4	7	3	5	18	7	9	4	225	101	68	33	5	49	8	56	13
GCF_000157355.2	6	6	9	2	2	12	8	6	6	9	5	11	5	12	2	5	1	2	7	2	3	9	3	2	9	3	4	0	8	1	5	136	69	25	16	4	37	5	34	10	6	6	9	2	2	12	8	6	6	9	5	11	5	12	2	5	1	2	7	2	3	9	3	2	9	3	4	0	8	1	5	136	69	25	16	4	37	5	34	10
GCF_000157895.3	4	5	3	2	4	14	7	7	9	11	7	13	7	10	9	5	3	2	10	12	7	7	8	4	5	4	3	17	12	7	4	195	99	53	27	5	42	9	51	15	4	5	3	2	4	14	7	7	9	11	7	13	7	10	9	5	3	2	10	12	7	7	8	4	5	4	3	17	12	7	4	195	99	53	27	5	42	9	51	15
GCF_000163895.2	4	4	1	1	1	5	5	4	4	5	3	1	5	5	1	6	1	2	4	0	1	5	2	1	6	2	3	0	7	1	5	67	33	13	8	3	16	2	17	5	4	4	1	1	1	5	5	4	4	5	3	1	5	5	1	6	1	2	4	0	1	5	2	1	6	2	3	0	7	1	5	67	33	13	8	3	16	2	17	5
GCF_000164675.2	2	4	2	2	1	11	7	6	7	7	4	9	4	12	5	5	1	1	4	1	5	5	4	0	4	2	3	1	6	1	5	97	48	18	10	3	27	4	23	13	2	4	2	2	1	11	7	6	7	7	4	9	4	12	5	5	1	1	4	1	5	5	4	0	4	2	3	1	6	1	5	97	48	18	10	3	27	4	23	13
GCF_000164695.2	3	2	2	1	2	12	6	7	5	7	7	11	6	8	5	6	1	1	3	2	5	3	4	2	5	3	3	7	6	6	4	104	59	28	9	3	28	6	30	10	3	2	2	1	2	12	6	7	5	7	7	11	6	8	5	6	1	1	3	2	5	3	4	2	5	3	3	7	6	6	4	104	59	28	9	3	28	6	30	10
GCF_000164865.1	6	8	9	5	4	14	8	9	13	14	8	14	8	13	10	7	3	3	10	17	7	9	6	6	6	4	4	20	7	6	5	254	104	78	38	6	44	10	60	18	6	8	9	5	4	14	8	9	13	14	8	14	8	13	10	7	3	3	10	17	7	9	6	6	6	4	4	20	7	6	5	254	104	78	38	6	44	10	60	18
GCF_000164905.1	3	5	2	1	2	14	5	7	7	8	5	10	6	6	4	5	1	0	3	5	5	4	4	5	5	2	3	10	6	3	4	123	67	31	16	4	32	6	37	8	3	5	2	1	2	14	5	7	7	8	5	10	6	6	4	5	1	0	3	5	5	4	4	5	5	2	3	10	6	3	4	123	67	31	16	4	32	6	37	8
GCF_000165465.1	5	5	2	2	1	11	8	7	3	3	3	7	4	13	6	5	1	1	5	5	5	7	4	4	5	0	3	12	7	2	5	117	54	25	17	2	21	6	29	15	5	5	2	2	1	11	8	7	3	3	3	7	4	13	6	5	1	1	5	5	5	7	4	4	5	0	3	12	7	2	5	117	54	25	17	2	21	6	29	15
GCF_000165505.1	5	5	3	3	2	11	6	8	11	13	10	14	7	12	16	5	3	1	7	7	5	8	4	2	5	2	3	12	7	3	5	168	86	42	22	9	47	5	36	22	5	5	3	3	2	11	6	8	11	13	10	14	7	12	16	5	3	1	7	7	5	8	4	2	5	2	3	12	7	3	5	168	86	42	22	9	47	5	36	22
GCF_000165715.2	3	6	2	5	4	14	5	8	6	4	3	12	4	8	8	5	1	1	8	3	5	6	4	2	4	1	2	9	8	3	4	130	67	33	15	3	35	5	29	15	3	6	2	5	4	14	5	8	6	4	3	12	4	8	8	5	1	1	8	3	5	6	4	2	4	1	2	9	8	3	4	130	67	33	15	3	35	5	29	15
GCF_000166135.1	3	7	4	4	8	15	5	12	6	8	6	10	8	20	9	9	2	0	9	10	10	6	9	4	6	4	3	15	9	9	4	192	78	51	21	4	39	9	49	23	3	7	4	4	8	15	5	12	6	8	6	10	8	20	9	9	2	0	9	10	10	6	9	4	6	4	3	15	9	9	4	192	78	51	21	4	39	9	49	23
GCF_000166335.1	2	4	6	2	1	11	7	7	5	7	4	10	6	12	2	7	1	3	2	1	3	4	2	3	4	1	3	0	7	2	4	103	55	16	7	3	31	5	22	12	2	4	6	2	1	11	7	7	5	7	4	10	6	12	2	7	1	3	2	1	3	4	2	3	4	1	3	0	7	2	4	103	55	16	7	3	31	5	22	12
GCF_000166355.1	2	4	6	2	1	11	7	8	5	7	4	10	6	13	5	7	1	2	3	1	3	4	2	3	4	1	3	4	7	3	4	111	61	21	7	3	32	5	26	15	2	4	6	2	1	11	7	8	5	7	4	10	6	13	5	7	1	2	3	1	3	4	2	3	4	1	3	4	7	3	4	111	61	21	7	3	32	5	26	15
GCF_000166395.1	4	4	7	4	3	13	7	6	8	8	5	10	4	8	9	4	2	2	6	5	7	7	5	5	8	1	3	11	6	2	5	146	75	35	15	5	37	9	39	13	4	4	7	4	3	13	7	6	8	8	5	10	4	8	9	4	2	2	6	5	7	7	5	5	8	1	3	11	6	2	5	146	75	35	15	5	37	9	39	13
GCF_000166415.1	6	5	6	1	3	11	7	9	8	6	3	16	4	14	7	4	2	1	14	4	5	12	6	4	6	1	3	6	6	4	5	149	72	34	24	3	39	5	27	17	6	5	6	1	3	11	7	9	8	6	3	16	4	14	7	4	2	1	14	4	5	12	6	4	6	1	3	6	6	4	5	149	72	34	24	3	39	5	27	17
GCF_000166695.1	2	4	6	2	1	11	7	7	5	7	4	10	6	13	3	7	1	2	2	1	3	4	2	3	4	1	3	4	7	2	4	104	59	19	7	3	31	5	23	14	2	4	6	2	1	11	7	7	5	7	4	10	6	13	3	7	1	2	2	1	3	4	2	3	4	1	3	4	7	2	4	104	59	19	7	3	31	5	23	14
GCF_000166775.1	2	4	6	3	1	12	7	7	5	7	4	10	6	13	6	7	1	2	2	1	3	4	2	3	4	1	3	4	7	2	4	109	61	20	7	3	31	5	23	16	2	4	6	3	1	12	7	7	5	7	4	10	6	13	6	7	1	2	2	1	3	4	2	3	4	1	3	4	7	2	4	109	61	20	7	3	31	5	23	16
GCF_000172155.1	4	6	3	4	6	11	6	7	9	9	5	11	6	10	11	5	1	2	6	6	9	7	7	4	6	3	4	6	7	4	5	153	74	40	19	6	40	5	37	16	4	6	3	4	6	11	6	7	9	9	5	11	6	10	11	5	1	2	6	6	9	7	7	4	6	3	4	6	7	4	5	153	74	40	19	6	40	5	37	16
GCF_000175215.2	4	5	6	3	6	13	6	8	7	7	7	10	6	8	7	5	3	1	8	6	6	7	5	5	4	2	3	12	7	7	4	161	76	52	21	6	39	6	37	12	4	5	6	3	6	13	6	8	7	7	7	10	6	8	7	5	3	1	8	6	6	7	5	5	4	2	3	12	7	7	4	161	76	52	21	6	39	6	37	12
GCF_000175295.2	6	5	3	2	3	12	6	9	7	6	6	12	7	14	7	8	1	2	9	2	5	8	3	4	5	0	3	5	6	4	4	135	69	30	14	5	36	5	25	16	6	5	3	2	3	12	6	9	7	6	6	12	7	14	7	8	1	2	9	2	5	8	3	4	5	0	3	5	6	4	4	135	69	30	14	5	36	5	25	16
GCF_000176035.2	7	11	9	4	10	16	7	14	19	7	6	10	9	14	12	9	4	2	10	17	10	12	10	1	9	3	5	20	7	12	4	245	98	77	39	4	46	8	52	21	7	11	9	4	10	16	7	14	19	7	6	10	9	14	12	9	4	2	10	17	10	12	10	1	9	3	5	20	7	12	4	245	98	77	39	4	46	8	52	21
GCF_000176855.2	4	5	4	2	3	17	8	8	7	9	7	10	6	8	8	5	1	2	10	11	7	6	7	4	7	4	5	14	9	6	4	191	85	51	28	7	40	10	51	13	4	5	4	2	3	17	8	8	7	9	7	10	6	8	8	5	1	2	10	11	7	6	7	4	7	4	5	14	9	6	4	191	85	51	28	7	40	10	51	13
GCF_000176915.2	3	7	3	1	4	11	7	7	6	5	5	10	6	6	9	5	1	2	3	7	4	5	2	5	6	2	3	7	6	3	5	123	64	25	14	4	35	8	34	12	3	7	3	1	4	11	7	7	6	5	5	10	6	6	9	5	1	2	3	7	4	5	2	5	6	2	3	7	6	3	5	123	64	25	14	4	35	8	34	12
GCF_000177235.2	3	7	6	1	4	13	7	7	12	15	7	11	7	12	7	7	1	2	6	7	5	8	5	6	7	4	4	12	8	8	6	169	89	43	18	7	42	5	41	14	3	7	6	1	4	13	7	7	12	15	7	11	7	12	7	7	1	2	6	7	5	8	5	6	7	4	4	12	8	8	6	169	89	43	18	7	42	5	41	14
GCF_000177535.2	2	6	2	1	3	12	7	7	7	6	6	13	5	10	6	5	2	1	4	4	8	2	3	3	8	4	3	8	6	2	4	131	75	29	13	4	38	7	39	13	2	6	2	1	3	12	7	7	7	6	6	13	5	10	6	5	2	1	4	4	8	2	3	3	8	4	3	8	6	2	4	131	75	29	13	4	38	7	39	13
GCF_000177635.2	5	3	2	2	2	13	9	7	6	8	7	13	6	8	9	5	1	2	10	4	7	7	7	5	5	2	3	14	7	2	5	150	78	35	16	6	41	9	42	14	5	3	2	2	2	13	9	7	6	8	7	13	6	8	9	5	1	2	10	4	7	7	7	5	5	2	3	14	7	2	5	150	78	35	16	6	41	9	42	14
GCF_000178115.2	4	7	2	2	4	11	7	8	5	8	4	12	7	14	8	8	1	1	4	2	5	8	3	3	5	3	2	1	7	3	5	125	71	24	13	4	40	7	26	19	4	7	2	2	4	11	7	8	5	8	4	12	7	14	8	8	1	1	4	2	5	8	3	3	5	3	2	1	7	3	5	125	71	24	13	4	40	7	26	19
GCF_000178835.2	3	4	8	2	6	11	6	10	8	13	7	12	7	12	8	7	1	1	5	3	6	5	3	4	5	3	3	6	7	4	5	145	86	33	10	8	45	4	33	16	3	4	8	2	6	11	6	10	8	13	7	12	7	12	8	7	1	1	5	3	6	5	3	4	5	3	3	6	7	4	5	145	86	33	10	8	45	4	33	16
GCF_000178875.2	4	7	2	1	4	15	8	8	12	10	8	14	6	13	9	5	1	3	13	15	8	7	7	2	8	2	3	15	7	3	5	206	106	58	35	7	49	10	52	17	4	7	2	1	4	15	8	8	12	10	8	14	6	13	9	5	1	3	13	15	8	7	7	2	8	2	3	15	7	3	5	206	106	58	35	7	49	10	52	17
GCF_000178955.2	1	7	8	1	4	15	4	6	7	6	4	9	6	13	10	5	2	2	5	5	4	5	1	4	5	2	3	12	7	1	5	147	64	36	17	4	27	7	32	19	1	7	8	1	4	15	4	6	7	6	4	9	6	13	10	5	2	2	5	5	4	5	1	4	5	2	3	12	7	1	5	147	64	36	17	4	27	7	32	19
GCF_000178975.2	2	6	6	2	4	13	6	6	7	6	4	9	6	13	13	4	3	1	5	3	3	5	1	3	6	2	3	12	8	1	5	139	68	31	16	4	26	5	33	22	2	6	6	2	4	13	6	6	7	6	4	9	6	13	13	4	3	1	5	3	3	5	1	3	6	2	3	12	8	1	5	139	68	31	16	4	26	5	33	22
GCF_000179635.2	6	2	6	1	3	11	7	9	6	12	4	11	5	12	10	6	1	2	6	2	8	8	4	5	6	2	3	1	7	3	5	137	73	29	13	4	38	7	26	18	6	2	6	1	3	11	7	9	6	12	4	11	5	12	10	6	1	2	6	2	8	8	4	5	6	2	3	1	7	3	5	137	73	29	13	4	38	7	26	18
GCF_000179915.2	3	7	6	4	2	13	6	6	8	6	4	12	5	14	13	5	3	1	4	5	5	6	2	5	8	3	3	10	8	1	5	146	75	29	14	4	30	5	39	23	3	7	6	4	2	13	6	6	8	6	4	12	5	14	13	5	3	1	4	5	5	6	2	5	8	3	3	10	8	1	5	146	75	29	14	4	30	5	39	23
GCF_000182745.2	2	8	3	1	2	14	6	6	7	14	6	11	6	7	9	4	1	2	7	3	4	5	5	7	3	2	3	15	8	2	4	153	78	35	21	4	38	8	38	13	2	8	3	1	2	14	6	6	7	14	6	11	6	7	9	4	1	2	7	3	4	5	5	7	3	2	3	15	8	2	4	153	78	35	21	4	38	8	38	13
GCF_000183135.1	6	5	6	2	1	9	6	6	10	10	6	9	6	7	13	7	2	2	7	4	7	8	5	2	6	1	3	19	6	2	5	152	83	40	18	6	37	7	38	17	6	5	6	2	1	9	6	6	10	10	6	9	6	7	13	7	2	2	7	4	7	8	5	2	6	1	3	19	6	2	5	152	83	40	18	6	37	7	38	17
GCF_000183155.1	4	4	1	2	1	16	6	6	5	6	4	11	6	5	6	6	1	1	4	1	6	7	4	2	5	1	3	9	2	2	5	107	57	30	13	2	25	8	32	9	4	4	1	2	1	16	6	6	5	6	4	11	6	5	6	6	1	1	4	1	6	7	4	2	5	1	3	9	2	2	5	107	57	30	13	2	25	8	32	9
GCF_000183385.1	3	3	3	1	0	1	2	0	0	0	0	0	0	1	1	0	1	1	0	0	2	3	1	0	0	0	2	0	0	0	4	16	5	6	5	0	4	2	4	1	3	3	3	1	0	1	2	0	0	0	0	0	0	1	1	0	1	1	0	0	2	3	1	0	0	0	2	0	0	0	4	16	5	6	5	0	4	2	4	1
GCF_000183405.1	5	3	2	3	2	10	7	6	6	5	4	14	6	9	12	5	1	1	9	4	6	7	8	5	5	3	4	13	7	1	4	142	74	32	18	4	35	5	39	17	5	3	2	3	2	10	7	6	6	5	4	14	6	9	12	5	1	1	9	4	6	7	8	5	5	3	4	13	7	1	4	142	74	32	18	4	35	5	39	17
GCF_000183425.1	2	5	1	1	1	11	6	5	8	8	6	9	7	5	5	4	1	2	8	4	5	6	5	2	6	3	2	8	7	2	5	130	66	34	15	5	33	7	33	9	2	5	1	1	1	11	6	5	8	8	6	9	7	5	5	4	1	2	8	4	5	6	5	2	6	3	2	8	7	2	5	130	66	34	15	5	33	7	33	9
GCF_000183665.1	2	4	2	1	3	11	6	7	5	3	6	1	6	7	7	5	1	1	2	3	3	3	2	0	4	2	3	6	4	2	4	85	43	20	8	3	16	4	30	11	2	4	2	1	3	11	6	7	5	3	6	1	6	7	7	5	1	1	2	3	3	3	2	0	4	2	3	6	4	2	4	85	43	20	8	3	16	4	30	11
GCF_000183725.1	5	3	2	1	4	13	6	6	6	6	5	13	5	10	12	5	0	3	4	4	7	5	4	2	4	2	3	11	7	1	4	128	75	30	14	4	36	6	31	18	5	3	2	1	4	13	6	6	6	6	5	13	5	10	12	5	0	3	4	4	7	5	4	2	4	2	3	11	7	1	4	128	75	30	14	4	36	6	31	18
GCF_000183745.1	5	6	2	1	3	9	7	7	8	10	4	12	4	7	2	4	1	0	9	6	7	9	7	1	6	1	3	11	7	2	5	121	67	35	21	5	36	5	28	7	5	6	2	1	3	9	7	7	8	10	4	12	4	7	2	4	1	0	9	6	7	9	7	1	6	1	3	11	7	2	5	121	67	35	21	5	36	5	28	7
GCF_000184345.1	4	5	7	4	3	9	5	6	7	6	3	10	4	8	3	5	1	0	5	3	7	5	4	2	4	2	2	4	6	2	5	102	55	23	12	6	30	4	23	9	4	5	7	4	3	9	5	6	7	6	3	10	4	8	3	5	1	0	5	3	7	5	4	2	4	2	2	4	6	2	5	102	55	23	12	6	30	4	23	9
GCF_000184435.1	4	5	2	1	7	15	8	10	9	7	6	15	6	10	9	5	2	2	9	11	8	6	9	5	7	4	3	16	12	11	4	192	101	53	21	5	44	10	50	14	4	5	2	1	7	15	8	10	9	7	6	15	6	10	9	5	2	2	9	11	8	6	9	5	7	4	3	16	12	11	4	192	101	53	21	5	44	10	50	14
GCF_000184705.1	5	5	2	2	5	9	6	8	7	8	5	11	5	7	3	5	1	0	9	7	5	9	6	6	3	0	3	8	6	4	5	131	70	41	22	6	34	4	31	7	5	5	2	2	5	9	6	8	7	8	5	11	5	7	3	5	1	0	9	7	5	9	6	6	3	0	3	8	6	4	5	131	70	41	22	6	34	4	31	7
GCF_000185805.1	5	4	2	1	2	12	8	7	5	7	5	9	6	8	8	5	1	2	4	3	7	5	4	4	5	2	3	9	7	2	4	125	64	26	11	4	32	8	35	13	5	4	2	1	2	12	8	7	5	7	5	9	6	8	8	5	1	2	4	3	7	5	4	4	5	2	3	9	7	2	4	125	64	26	11	4	32	8	35	13
GCF_000186005.1	1	3	4	1	0	1	1	0	0	0	0	0	0	2	1	0	1	1	1	0	0	2	0	0	0	0	2	0	0	0	4	12	4	5	3	0	3	1	3	1	1	3	4	1	0	1	1	0	0	0	0	0	0	2	1	0	1	1	1	0	0	2	0	0	0	0	2	0	0	0	4	12	4	5	3	0	3	1	3	1
GCF_000186225.1	6	5	4	5	3	10	6	7	8	8	6	9	6	8	11	5	2	1	8	6	8	7	5	7	6	2	3	11	6	3	5	149	69	29	15	5	36	7	37	15	6	5	4	5	3	10	6	7	8	8	6	9	6	8	11	5	2	1	8	6	8	7	5	7	6	2	3	11	6	3	5	149	69	29	15	5	36	7	37	15
GCF_000186245.1	5	3	3	0	2	13	6	6	7	6	5	15	5	11	13	5	0	2	3	4	7	4	3	3	5	1	3	9	7	2	4	129	78	27	12	4	38	6	33	18	5	3	3	0	2	13	6	6	7	6	5	15	5	11	13	5	0	2	3	4	7	4	3	3	5	1	3	9	7	2	4	129	78	27	12	4	38	6	33	18
GCF_000186265.1	3	6	2	2	2	10	6	7	8	10	6	9	6	9	6	4	2	1	11	4	6	7	6	4	6	2	3	8	3	7	4	140	71	40	18	6	40	7	35	13	3	6	2	2	2	10	6	7	8	10	6	9	6	9	6	4	2	1	11	4	6	7	6	4	6	2	3	8	3	7	4	140	71	40	18	6	40	7	35	13
GCF_000186345.1	5	4	3	3	3	10	7	7	6	5	3	11	2	10	8	1	1	0	11	5	6	6	6	4	4	2	2	10	8	2	5	144	69	34	20	3	35	5	37	15	5	4	3	3	3	10	7	7	6	5	3	11	2	10	8	1	1	0	11	5	6	6	6	4	4	2	2	10	8	2	5	144	69	34	20	3	35	5	37	15
GCF_000186385.1	4	6	2	1	3	14	5	7	6	7	3	9	5	13	6	5	1	0	9	7	8	8	8	3	4	3	3	12	8	2	5	140	72	37	21	4	30	7	31	15	4	6	2	1	3	14	5	7	6	7	3	9	5	13	6	5	1	0	9	7	8	8	8	3	4	3	3	12	8	2	5	140	72	37	21	4	30	7	31	15
GCF_000186885.1	5	4	2	3	2	10	8	8	5	5	4	12	6	9	7	5	2	2	6	6	5	6	8	6	7	2	4	21	6	2	5	144	70	34	19	4	34	4	48	14	5	4	2	3	2	10	8	8	5	5	4	12	6	9	7	5	2	2	6	6	5	6	8	6	7	2	4	21	6	2	5	144	70	34	19	4	34	4	48	14
GCF_000189295.2	4	5	2	1	4	11	9	8	6	5	5	11	6	7	8	5	1	2	4	9	8	4	5	6	6	4	3	10	6	4	6	147	68	40	17	4	35	8	40	13	4	5	2	1	4	11	9	8	6	5	5	11	6	7	8	5	1	2	4	9	8	4	5	6	6	4	3	10	6	4	6	147	68	40	17	4	35	8	40	13
GCF_000189775.2	5	5	6	4	4	9	6	8	6	7	6	11	6	14	4	7	1	1	7	3	5	8	3	4	5	1	3	2	6	3	5	121	60	28	15	6	36	5	23	12	5	5	6	4	4	9	6	8	6	7	6	11	6	14	4	7	1	1	7	3	5	8	3	4	5	1	3	2	6	3	5	121	60	28	15	6	36	5	23	12
GCF_000190435.1	5	6	10	3	4	10	5	8	7	10	5	9	2	9	7	5	2	1	5	5	7	6	3	0	1	1	2	2	5	4	5	117	62	26	11	6	35	4	13	14	5	6	10	3	4	10	5	8	7	10	5	9	2	9	7	5	2	1	5	5	7	6	3	0	1	1	2	2	5	4	5	117	62	26	11	6	35	4	13	14
GCF_000190555.1	4	4	1	1	1	14	5	6	8	4	4	12	6	8	2	6	1	0	8	9	8	7	9	3	6	1	3	10	7	1	5	125	71	34	23	2	32	7	28	8	4	4	1	1	1	14	5	6	8	4	4	12	6	8	2	6	1	0	8	9	8	7	9	3	6	1	3	10	7	1	5	125	71	34	23	2	32	7	28	8
GCF_000190575.1	3	4	7	4	2	9	6	7	8	8	6	7	6	6	6	4	1	1	7	5	6	6	5	4	5	2	3	1	5	2	5	117	59	26	14	5	34	6	25	10	3	4	7	4	2	9	6	7	8	8	6	7	6	6	6	4	1	1	7	5	6	6	5	4	5	2	3	1	5	2	5	117	59	26	14	5	34	6	25	10
GCF_000190595.1	4	4	2	3	2	10	6	6	9	8	6	11	6	9	7	6	1	1	6	5	7	6	5	5	5	2	3	11	4	6	5	138	72	35	15	6	39	5	43	13	4	4	2	3	2	10	6	6	9	8	6	11	6	9	7	6	1	1	6	5	7	6	5	5	5	2	3	11	4	6	5	138	72	35	15	6	39	5	43	13
GCF_000190635.1	4	5	3	3	4	11	5	7	7	9	5	13	8	11	9	7	1	1	8	4	6	7	5	6	6	2	3	10	7	2	4	139	77	32	16	7	41	4	39	14	4	5	3	3	4	11	5	7	7	9	5	13	8	11	9	7	1	1	8	4	6	7	5	6	6	2	3	10	7	2	4	139	77	32	16	7	41	4	39	14
GCF_000190735.1	1	6	6	2	1	11	6	5	8	9	7	8	6	9	5	5	1	2	5	2	6	4	3	3	8	2	3	8	7	2	5	125	67	30	11	6	33	7	32	12	1	6	6	2	1	11	6	5	8	9	7	8	6	9	5	5	1	2	5	2	6	4	3	3	8	2	3	8	7	2	5	125	67	30	11	6	33	7	32	12
GCF_000191045.1	4	4	2	2	2	13	7	7	5	7	5	9	6	7	9	5	1	1	3	2	7	5	3	3	5	2	3	9	7	2	4	121	64	25	9	4	32	7	33	13	4	4	2	2	2	13	7	7	5	7	5	9	6	7	9	5	1	1	3	2	7	5	3	3	5	2	3	9	7	2	4	121	64	25	9	4	32	7	33	13
GCF_000192745.1	5	6	5	2	6	15	7	9	11	10	6	12	6	8	10	5	1	1	9	15	10	8	9	6	7	2	3	17	10	6	5	198	86	63	32	4	43	8	43	14	5	6	5	2	6	15	7	9	11	10	6	12	6	8	10	5	1	1	9	15	10	8	9	6	7	2	3	17	10	6	5	198	86	63	32	4	43	8	43	14
GCF_000192865.1	4	4	2	4	6	16	7	10	14	7	8	13	8	8	6	5	4	2	8	12	7	6	4	3	9	3	3	14	7	8	4	183	82	46	18	5	45	8	48	12	4	4	2	4	6	16	7	10	14	7	8	13	8	8	6	5	4	2	8	12	7	6	4	3	9	3	3	14	7	8	4	183	82	46	18	5	45	8	48	12
GCF_000194115.1	4	5	3	1	1	14	7	7	6	6	5	0	6	13	7	4	1	2	4	4	4	6	2	2	3	4	4	1	7	1	5	90	45	17	12	2	14	6	22	15	4	5	3	1	1	14	7	7	6	6	5	0	6	13	7	4	1	2	4	4	4	6	2	2	3	4	4	1	7	1	5	90	45	17	12	2	14	6	22	15
GCF_000194135.1	4	3	2	1	2	13	5	7	5	6	5	13	6	10	8	5	1	2	5	2	5	5	6	3	5	1	3	12	7	2	4	133	74	29	13	4	34	5	35	15	4	3	2	1	2	13	5	7	5	6	5	13	6	10	8	5	1	2	5	2	5	5	6	3	5	1	3	12	7	2	4	133	74	29	13	4	34	5	35	15
GCF_000194605.1	4	4	1	2	1	13	7	5	3	6	4	6	6	6	5	6	1	2	4	2	6	6	5	5	6	1	3	10	7	1	5	120	60	28	12	2	22	8	38	9	4	4	1	2	1	13	7	5	3	6	4	6	6	6	5	6	1	2	4	2	6	6	5	5	6	1	3	10	7	1	5	120	60	28	12	2	22	8	38	9
GCF_000195275.1	4	4	3	2	4	10	7	7	4	6	4	8	4	8	5	6	1	3	5	2	5	5	4	5	6	1	3	0	7	3	5	98	54	19	10	6	29	6	21	10	4	4	3	2	4	10	7	7	4	6	4	8	4	8	5	6	1	3	5	2	5	5	4	5	6	1	3	0	7	3	5	98	54	19	10	6	29	6	21	10
GCF_000195295.1	8	4	1	2	2	11	5	8	5	4	4	14	6	9	6	5	2	4	5	5	11	7	9	5	5	2	3	13	7	2	5	142	71	43	21	5	34	3	37	13	8	4	1	2	2	11	5	8	5	4	4	14	6	9	6	5	2	4	5	5	11	7	9	5	5	2	3	13	7	2	5	142	71	43	21	5	34	3	37	13
GCF_000195335.1	5	6	1	5	2	12	5	6	8	7	3	12	4	12	8	5	2	0	10	4	5	8	7	4	5	2	3	12	7	1	5	144	80	39	20	6	32	4	38	14	5	6	1	5	2	12	5	6	8	7	3	12	4	12	8	5	2	0	10	4	5	8	7	4	5	2	3	12	7	1	5	144	80	39	20	6	32	4	38	14
GCF_000195555.1	4	4	3	2	1	13	5	6	8	5	4	13	5	10	6	4	2	2	7	2	4	7	5	2	4	2	3	6	7	1	4	113	57	23	12	3	24	8	31	14	4	4	3	2	1	13	5	6	8	5	4	13	5	10	6	4	2	2	7	2	4	7	5	2	4	2	3	6	7	1	4	113	57	23	12	3	24	8	31	14
GCF_000195975.1	1	4	1	2	2	12	5	7	4	6	3	9	6	6	6	4	1	0	4	2	7	5	4	2	6	1	3	16	6	2	4	124	66	21	10	3	26	5	34	11	1	4	1	2	2	12	5	7	4	6	3	9	6	6	6	4	1	0	4	2	7	5	4	2	6	1	3	16	6	2	4	124	66	21	10	3	26	5	34	11
GCF_000196095.1	5	7	6	1	3	14	6	8	14	10	8	14	8	14	8	5	1	3	13	9	7	8	6	7	10	3	4	14	8	8	6	226	105	64	31	6	45	6	62	17	5	7	6	1	3	14	6	8	14	10	8	14	8	14	8	5	1	3	13	9	7	8	6	7	10	3	4	14	8	8	6	226	105	64	31	6	45	6	62	17
GCF_000196115.1	2	6	3	4	2	12	8	7	4	4	2	9	1	7	4	1	1	3	6	1	6	5	4	3	5	1	3	7	8	3	5	116	60	29	16	3	30	7	31	9	2	6	3	4	2	12	8	7	4	4	2	9	1	7	4	1	1	3	6	1	6	5	4	3	5	1	3	7	8	3	5	116	60	29	16	3	30	7	31	9
GCF_000196175.1	3	3	2	1	1	9	6	6	3	4	5	2	7	7	7	6	1	2	8	2	3	6	6	1	7	1	3	6	3	1	5	97	37	26	15	3	12	8	27	11	3	3	2	1	1	9	6	6	3	4	5	2	7	7	7	6	1	2	8	2	3	6	6	1	7	1	3	6	3	1	5	97	37	26	15	3	12	8	27	11
GCF_000196275.1	3	6	2	2	3	14	5	7	6	6	3	9	5	11	4	5	1	0	10	9	6	6	5	3	5	2	3	11	8	6	5	140	68	43	18	4	29	6	27	12	3	6	2	2	3	14	5	7	6	6	3	9	5	11	4	5	1	0	10	9	6	6	5	3	5	2	3	11	8	6	5	140	68	43	18	4	29	6	27	12
GCF_000196315.1	2	3	1	2	1	9	5	5	7	4	5	6	6	5	6	4	1	2	6	4	2	5	3	6	5	1	3	8	3	1	5	110	55	25	11	3	25	5	35	10	2	3	1	2	1	9	5	5	7	4	5	6	6	5	6	4	1	2	6	4	2	5	3	6	5	1	3	8	3	1	5	110	55	25	11	3	25	5	35	10
GCF_000196355.1	5	4	3	1	5	13	6	6	7	7	7	11	6	11	7	5	1	2	6	3	6	6	6	4	6	3	3	10	7	1	4	150	78	42	23	5	39	6	44	14	5	4	3	1	5	13	6	6	7	7	7	11	6	11	7	5	1	2	6	3	6	6	6	4	6	3	3	10	7	1	4	150	78	42	23	5	39	6	44	14
GCF_000196435.1	4	5	2	1	3	12	7	7	3	3	6	6	6	6	3	4	1	2	4	2	4	6	4	4	4	2	3	3	6	2	4	90	43	21	12	3	23	7	28	7	4	5	2	1	3	12	7	7	3	3	6	6	6	6	3	4	1	2	4	2	4	6	4	4	4	2	3	3	6	2	4	90	43	21	12	3	23	7	28	7
GCF_000196455.1	5	4	3	1	1	8	7	5	7	8	6	15	6	11	5	7	1	1	6	0	6	8	4	4	6	3	3	9	7	0	5	129	63	25	13	4	33	5	32	12	5	4	3	1	1	8	7	5	7	8	6	15	6	11	5	7	1	1	6	0	6	8	4	4	6	3	3	9	7	0	5	129	63	25	13	4	33	5	32	12
GCF_000196475.1	5	4	2	3	2	12	8	7	9	9	7	15	7	10	7	6	3	2	9	9	6	7	6	5	6	4	4	15	9	3	6	198	93	54	28	5	41	8	54	13	5	4	2	3	2	12	8	7	9	9	7	15	7	10	7	6	3	2	9	9	6	7	6	5	6	4	4	15	9	3	6	198	93	54	28	5	41	8	54	13
GCF_000196515.1	4	5	1	3	3	12	3	6	4	7	4	11	6	7	6	4	1	1	5	3	6	5	5	3	6	2	4	20	9	1	5	146	85	31	18	5	33	5	44	12	4	5	1	3	3	12	3	6	4	7	4	11	6	7	6	4	1	1	5	3	6	5	5	3	6	2	4	20	9	1	5	146	85	31	18	5	33	5	44	12
GCF_000196535.1	4	3	5	1	3	16	5	7	6	8	4	8	4	11	6	6	1	1	3	4	6	4	4	1	1	4	2	6	6	2	4	106	59	22	12	4	28	7	23	13	4	3	5	1	3	16	5	7	6	8	4	8	4	11	6	6	1	1	3	4	6	4	4	1	1	4	2	6	6	2	4	106	59	22	12	4	28	7	23	13
GCF_000196555.1	2	5	4	1	3	12	7	7	5	4	5	7	5	10	3	5	1	1	3	3	4	5	4	2	0	4	2	0	5	2	3	89	44	20	12	4	30	6	16	10	2	5	4	1	3	12	7	7	5	4	5	7	5	10	3	5	1	1	3	3	4	5	4	2	0	4	2	0	5	2	3	89	44	20	12	4	30	6	16	10
GCF_000196615.1	5	10	7	3	6	16	7	8	11	13	7	16	6	11	7	6	4	3	11	9	9	8	6	7	5	5	4	14	8	5	5	230	107	63	27	6	48	8	55	15	5	10	7	3	6	16	7	8	11	13	7	16	6	11	7	6	4	3	11	9	9	8	6	7	5	5	4	14	8	5	5	230	107	63	27	6	48	8	55	15
GCF_000196795.1	3	5	2	2	6	17	7	7	8	7	7	11	8	6	3	6	1	2	9	7	7	7	5	5	9	4	3	10	7	6	4	177	76	56	25	5	40	8	46	7	3	5	2	2	6	17	7	7	8	7	7	11	8	6	3	6	1	2	9	7	7	7	5	5	9	4	3	10	7	6	4	177	76	56	25	5	40	8	46	7
GCF_000196855.1	5	7	7	2	2	12	7	6	4	7	4	5	6	8	4	5	2	2	5	1	6	10	3	5	2	3	3	0	6	1	5	107	52	24	16	4	30	4	26	9	5	7	7	2	2	12	7	6	4	7	4	5	6	8	4	5	2	2	5	1	6	10	3	5	2	3	3	0	6	1	5	107	52	24	16	4	30	4	26	9
GCF_000196875.2	3	8	6	2	6	16	7	9	12	10	7	11	6	7	6	5	3	2	8	11	9	8	5	6	7	3	3	15	7	8	4	205	82	61	30	5	43	8	49	10	3	8	6	2	6	16	7	9	12	10	7	11	6	7	6	5	3	2	8	11	9	8	5	6	7	3	3	15	7	8	4	205	82	61	30	5	43	8	49	10
GCF_000197735.1	2	6	6	1	3	16	8	7	11	7	7	12	6	9	2	5	2	1	9	9	6	2	5	6	6	4	3	9	7	6	4	169	77	45	20	4	38	8	44	9	2	6	6	1	3	16	8	7	11	7	7	12	6	9	2	5	2	1	9	9	6	2	5	6	6	4	3	9	7	6	4	169	77	45	20	4	38	8	44	9
GCF_000199675.1	5	6	2	3	1	5	3	4	8	10	3	11	6	11	8	6	1	0	7	3	4	6	3	0	1	0	3	1	4	1	4	100	46	24	17	3	29	7	8	16	5	6	2	3	1	5	3	4	8	10	3	11	6	11	8	6	1	0	7	3	4	6	3	0	1	0	3	1	4	1	4	100	46	24	17	3	29	7	8	16
GCF_000200595.1	1	5	2	1	1	10	6	6	6	6	5	12	6	6	5	4	0	2	3	3	2	3	3	2	3	1	3	7	6	2	4	98	52	25	14	2	26	4	26	9	1	5	2	1	1	10	6	6	6	6	5	12	6	6	5	4	0	2	3	3	2	3	3	2	3	1	3	7	6	2	4	98	52	25	14	2	26	4	26	9
GCF_000202835.1	3	9	5	3	6	14	6	9	12	13	6	8	5	11	19	4	6	2	10	13	8	9	6	5	6	3	5	17	9	8	4	209	95	63	31	4	39	7	44	24	3	9	5	3	6	14	6	9	12	13	6	8	5	11	19	4	6	2	10	13	8	9	6	5	6	3	5	17	9	8	4	209	95	63	31	4	39	7	44	24
GCF_000204155.1	4	6	7	2	4	16	8	10	9	9	7	13	7	13	6	8	3	3	8	7	7	7	7	5	7	4	4	11	8	7	5	195	84	52	22	5	39	10	51	15	4	6	7	2	4	16	8	10	9	9	7	13	7	13	6	8	3	3	8	7	7	7	7	5	7	4	4	11	8	7	5	195	84	52	22	5	39	10	51	15
GCF_000204645.1	4	5	2	2	3	16	7	6	8	8	8	10	7	7	6	5	1	2	8	11	7	5	7	4	6	4	3	14	9	6	4	181	79	50	26	6	40	9	44	10	4	5	2	2	3	16	7	6	8	8	8	10	7	7	6	5	1	2	8	11	7	5	7	4	6	4	3	14	9	6	4	181	79	50	26	6	40	9	44	10
GCF_000208405.1	2	3	2	3	1	11	7	6	7	9	4	11	5	12	12	5	1	1	5	2	5	3	4	2	5	1	2	10	7	1	4	132	69	25	12	4	32	7	29	19	2	3	2	3	1	11	7	6	7	9	4	11	5	12	12	5	1	1	5	2	5	3	4	2	5	1	2	10	7	1	4	132	69	25	12	4	32	7	29	19
GCF_000210915.2	2	4	2	1	1	7	6	6	4	5	6	2	7	8	9	7	1	2	3	3	3	5	4	0	5	1	3	5	1	1	5	88	35	21	12	3	14	6	21	13	2	4	2	1	1	7	6	6	4	5	6	2	7	8	9	7	1	2	3	3	3	5	4	0	5	1	3	5	1	1	5	88	35	21	12	3	14	6	21	13
GCF_000212375.1	5	4	1	3	0	11	6	4	4	3	3	4	4	5	7	5	1	1	5	5	4	7	5	3	6	1	3	8	6	1	5	102	43	20	16	2	15	9	33	9	5	4	1	3	0	11	6	4	4	3	3	4	4	5	7	5	1	1	5	5	4	7	5	3	6	1	3	8	6	1	5	102	43	20	16	2	15	9	33	9
GCF_000212395.1	3	3	2	1	2	11	6	6	5	7	5	10	6	6	9	5	1	0	5	4	2	5	2	4	5	1	3	4	6	1	4	104	60	22	11	5	30	6	29	12	3	3	2	1	2	11	6	6	5	7	5	10	6	6	9	5	1	0	5	4	2	5	2	4	5	1	3	4	6	1	4	104	60	22	11	5	30	6	29	12
GCF_000212415.1	4	5	4	3	4	7	6	7	6	7	4	11	5	11	9	5	1	1	4	3	6	6	4	2	0	1	2	0	7	3	5	103	56	24	11	6	37	3	10	15	4	5	4	3	4	7	6	7	6	7	4	11	5	11	9	5	1	1	4	3	6	6	4	2	0	1	2	0	7	3	5	103	56	24	11	6	37	3	10	15
GCF_000212675.2	5	7	3	2	3	9	7	8	6	5	5	11	8	10	13	7	1	2	4	7	6	5	4	6	6	1	3	10	6	3	5	141	73	36	18	4	36	5	37	18	5	7	3	2	3	9	7	8	6	5	5	11	8	10	13	7	1	2	4	7	6	5	4	6	6	1	3	10	6	3	5	141	73	36	18	4	36	5	37	18
GCF_000212695.1	4	5	6	4	3	14	6	7	8	9	6	14	9	12	5	7	2	1	7	6	6	5	6	4	6	4	3	7	7	10	4	167	76	48	21	4	39	8	36	13	4	5	6	4	3	14	6	7	8	9	6	14	9	12	5	7	2	1	7	6	6	5	6	4	6	4	3	7	7	10	4	167	76	48	21	4	39	8	36	13
GCF_000212735.1	4	7	7	3	3	11	6	7	10	11	6	14	6	8	11	5	2	2	7	6	7	6	6	1	6	2	3	12	0	7	5	168	79	46	18	6	42	6	39	19	4	7	7	3	3	11	6	7	10	11	6	14	6	8	11	5	2	2	7	6	7	6	6	1	6	2	3	12	0	7	5	168	79	46	18	6	42	6	39	19
GCF_000213235.1	6	7	3	3	0	8	7	3	9	7	7	13	8	7	2	7	3	0	13	4	8	12	5	0	5	0	3	12	6	1	4	138	68	41	24	5	37	3	25	6	6	7	3	3	0	8	7	3	9	7	7	13	8	7	2	7	3	0	13	4	8	12	5	0	5	0	3	12	6	1	4	138	68	41	24	5	37	3	25	6
GCF_000213255.1	4	7	10	3	1	13	6	7	7	7	5	15	7	12	4	7	3	1	8	2	6	9	3	3	5	1	3	10	6	2	4	140	76	38	15	4	41	4	31	12	4	7	10	3	1	13	6	7	7	7	5	15	7	12	4	7	3	1	8	2	6	9	3	3	5	1	3	10	6	2	4	140	76	38	15	4	41	4	31	12
GCF_000213655.1	4	7	3	1	2	13	5	5	11	13	9	14	5	11	8	5	1	2	11	4	8	7	6	3	8	2	4	12	7	5	5	188	95	60	30	6	49	5	46	16	4	7	3	1	2	13	5	5	11	13	9	14	5	11	8	5	1	2	11	4	8	7	6	3	8	2	4	12	7	5	5	188	95	60	30	6	49	5	46	16
GCF_000214155.1	4	4	3	1	6	12	7	9	9	9	6	13	6	9	6	5	2	2	9	10	7	6	6	5	5	4	3	14	11	8	4	170	88	49	22	5	43	7	44	12	4	4	3	1	6	12	7	9	9	9	6	13	6	9	6	5	2	2	9	10	7	6	6	5	5	4	3	14	11	8	4	170	88	49	22	5	43	7	44	12
GCF_000214175.1	3	6	4	1	5	14	8	7	11	8	6	14	6	10	6	5	2	2	10	7	15	3	11	5	10	4	3	15	7	8	4	192	85	55	22	5	39	8	50	12	3	6	4	1	5	14	8	7	11	8	6	14	6	10	6	5	2	2	10	7	15	3	11	5	10	4	3	15	7	8	4	192	85	55	22	5	39	8	50	12
GCF_000214215.1	4	5	5	3	6	15	8	7	14	7	8	14	7	10	12	5	3	3	8	12	9	5	6	3	5	2	3	14	7	7	4	197	89	54	25	5	44	6	46	17	4	5	5	3	6	15	8	7	14	7	8	14	7	10	12	5	3	3	8	12	9	5	6	3	5	2	3	14	7	7	4	197	89	54	25	5	44	6	46	17
GCF_000214235.1	7	7	9	2	7	15	7	9	14	16	8	15	9	13	10	7	2	3	12	13	9	8	6	5	7	4	4	14	9	8	5	247	115	70	31	6	48	9	58	18	7	7	9	2	7	15	7	9	14	16	8	15	9	13	10	7	2	3	12	13	9	8	6	5	7	4	4	14	9	8	5	247	115	70	31	6	48	9	58	18
GCF_000214705.1	4	4	2	3	4	10	4	9	6	7	6	14	6	10	8	6	2	1	9	4	4	9	5	3	5	1	3	14	7	4	4	143	80	37	18	5	39	2	37	14	4	4	2	3	4	10	4	9	6	7	6	14	6	10	8	6	2	1	9	4	4	9	5	3	5	1	3	14	7	4	4	143	80	37	18	5	39	2	37	14
GCF_000214825.1	3	4	2	1	3	14	6	6	7	7	6	9	5	7	6	5	1	3	6	3	7	6	5	3	6	2	3	10	3	5	4	130	66	34	15	5	35	7	39	11	3	4	2	1	3	14	6	6	7	7	6	9	5	7	6	5	1	3	6	3	7	6	5	3	6	2	3	10	3	5	4	130	66	34	15	5	35	7	39	11
GCF_000215085.1	4	4	3	2	4	10	7	9	6	13	8	12	7	12	8	7	1	2	6	9	5	5	4	4	7	1	3	13	8	5	5	155	82	39	17	7	42	5	36	16	4	4	3	2	4	10	7	9	6	13	8	12	7	12	8	7	1	2	6	9	5	5	4	4	7	1	3	13	8	5	5	155	82	39	17	7	42	5	36	16
GCF_000215705.1	4	5	2	1	5	14	8	8	7	8	7	9	5	11	9	6	1	2	10	14	6	5	9	5	8	3	4	12	8	7	4	179	84	55	28	7	42	7	42	16	4	5	2	1	5	14	8	8	7	8	7	9	5	11	9	6	1	2	10	14	6	5	9	5	8	3	4	12	8	7	4	179	84	55	28	7	42	7	42	16
GCF_000215975.1	3	4	2	1	2	8	4	6	5	5	5	9	6	5	7	4	1	1	4	3	2	4	4	3	5	2	3	5	7	1	4	95	56	19	10	5	26	2	26	10	3	4	2	1	2	8	4	6	5	5	5	9	6	5	7	4	1	1	4	3	2	4	4	3	5	2	3	5	7	1	4	95	56	19	10	5	26	2	26	10
GCF_000217655.1	2	4	1	1	0	0	2	2	0	0	1	0	4	3	0	5	1	1	1	0	3	3	1	2	0	1	2	0	6	1	5	34	13	6	5	0	6	2	5	3	2	4	1	1	0	0	2	2	0	0	1	0	4	3	0	5	1	1	1	0	3	3	1	2	0	1	2	0	6	1	5	34	13	6	5	0	6	2	5	3
GCF_000217795.1	6	4	2	2	2	9	5	6	5	5	5	12	6	11	7	6	2	1	5	4	2	6	4	5	5	3	3	11	7	1	4	129	67	27	13	5	31	3	38	15	6	4	2	2	2	9	5	6	5	5	5	12	6	11	7	6	2	1	5	4	2	6	4	5	5	3	3	11	7	1	4	129	67	27	13	5	31	3	38	15
GCF_000217815.1	3	6	5	1	3	13	3	7	7	6	6	10	4	9	1	4	1	1	6	1	2	5	2	2	4	1	3	3	6	2	5	101	58	19	10	6	32	5	13	9	3	6	5	1	3	13	3	7	7	6	6	10	4	9	1	4	1	1	6	1	2	5	2	2	4	1	3	3	6	2	5	101	58	19	10	6	32	5	13	9
GCF_000218545.1	3	6	5	1	3	15	6	7	8	8	6	13	7	10	2	6	2	1	6	6	4	3	3	2	4	4	3	8	7	8	4	138	72	37	16	4	39	8	31	9	3	6	5	1	3	15	6	7	8	8	6	13	7	10	2	6	2	1	6	6	4	3	3	2	4	4	3	8	7	8	4	138	72	37	16	4	39	8	31	9
GCF_000218565.1	6	6	3	1	2	12	6	6	8	7	6	10	6	8	10	5	1	2	9	15	7	11	7	6	6	2	5	14	11	7	4	180	88	54	34	4	39	6	48	14	6	6	3	1	2	12	6	6	8	7	6	10	6	8	10	5	1	2	9	15	7	11	7	6	6	2	5	14	11	7	4	180	88	54	34	4	39	6	48	14
GCF_000218625.1	5	3	2	2	3	10	7	8	8	6	4	13	6	9	10	5	1	1	9	6	7	8	7	6	5	1	5	10	7	2	4	146	75	37	19	4	35	5	40	15	5	3	2	2	3	10	7	8	8	6	4	13	6	9	10	5	1	1	9	6	7	8	7	6	5	1	5	10	7	2	4	146	75	37	19	4	35	5	40	15
GCF_000218855.1	4	5	9	5	3	10	9	6	9	11	7	11	7	18	14	7	1	3	5	2	4	7	1	6	5	3	3	7	8	1	6	148	74	24	11	7	38	7	39	23	4	5	9	5	3	10	9	6	9	11	7	11	7	18	14	7	1	3	5	2	4	7	1	6	5	3	3	7	8	1	6	148	74	24	11	7	38	7	39	23
GCF_000218895.1	4	6	10	3	4	12	7	7	9	7	5	13	6	12	12	6	3	2	7	6	7	7	5	3	6	1	3	12	5	8	5	161	83	44	16	5	40	8	36	18	4	6	10	3	4	12	7	7	9	7	5	13	6	12	12	6	3	2	7	6	7	7	5	3	6	1	3	12	5	8	5	161	83	44	16	5	40	8	36	18
GCF_000219045.1	3	4	3	2	2	13	5	6	9	6	5	12	5	10	9	4	2	2	7	2	4	7	5	2	5	2	3	6	7	1	4	122	65	24	13	6	34	8	30	17	3	4	3	2	2	13	5	6	9	6	5	12	5	10	9	4	2	2	7	2	4	7	5	2	5	2	3	6	7	1	4	122	65	24	13	6	34	8	30	17
GCF_000219215.1	5	10	4	3	3	17	9	6	8	8	7	12	7	8	10	5	1	1	12	22	11	9	13	3	12	5	5	12	8	6	4	249	90	91	51	7	47	9	58	14	5	10	4	3	3	17	9	6	8	8	7	12	7	8	10	5	1	1	12	22	11	9	13	3	12	5	5	12	8	6	4	249	90	91	51	7	47	9	58	14
GCF_000219725.1	3	5	9	1	3	11	5	6	9	9	4	11	5	9	8	5	1	1	7	5	6	7	3	4	3	1	2	3	6	2	5	126	67	28	16	6	35	4	19	14	3	5	9	1	3	11	5	6	9	9	4	11	5	9	8	5	1	1	7	5	6	7	3	4	3	1	2	3	6	2	5	126	67	28	16	6	35	4	19	14
GCF_000219805.1	3	6	6	1	1	5	2	4	1	0	1	0	4	9	5	6	1	1	1	2	3	4	1	3	4	3	3	0	7	1	5	63	22	10	9	0	7	5	17	10	3	6	6	1	1	5	2	4	1	0	1	0	4	9	5	6	1	1	1	2	3	4	1	3	4	3	3	0	7	1	5	63	22	10	9	0	7	5	17	10
GCF_000219915.2	4	4	2	1	3	16	7	7	11	7	7	12	5	6	7	5	1	2	8	7	7	7	5	4	6	3	3	10	8	5	4	171	74	52	25	5	40	9	41	11	4	4	2	1	3	16	7	7	11	7	7	12	5	6	7	5	1	2	8	7	7	7	5	4	6	3	3	10	8	5	4	171	74	52	25	5	40	9	41	11
GCF_000220705.2	6	5	3	4	4	14	6	9	12	10	7	12	6	11	4	5	3	1	13	8	11	8	10	5	7	4	3	16	12	7	4	189	85	56	25	6	40	8	43	13	6	5	3	4	4	14	6	9	12	10	7	12	6	11	4	5	3	1	13	8	11	8	10	5	7	4	3	16	12	7	4	189	85	56	25	6	40	8	43	13
GCF_000220945.1	3	7	4	3	5	19	7	10	12	16	7	18	9	16	8	7	2	2	10	16	11	5	8	6	12	4	4	20	7	7	5	246	103	64	28	4	47	9	63	20	3	7	4	3	5	19	7	10	12	16	7	18	9	16	8	7	2	2	10	16	11	5	8	6	12	4	4	20	7	7	5	246	103	64	28	4	47	9	63	20
GCF_000221985.1	2	4	2	1	1	11	7	6	7	6	4	8	4	12	2	5	1	1	3	2	4	5	3	5	7	2	3	1	7	1	5	103	51	18	13	3	25	4	31	10	2	4	2	1	1	11	7	6	7	6	4	8	4	12	2	5	1	1	3	2	4	5	3	5	7	2	3	1	7	1	5	103	51	18	13	3	25	4	31	10
GCF_000222975.1	6	12	9	3	2	13	7	6	11	10	7	15	7	14	11	6	3	3	11	9	10	9	7	5	5	4	4	13	7	3	5	218	101	61	30	5	43	8	53	19	6	12	9	3	2	13	7	6	11	10	7	15	7	14	11	6	3	3	11	9	10	9	7	5	5	4	4	13	7	3	5	218	101	61	30	5	43	8	53	19
GCF_000223215.1	3	4	4	2	4	11	5	7	6	8	5	9	6	9	9	5	1	1	2	2	5	4	2	5	5	1	3	1	6	2	4	118	59	20	10	6	35	6	23	16	3	4	4	2	4	11	5	7	6	8	5	9	6	9	9	5	1	1	2	2	5	4	2	5	5	1	3	1	6	2	4	118	59	20	10	6	35	6	23	16
GCF_000224085.1	7	6	5	1	2	9	7	6	9	7	6	11	6	7	5	5	1	1	11	5	8	9	8	6	5	1	3	12	4	7	5	144	75	44	20	6	36	6	39	10	7	6	5	1	2	9	7	6	9	7	6	11	6	7	5	5	1	1	11	5	8	9	8	6	5	1	3	12	4	7	5	144	75	44	20	6	36	6	39	10
GCF_000225345.1	3	3	7	3	3	9	6	9	5	7	5	9	7	11	8	5	1	1	3	3	5	5	3	4	6	2	3	5	7	3	5	116	60	23	9	3	31	5	26	14	3	3	7	3	3	9	6	9	5	7	5	9	7	11	8	5	1	1	3	3	5	5	3	4	6	2	3	5	7	3	5	116	60	23	9	3	31	5	26	14
GCF_000226295.1	3	6	2	2	2	13	5	6	6	7	5	7	6	11	9	5	1	1	3	2	3	6	1	3	5	2	3	16	6	1	5	131	65	23	10	3	27	5	37	17	3	6	2	2	2	13	5	6	6	7	5	7	6	11	9	5	1	1	3	2	3	6	1	3	5	2	3	16	6	1	5	131	65	23	10	3	27	5	37	17
GCF_000226565.1	6	5	2	1	2	12	5	5	9	9	7	13	5	9	10	5	1	3	13	7	7	8	7	2	7	2	4	12	8	1	5	180	92	51	29	5	42	5	45	15	6	5	2	1	2	12	5	5	9	9	7	13	5	9	10	5	1	3	13	7	7	8	7	2	7	2	4	12	8	1	5	180	92	51	29	5	42	5	45	15
GCF_000226625.1	4	3	2	1	1	13	7	6	4	5	6	0	7	6	3	5	1	1	4	2	4	5	3	4	4	2	3	7	7	1	4	92	43	25	11	3	17	7	32	7	4	3	2	1	1	13	7	6	4	5	6	0	7	6	3	5	1	1	4	2	4	5	3	4	4	2	3	7	7	1	4	92	43	25	11	3	17	7	32	7
GCF_000227465.1	3	5	9	2	3	14	7	6	11	16	7	11	7	17	9	6	3	3	5	5	5	6	3	5	5	5	4	11	8	5	6	186	92	44	18	7	41	6	48	17	3	5	9	2	3	14	7	6	11	16	7	11	7	17	9	6	3	3	5	5	5	6	3	5	5	5	4	11	8	5	6	186	92	44	18	7	41	6	48	17
GCF_000227705.2	1	6	10	2	4	12	8	8	8	15	7	11	7	12	7	7	1	2	3	3	6	5	2	3	9	4	3	10	7	6	4	151	79	33	9	8	41	7	39	14	1	6	10	2	4	12	8	8	8	15	7	11	7	12	7	7	1	2	3	3	6	5	2	3	9	4	3	10	7	6	4	151	79	33	9	8	41	7	39	14
GCF_000227745.2	5	3	2	1	3	10	6	7	7	11	9	10	6	11	9	6	1	2	14	5	6	9	6	4	5	3	4	20	8	2	4	175	92	45	25	8	41	4	53	16	5	3	2	1	3	10	6	7	7	11	9	10	6	11	9	6	1	2	14	5	6	9	6	4	5	3	4	20	8	2	4	175	92	45	25	8	41	4	53	16
GCF_000230655.2	3	6	4	1	3	11	4	6	8	9	6	9	6	8	1	4	1	0	5	1	4	4	4	2	3	1	3	1	7	2	4	99	57	24	11	8	31	5	11	8	3	6	4	1	3	11	4	6	8	9	6	9	6	8	1	4	1	0	5	1	4	4	4	2	3	1	3	1	7	2	4	99	57	24	11	8	31	5	11	8
GCF_000230995.2	6	9	7	4	9	16	7	14	15	7	6	10	9	14	11	9	6	2	9	16	10	9	9	1	9	3	5	19	7	12	4	229	93	74	35	4	44	8	51	21	6	9	7	4	9	16	7	14	15	7	6	10	9	14	11	9	6	2	9	16	10	9	9	1	9	3	5	19	7	12	4	229	93	74	35	4	44	8	51	21
GCF_000231385.2	5	4	3	1	3	10	7	9	7	12	5	14	8	9	8	6	1	1	9	9	5	8	4	6	6	3	3	12	7	4	6	156	79	37	22	6	43	6	38	13	5	4	3	1	3	10	7	9	7	12	5	14	8	9	8	6	1	1	9	9	5	8	4	6	6	3	3	12	7	4	6	156	79	37	22	6	43	6	38	13
GCF_000231405.2	5	4	2	1	4	11	7	10	6	11	5	12	7	12	6	6	1	2	10	9	4	10	3	5	5	2	3	10	7	4	5	146	83	35	22	5	39	7	37	15	5	4	2	1	4	11	7	10	6	11	5	12	7	12	6	6	1	2	10	9	4	10	3	5	5	2	3	10	7	4	5	146	83	35	22	5	39	7	37	15
GCF_000233715.2	4	4	3	2	5	13	9	11	7	7	7	17	7	12	5	8	1	3	9	7	7	7	4	6	5	1	3	14	9	5	5	175	81	46	15	7	45	6	45	12	4	4	3	2	5	13	9	11	7	7	7	17	7	12	5	8	1	3	9	7	7	7	4	6	5	1	3	14	9	5	5	175	81	46	15	7	45	6	45	12
GCF_000233915.3	4	5	2	2	6	13	7	8	5	10	5	8	4	9	10	5	1	2	8	7	7	6	6	3	4	3	4	10	7	3	5	151	75	42	23	3	31	7	36	15	4	5	2	2	6	13	7	8	5	10	5	8	4	9	10	5	1	2	8	7	7	6	6	3	4	3	4	10	7	3	5	151	75	42	23	3	31	7	36	15
GCF_000235405.2	5	6	1	2	3	10	5	9	6	6	5	1	7	11	6	6	1	1	5	3	7	9	6	2	3	1	3	4	8	5	5	103	54	31	21	4	21	6	14	13	5	6	1	2	3	10	5	9	6	6	5	1	7	11	6	6	1	1	5	3	7	9	6	2	3	1	3	4	8	5	5	103	54	31	21	4	21	6	14	13
GCF_000235585.1	5	8	11	4	3	11	8	7	8	17	6	13	8	16	9	7	2	2	13	6	7	15	5	6	8	4	3	16	8	12	5	201	94	58	25	6	43	5	48	20	5	8	11	4	3	11	8	7	8	17	6	13	8	16	9	7	2	2	13	6	7	15	5	6	8	4	3	16	8	12	5	201	94	58	25	6	43	5	48	20
GCF_000235605.1	6	4	5	1	3	12	7	11	9	9	6	13	9	13	9	6	1	2	14	8	7	11	7	6	7	3	3	14	7	3	6	178	83	44	28	6	40	7	48	16	6	4	5	1	3	12	7	11	9	9	6	13	9	13	9	6	1	2	14	8	7	11	7	6	7	3	3	14	7	3	6	178	83	44	28	6	40	7	48	16
GCF_000236665.1	4	3	2	3	3	14	7	6	8	8	8	11	6	8	12	5	1	1	10	11	7	7	8	4	6	3	3	14	8	7	4	172	80	51	25	7	41	8	49	16	4	3	2	3	3	14	7	6	8	8	8	11	6	8	12	5	1	1	10	11	7	7	8	4	6	3	3	14	8	7	4	172	80	51	25	7	41	8	49	16
GCF_000236685.1	6	4	13	3	4	11	4	7	10	9	5	16	5	8	1	8	3	2	6	5	7	6	3	0	0	1	2	2	5	3	6	132	65	27	13	6	42	4	12	8	6	4	13	3	4	11	4	7	10	9	5	16	5	8	1	8	3	2	6	5	7	6	3	0	0	1	2	2	5	3	6	132	65	27	13	6	42	4	12	8
GCF_000236705.1	2	3	1	1	1	11	5	6	5	3	4	6	7	6	4	4	1	2	6	2	5	5	4	2	5	1	3	9	4	2	5	108	53	25	10	3	25	7	31	9	2	3	1	1	1	11	5	6	5	3	4	6	7	6	4	4	1	2	6	2	5	5	4	2	5	1	3	9	4	2	5	108	53	25	10	3	25	7	31	9
GCF_000236925.1	2	5	2	1	2	12	5	6	9	6	4	8	5	8	3	6	1	2	4	5	3	3	2	5	6	3	4	7	8	5	5	125	59	25	13	4	24	5	38	7	2	5	2	1	2	12	5	6	9	6	4	8	5	8	3	6	1	2	4	5	3	3	2	5	6	3	4	7	8	5	5	125	59	25	13	4	24	5	38	7
GCF_000237305.1	3	5	5	1	5	16	6	9	12	9	9	13	6	10	4	4	2	1	8	5	8	4	6	5	7	4	3	18	11	7	4	188	81	50	15	7	41	8	55	11	3	5	5	1	5	16	6	9	12	9	9	13	6	10	4	4	2	1	8	5	8	4	6	5	7	4	3	18	11	7	4	188	81	50	15	7	41	8	55	11
GCF_000238215.1	3	5	3	3	1	11	6	5	5	6	5	4	5	5	6	3	1	1	6	3	4	5	4	2	6	2	3	7	6	2	5	103	48	20	11	5	20	9	27	9	3	5	3	3	1	11	6	5	5	6	5	4	5	5	6	3	1	1	6	3	4	5	4	2	6	2	3	7	6	2	5	103	48	20	11	5	20	9	27	9
GCF_000238255.3	5	6	4	1	1	15	3	5	12	17	9	14	6	12	5	5	1	3	11	4	5	8	5	3	7	2	3	12	7	1	6	183	89	49	24	6	45	6	47	11	5	6	4	1	1	15	3	5	12	17	9	14	6	12	5	5	1	3	11	4	5	8	5	3	7	2	3	12	7	1	6	183	89	49	24	6	45	6	47	11
GCF_000238395.3	4	7	4	1	1	14	6	5	13	19	10	15	6	16	5	6	1	3	14	7	7	7	7	3	9	2	3	11	7	5	5	209	94	60	31	7	47	6	47	17	4	7	4	1	1	14	6	5	13	19	10	15	6	16	5	6	1	3	14	7	7	7	7	3	9	2	3	11	7	5	5	209	94	60	31	7	47	6	47	17
GCF_000242255.2	4	5	3	1	2	15	6	6	7	11	4	13	5	7	7	6	1	2	10	5	7	7	6	4	6	3	4	16	8	1	5	164	75	36	20	2	33	8	45	11	4	5	3	1	2	15	6	6	7	11	4	13	5	7	7	6	1	2	10	5	7	7	6	4	6	3	4	16	8	1	5	164	75	36	20	2	33	8	45	11
GCF_000242335.1	3	4	7	3	2	8	6	6	7	11	5	7	5	7	7	5	1	1	6	3	5	6	2	3	5	1	2	2	6	2	5	106	61	22	13	5	36	6	18	11	3	4	7	3	2	8	6	6	7	11	5	7	5	7	7	5	1	1	6	3	5	6	2	3	5	1	2	2	6	2	5	106	61	22	13	5	36	6	18	11
GCF_000242455.2	3	4	4	3	4	15	7	8	3	5	4	10	2	10	8	2	2	2	13	3	6	6	6	2	4	2	2	13	9	3	5	151	69	37	19	3	32	7	36	16	3	4	4	3	4	15	7	8	3	5	4	10	2	10	8	2	2	2	13	3	6	6	6	2	4	2	2	13	9	3	5	151	69	37	19	3	32	7	36	16
GCF_000242595.2	3	6	3	2	4	14	6	7	8	7	4	10	5	8	4	5	1	1	2	2	6	5	4	0	5	2	3	1	4	3	5	104	62	22	14	6	33	6	20	9	3	6	3	2	4	14	6	7	8	7	4	10	5	8	4	5	1	1	2	2	6	5	4	0	5	2	3	1	4	3	5	104	62	22	14	6	33	6	20	9
GCF_000242635.2	3	3	2	2	1	13	6	5	8	8	6	9	6	6	5	5	1	1	9	4	3	5	4	7	8	3	3	8	7	6	5	133	63	33	13	5	30	9	37	9	3	3	2	2	1	13	6	5	8	8	6	9	6	6	5	5	1	1	9	4	3	5	4	7	8	3	3	8	7	6	5	133	63	33	13	5	30	9	37	9
GCF_000243115.2	2	7	6	1	1	12	6	5	9	10	6	9	6	8	5	5	2	2	6	2	6	7	3	2	7	2	3	8	5	6	5	130	67	35	14	6	33	8	29	12	2	7	6	1	1	12	6	5	9	10	6	9	6	8	5	5	2	2	6	2	6	7	3	2	7	2	3	8	5	6	5	130	67	35	14	6	33	8	29	12
GCF_000243135.2	5	4	2	1	4	10	8	9	5	10	6	9	8	10	8	7	1	1	9	6	3	8	3	1	6	2	3	10	7	5	5	134	72	33	16	5	34	5	30	15	5	4	2	1	4	10	8	9	5	10	6	9	8	10	8	7	1	1	9	6	3	8	3	1	6	2	3	10	7	5	5	134	72	33	16	5	34	5	30	15
GCF_000243155.2	5	4	3	1	4	12	7	10	7	10	6	13	7	13	9	6	1	1	10	10	4	10	4	4	6	2	3	12	7	5	6	159	82	39	23	5	41	7	41	16	5	4	3	1	4	12	7	10	7	10	6	13	7	13	9	6	1	1	10	10	4	10	4	4	6	2	3	12	7	5	6	159	82	39	23	5	41	7	41	16
GCF_000246855.1	6	8	7	6	1	15	7	6	9	9	6	11	6	10	12	6	3	2	10	4	7	8	7	5	8	2	3	13	6	6	5	176	83	48	22	6	39	10	46	19	6	8	7	6	1	15	7	6	9	9	6	11	6	10	12	6	3	2	10	4	7	8	7	5	8	2	3	13	6	6	5	176	83	48	22	6	39	10	46	19
GCF_000247605.1	3	8	2	2	6	11	8	9	7	10	4	10	5	10	8	5	2	1	6	5	4	5	3	3	6	3	3	13	5	4	4	146	70	27	11	7	39	8	40	14	3	8	2	2	6	11	8	9	7	10	4	10	5	10	8	5	2	1	6	5	4	5	3	3	6	3	3	13	5	4	4	146	70	27	11	7	39	8	40	14
GCF_000247715.1	4	5	3	2	7	17	8	10	10	10	6	15	6	12	8	5	2	3	11	11	10	6	10	5	9	4	3	14	8	11	4	204	98	62	27	5	45	11	49	16	4	5	3	2	7	17	8	10	10	10	6	15	6	12	8	5	2	3	11	11	10	6	10	5	9	4	3	14	8	11	4	204	98	62	27	5	45	11	49	16
GCF_000250635.1	4	4	1	3	1	11	6	5	3	6	4	5	6	6	8	5	1	2	4	2	6	7	4	4	6	2	3	9	1	1	5	104	45	26	12	2	17	8	35	12	4	4	1	3	1	11	6	5	3	6	4	5	6	6	8	5	1	2	4	2	6	7	4	4	6	2	3	9	1	1	5	104	45	26	12	2	17	8	35	12
GCF_000252445.1	4	5	2	1	3	14	5	7	7	3	3	9	5	12	2	6	1	1	8	11	5	6	5	1	5	2	3	13	8	6	5	136	70	41	19	4	30	6	29	12	4	5	2	1	3	14	5	7	7	3	3	9	5	12	2	6	1	1	8	11	5	6	5	1	5	2	3	13	8	6	5	136	70	41	19	4	30	6	29	12
GCF_000253015.1	4	4	2	1	3	12	6	7	2	2	6	5	6	6	3	4	1	2	3	3	3	5	4	4	4	2	3	3	6	2	4	85	42	19	11	4	22	6	28	7	4	4	2	1	3	12	6	7	2	2	6	5	6	6	3	4	1	2	3	3	3	5	4	4	4	2	3	3	6	2	4	85	42	19	11	4	22	6	28	7
GCF_000253175.1	6	9	8	1	2	13	7	6	9	11	7	15	8	15	10	7	2	3	11	12	7	7	8	6	6	4	4	18	7	3	5	227	102	58	31	5	41	8	57	19	6	9	8	1	2	13	7	6	9	11	7	15	8	15	10	7	2	3	11	12	7	7	8	6	6	4	4	18	7	3	5	227	102	58	31	5	41	8	57	19
GCF_000253315.1	1	4	2	1	3	10	7	6	7	7	4	8	4	12	5	5	1	1	3	1	5	4	3	0	2	3	3	1	6	1	5	96	52	17	10	5	31	3	23	13	1	4	2	1	3	10	7	6	7	7	4	8	4	12	5	5	1	1	3	1	5	4	3	0	2	3	3	1	6	1	5	96	52	17	10	5	31	3	23	13
GCF_000253375.1	2	4	2	2	4	14	7	8	8	9	6	12	5	9	8	4	2	2	7	10	7	3	6	5	6	4	3	16	12	7	4	162	85	40	17	4	39	9	44	14	2	4	2	2	4	14	7	8	8	9	6	12	5	9	8	4	2	2	7	10	7	3	6	5	6	4	3	16	12	7	4	162	85	40	17	4	39	9	44	14
GCF_000255115.2	4	4	7	2	3	11	7	10	7	10	5	12	7	14	10	7	1	1	12	8	8	11	7	5	7	3	3	12	8	3	5	168	79	44	28	5	37	6	40	20	4	4	7	2	3	11	7	10	7	10	5	12	7	14	10	7	1	1	12	8	8	11	7	5	7	3	3	12	8	3	5	168	79	44	28	5	37	6	40	20
GCF_000255135.1	3	5	1	4	3	11	7	6	6	4	4	6	5	8	4	5	1	2	3	3	4	6	4	2	3	1	3	2	7	2	5	88	45	17	13	3	19	6	16	11	3	5	1	4	3	11	7	6	6	4	4	6	5	8	4	5	1	2	3	3	4	6	4	2	3	1	3	2	7	2	5	88	45	17	13	3	19	6	16	11
GCF_000255295.1	4	8	2	2	3	16	7	7	10	16	8	13	10	10	7	9	3	2	7	7	7	5	6	5	7	2	6	9	5	2	5	175	91	44	25	5	42	8	48	14	4	8	2	2	3	16	7	7	10	16	8	13	10	10	7	9	3	2	7	7	7	5	6	5	7	2	6	9	5	2	5	175	91	44	25	5	42	8	48	14
GCF_000258405.1	7	5	1	4	2	13	7	7	5	5	2	11	9	8	9	8	1	3	4	4	7	7	5	1	5	1	3	9	8	3	5	135	74	24	14	0	27	7	34	15	7	5	1	4	2	13	7	7	5	5	2	11	9	8	9	8	1	3	4	4	7	7	5	1	5	1	3	9	8	3	5	135	74	24	14	0	27	7	34	15
GCF_000258535.2	5	8	12	4	5	15	7	8	9	19	7	14	7	19	15	9	3	2	8	6	8	8	6	9	9	4	3	15	9	16	6	222	110	62	22	7	46	6	54	26	5	8	12	4	5	15	7	8	9	19	7	14	7	19	15	9	3	2	8	6	8	8	6	9	9	4	3	15	9	16	6	222	110	62	22	7	46	6	54	26
GCF_000259275.1	2	5	2	1	1	4	6	5	6	3	5	12	6	6	5	4	0	2	2	3	4	3	3	5	3	1	3	7	7	1	4	92	47	23	11	2	24	4	31	9	2	5	2	1	1	4	6	5	6	3	5	12	6	6	5	4	0	2	2	3	4	3	3	5	3	1	3	7	7	1	4	92	47	23	11	2	24	4	31	9
GCF_000261345.2	5	5	5	3	4	17	6	9	16	11	8	14	7	14	5	5	3	1	12	14	8	7	9	4	7	4	3	17	9	7	4	208	90	64	26	5	42	8	46	15	5	5	5	3	4	17	6	9	16	11	8	14	7	14	5	5	3	1	12	14	8	7	9	4	7	4	3	17	9	7	4	208	90	64	26	5	42	8	46	15
GCF_000263195.1	4	6	7	3	4	10	7	7	9	7	5	9	5	9	8	4	2	2	8	9	7	7	5	3	8	1	3	11	6	3	5	154	76	39	18	5	36	7	37	15	4	6	7	3	4	10	7	7	9	7	5	9	5	9	8	4	2	2	8	9	7	7	5	3	8	1	3	11	6	3	5	154	76	39	18	5	36	7	37	15
GCF_000264765.2	6	6	7	3	2	15	7	7	10	8	7	15	7	13	8	7	3	2	11	6	7	7	7	5	5	3	4	14	8	1	5	200	93	54	23	5	42	9	54	16	6	6	7	3	2	15	7	7	10	8	7	15	7	13	8	7	3	2	11	6	7	7	7	5	5	3	4	14	8	1	5	200	93	54	23	5	42	9	54	16
GCF_000265295.1	4	3	2	0	2	12	6	6	9	7	6	14	4	7	8	5	0	3	7	8	8	4	4	5	5	2	3	9	7	1	5	132	73	32	16	5	37	6	35	12	4	3	2	0	2	12	6	6	9	7	6	14	4	7	8	5	0	3	7	8	8	4	4	5	5	2	3	9	7	1	5	132	73	32	16	5	37	6	35	12
GCF_000265385.1	4	4	1	2	1	10	7	5	5	3	4	9	6	7	10	6	1	2	4	2	6	6	5	3	5	2	3	10	3	2	5	118	62	29	12	2	26	6	37	14	4	4	1	2	1	10	7	5	5	3	4	9	6	7	10	6	1	2	4	2	6	6	5	3	5	2	3	10	3	2	5	118	62	29	12	2	26	6	37	14
GCF_000265405.1	4	5	6	3	2	10	7	5	9	8	6	12	6	6	7	6	1	2	6	4	6	7	5	6	6	2	3	11	7	2	5	144	75	35	16	7	39	6	39	11	4	5	6	3	2	10	7	5	9	8	6	12	6	6	7	6	1	2	6	4	6	7	5	6	6	2	3	11	7	2	5	144	75	35	16	7	39	6	39	11
GCF_000265425.1	4	6	7	3	2	14	6	8	8	9	7	12	7	15	12	5	3	1	6	6	5	5	2	5	6	3	3	14	9	1	5	159	81	37	15	6	33	6	44	23	4	6	7	3	2	14	6	8	8	9	7	12	7	15	12	5	3	1	6	6	5	5	2	5	6	3	3	14	9	1	5	159	81	37	15	6	33	6	44	23
GCF_000265465.1	3	4	2	1	1	13	5	3	5	4	4	7	6	7	5	4	1	1	5	1	3	6	3	4	4	1	3	7	3	1	5	93	48	23	10	2	19	8	29	10	3	4	2	1	1	13	5	3	5	4	4	7	6	7	5	4	1	1	5	1	3	6	3	4	4	1	3	7	3	1	5	93	48	23	10	2	19	8	29	10
GCF_000265505.1	4	5	1	3	2	13	6	5	7	6	5	9	7	6	9	6	1	2	5	4	6	6	5	5	7	2	3	11	1	1	5	126	62	31	15	3	30	8	41	13	4	5	1	3	2	13	6	5	7	6	5	9	7	6	9	6	1	2	5	4	6	6	5	5	7	2	3	11	1	1	5	126	62	31	15	3	30	8	41	13
GCF_000266945.1	5	3	2	5	2	8	2	6	8	5	4	12	5	11	11	5	3	4	7	6	7	6	8	5	6	1	3	15	7	3	5	154	73	42	19	6	33	2	36	18	5	3	2	5	2	8	2	6	8	5	4	12	5	11	11	5	3	4	7	6	7	6	8	5	6	1	3	15	7	3	5	154	73	42	19	6	33	2	36	18
GCF_000269985.1	3	5	6	1	6	16	7	9	12	8	9	18	8	14	10	5	2	1	8	6	9	4	6	6	10	4	4	17	10	9	5	195	101	53	15	4	47	9	52	18	3	5	6	1	6	16	7	9	12	8	9	18	8	14	10	5	2	1	8	6	9	4	6	6	10	4	4	17	10	9	5	195	101	53	15	4	47	9	52	18
GCF_000270085.1	4	4	1	1	1	6	3	4	0	1	0	0	5	7	2	5	1	2	5	1	3	7	3	1	3	2	3	0	8	1	5	58	20	12	11	0	9	7	12	7	4	4	1	1	1	6	3	4	0	1	0	0	5	7	2	5	1	2	5	1	3	7	3	1	3	2	3	0	8	1	5	58	20	12	11	0	9	7	12	7
GCF_000270245.1	4	5	5	3	4	14	5	9	12	10	6	16	7	8	3	5	3	1	8	8	9	5	5	5	7	4	3	15	8	5	4	172	84	46	21	4	43	6	40	9	4	5	5	3	4	14	5	9	12	10	6	16	7	8	3	5	3	1	8	8	9	5	5	5	7	4	3	15	8	5	4	172	84	46	21	4	43	6	40	9
GCF_000276825.1	2	5	2	3	4	14	7	8	8	9	7	13	7	10	10	4	2	2	9	10	6	4	7	4	5	4	3	15	12	7	4	170	88	45	21	4	41	9	44	16	2	5	2	3	4	14	7	8	8	9	7	13	7	10	10	4	2	2	9	10	6	4	7	4	5	4	3	15	12	7	4	170	88	45	21	4	41	9	44	16
GCF_000277895.2	4	5	5	1	4	13	6	8	9	12	5	10	5	7	7	6	1	3	9	9	10	6	7	4	4	4	4	9	7	3	5	173	76	47	25	3	34	7	37	11	4	5	5	1	4	13	6	8	9	12	5	10	5	7	7	6	1	3	9	9	10	6	7	4	4	4	4	9	7	3	5	173	76	47	25	3	34	7	37	11
GCF_000279145.1	5	6	6	2	2	15	7	6	8	10	4	11	5	8	7	5	1	2	7	3	6	8	4	1	7	1	3	9	8	2	5	141	81	29	14	5	34	9	31	14	5	6	6	2	2	15	7	6	8	10	4	11	5	8	7	5	1	2	7	3	6	8	4	1	7	1	3	9	8	2	5	141	81	29	14	5	34	9	31	14
GCF_000280865.2	4	5	4	2	5	17	6	10	14	11	9	17	7	13	5	7	2	1	11	11	9	7	9	5	9	4	3	16	10	6	4	202	89	55	22	5	47	9	47	14	4	5	4	2	5	17	6	10	14	11	9	17	7	13	5	7	2	1	11	11	9	7	9	5	9	4	3	16	10	6	4	202	89	55	22	5	47	9	47	14
GCF_000281175.1	5	9	7	3	4	12	7	8	7	6	3	13	4	11	6	5	2	0	10	6	4	10	3	2	2	1	2	13	4	4	5	146	71	42	24	4	36	7	28	14	5	9	7	3	4	12	7	8	7	6	3	13	4	11	6	5	2	0	10	6	4	10	3	2	2	1	2	13	4	4	5	146	71	42	24	4	36	7	28	14
GCF_000284115.1	3	5	3	2	3	11	4	6	4	5	4	8	4	5	8	4	1	2	5	3	5	4	2	2	6	2	2	5	6	3	4	102	56	24	11	4	27	6	21	12	3	5	3	2	3	11	4	6	4	5	4	8	4	5	8	4	1	2	5	3	5	4	2	2	6	2	2	5	6	3	4	102	56	24	11	4	27	6	21	12
GCF_000284275.1	6	8	5	3	5	14	8	8	10	13	8	12	7	8	8	6	1	3	13	15	7	12	9	5	8	4	7	23	9	4	4	223	101	69	36	6	48	9	56	13	6	8	5	3	5	14	8	8	10	13	8	12	7	8	8	6	1	3	13	15	7	12	9	5	8	4	7	23	9	4	4	223	101	69	36	6	48	9	56	13
GCF_000284295.1	3	7	7	2	4	18	6	10	9	10	8	15	6	13	7	7	3	1	8	9	6	4	4	3	12	4	4	17	9	5	5	202	92	48	16	6	42	9	54	16	3	7	7	2	4	18	6	10	9	10	8	15	6	13	7	7	3	1	8	9	6	4	4	3	12	4	4	17	9	5	5	202	92	48	16	6	42	9	54	16
GCF_000284315.1	2	4	2	1	3	14	5	6	5	7	4	9	6	10	11	4	1	2	5	2	7	4	5	4	5	2	3	11	8	1	4	123	71	23	11	5	30	6	33	18	2	4	2	1	3	14	5	6	5	7	4	9	6	10	11	4	1	2	5	2	7	4	5	4	5	2	3	11	8	1	4	123	71	23	11	5	30	6	33	18
GCF_000284335.1	3	4	2	1	1	3	2	3	4	5	4	0	6	8	2	4	1	0	2	2	2	5	2	1	1	0	3	0	6	2	5	56	22	15	8	2	12	4	5	8	3	4	2	1	1	3	2	3	4	5	4	0	6	8	2	4	1	0	2	2	2	5	2	1	1	0	3	0	6	2	5	56	22	15	8	2	12	4	5	8
GCF_000284515.1	3	7	4	1	4	13	6	7	10	9	7	10	7	13	4	7	1	3	8	7	5	7	6	7	8	4	4	10	8	2	5	163	84	41	19	6	38	5	44	12	3	7	4	1	4	13	6	7	10	9	7	10	7	13	4	7	1	3	8	7	5	7	6	7	8	4	4	10	8	2	5	163	84	41	19	6	38	5	44	12
GCF_000284615.1	4	4	2	1	3	13	9	6	9	12	7	11	6	9	6	5	1	2	12	10	8	6	7	4	7	2	3	12	7	7	4	190	83	55	32	8	40	8	46	12	4	4	2	1	3	13	9	6	9	12	7	11	6	9	6	5	1	2	12	10	8	6	7	4	7	2	3	12	7	7	4	190	83	55	32	8	40	8	46	12
GCF_000284635.1	2	3	2	1	2	11	6	6	6	5	5	12	5	8	7	4	0	3	4	3	6	4	4	3	5	1	3	7	8	1	4	111	67	28	14	4	33	4	26	12	2	3	2	1	2	11	6	6	6	5	5	12	5	8	7	4	0	3	4	3	6	4	4	3	5	1	3	7	8	1	4	111	67	28	14	4	33	4	26	12
GCF_000297055.2	3	3	2	2	3	12	6	6	7	6	7	11	6	11	13	5	1	1	7	3	7	7	5	3	4	2	3	10	8	6	4	146	73	38	19	6	37	6	37	20	3	3	2	2	3	12	6	6	7	6	7	11	6	11	13	5	1	1	7	3	7	7	5	3	4	2	3	10	8	6	4	146	73	38	19	6	37	6	37	20
GCF_000298875.1	3	7	7	2	2	12	8	6	4	7	4	4	6	9	6	5	2	3	3	1	4	7	1	5	2	3	3	0	6	1	5	101	51	18	11	4	28	5	24	11	3	7	7	2	2	12	8	6	4	7	4	4	6	9	6	5	2	3	3	1	4	7	1	5	2	3	3	0	6	1	5	101	51	18	11	4	28	5	24	11
GCF_000299335.2	4	3	2	1	8	13	6	7	7	13	7	9	6	6	3	5	1	2	9	6	6	5	5	4	6	2	3	14	8	9	4	170	77	52	21	5	38	7	44	7	4	3	2	1	8	13	6	7	7	13	7	9	6	6	3	5	1	2	9	6	6	5	5	4	6	2	3	14	8	9	4	170	77	52	21	5	38	7	44	7
GCF_000299355.1	4	4	1	1	3	4	8	3	6	8	5	11	5	11	1	7	1	2	6	5	8	6	5	5	5	2	3	7	7	1	5	120	55	28	17	7	35	4	36	10	4	4	1	1	3	4	8	3	6	8	5	11	5	11	1	7	1	2	6	5	8	6	5	5	5	2	3	7	7	1	5	120	55	28	17	7	35	4	36	10
GCF_000300005.1	4	3	2	1	6	16	8	6	8	10	8	10	6	6	3	5	1	2	9	7	6	5	4	3	7	3	3	14	8	11	4	178	76	53	23	8	39	8	43	7	4	3	2	1	6	16	8	6	8	10	8	10	6	6	3	5	1	2	9	7	6	5	4	3	7	3	3	14	8	11	4	178	76	53	23	8	39	8	43	7
GCF_000300235.2	5	9	5	2	6	17	8	10	12	7	7	11	5	7	10	5	3	1	10	12	9	8	8	5	7	3	3	20	7	10	4	198	87	63	27	5	42	10	50	14	5	9	5	2	6	17	8	10	12	7	7	11	5	7	10	5	3	1	10	12	9	8	8	5	7	3	3	20	7	10	4	198	87	63	27	5	42	10	50	14
GCF_000300455.3	6	7	8	4	3	14	7	7	13	13	9	14	8	12	10	7	1	3	12	18	8	7	7	6	6	5	4	16	8	7	5	237	101	65	34	8	45	8	60	18	6	7	8	4	3	14	7	7	13	13	9	14	8	12	10	7	1	3	12	18	8	7	7	6	6	5	4	16	8	7	5	237	101	65	34	8	45	8	60	18
GCF_000305935.1	2	4	2	1	4	10	6	8	5	6	6	14	7	8	2	6	1	0	5	10	2	4	1	5	5	1	3	11	7	3	4	122	66	26	13	5	39	4	31	8	2	4	2	1	4	10	6	8	5	6	6	14	7	8	2	6	1	0	5	10	2	4	1	5	5	1	3	11	7	3	4	122	66	26	13	5	39	4	31	8
GCF_000306675.2	4	4	2	2	2	13	3	6	7	10	4	10	7	9	10	7	1	2	5	3	4	5	3	5	5	1	3	11	5	1	5	133	69	24	13	6	33	5	36	15	4	4	2	2	2	13	3	6	7	10	4	10	7	9	10	7	1	2	5	3	4	5	3	5	5	1	3	11	5	1	5	133	69	24	13	6	33	5	36	15
GCF_000306785.1	4	6	5	3	5	15	8	9	13	10	7	15	7	14	7	7	3	2	11	15	15	4	12	5	9	4	3	15	8	7	4	212	95	58	29	4	44	8	47	17	4	6	5	3	5	15	8	9	13	10	7	15	7	14	7	7	3	2	11	15	15	4	12	5	9	4	3	15	8	7	4	212	95	58	29	4	44	8	47	17
GCF_000307105.1	2	3	2	4	3	8	4	8	7	7	4	16	6	3	7	4	1	1	8	9	10	5	10	4	6	2	3	12	13	3	5	148	74	38	23	4	39	2	37	9	2	3	2	4	3	8	4	8	7	7	4	16	6	3	7	4	1	1	8	9	10	5	10	4	6	2	3	12	13	3	5	148	74	38	23	4	39	2	37	9
GCF_000307165.1	1	5	7	1	2	13	7	5	6	9	5	10	5	10	2	5	1	2	3	0	5	4	4	6	4	3	4	1	6	0	5	109	54	19	10	6	36	6	27	8	1	5	7	1	2	13	7	5	6	9	5	10	5	10	2	5	1	2	3	0	5	4	4	6	4	3	4	1	6	0	5	109	54	19	10	6	36	6	27	8
GCF_000307585.2	5	5	6	2	4	9	7	8	6	6	6	11	6	13	3	7	1	1	9	3	5	10	3	4	5	1	3	10	6	3	5	131	64	35	17	6	35	6	30	11	5	5	6	2	4	9	7	8	6	6	6	11	6	13	3	7	1	1	9	3	5	10	3	4	5	1	3	10	6	3	5	131	64	35	17	6	35	6	30	11
GCF_000309885.1	5	5	2	1	2	14	5	6	8	6	5	12	4	9	2	5	1	0	9	7	6	7	5	4	5	2	3	14	8	1	5	135	75	40	18	5	33	6	32	9	5	5	2	1	2	14	5	6	8	6	5	12	4	9	2	5	1	0	9	7	6	7	5	4	5	2	3	14	8	1	5	135	75	40	18	5	33	6	32	9
GCF_000313175.2	4	3	2	2	2	13	3	6	6	10	4	10	6	9	10	6	1	2	5	2	4	5	3	5	5	1	3	13	5	1	5	134	67	23	11	6	33	5	36	15	4	3	2	2	2	13	3	6	6	10	4	10	6	9	10	6	1	2	5	2	4	5	3	5	5	1	3	13	5	1	5	134	67	23	11	6	33	5	36	15
GCF_000316515.1	4	4	1	2	4	12	5	8	4	9	3	10	6	8	7	4	1	0	6	6	7	7	5	2	8	2	3	16	7	5	4	147	78	31	18	3	31	6	39	13	4	4	1	2	4	12	5	8	4	9	3	10	6	8	7	4	1	0	6	6	7	7	5	2	8	2	3	16	7	5	4	147	78	31	18	3	31	6	39	13
GCF_000317105.1	5	5	1	4	3	12	5	6	4	5	3	12	6	10	11	4	2	1	5	3	7	6	5	3	7	2	4	19	9	1	5	157	88	30	17	4	32	7	44	17	5	5	1	4	3	12	5	6	4	5	3	12	6	10	11	4	2	1	5	3	7	6	5	3	7	2	4	19	9	1	5	157	88	30	17	4	32	7	44	17
GCF_000317125.1	5	5	2	6	5	14	4	8	8	10	6	18	8	9	16	4	1	1	9	7	8	5	8	3	8	2	4	15	8	4	5	192	103	43	24	5	46	7	46	21	5	5	2	6	5	14	4	8	8	10	6	18	8	9	16	4	1	1	9	7	8	5	8	3	8	2	4	15	8	4	5	192	103	43	24	5	46	7	46	21
GCF_000317305.3	2	5	3	1	9	16	7	12	8	6	7	14	6	13	8	5	2	2	11	13	5	3	8	5	8	4	3	16	12	11	4	187	97	53	22	5	46	9	47	15	2	5	3	1	9	16	7	12	8	6	7	14	6	13	8	5	2	2	11	13	5	3	8	5	8	4	3	16	12	11	4	187	97	53	22	5	46	9	47	15
GCF_000317475.1	4	5	1	4	6	12	6	7	4	13	3	13	8	12	8	6	1	1	5	4	7	5	5	3	9	2	4	20	9	6	5	181	97	38	19	4	38	8	48	17	4	5	1	4	6	12	6	7	4	13	3	13	8	12	8	6	1	1	5	4	7	5	5	3	9	2	4	20	9	6	5	181	97	38	19	4	38	8	48	17
GCF_000317515.1	4	5	1	3	4	11	7	7	4	11	4	12	6	10	9	4	1	1	7	3	7	4	4	3	8	2	4	18	9	4	5	167	94	35	18	6	40	8	45	17	4	5	1	3	4	11	7	7	4	11	4	12	6	10	9	4	1	1	7	3	7	4	4	3	8	2	4	18	9	4	5	167	94	35	18	6	40	8	45	17
GCF_000317575.1	3	5	1	3	3	13	7	6	5	6	3	16	6	7	7	4	1	1	6	2	9	4	5	4	8	2	3	17	9	1	5	155	84	28	13	4	35	8	42	12	3	5	1	3	3	13	7	6	5	6	3	16	6	7	7	4	1	1	6	2	9	4	5	4	8	2	3	17	9	1	5	155	84	28	13	4	35	8	42	12
GCF_000317615.1	1	4	1	2	5	13	6	8	4	5	3	10	6	5	5	4	1	1	2	4	7	4	3	3	7	2	3	16	8	5	5	133	76	25	11	4	32	7	40	9	1	4	1	2	5	13	6	8	4	5	3	10	6	5	5	4	1	1	2	4	7	4	3	3	7	2	3	16	8	5	5	133	76	25	11	4	32	7	40	9
GCF_000317675.1	4	5	1	3	4	13	4	7	4	9	3	11	6	7	6	4	1	1	5	4	7	5	5	2	6	2	3	19	9	2	5	145	85	29	15	4	34	6	41	11	4	5	1	3	4	13	4	7	4	9	3	11	6	7	6	4	1	1	5	4	7	5	5	2	6	2	3	19	9	2	5	145	85	29	15	4	34	6	41	11
GCF_000317695.1	4	5	1	4	3	12	4	6	4	6	4	11	6	9	7	4	1	1	6	2	6	5	5	3	7	2	5	21	9	1	5	157	89	32	17	5	33	6	50	14	4	5	1	4	3	12	4	6	4	6	4	11	6	9	7	4	1	1	6	2	6	5	5	3	7	2	5	21	9	1	5	157	89	32	17	5	33	6	50	14
GCF_000317835.1	4	6	4	5	3	14	5	7	8	4	3	9	5	17	6	6	1	0	10	10	8	8	8	3	5	3	3	11	8	2	5	152	75	39	23	4	30	6	33	18	4	6	4	5	3	14	5	7	8	4	3	9	5	17	6	6	1	0	10	10	8	8	8	3	5	3	3	11	8	2	5	152	75	39	23	4	30	6	33	18
GCF_000321415.2	3	3	2	2	3	12	6	6	5	10	5	11	5	10	9	5	2	3	10	8	7	7	6	4	6	3	3	14	8	6	4	167	86	43	23	6	35	6	46	16	3	3	2	2	3	12	6	6	5	10	5	11	5	10	9	5	2	3	10	8	7	7	6	4	6	3	3	14	8	6	4	167	86	43	23	6	35	6	46	16
GCF_000327045.1	7	3	2	1	3	12	6	7	7	10	8	10	7	9	7	6	1	2	14	4	6	9	7	4	5	3	3	17	8	2	4	166	91	39	23	8	40	6	50	13	7	3	2	1	3	12	6	7	7	10	8	10	7	9	7	6	1	2	14	4	6	9	7	4	5	3	3	17	8	2	4	166	91	39	23	8	40	6	50	13
GCF_000328625.1	3	8	7	2	2	10	7	8	7	6	5	14	6	16	12	6	4	2	4	6	5	8	2	3	6	1	3	10	7	3	5	149	80	37	17	5	40	5	32	21	3	8	7	2	2	10	7	8	7	6	5	14	6	16	12	6	4	2	4	6	5	8	2	3	6	1	3	10	7	3	5	149	80	37	17	5	40	5	32	21
GCF_000328705.1	2	8	4	2	4	17	6	10	14	8	8	14	13	13	9	9	2	2	8	10	5	3	7	5	13	4	3	17	11	3	4	205	101	42	20	5	44	9	60	18	2	8	4	2	4	17	6	10	14	8	8	14	13	13	9	9	2	2	8	10	5	3	7	5	13	4	3	17	11	3	4	205	101	42	20	5	44	9	60	18
GCF_000330885.1	7	10	7	5	10	17	9	12	18	9	7	11	9	13	9	8	5	3	11	16	13	10	10	5	12	3	3	17	7	10	4	244	103	78	37	5	50	8	53	18	7	10	7	5	10	17	9	12	18	9	7	11	9	13	9	8	5	3	11	16	13	10	10	5	12	3	3	17	7	10	4	244	103	78	37	5	50	8	53	18
GCF_000331185.2	5	5	3	3	5	17	6	11	12	15	9	17	10	16	9	7	3	1	12	13	8	9	8	5	8	4	3	19	12	10	4	228	106	71	28	6	49	9	51	19	5	5	3	3	5	17	6	11	12	15	9	17	10	16	9	7	3	1	12	13	8	9	8	5	8	4	3	19	12	10	4	228	106	71	28	6	49	9	51	19
GCF_000331715.1	3	3	2	2	1	10	6	5	4	2	4	5	6	5	8	5	1	2	0	0	2	4	0	4	5	1	3	6	6	0	5	81	42	15	5	3	15	6	28	11	3	3	2	2	1	10	6	5	4	2	4	5	6	5	8	5	1	2	0	0	2	4	0	4	5	1	3	6	6	0	5	81	42	15	5	3	15	6	28	11
GCF_000331735.1	4	8	3	2	3	12	7	7	11	15	9	14	9	10	8	8	2	2	7	6	7	5	7	6	7	2	4	13	7	2	5	178	95	48	26	6	45	6	51	15	4	8	3	2	3	12	7	7	11	15	9	14	9	10	8	8	2	2	7	6	7	5	7	6	7	2	4	13	7	2	5	178	95	48	26	6	45	6	51	15
GCF_000331995.1	4	5	7	4	6	11	7	12	6	6	5	13	7	14	4	8	2	1	7	6	5	7	3	5	2	2	2	0	7	6	5	126	63	30	13	5	41	5	20	14	4	5	7	4	6	11	7	12	6	6	5	13	7	14	4	8	2	1	7	6	5	7	3	5	2	2	2	0	7	6	5	126	63	30	13	5	41	5	20	14
GCF_000332115.1	2	4	3	2	1	9	5	5	8	6	6	8	6	6	6	4	1	1	5	2	5	6	4	2	4	2	3	8	3	1	5	107	54	25	10	4	25	5	31	11	2	4	3	2	1	9	5	5	8	6	6	8	6	6	6	4	1	1	5	2	5	6	4	2	4	2	3	8	3	1	5	107	54	25	10	4	25	5	31	11
GCF_000336465.1	4	8	4	1	7	19	8	11	9	11	8	14	8	7	7	6	2	4	10	13	9	5	6	4	7	3	5	19	7	9	4	224	98	71	28	5	48	10	58	11	4	8	4	1	7	19	8	11	9	11	8	14	8	7	7	6	2	4	10	13	9	5	6	4	7	3	5	19	7	9	4	224	98	71	28	5	48	10	58	11
GCF_000340435.2	4	5	3	1	3	12	7	7	8	12	7	13	7	8	6	5	3	2	10	8	6	7	8	4	5	4	3	16	12	6	4	170	92	46	22	4	42	7	46	11	4	5	3	1	3	12	7	7	8	12	7	13	7	8	6	5	3	2	10	8	6	7	8	4	5	4	3	16	12	6	4	170	92	46	22	4	42	7	46	11
GCF_000341345.1	2	4	5	1	5	13	7	8	8	7	7	15	6	11	6	5	2	1	7	9	6	5	5	2	7	5	3	8	8	8	4	165	88	44	23	5	43	8	40	12	2	4	5	1	5	13	7	8	8	7	7	15	6	11	6	5	2	1	7	9	6	5	5	2	7	5	3	8	8	8	4	165	88	44	23	5	43	8	40	12
GCF_000341355.1	4	3	1	1	3	10	6	7	2	2	6	4	6	5	2	4	1	2	3	2	3	5	4	4	4	2	3	3	6	2	4	79	37	17	9	3	20	4	26	6	4	3	1	1	3	10	6	7	2	2	6	4	6	5	2	4	1	2	3	2	3	5	4	4	4	2	3	3	6	2	4	79	37	17	9	3	20	4	26	6
GCF_000341395.1	3	6	2	3	2	10	7	6	6	4	4	12	6	9	7	5	2	3	4	5	3	6	3	5	5	1	3	10	6	1	5	123	65	29	17	4	31	4	36	14	3	6	2	3	2	10	7	6	6	4	4	12	6	9	7	5	2	3	4	5	3	6	3	5	5	1	3	10	6	1	5	123	65	29	17	4	31	4	36	14
GCF_000344785.1	2	5	4	1	3	15	7	7	7	7	6	14	6	11	5	6	2	1	7	6	8	3	5	4	7	4	3	9	8	2	4	145	77	34	17	4	40	10	40	11	2	5	4	1	3	15	7	7	7	7	6	14	6	11	5	6	2	1	7	6	8	3	5	4	7	4	3	9	8	2	4	145	77	34	17	4	40	10	40	11
GCF_000344805.1	5	5	5	4	5	16	8	8	12	12	8	12	6	8	6	6	1	3	14	13	7	9	9	4	8	4	5	22	9	6	4	219	95	63	30	6	43	9	56	12	5	5	5	4	5	16	8	8	12	12	8	12	6	8	6	6	1	3	14	13	7	9	9	4	8	4	5	22	9	6	4	219	95	63	30	6	43	9	56	12
GCF_000348725.1	4	4	2	1	1	6	6	5	3	5	5	4	8	7	7	7	1	2	5	2	3	7	5	0	4	1	3	5	2	1	5	88	35	22	14	3	18	8	23	11	4	4	2	1	1	6	6	5	3	5	5	4	8	7	7	7	1	2	5	2	3	7	5	0	4	1	3	5	2	1	5	88	35	22	14	3	18	8	23	11
GCF_000348785.1	2	4	3	3	3	12	7	6	8	4	5	10	6	8	7	4	1	1	8	4	6	5	4	1	6	3	3	8	6	2	4	120	62	27	10	4	27	7	26	13	2	4	3	3	3	12	7	6	8	4	5	10	6	8	7	4	1	1	8	4	6	5	4	1	6	3	3	8	6	2	4	120	62	27	10	4	27	7	26	13
GCF_000355675.1	4	5	2	2	7	16	7	8	7	13	7	9	6	7	9	5	1	2	10	8	7	5	6	2	9	2	4	15	7	8	4	180	86	55	26	6	42	7	49	13	4	5	2	2	7	16	7	8	7	13	7	9	6	7	9	5	1	2	10	8	7	5	6	2	9	2	4	15	7	8	4	180	86	55	26	6	42	7	49	13
GCF_000355695.1	4	5	4	4	5	15	7	7	8	9	6	13	7	11	7	7	3	1	5	5	5	5	5	4	5	3	3	7	7	2	4	143	79	35	20	5	39	9	34	14	4	5	4	4	5	15	7	7	8	9	6	13	7	11	7	7	3	1	5	5	5	5	5	4	5	3	3	7	7	2	4	143	79	35	20	5	39	9	34	14
GCF_000367205.1	4	6	4	2	3	13	7	7	9	8	6	11	7	10	4	5	1	1	5	6	7	6	6	6	4	4	3	12	8	2	4	146	69	32	18	4	36	7	42	10	4	6	4	2	3	13	7	7	9	8	6	11	7	10	4	5	1	1	5	6	7	6	6	6	4	4	3	12	8	2	4	146	69	32	18	4	36	7	42	10
GCF_000376545.2	2	8	3	2	5	16	8	9	14	6	6	10	5	8	8	5	3	1	7	10	7	6	6	4	6	3	3	17	8	4	4	185	77	55	24	4	39	9	42	13	2	8	3	2	5	16	8	9	14	6	6	10	5	8	8	5	3	1	7	10	7	6	6	4	6	3	3	17	8	4	4	185	77	55	24	4	39	9	42	13
GCF_000418365.1	3	5	2	1	3	14	7	7	7	7	6	12	6	8	4	5	2	1	7	5	8	3	6	6	7	4	3	8	7	2	4	134	74	35	17	4	37	7	39	9	3	5	2	1	3	14	7	7	7	7	6	12	6	8	4	5	2	1	7	5	8	3	6	6	7	4	3	8	7	2	4	134	74	35	17	4	37	7	39	9
GCF_000444995.1	2	7	2	1	5	16	9	9	11	9	6	11	5	8	7	5	1	1	7	19	12	6	8	4	8	4	4	15	7	4	4	193	78	59	35	4	42	10	49	11	2	7	2	1	5	16	9	9	11	9	6	11	5	8	7	5	1	1	7	19	12	6	8	4	8	4	4	15	7	4	4	193	78	59	35	4	42	10	49	11
GCF_000445445.2	5	4	3	3	2	9	9	6	9	14	5	15	6	15	18	8	2	2	10	8	9	8	4	5	7	1	3	17	7	1	5	188	88	38	23	6	41	5	45	27	5	4	3	3	2	9	9	6	9	14	5	15	6	15	18	8	2	2	10	8	9	8	4	5	7	1	3	17	7	1	5	188	88	38	23	6	41	5	45	27
GCF_000455605.1	2	4	1	2	1	9	6	5	7	5	5	6	6	5	8	5	1	2	5	4	5	5	3	2	5	1	3	11	4	1	5	107	56	26	12	3	23	6	33	12	2	4	1	2	1	9	6	5	7	5	5	6	6	5	8	5	1	2	5	4	5	5	3	2	5	1	3	11	4	1	5	107	56	26	12	3	23	6	33	12
GCF_000463345.2	5	9	9	6	4	18	8	6	11	11	9	16	8	12	12	6	3	3	11	9	9	8	6	6	5	4	4	11	9	3	5	230	107	63	27	6	46	13	52	20	5	9	9	6	4	18	8	6	11	11	9	16	8	12	12	6	3	3	11	9	9	8	6	6	5	4	4	11	9	3	5	230	107	63	27	6	46	13	52	20
GCF_000470775.1	2	5	4	1	3	16	7	7	9	7	8	11	8	10	5	7	1	1	3	4	4	2	3	2	3	4	2	7	7	2	4	126	68	27	13	4	36	9	28	12	2	5	4	1	3	16	7	7	9	7	8	11	8	10	5	7	1	1	3	4	4	2	3	2	3	4	2	7	7	2	4	126	68	27	13	4	36	9	28	12
GCF_000473995.1	5	5	8	3	3	9	6	10	8	10	7	14	7	17	15	6	3	1	12	4	2	12	2	6	6	3	3	6	8	5	6	169	93	42	19	6	47	4	39	23	5	5	8	3	3	9	6	10	8	10	7	14	7	17	15	6	3	1	12	4	2	12	2	6	6	3	3	6	8	5	6	169	93	42	19	6	47	4	39	23
GCF_000478885.1	4	3	2	2	3	12	7	8	2	5	5	8	7	8	3	6	1	1	4	3	5	7	3	4	5	1	3	1	8	2	5	104	53	24	12	4	29	7	24	8	4	3	2	2	3	12	7	8	2	5	5	8	7	8	3	6	1	1	4	3	5	7	3	4	5	1	3	1	8	2	5	104	53	24	12	4	29	7	24	8
GCF_000479335.1	2	4	2	1	1	11	8	6	7	6	4	10	4	12	5	5	1	1	3	2	5	5	3	0	3	2	3	1	6	1	5	98	46	15	10	3	24	5	23	13	2	4	2	1	1	11	8	6	7	6	4	10	4	12	5	5	1	1	3	2	5	5	3	0	3	2	3	1	6	1	5	98	46	15	10	3	24	5	23	13
GCF_000485905.1	5	4	2	2	3	11	6	6	9	7	7	10	5	7	5	5	2	2	9	6	6	7	5	5	5	3	3	12	7	1	4	143	73	41	25	5	36	6	41	10	5	4	2	2	3	11	6	6	9	7	7	10	5	7	5	5	2	2	9	6	6	7	5	5	5	3	3	12	7	1	4	143	73	41	25	5	36	6	41	10
GCF_000487995.2	4	3	2	1	2	11	6	6	3	4	5	8	6	8	8	5	1	2	3	3	5	5	3	5	6	2	4	12	7	1	4	117	64	25	12	4	28	6	39	13	4	3	2	1	2	11	6	6	3	4	5	8	6	8	8	5	1	2	3	3	5	5	3	5	6	2	4	12	7	1	4	117	64	25	12	4	28	6	39	13
GCF_000493735.1	3	6	3	2	3	13	6	7	5	7	8	7	6	12	6	7	1	2	2	3	3	4	2	3	6	3	4	4	9	2	5	124	63	26	15	4	30	5	32	13	3	6	3	2	3	13	6	7	5	7	8	7	6	12	6	7	1	2	2	3	3	4	2	3	6	3	4	4	9	2	5	124	63	26	15	4	30	5	32	13
GCF_000498655.1	3	6	2	2	2	13	5	6	8	6	7	10	6	6	4	5	1	2	5	2	6	6	3	5	5	3	3	12	9	1	4	128	69	31	16	5	36	7	41	8	3	6	2	2	2	13	5	6	8	6	7	10	6	6	4	5	1	2	5	2	6	6	3	5	5	3	3	12	9	1	4	128	69	31	16	5	36	7	41	8
GCF_000503895.1	4	3	2	1	5	10	4	8	8	9	6	10	6	7	6	5	1	1	6	9	9	8	8	4	6	2	2	16	7	5	4	149	71	45	25	4	40	4	41	10	4	3	2	1	5	10	4	8	8	9	6	10	6	7	6	5	1	1	6	9	9	8	8	4	6	2	2	16	7	5	4	149	71	45	25	4	40	4	41	10
GCF_000504085.1	3	6	3	1	4	11	4	8	4	7	5	1	7	9	1	4	1	1	5	2	2	5	2	2	0	0	3	2	6	3	5	82	35	17	9	5	16	5	8	9	3	6	3	1	4	11	4	8	4	7	5	1	7	9	1	4	1	1	5	2	2	5	2	2	0	0	3	2	6	3	5	82	35	17	9	5	16	5	8	9
GCF_000504105.1	3	5	2	1	3	11	4	7	3	4	5	1	4	8	1	4	1	1	6	1	2	5	2	1	0	0	3	1	6	2	5	76	35	15	9	4	17	5	6	8	3	5	2	1	3	11	4	7	3	4	5	1	4	8	1	4	1	1	6	1	2	5	2	1	0	0	3	1	6	2	5	76	35	15	9	4	17	5	6	8
GCF_000505725.1	4	4	2	2	1	13	4	6	7	7	4	9	5	10	9	4	1	2	9	1	3	7	6	6	4	2	3	6	7	1	4	116	62	25	15	5	28	7	32	16	4	4	2	2	1	13	4	6	7	7	4	9	5	10	9	4	1	2	9	1	3	7	6	6	4	2	3	6	7	1	4	116	62	25	15	5	28	7	32	16
GCF_000507245.1	4	6	3	1	3	10	6	6	8	7	5	9	5	6	0	6	1	1	8	4	7	7	5	0	6	2	3	5	1	2	5	104	51	25	16	6	33	4	19	5	4	6	3	1	3	10	6	6	8	7	5	9	5	6	0	6	1	1	8	4	7	7	5	0	6	2	3	5	1	2	5	104	51	25	16	6	33	4	19	5
GCF_000508225.1	2	3	1	0	3	9	6	5	3	2	6	0	2	0	0	0	0	1	4	1	2	5	3	3	5	2	2	6	5	1	3	62	33	18	8	4	13	4	30	0	2	3	1	0	3	9	6	5	3	2	6	0	2	0	0	0	0	1	4	1	2	5	3	3	5	2	2	6	5	1	3	62	33	18	8	4	13	4	30	0
GCF_000511355.1	5	8	2	1	8	17	9	12	19	7	6	10	6	7	7	5	1	2	10	14	13	8	11	4	7	4	3	16	8	12	4	218	83	71	30	4	42	10	47	11	5	8	2	1	8	17	9	12	19	7	6	10	6	7	7	5	1	2	10	14	13	8	11	4	7	4	3	16	8	12	4	218	83	71	30	4	42	10	47	11
GCF_000511385.1	2	8	3	3	6	15	8	10	15	6	6	11	5	7	9	5	2	2	7	10	6	6	6	2	6	3	3	15	8	5	4	184	80	50	22	4	40	8	42	13	2	8	3	3	6	15	8	10	15	6	6	11	5	7	9	5	2	2	7	10	6	6	6	2	6	3	3	15	8	5	4	184	80	50	22	4	40	8	42	13
GCF_000512205.2	7	7	7	2	3	14	7	7	11	12	6	11	6	8	7	5	1	2	12	8	8	9	9	5	7	3	3	17	7	6	4	194	85	57	29	4	40	7	49	12	7	7	7	2	3	14	7	7	11	12	6	11	6	8	7	5	1	2	12	8	8	9	9	5	7	3	3	17	7	6	4	194	85	57	29	4	40	7	49	12
GCF_000512735.1	3	5	2	1	2	14	5	7	7	6	5	10	6	6	4	5	1	0	3	5	5	4	4	5	6	2	3	11	7	2	3	123	70	31	16	4	32	6	39	8	3	5	2	1	2	14	5	7	7	6	5	10	6	6	4	5	1	0	3	5	5	4	4	5	6	2	3	11	7	2	3	123	70	31	16	4	32	6	39	8
GCF_000512915.1	3	4	1	2	3	11	6	7	7	7	6	4	6	5	6	5	1	1	7	5	5	6	5	4	5	1	3	1	5	3	5	110	55	25	14	5	32	7	25	9	3	4	1	2	3	11	6	7	7	7	6	4	6	5	6	5	1	1	7	5	5	6	5	4	5	1	3	1	5	3	5	110	55	25	14	5	32	7	25	9
GCF_000521505.1	4	5	2	2	3	16	8	6	11	7	7	12	6	6	8	6	1	2	8	7	7	7	5	4	6	3	3	9	8	5	4	177	74	53	26	5	40	8	40	12	4	5	2	2	3	16	8	6	11	7	7	12	6	6	8	6	1	2	8	7	7	7	5	4	6	3	3	9	8	5	4	177	74	53	26	5	40	8	40	12
GCF_000522545.2	4	9	8	4	8	19	6	10	13	13	8	14	6	13	12	5	3	1	17	30	10	9	11	6	9	3	6	15	10	9	4	296	111	109	58	7	49	7	59	20	4	9	8	4	8	19	6	10	13	13	8	14	6	13	12	5	3	1	17	30	10	9	11	6	9	3	6	15	10	9	4	296	111	109	58	7	49	7	59	20
GCF_000525635.1	5	8	4	2	5	18	6	10	16	17	8	16	9	16	7	7	4	2	13	15	10	7	13	5	9	4	4	14	12	8	5	244	112	73	35	5	49	8	55	19	5	8	4	2	5	18	6	10	16	17	8	16	9	16	7	7	4	2	13	15	10	7	13	5	9	4	4	14	12	8	5	244	112	73	35	5	49	8	55	19
GCF_000550785.1	2	4	4	1	5	15	7	9	7	7	7	15	6	10	5	6	2	1	5	7	4	3	4	6	9	4	3	8	8	5	4	148	79	35	17	4	43	10	42	10	2	4	4	1	5	15	7	9	7	7	7	15	6	10	5	6	2	1	5	7	4	3	4	6	9	4	3	8	8	5	4	148	79	35	17	4	43	10	42	10
GCF_000550805.1	2	5	2	1	3	14	7	7	7	6	6	16	6	10	5	5	2	1	8	6	7	4	8	4	6	4	3	13	8	2	4	148	76	37	20	4	42	10	40	12	2	5	2	1	3	14	7	7	7	6	6	16	6	10	5	5	2	1	8	6	7	4	8	4	6	4	3	13	8	2	4	148	76	37	20	4	42	10	40	12
GCF_000568815.1	2	3	2	1	4	14	6	7	9	7	6	13	4	9	13	5	0	3	9	9	8	3	4	4	6	2	3	10	7	2	4	145	78	37	19	5	35	8	37	17	2	3	2	1	4	14	6	7	9	7	6	13	4	9	13	5	0	3	9	9	8	3	4	4	6	2	3	10	7	2	4	145	78	37	19	5	35	8	37	17
GCF_000577895.1	5	4	2	2	3	12	7	8	9	10	7	15	8	12	8	9	1	3	5	3	4	7	3	6	5	3	3	6	8	3	5	130	77	25	12	5	43	7	32	16	5	4	2	2	3	12	7	8	9	10	7	15	8	12	8	9	1	3	5	3	4	7	3	6	5	3	3	6	8	3	5	130	77	25	12	5	43	7	32	16
GCF_000583855.1	3	6	2	4	2	13	6	6	7	11	6	11	6	9	9	4	3	2	3	3	7	6	3	2	3	1	3	10	8	1	4	135	69	31	16	4	37	7	31	13	3	6	2	4	2	13	6	6	7	11	6	11	6	9	9	4	3	2	3	3	7	6	3	2	3	1	3	10	8	1	4	135	69	31	16	4	37	7	31	13
GCF_000590555.1	2	5	2	1	3	14	8	7	7	5	6	14	6	8	4	5	1	1	4	5	7	2	5	2	1	3	3	13	8	2	4	129	68	30	14	4	39	10	31	9	2	5	2	1	3	14	8	7	7	5	6	14	6	8	4	5	1	1	4	5	7	2	5	2	1	3	3	13	8	2	4	129	68	30	14	4	39	10	31	9
GCF_000590925.1	3	7	6	2	5	15	9	9	15	9	6	10	5	11	11	5	1	1	7	9	8	5	7	5	6	2	4	20	11	4	4	184	89	48	21	4	38	9	47	16	3	7	6	2	5	15	9	9	15	9	6	10	5	11	11	5	1	1	7	9	8	5	7	5	6	2	4	20	11	4	4	184	89	48	21	4	38	9	47	16
GCF_000597865.1	4	4	3	1	1	11	7	6	7	7	7	9	7	9	2	7	1	1	6	5	6	5	4	4	7	4	3	8	7	1	5	131	64	31	15	6	34	5	33	9	4	4	3	1	1	11	7	6	7	7	7	9	7	9	2	7	1	1	6	5	6	5	4	4	7	4	3	8	7	1	5	131	64	31	15	6	34	5	33	9
GCF_000612505.1	5	8	3	1	3	12	9	7	7	10	5	13	9	19	11	10	1	3	7	5	5	9	4	5	8	5	3	15	8	10	5	180	89	44	19	6	42	5	44	23	5	8	3	1	3	12	9	7	7	10	5	13	9	19	11	10	1	3	7	5	5	9	4	5	8	5	3	15	8	10	5	180	89	44	19	6	42	5	44	23
GCF_000612685.1	4	6	2	1	3	16	5	5	13	8	7	10	7	9	9	4	1	1	8	10	10	6	7	6	6	4	4	11	7	6	4	186	81	59	30	5	39	7	46	14	4	6	2	1	3	16	5	5	13	8	7	10	7	9	9	4	1	1	8	10	10	6	7	6	6	4	4	11	7	6	4	186	81	59	30	5	39	7	46	14
GCF_000619905.2	5	4	3	1	5	13	7	6	7	7	7	11	6	9	7	5	1	2	7	5	6	6	6	4	6	3	3	10	7	1	4	152	80	44	25	7	41	7	45	12	5	4	3	1	5	13	7	6	7	7	7	11	6	9	7	5	1	2	7	5	6	6	6	4	6	3	3	10	7	1	4	152	80	44	25	7	41	7	45	12
GCF_000695095.2	6	4	1	4	3	11	6	7	8	7	5	15	6	9	6	5	2	1	6	4	5	8	4	2	5	1	2	13	6	2	5	138	75	31	14	4	34	4	34	12	6	4	1	4	3	11	6	7	8	7	5	15	6	9	6	5	2	1	6	4	5	8	4	2	5	1	2	13	6	2	5	138	75	31	14	4	34	4	34	12
GCF_000696345.2	4	8	3	1	10	17	7	13	10	11	9	13	8	7	8	5	1	2	9	23	8	6	6	4	10	4	5	19	7	12	4	235	106	79	36	5	52	8	60	12	4	8	3	1	10	17	7	13	10	11	9	13	8	7	8	5	1	2	9	23	8	6	6	4	10	4	5	19	7	12	4	235	106	79	36	5	52	8	60	12
GCF_000696675.2	3	5	4	5	7	17	8	10	9	11	7	17	7	14	10	5	2	2	13	13	10	8	10	6	8	4	3	15	8	9	4	227	104	67	30	7	51	11	60	17	3	5	4	5	7	17	8	10	9	11	7	17	7	14	10	5	2	2	13	13	10	8	10	6	8	4	3	15	8	9	4	227	104	67	30	7	51	11	60	17
GCF_000697965.2	6	9	8	3	7	20	9	11	22	10	6	11	8	12	12	6	4	2	8	23	12	8	8	4	8	3	3	21	9	11	5	254	99	79	41	4	45	8	56	18	6	9	8	3	7	20	9	11	22	10	6	11	8	12	12	6	4	2	8	23	12	8	8	4	8	3	3	21	9	11	5	254	99	79	41	4	45	8	56	18
GCF_000699505.1	3	4	3	1	3	15	6	7	6	6	7	12	7	8	5	7	2	1	4	3	7	3	5	2	4	2	3	7	6	2	4	115	69	27	12	4	37	8	27	10	3	4	3	1	3	15	6	7	6	6	7	12	7	8	5	7	2	1	4	3	7	3	5	2	4	2	3	7	6	2	4	115	69	27	12	4	37	8	27	10
GCF_000709415.1	5	5	9	1	3	12	5	7	10	10	4	9	5	11	3	6	1	2	10	6	5	10	3	6	6	3	4	10	7	6	5	150	70	36	19	4	31	5	41	8	5	5	9	1	3	12	5	7	10	10	4	9	5	11	3	6	1	2	10	6	5	10	3	6	6	3	4	10	7	6	5	150	70	36	19	4	31	5	41	8
GCF_000724605.1	3	6	5	3	2	6	3	5	5	7	4	10	5	6	3	5	2	1	3	3	3	4	3	2	3	3	3	1	5	2	4	86	37	17	9	3	25	7	18	8	3	6	5	3	2	6	3	5	5	7	4	10	5	6	3	5	2	1	3	3	3	4	3	2	3	3	3	1	5	2	4	86	37	17	9	3	25	7	18	8
GCF_000724625.1	5	6	4	4	2	14	7	6	8	8	8	11	7	11	9	4	2	0	5	4	3	7	4	1	7	3	3	12	5	3	5	141	70	39	18	4	35	7	31	18	5	6	4	4	2	14	7	6	8	8	8	11	7	11	9	4	2	0	5	4	3	7	4	1	7	3	3	12	5	3	5	141	70	39	18	4	35	7	31	18
GCF_000725405.1	3	5	3	2	4	14	7	9	8	9	7	14	6	13	6	5	2	1	7	7	5	4	5	5	3	3	4	15	7	7	4	158	81	41	18	5	42	8	42	15	3	5	3	2	4	14	7	9	8	9	7	14	6	13	6	5	2	1	7	7	5	4	5	5	3	3	4	15	7	7	4	158	81	41	18	5	42	8	42	15
GCF_000731315.1	5	9	9	4	7	16	9	10	11	8	6	10	6	13	17	6	5	2	9	13	10	7	7	4	9	3	3	17	7	9	4	213	95	62	26	4	43	8	47	23	5	9	9	4	7	16	9	10	11	8	6	10	6	13	17	6	5	2	9	13	10	7	7	4	9	3	3	17	7	9	4	213	95	62	26	4	43	8	47	23
GCF_000732925.1	2	7	3	1	8	19	6	12	13	12	8	18	7	9	4	5	3	2	8	13	4	2	6	6	10	4	4	18	7	9	4	218	103	58	19	5	50	9	60	11	2	7	3	1	8	19	6	12	13	12	8	18	7	9	4	5	3	2	8	13	4	2	6	6	10	4	4	18	7	9	4	218	103	58	19	5	50	9	60	11
GCF_000732945.1	2	5	3	1	3	13	7	7	6	5	6	14	6	10	5	5	1	1	5	5	4	2	3	5	6	3	3	8	8	2	4	127	73	30	14	4	38	8	34	12	2	5	3	1	3	13	7	7	6	5	6	14	6	10	5	5	1	1	5	5	4	2	3	5	6	3	3	8	8	2	4	127	73	30	14	4	38	8	34	12
GCF_000733715.2	3	6	3	1	11	18	8	12	8	7	7	12	7	9	10	5	1	3	12	21	11	5	6	4	9	3	5	18	7	12	4	221	93	66	32	6	46	10	59	14	3	6	3	1	11	18	8	12	8	7	7	12	7	9	10	5	1	3	12	21	11	5	6	4	9	3	5	18	7	12	4	221	93	66	32	6	46	10	59	14
GCF_000734015.1	4	3	2	1	3	8	6	7	4	6	5	9	6	5	7	5	1	1	5	3	3	4	5	3	5	1	3	5	7	2	4	97	59	20	10	6	28	4	26	10	4	3	2	1	3	8	6	7	4	6	5	9	6	5	7	5	1	1	5	3	3	4	5	3	5	1	3	5	7	2	4	97	59	20	10	6	28	4	26	10
GCF_000737325.1	6	9	1	1	3	16	7	6	9	8	5	17	10	10	8	10	4	2	8	8	5	7	8	3	9	3	5	8	6	5	5	181	93	43	26	6	43	7	45	16	6	9	1	1	3	16	7	6	9	8	5	17	10	10	8	10	4	2	8	8	5	7	8	3	9	3	5	8	6	5	5	181	93	43	26	6	43	7	45	16
GCF_000739085.1	3	8	5	2	5	17	7	10	12	13	7	15	8	12	5	7	3	2	9	16	17	6	11	5	15	5	3	17	11	8	4	244	101	71	32	4	45	8	64	14	3	8	5	2	5	17	7	10	12	13	7	15	8	12	5	7	3	2	9	16	17	6	11	5	15	5	3	17	11	8	4	244	101	71	32	4	45	8	64	14
GCF_000739435.1	4	6	6	1	2	14	5	5	8	8	7	14	6	12	8	4	1	3	9	7	4	6	5	5	7	2	3	9	7	1	5	164	86	42	23	5	42	7	43	15	4	6	6	1	2	14	5	5	8	8	7	14	6	12	8	4	1	3	9	7	4	6	5	5	7	2	3	9	7	1	5	164	86	42	23	5	42	7	43	15
GCF_000742835.1	3	2	2	1	1	4	2	3	3	2	6	4	4	6	3	6	1	1	3	2	3	5	4	1	0	1	1	7	7	1	4	63	28	18	9	2	14	6	16	7	3	2	2	1	1	4	2	3	3	2	6	4	4	6	3	6	1	1	3	2	3	5	4	1	0	1	1	7	7	1	4	63	28	18	9	2	14	6	16	7
GCF_000743945.1	4	3	2	2	3	12	7	6	6	7	6	10	5	6	7	5	1	1	6	7	6	4	5	4	5	2	3	6	7	1	4	124	62	33	20	5	34	7	32	11	4	3	2	2	3	12	7	6	6	7	6	10	5	6	7	5	1	1	6	7	6	4	5	4	5	2	3	6	7	1	4	124	62	33	20	5	34	7	32	11
GCF_000746025.2	4	5	2	2	4	12	7	9	8	11	8	16	8	7	3	6	1	2	15	7	6	9	5	5	5	1	3	13	8	4	5	163	79	39	20	6	45	4	40	8	4	5	2	2	4	12	7	9	8	11	8	16	8	7	3	6	1	2	15	7	6	9	5	5	5	1	3	13	8	4	5	163	79	39	20	6	45	4	40	8
GCF_000747315.1	2	3	2	1	3	15	11	7	6	6	6	13	6	9	4	5	1	1	5	4	6	3	4	3	7	4	3	8	7	2	4	126	64	25	11	4	33	14	38	9	2	3	2	1	3	15	11	7	6	6	6	13	6	9	4	5	1	1	5	4	6	3	4	3	7	4	3	8	7	2	4	126	64	25	11	4	33	14	38	9
GCF_000755585.2	5	5	8	4	3	16	6	7	11	9	6	15	8	14	7	5	3	1	8	11	10	5	8	4	7	4	3	8	8	6	4	191	88	54	27	4	43	8	44	16	5	5	8	4	3	16	6	7	11	9	6	15	8	14	7	5	3	1	8	11	10	5	8	4	7	4	3	8	8	6	4	191	88	54	27	4	43	8	44	16
GCF_000756615.1	3	8	3	2	3	13	9	7	8	11	5	14	7	17	13	10	1	2	5	4	5	7	4	5	8	5	3	13	8	10	5	172	88	41	15	6	44	5	42	23	3	8	3	2	3	13	9	7	8	11	5	14	7	17	13	10	1	2	5	4	5	7	4	5	8	5	3	13	8	10	5	172	88	41	15	6	44	5	42	23
GCF_000757795.1	6	8	2	3	4	16	8	7	9	10	6	10	7	7	9	5	2	3	10	14	5	9	7	5	6	3	4	19	9	4	4	195	88	52	36	4	39	8	47	13	6	8	2	3	4	16	8	7	9	10	6	10	7	7	9	5	2	3	10	14	5	9	7	5	6	3	4	19	9	4	4	195	88	52	36	4	39	8	47	13
GCF_000758665.1	5	9	12	3	5	15	9	8	7	12	6	13	8	19	12	10	1	3	6	4	5	10	3	5	10	4	3	15	8	6	5	191	99	41	17	7	46	6	49	24	5	9	12	3	5	15	9	8	7	12	6	13	8	19	12	10	1	3	6	4	5	10	3	5	10	4	3	15	8	6	5	191	99	41	17	7	46	6	49	24
GCF_000758685.1	4	7	8	1	4	13	9	7	7	10	5	12	7	18	14	10	1	2	6	5	5	8	3	5	7	6	3	11	8	10	5	179	92	44	17	6	42	5	46	25	4	7	8	1	4	13	9	7	7	10	5	12	7	18	14	10	1	2	6	5	5	8	3	5	7	6	3	11	8	10	5	179	92	44	17	6	42	5	46	25
GCF_000758705.1	4	7	12	3	3	13	9	7	7	11	6	16	7	20	14	10	1	2	5	5	6	7	2	5	7	4	3	15	8	10	5	185	96	42	15	6	45	6	44	26	4	7	12	3	3	13	9	7	7	11	6	16	7	20	14	10	1	2	5	5	6	7	2	5	7	4	3	15	8	10	5	185	96	42	15	6	45	6	44	26
GCF_000758725.1	4	6	9	4	4	15	9	8	7	16	6	14	7	20	12	10	3	2	3	4	8	5	3	5	10	4	3	14	8	10	5	192	101	44	14	7	48	8	48	24	4	6	9	4	4	15	9	8	7	16	6	14	7	20	12	10	3	2	3	4	8	5	3	5	10	4	3	14	8	10	5	192	101	44	14	7	48	8	48	24
GCF_000763575.1	3	4	2	1	3	10	7	9	5	5	6	11	6	12	2	7	1	2	4	3	3	4	3	6	5	1	3	10	6	4	4	117	61	25	9	5	34	5	37	12	3	4	2	1	3	10	7	9	5	5	6	11	6	12	2	7	1	2	4	3	3	4	3	6	5	1	3	10	6	4	4	117	61	25	9	5	34	5	37	12
GCF_000767055.1	3	4	2	1	4	13	8	7	7	6	6	15	6	9	5	5	1	1	6	8	8	4	5	5	6	4	3	8	8	3	4	149	80	37	22	5	42	9	36	11	3	4	2	1	4	13	8	7	7	6	6	15	6	9	5	5	1	1	6	8	8	4	5	5	6	4	3	8	8	3	4	149	80	37	22	5	42	9	36	11
GCF_000767275.3	5	6	1	1	3	10	4	8	6	5	5	1	6	10	5	5	1	1	5	3	7	9	6	2	3	1	3	5	7	4	5	100	51	29	20	4	20	5	14	12	5	6	1	1	3	10	4	8	6	5	5	1	6	10	5	5	1	1	5	3	7	9	6	2	3	1	3	5	7	4	5	100	51	29	20	4	20	5	14	12
GCF_000767465.1	11	5	2	2	4	14	8	6	8	6	7	11	7	11	12	5	1	2	14	8	10	11	12	4	6	2	3	16	7	5	4	184	85	63	31	4	39	9	42	18	11	5	2	2	4	14	8	6	8	6	7	11	7	11	12	5	1	2	14	8	10	11	12	4	6	2	3	16	7	5	4	184	85	63	31	4	39	9	42	18
GCF_000769405.2	6	12	7	5	9	16	10	12	17	9	6	13	8	14	9	6	5	2	11	16	10	10	8	5	10	3	3	20	7	12	6	248	102	76	38	5	50	9	52	19	6	12	7	5	9	16	10	12	17	9	6	13	8	14	9	6	5	2	11	16	10	10	8	5	10	3	3	20	7	12	6	248	102	76	38	5	50	9	52	19
GCF_000783935.2	6	8	9	4	5	15	7	8	12	13	7	16	8	13	8	7	3	3	11	15	8	8	5	6	6	4	4	16	9	7	5	263	107	77	32	6	45	9	59	16	6	8	9	4	5	15	7	8	12	13	7	16	8	13	8	7	3	3	11	15	8	8	5	6	6	4	4	16	9	7	5	263	107	77	32	6	45	9	59	16
GCF_000785495.1	2	6	1	2	5	14	6	10	11	6	6	13	8	6	4	5	2	1	5	8	6	2	6	3	8	4	3	12	6	11	4	160	73	44	16	5	40	8	40	8	2	6	1	2	5	14	6	10	11	6	6	13	8	6	4	5	2	1	5	8	6	2	6	3	8	4	3	12	6	11	4	160	73	44	16	5	40	8	40	8
GCF_000785705.2	4	5	1	2	3	13	6	6	5	11	8	11	6	9	9	5	1	2	13	4	5	8	7	5	8	3	3	15	8	14	4	181	86	57	26	8	42	6	49	15	4	5	1	2	3	13	6	6	5	11	8	11	6	9	9	5	1	2	13	4	5	8	7	5	8	3	3	15	8	14	4	181	86	57	26	8	42	6	49	15
GCF_000800395.1	4	7	2	2	3	14	5	7	7	3	3	9	6	13	6	5	1	0	9	11	8	7	7	1	2	2	3	7	8	2	5	131	68	41	24	4	29	6	22	16	4	7	2	2	3	14	5	7	7	3	3	9	6	13	6	5	1	0	9	11	8	7	7	1	2	2	3	7	8	2	5	131	68	41	24	4	29	6	22	16
GCF_000802245.2	5	5	6	1	5	16	7	10	13	9	7	15	6	14	5	5	2	1	12	11	8	8	10	6	7	4	3	19	13	8	4	203	92	64	24	5	43	8	53	14	5	5	6	1	5	16	7	10	13	9	7	15	6	14	5	5	2	1	12	11	8	8	10	6	7	4	3	19	13	8	4	203	92	64	24	5	43	8	53	14
GCF_000803645.1	4	5	8	2	4	13	7	8	9	6	6	10	5	11	9	5	1	2	8	10	7	7	7	4	8	2	3	14	7	3	4	164	77	42	23	4	36	8	47	14	4	5	8	2	4	13	7	8	9	6	6	10	5	11	9	5	1	2	8	10	7	7	7	4	8	2	3	14	7	3	4	164	77	42	23	4	36	8	47	14
GCF_000807775.2	4	8	2	2	3	19	8	8	7	7	7	11	6	10	11	6	1	1	10	16	7	6	6	4	8	3	5	12	10	5	4	218	88	72	36	6	41	9	49	17	4	8	2	2	3	19	8	8	7	7	7	11	6	10	11	6	1	1	10	16	7	6	6	4	8	3	5	12	10	5	4	218	88	72	36	6	41	9	49	17
GCF_000816085.1	3	5	4	1	2	12	6	7	8	6	4	8	6	8	3	6	1	2	5	4	3	4	3	6	4	3	3	7	8	6	5	127	60	26	12	3	26	5	38	7	3	5	4	1	2	12	6	7	8	6	4	8	6	8	3	6	1	2	5	4	3	4	3	6	4	3	3	7	8	6	5	127	60	26	12	3	26	5	38	7
GCF_000816185.1	2	3	2	0	1	13	5	6	5	3	5	7	5	6	4	5	0	2	2	3	4	4	2	4	5	1	3	7	7	1	4	95	55	21	9	2	24	5	30	8	2	3	2	0	1	13	5	6	5	3	5	7	5	6	4	5	0	2	2	3	4	4	2	4	5	1	3	7	7	1	4	95	55	21	9	2	24	5	30	8
GCF_000816845.1	6	11	8	4	9	16	8	12	16	9	7	9	8	13	9	7	10	2	10	18	9	11	8	3	10	3	3	21	9	12	4	250	104	89	46	5	45	8	54	18	6	11	8	4	9	16	8	12	16	9	7	9	8	13	9	7	10	2	10	18	9	11	8	3	10	3	3	21	9	12	4	250	104	89	46	5	45	8	54	18
GCF_000817955.1	3	4	2	5	2	8	6	8	6	5	6	12	6	9	14	5	1	2	11	6	4	6	6	5	5	2	4	11	8	2	5	140	71	34	19	7	36	4	37	20	3	4	2	5	2	8	6	8	6	5	6	12	6	9	14	5	1	2	11	6	4	6	6	5	5	2	4	11	8	2	5	140	71	34	19	7	36	4	37	20
GCF_000818015.1	4	8	2	2	9	21	9	10	10	11	7	11	6	7	10	5	1	2	10	22	8	5	5	4	6	4	5	13	8	10	4	212	102	70	37	8	47	12	53	14	4	8	2	2	9	21	9	10	10	11	7	11	6	7	10	5	1	2	10	22	8	5	5	4	6	4	5	13	8	10	4	212	102	70	37	8	47	12	53	14
GCF_000819565.1	5	9	5	2	5	16	11	9	12	6	6	10	6	10	11	5	1	1	8	14	14	7	11	3	8	3	3	16	7	4	4	198	86	57	34	4	41	10	46	17	5	9	5	2	5	16	11	9	12	6	6	10	6	10	11	5	1	1	8	14	14	7	11	3	8	3	3	16	7	4	4	198	86	57	34	4	41	10	46	17
GCF_000827125.1	6	5	1	1	2	9	8	6	9	6	5	15	8	6	6	7	1	1	11	6	7	9	10	4	5	2	4	16	7	1	5	150	73	39	23	5	37	7	39	10	6	5	1	1	2	9	8	6	9	6	5	15	8	6	6	7	1	1	11	6	7	9	10	4	5	2	4	16	7	1	5	150	73	39	23	5	37	7	39	10
GCF_000828615.1	6	3	2	1	3	10	6	6	8	7	7	11	5	8	7	5	1	2	7	4	6	7	6	4	6	2	3	11	7	2	4	146	78	34	19	5	36	4	46	12	6	3	2	1	3	10	6	6	8	7	7	11	5	8	7	5	1	2	7	4	6	7	6	4	6	2	3	11	7	2	4	146	78	34	19	5	36	4	46	12
GCF_000828635.1	4	4	2	2	3	14	6	6	5	7	7	11	6	10	14	5	1	2	7	10	7	8	7	3	4	2	3	12	8	6	4	168	71	45	23	5	36	7	36	19	4	4	2	2	3	14	6	6	5	7	7	11	6	10	14	5	1	2	7	10	7	8	7	3	4	2	3	12	8	6	4	168	71	45	23	5	36	7	36	19
GCF_000828895.1	4	5	1	1	6	14	6	7	8	6	6	10	6	7	9	5	1	2	6	10	7	6	7	4	4	2	3	13	7	6	4	152	74	44	22	5	37	7	38	13	4	5	1	1	6	14	6	7	8	6	6	10	6	7	9	5	1	2	6	10	7	6	7	4	4	2	3	13	7	6	4	152	74	44	22	5	37	7	38	13
GCF_000829055.1	5	6	3	2	2	13	8	7	4	8	6	2	6	10	6	5	3	1	6	2	4	6	4	1	2	3	3	2	7	2	5	104	52	27	14	3	26	5	19	12	5	6	3	2	2	13	8	7	4	8	6	2	6	10	6	5	3	1	6	2	4	6	4	1	2	3	3	2	7	2	5	104	52	27	14	3	26	5	19	12
GCF_000830985.1	4	6	2	1	3	13	9	7	7	8	7	10	6	9	12	5	1	2	10	7	9	6	5	4	6	2	3	10	7	5	4	179	83	48	28	6	37	8	43	17	4	6	2	1	3	13	9	7	7	8	7	10	6	9	12	5	1	2	10	7	9	6	5	4	6	2	3	10	7	5	4	179	83	48	28	6	37	8	43	17
GCF_000831645.3	3	8	3	1	2	13	6	6	9	8	6	3	5	11	2	6	1	1	1	3	5	6	2	1	6	3	3	1	6	1	5	97	48	21	14	4	23	5	22	10	3	8	3	1	2	13	6	6	9	8	6	3	5	11	2	6	1	1	1	3	5	6	2	1	6	3	3	1	6	1	5	97	48	21	14	4	23	5	22	10
GCF_000832905.1	5	6	4	1	2	12	7	7	7	13	6	11	6	14	4	6	1	3	9	7	4	10	4	5	7	4	4	10	13	2	5	164	87	38	24	5	39	6	44	13	5	6	4	1	2	12	7	7	7	13	6	11	6	14	4	6	1	3	9	7	4	10	4	5	7	4	4	10	13	2	5	164	87	38	24	5	39	6	44	13
GCF_000833025.1	4	4	1	2	1	9	7	5	10	10	8	12	6	7	6	6	1	2	6	2	6	6	5	4	9	2	3	11	3	1	5	131	70	34	14	6	37	6	42	10	4	4	1	2	1	9	7	5	10	10	8	12	6	7	6	6	1	2	6	2	6	6	5	4	9	2	3	11	3	1	5	131	70	34	14	6	37	6	42	10
GCF_000833575.1	2	3	3	1	3	15	8	7	8	7	6	14	6	10	5	6	1	1	5	4	5	3	4	3	8	3	3	8	8	2	4	136	74	30	16	4	40	10	37	10	2	3	3	1	3	15	8	7	8	7	6	14	6	10	5	6	1	1	5	4	5	3	4	3	8	3	3	8	8	2	4	136	74	30	16	4	40	10	37	10
GCF_000835165.1	3	6	3	1	5	15	7	8	8	6	7	16	6	10	4	5	2	1	11	7	7	7	7	2	7	5	3	8	8	3	4	158	89	45	26	5	45	10	40	10	3	6	3	1	5	15	7	8	8	6	7	16	6	10	4	5	2	1	11	7	7	7	7	2	7	5	3	8	8	3	4	158	89	45	26	5	45	10	40	10
GCF_000934545.1	4	4	2	1	4	14	6	7	5	6	7	11	6	9	9	5	1	1	10	9	7	5	10	4	7	2	3	13	8	6	4	154	77	43	22	6	39	6	43	14	4	4	2	1	4	14	6	7	5	6	7	11	6	9	9	5	1	1	10	9	7	5	10	4	7	2	3	13	8	6	4	154	77	43	22	6	39	6	43	14
GCF_000934605.2	4	8	2	2	3	19	9	8	8	8	7	11	6	10	10	7	1	1	10	18	7	6	6	5	8	3	5	15	11	6	4	228	92	72	37	6	42	9	54	17	4	8	2	2	3	19	9	8	8	8	7	11	6	10	10	7	1	1	10	18	7	6	6	5	8	3	5	15	11	6	4	228	92	72	37	6	42	9	54	17
GCF_000941055.1	3	5	4	2	3	10	6	6	9	8	7	8	6	8	6	5	1	2	8	4	7	7	5	2	5	1	3	8	3	6	5	127	67	33	13	7	37	7	30	13	3	5	4	2	3	10	6	6	9	8	7	8	6	8	6	5	1	2	8	4	7	7	5	2	5	1	3	8	3	6	5	127	67	33	13	7	37	7	30	13
GCF_000953015.1	4	6	2	2	5	13	6	6	6	7	7	10	6	8	9	5	1	2	5	3	6	5	4	4	4	2	3	11	8	1	4	142	74	40	21	5	38	6	40	14	4	6	2	2	5	13	6	6	6	7	7	10	6	8	9	5	1	2	5	3	6	5	4	4	4	2	3	11	8	1	4	142	74	40	21	5	38	6	40	14
GCF_000953635.1	4	4	2	3	1	15	7	6	6	2	5	10	5	8	10	4	1	3	8	5	3	6	5	5	6	3	3	7	2	1	5	141	62	32	20	2	27	8	45	14	4	4	2	3	1	15	7	6	6	2	5	10	5	8	10	4	1	3	8	5	3	6	5	5	6	3	3	7	2	1	5	141	62	32	20	2	27	8	45	14
GCF_000953655.1	3	7	2	1	2	8	6	6	6	2	5	10	5	7	6	4	3	3	7	3	3	6	4	4	5	3	3	6	2	2	5	124	50	32	18	2	28	7	40	10	3	7	2	1	2	8	6	6	6	2	5	10	5	7	6	4	3	3	7	3	3	6	4	4	5	3	3	6	2	2	5	124	50	32	18	2	28	7	40	10
GCF_000953715.1	2	6	3	2	2	11	5	3	7	7	6	8	5	9	5	3	1	1	4	0	3	5	1	1	6	1	3	1	7	0	5	96	55	17	9	6	28	5	15	12	2	6	3	2	2	11	5	3	7	7	6	8	5	9	5	3	1	1	4	0	3	5	1	1	6	1	3	1	7	0	5	96	55	17	9	6	28	5	15	12
GCF_000959365.1	4	9	8	4	7	17	8	11	13	11	8	16	8	12	14	7	4	1	12	21	9	7	6	8	12	4	5	16	8	14	5	277	116	93	41	6	54	8	64	21	4	9	8	4	7	17	8	11	13	11	8	16	8	12	14	7	4	1	12	21	9	7	6	8	12	4	5	16	8	14	5	277	116	93	41	6	54	8	64	21
GCF_000959545.1	4	6	8	4	6	19	7	13	12	11	7	15	7	17	18	6	4	1	14	19	8	6	7	5	11	4	6	15	9	8	4	270	113	88	39	6	50	8	62	29	4	6	8	4	6	19	7	13	12	11	7	15	7	17	18	6	4	1	14	19	8	6	7	5	11	4	6	15	9	8	4	270	113	88	39	6	50	8	62	29
GCF_000960975.1	5	9	16	2	4	17	10	8	12	10	7	11	6	12	8	5	3	2	10	9	9	6	6	4	7	3	3	14	7	7	4	206	85	58	23	5	42	9	47	16	5	9	16	2	4	17	10	8	12	10	7	11	6	12	8	5	3	2	10	9	9	6	6	4	7	3	3	14	7	7	4	206	85	58	23	5	42	9	47	16
GCF_000960995.1	4	6	5	3	4	17	7	7	12	11	7	17	7	10	11	6	3	1	12	17	10	6	7	8	10	3	5	16	9	6	5	248	102	76	35	7	50	8	59	17	4	6	5	3	4	17	7	7	12	11	7	17	7	10	11	6	3	1	12	17	10	6	7	8	10	3	5	16	9	6	5	248	102	76	35	7	50	8	59	17
GCF_000961095.1	3	6	9	3	7	12	12	8	10	20	7	17	7	18	12	7	1	2	5	5	8	6	4	3	11	4	3	13	8	9	4	207	105	42	14	8	50	5	52	23	3	6	9	3	7	12	12	8	10	20	7	17	7	18	12	7	1	2	5	5	8	6	4	3	11	4	3	13	8	9	4	207	105	42	14	8	50	5	52	23
GCF_000963865.1	4	7	3	1	2	9	6	6	9	7	6	11	6	6	5	6	1	1	7	5	7	7	6	2	5	1	3	12	3	3	5	129	70	35	17	6	33	5	38	9	4	7	3	1	2	9	6	6	9	7	6	11	6	6	5	6	1	1	7	5	7	7	6	2	5	1	3	12	3	3	5	129	70	35	17	6	33	5	38	9
GCF_000968055.1	3	4	5	1	1	6	3	4	1	0	0	5	0	5	2	1	1	2	0	2	3	4	1	0	3	1	2	0	6	1	5	46	22	8	7	0	11	8	10	4	3	4	5	1	1	6	3	4	1	0	0	5	0	5	2	1	1	2	0	2	3	4	1	0	3	1	2	0	6	1	5	46	22	8	7	0	11	8	10	4
GCF_000972785.3	4	7	2	1	3	20	8	9	8	8	7	12	6	10	8	7	1	1	10	18	7	6	6	5	7	3	5	14	10	7	4	222	89	72	36	6	43	10	52	15	4	7	2	1	3	20	8	9	8	8	7	12	6	10	8	7	1	1	10	18	7	6	6	5	7	3	5	14	10	7	4	222	89	72	36	6	43	10	52	15
GCF_000973085.1	3	4	4	1	0	6	4	4	3	2	4	0	6	8	2	5	1	1	1	1	2	5	2	0	1	1	3	0	4	0	5	47	17	10	8	2	9	9	10	7	3	4	4	1	0	6	4	4	3	2	4	0	6	8	2	5	1	1	1	1	2	5	2	0	1	1	3	0	4	0	5	47	17	10	8	2	9	9	10	7
GCF_000973105.1	4	5	10	2	3	9	6	6	10	8	6	9	6	7	6	5	2	1	11	4	7	7	7	4	6	1	3	8	3	7	5	143	69	40	17	6	38	6	35	12	4	5	10	2	3	9	6	6	10	8	6	9	6	7	6	5	2	1	11	4	7	7	7	4	6	1	3	8	3	7	5	143	69	40	17	6	38	6	35	12
GCF_000973625.1	4	3	2	4	3	13	6	6	7	6	6	10	6	8	13	5	1	2	5	11	7	4	5	4	4	2	5	11	9	1	4	144	77	33	17	5	36	6	39	17	4	3	2	4	3	13	6	6	7	6	6	10	6	8	13	5	1	2	5	11	7	4	5	4	4	2	5	11	9	1	4	144	77	33	17	5	36	6	39	17
GCF_000973705.1	4	4	3	1	0	10	8	9	6	10	7	9	8	11	4	7	1	1	6	1	6	7	4	7	8	2	3	5	7	3	6	128	58	29	15	4	32	6	32	10	4	4	3	1	0	10	8	9	6	10	7	9	8	11	4	7	1	1	6	1	6	7	4	7	8	2	3	5	7	3	6	128	58	29	15	4	32	6	32	10
GCF_000973725.1	6	6	4	3	1	10	7	5	8	7	6	11	7	10	11	6	2	2	7	3	6	7	6	4	6	2	3	11	7	1	6	161	77	36	16	5	34	7	41	17	6	6	4	3	1	10	7	5	8	7	6	11	7	10	11	6	2	2	7	3	6	7	6	4	6	2	3	11	7	1	6	161	77	36	16	5	34	7	41	17
GCF_000974425.1	1	6	9	3	4	12	5	7	6	8	6	8	4	8	8	4	2	2	7	5	6	5	4	6	7	2	3	9	5	7	5	145	68	35	13	6	35	7	39	14	1	6	9	3	4	12	5	7	6	8	6	8	4	8	8	4	2	2	7	5	6	5	4	6	7	2	3	9	5	7	5	145	68	35	13	6	35	7	39	14
GCF_000980835.1	2	5	2	1	2	14	7	7	6	5	6	15	6	9	4	5	1	1	4	3	5	3	4	2	7	3	3	12	8	2	4	124	72	25	12	3	38	9	36	9	2	5	2	1	2	14	7	7	6	5	6	15	6	9	4	5	1	1	4	3	5	3	4	2	7	3	3	12	8	2	4	124	72	25	12	3	38	9	36	9
GCF_000981585.1	2	7	11	2	4	13	10	8	7	11	6	13	8	16	8	11	1	2	3	6	6	4	2	5	8	4	3	14	8	11	5	172	88	41	12	6	43	6	44	18	2	7	11	2	4	13	10	8	7	11	6	13	8	16	8	11	1	2	3	6	6	4	2	5	8	4	3	14	8	11	5	172	88	41	12	6	43	6	44	18
GCF_000981765.1	4	3	2	1	2	13	5	6	9	8	7	11	5	7	3	5	1	2	5	1	6	5	4	3	6	2	3	10	7	1	5	140	68	36	18	4	35	5	42	8	4	3	2	1	2	13	5	6	9	8	7	11	5	7	3	5	1	2	5	1	6	5	4	3	6	2	3	10	7	1	5	140	68	36	18	4	35	5	42	8
GCF_001006005.1	6	12	12	2	4	18	7	8	12	16	8	16	9	15	16	7	2	3	12	15	8	10	6	5	6	5	4	16	8	6	5	266	119	72	33	7	50	11	59	24	6	12	12	2	4	18	7	8	12	16	8	16	9	15	16	7	2	3	12	15	8	10	6	5	6	5	4	16	8	6	5	266	119	72	33	7	50	11	59	24
GCF_001007935.1	4	5	2	2	5	14	6	6	6	7	7	10	5	9	6	5	1	1	7	2	6	7	6	3	6	3	3	11	7	1	4	141	75	36	20	5	39	7	39	12	4	5	2	2	5	14	6	6	6	7	7	10	5	9	6	5	1	1	7	2	6	7	6	3	6	3	3	11	7	1	4	141	75	36	20	5	39	7	39	12
GCF_001017655.1	4	3	4	2	2	9	5	7	7	5	4	13	5	8	3	5	1	1	3	2	7	5	4	3	4	1	2	2	3	2	4	106	48	22	11	3	32	4	24	10	4	3	4	2	2	9	5	7	7	5	4	13	5	8	3	5	1	1	3	2	7	5	4	3	4	1	2	2	3	2	4	106	48	22	11	3	32	4	24	10
GCF_001020955.1	4	2	2	2	3	12	6	6	6	7	6	11	5	7	4	5	1	3	8	5	7	6	6	4	5	2	3	16	8	5	4	143	74	34	15	5	34	6	43	9	4	2	2	2	3	12	6	6	6	7	6	11	5	7	4	5	1	3	8	5	7	6	6	4	5	2	3	16	8	5	4	143	74	34	15	5	34	6	43	9
GCF_001020985.1	2	5	2	1	3	13	7	7	8	7	6	16	6	9	4	5	1	1	5	4	7	3	6	6	3	3	3	12	8	2	4	136	68	29	14	4	41	8	36	9	2	5	2	1	3	13	7	7	8	7	6	16	6	9	4	5	1	1	5	4	7	3	6	6	3	3	3	12	8	2	4	136	68	29	14	4	41	8	36	9
GCF_001021025.1	2	6	2	1	3	14	7	7	7	6	4	16	5	11	6	5	2	1	4	3	7	2	5	4	6	4	3	13	8	2	4	143	75	28	13	4	40	10	40	13	2	6	2	1	3	14	7	7	7	6	4	16	5	11	6	5	2	1	4	3	7	2	5	4	6	4	3	13	8	2	4	143	75	28	13	4	40	10	40	13
GCF_001021065.1	2	5	2	1	3	12	7	7	8	6	6	14	6	11	5	5	1	1	7	4	5	3	4	2	7	3	3	8	8	6	4	135	73	35	17	4	39	8	32	12	2	5	2	1	3	12	7	7	8	6	6	14	6	11	5	5	1	1	7	4	5	3	4	2	7	3	3	8	8	6	4	135	73	35	17	4	39	8	32	12
GCF_001021975.1	2	5	1	1	2	17	5	8	7	8	5	7	6	5	5	5	1	1	8	4	5	6	5	6	11	2	3	9	2	1	6	131	63	32	16	4	29	10	44	9	2	5	1	1	2	17	5	8	7	8	5	7	6	5	5	5	1	1	8	4	5	6	5	6	11	2	3	9	2	1	6	131	63	32	16	4	29	10	44	9
GCF_001022135.1	7	6	14	6	5	14	7	7	12	14	9	18	8	16	11	7	2	3	12	16	7	9	5	6	6	5	4	16	8	7	5	255	110	69	34	8	51	8	61	20	7	6	14	6	5	14	7	7	12	14	9	18	8	16	11	7	2	3	12	16	7	9	5	6	6	5	4	16	8	7	5	255	110	69	34	8	51	8	61	20
GCF_001025155.1	2	5	4	1	3	11	9	7	5	6	5	7	5	8	2	4	1	1	2	2	5	4	3	4	0	4	2	0	7	2	3	92	46	20	10	4	32	5	19	8	2	5	4	1	3	11	9	7	5	6	5	7	5	8	2	4	1	1	2	2	5	4	3	4	0	4	2	0	7	2	3	92	46	20	10	4	32	5	19	8
GCF_001025175.1	2	4	2	1	3	12	7	7	4	4	5	7	5	12	3	5	1	1	2	2	5	4	3	3	0	4	2	0	6	2	3	87	43	18	9	4	30	6	17	10	2	4	2	1	3	12	7	7	4	4	5	7	5	12	3	5	1	1	2	2	5	4	3	3	0	4	2	0	6	2	3	87	43	18	9	4	30	6	17	10
GCF_001025195.1	2	6	4	1	3	11	8	7	6	6	5	6	5	8	2	5	2	1	2	3	5	4	3	3	0	4	3	0	6	2	3	93	47	21	12	4	31	5	19	9	2	6	4	1	3	11	8	7	6	6	5	6	5	8	2	5	2	1	2	3	5	4	3	3	0	4	3	0	6	2	3	93	47	21	12	4	31	5	19	9
GCF_001025215.1	2	6	4	1	3	11	8	7	6	7	5	6	5	10	4	5	2	1	2	5	5	4	3	3	0	3	3	0	6	2	3	98	50	21	12	4	32	5	18	11	2	6	4	1	3	11	8	7	6	7	5	6	5	10	4	5	2	1	2	5	5	4	3	3	0	3	3	0	6	2	3	98	50	21	12	4	32	5	18	11
GCF_001027025.1	5	4	1	2	3	4	3	6	4	3	0	1	5	11	6	6	4	1	5	3	3	10	2	1	3	0	3	2	7	3	5	84	36	21	14	1	15	5	9	15	5	4	1	2	3	4	3	6	4	3	0	1	5	11	6	6	4	1	5	3	3	10	2	1	3	0	3	2	7	3	5	84	36	21	14	1	15	5	9	15
GCF_001027285.1	5	8	2	1	5	17	7	9	10	13	8	15	11	12	5	10	1	2	7	8	7	7	7	8	9	2	5	13	7	3	7	197	96	50	26	7	46	9	58	14	5	8	2	1	5	17	7	9	10	13	8	15	11	12	5	10	1	2	7	8	7	7	7	8	9	2	5	13	7	3	7	197	96	50	26	7	46	9	58	14
GCF_001028625.1	5	4	2	1	2	13	8	6	8	6	6	9	8	6	2	7	1	2	8	5	7	8	7	4	7	2	3	9	7	1	4	139	66	34	21	4	36	8	41	6	5	4	2	1	2	13	8	6	8	6	6	9	8	6	2	7	1	2	8	5	7	8	7	4	7	2	3	9	7	1	4	139	66	34	21	4	36	8	41	6
GCF_001028665.1	4	7	8	4	8	19	6	13	12	12	10	13	9	14	17	7	3	1	13	20	8	6	6	6	12	4	6	15	10	8	4	274	118	90	39	7	52	8	62	25	4	7	8	4	8	19	6	13	12	12	10	13	9	14	17	7	3	1	13	20	8	6	6	6	12	4	6	15	10	8	4	274	118	90	39	7	52	8	62	25
GCF_001029105.3	4	8	2	2	3	19	8	7	8	9	7	11	7	9	9	8	1	1	10	19	7	6	6	5	7	3	5	15	10	6	4	225	91	74	38	6	43	9	52	15	4	8	2	2	3	19	8	7	8	9	7	11	7	9	9	8	1	1	10	19	7	6	6	5	7	3	5	15	10	6	4	225	91	74	38	6	43	9	52	15
GCF_001038625.1	6	4	10	4	1	10	7	11	10	12	9	15	8	13	10	7	1	1	12	11	9	11	6	7	6	3	3	11	7	5	6	176	81	51	28	6	44	6	39	17	6	4	10	4	1	10	7	11	10	12	9	15	8	13	10	7	1	1	12	11	9	11	6	7	6	3	3	11	7	5	6	176	81	51	28	6	44	6	39	17
GCF_001040945.1	4	6	4	2	6	15	6	6	7	10	8	9	7	8	8	6	3	2	11	8	6	6	6	5	5	4	3	14	9	6	4	192	86	63	29	7	41	7	49	13	4	6	4	2	6	15	6	6	7	10	8	9	7	8	8	6	3	2	11	8	6	6	6	5	5	4	3	14	9	6	4	192	86	63	29	7	41	7	49	13
GCF_001042595.1	2	6	4	1	3	12	9	7	5	7	5	6	5	9	3	5	1	1	2	4	5	4	3	3	0	3	3	0	6	2	3	96	47	22	12	4	32	6	19	10	2	6	4	1	3	12	9	7	5	7	5	6	5	9	3	5	1	1	2	4	5	4	3	3	0	3	3	0	6	2	3	96	47	22	12	4	32	6	19	10
GCF_001042655.1	2	6	4	1	2	12	8	7	4	5	2	4	4	10	3	4	1	1	1	2	4	4	3	2	0	3	3	0	5	2	3	76	35	18	12	2	19	6	16	10	2	6	4	1	2	12	8	7	4	5	2	4	4	10	3	4	1	1	1	2	4	4	3	2	0	3	3	0	5	2	3	76	35	18	12	2	19	6	16	10
GCF_001042675.1	2	4	3	1	2	11	8	7	0	0	0	0	4	9	2	3	1	1	1	2	2	4	2	1	3	3	3	0	5	2	4	61	22	9	7	0	6	6	19	9	2	4	3	1	2	11	8	7	0	0	0	0	4	9	2	3	1	1	1	2	2	4	2	1	3	3	3	0	5	2	4	61	22	9	7	0	6	6	19	9
GCF_001050115.1	4	5	8	2	2	12	6	6	8	16	7	10	6	11	4	6	3	1	7	6	4	7	3	5	4	4	4	10	8	1	5	154	84	44	21	6	39	4	42	10	4	5	8	2	2	12	6	6	8	16	7	10	6	11	4	6	3	1	7	6	4	7	3	5	4	4	4	10	8	1	5	154	84	44	21	6	39	4	42	10
GCF_001050475.1	3	5	6	2	2	13	6	6	9	10	6	11	6	8	2	6	4	1	3	3	6	4	4	7	8	3	3	13	6	1	5	144	75	33	14	5	38	5	43	8	3	5	6	2	2	13	6	6	9	10	6	11	6	8	2	6	4	1	3	3	6	4	4	7	8	3	3	13	6	1	5	144	75	33	14	5	38	5	43	8
GCF_001077815.2	7	4	2	1	2	14	8	6	7	5	6	9	7	8	8	6	1	2	11	6	7	7	9	4	6	2	3	11	7	5	4	153	70	49	24	4	32	8	42	12	7	4	2	1	2	14	8	6	7	5	6	9	7	8	8	6	1	2	11	6	7	7	9	4	6	2	3	11	7	5	4	153	70	49	24	4	32	8	42	12
GCF_001078055.1	3	4	8	1	1	11	6	5	8	9	6	9	5	9	6	4	1	1	8	2	5	6	6	2	7	2	3	10	7	2	5	138	66	35	13	5	32	7	36	12	3	4	8	1	1	11	6	5	8	9	6	9	5	9	6	4	1	1	8	2	5	6	6	2	7	2	3	10	7	2	5	138	66	35	13	5	32	7	36	12
GCF_001187845.1	4	9	5	1	5	15	8	9	14	5	6	10	6	10	11	5	2	1	8	10	7	8	6	3	5	3	3	19	9	8	4	180	85	51	26	4	38	8	39	17	4	9	5	1	5	15	8	9	14	5	6	10	6	10	11	5	2	1	8	10	7	8	6	3	5	3	3	19	9	8	4	180	85	51	26	4	38	8	39	17
GCF_001189295.1	5	7	2	2	2	18	7	8	7	10	7	10	8	9	6	9	3	2	9	7	5	7	6	5	8	3	3	10	4	1	5	162	74	46	24	4	32	9	48	11	5	7	2	2	2	18	7	8	7	10	7	10	8	9	6	9	3	2	9	7	5	7	6	5	8	3	3	10	4	1	5	162	74	46	24	4	32	9	48	11
GCF_001263175.1	4	4	2	1	3	12	6	8	5	6	5	6	7	8	3	7	1	2	8	4	3	7	5	6	7	2	3	10	6	2	6	125	56	31	20	4	23	6	41	9	4	4	2	1	3	12	6	8	5	6	5	6	7	8	3	7	1	2	8	4	3	7	5	6	7	2	3	10	6	2	6	125	56	31	20	4	23	6	41	9
GCF_001263205.1	4	6	1	1	3	19	6	8	9	9	7	16	7	7	4	7	3	2	11	5	4	8	6	6	11	3	4	11	4	2	5	170	86	48	24	4	43	7	49	9	4	6	1	1	3	19	6	8	9	9	7	16	7	7	4	7	3	2	11	5	4	8	6	6	11	3	4	11	4	2	5	170	86	48	24	4	43	7	49	9
GCF_001267435.1	6	3	5	1	5	10	5	10	7	10	7	14	7	8	5	6	1	1	9	8	5	9	4	7	5	0	3	12	8	5	4	140	77	38	19	6	41	3	35	11	6	3	5	1	5	10	5	10	7	10	7	14	7	8	5	6	1	1	9	8	5	9	4	7	5	0	3	12	8	5	4	140	77	38	19	6	41	3	35	11
GCF_001267885.1	5	6	5	3	6	19	7	13	13	10	7	13	6	16	7	6	6	1	11	13	9	8	9	5	6	4	3	17	11	9	4	215	95	63	25	5	44	11	47	18	5	6	5	3	6	19	7	13	13	10	7	13	6	16	7	6	6	1	11	13	9	8	9	5	6	4	3	17	11	9	4	215	95	63	25	5	44	11	47	18
GCF_001267925.1	5	5	6	2	4	16	7	6	6	8	7	9	6	10	12	5	1	1	8	8	7	6	6	3	7	3	4	14	9	6	4	181	81	52	26	6	39	8	44	16	5	5	6	2	4	16	7	6	6	8	7	9	6	10	12	5	1	1	8	8	7	6	6	3	7	3	4	14	9	6	4	181	81	52	26	6	39	8	44	16
GCF_001274875.1	1	3	1	1	0	4	2	2	0	0	0	0	0	0	0	0	1	1	0	0	2	3	0	1	0	1	2	0	5	0	5	19	9	4	4	0	4	5	5	0	1	3	1	1	0	4	2	2	0	0	0	0	0	0	0	0	1	1	0	0	2	3	0	1	0	1	2	0	5	0	5	19	9	4	4	0	4	5	5	0
GCF_001277175.1	6	6	7	4	6	15	7	8	11	13	7	14	8	11	7	7	2	3	10	12	8	7	6	6	6	5	4	13	9	8	5	223	102	64	29	5	44	8	56	15	6	6	7	4	6	15	7	8	11	13	7	14	8	11	7	7	2	3	10	12	8	7	6	6	6	5	4	13	9	8	5	223	102	64	29	5	44	8	56	15
GCF_001277195.1	6	6	7	4	7	16	7	8	11	12	7	14	8	12	10	7	2	3	10	11	8	7	6	6	6	5	4	13	9	8	5	228	105	62	27	5	43	9	56	18	6	6	7	4	7	16	7	8	11	12	7	14	8	12	10	7	2	3	10	11	8	7	6	6	6	5	4	13	9	8	5	228	105	62	27	5	43	9	56	18
GCF_001277215.2	6	6	7	4	6	15	7	8	13	14	7	14	8	11	7	7	1	3	11	13	8	7	6	6	6	5	4	13	9	7	5	225	102	62	29	5	43	8	56	15	6	6	7	4	6	15	7	8	13	14	7	14	8	11	7	7	1	3	11	13	8	7	6	6	6	5	4	13	9	7	5	225	102	62	29	5	43	8	56	15
GCF_001277235.1	6	6	7	4	6	15	7	8	11	12	7	14	8	12	9	7	2	3	11	12	8	7	6	6	6	5	4	13	9	8	5	226	104	63	28	6	44	8	56	17	6	6	7	4	6	15	7	8	11	12	7	14	8	12	9	7	2	3	11	12	8	7	6	6	6	5	4	13	9	8	5	226	104	63	28	6	44	8	56	17
GCF_001277255.1	7	6	7	4	6	15	7	7	11	12	7	14	8	11	7	7	2	3	10	11	8	7	6	6	6	5	4	15	9	7	5	226	101	62	28	5	42	8	58	15	7	6	7	4	6	15	7	7	11	12	7	14	8	11	7	7	2	3	10	11	8	7	6	6	6	5	4	15	9	7	5	226	101	62	28	5	42	8	58	15
GCF_001277995.1	2	6	3	1	3	15	7	7	7	6	7	15	6	9	4	5	3	1	6	6	7	3	5	4	6	4	3	8	8	2	4	142	79	35	18	4	41	10	37	9	2	6	3	1	3	15	7	7	7	6	7	15	6	9	4	5	3	1	6	6	7	3	5	4	6	4	3	8	8	2	4	142	79	35	18	4	41	10	37	9
GCF_001278055.1	7	4	1	2	2	9	7	6	7	6	6	15	8	6	6	7	1	3	13	6	5	9	10	6	5	3	4	13	7	1	5	154	75	40	23	6	38	6	42	11	7	4	1	2	2	9	7	6	7	6	6	15	8	6	6	7	1	3	13	6	5	9	10	6	5	3	4	13	7	1	5	154	75	40	23	6	38	6	42	11
GCF_001281025.1	2	4	2	1	1	11	7	6	8	6	4	9	4	11	2	5	1	2	3	2	4	5	3	5	3	2	3	1	7	1	5	99	47	18	13	3	26	4	27	10	2	4	2	1	1	11	7	6	8	6	4	9	4	11	2	5	1	2	3	2	4	5	3	5	3	2	3	1	7	1	5	99	47	18	13	3	26	4	27	10
GCF_001281085.1	3	3	2	1	2	12	4	7	7	7	4	9	5	6	3	5	2	1	4	3	4	3	3	3	3	3	3	1	7	2	4	96	49	16	9	3	28	7	20	8	3	3	2	1	2	12	4	7	7	7	4	9	5	6	3	5	2	1	4	3	4	3	3	3	3	3	3	1	7	2	4	96	49	16	9	3	28	7	20	8
GCF_001294575.1	3	7	6	2	9	18	7	12	8	11	9	12	9	7	8	5	2	3	10	15	8	5	6	4	8	3	4	18	8	7	4	227	95	69	28	5	49	8	58	12	3	7	6	2	9	18	7	12	8	11	9	12	9	7	8	5	2	3	10	15	8	5	6	4	8	3	4	18	8	7	4	227	95	69	28	5	49	8	58	12
GCF_001298465.1	2	3	2	1	1	10	6	6	7	5	5	12	5	7	7	5	0	3	2	5	3	4	1	5	4	1	3	7	7	2	4	103	60	24	12	3	30	4	28	11	2	3	2	1	1	10	6	6	7	5	5	12	5	7	7	5	0	3	2	5	3	4	1	5	4	1	3	7	7	2	4	103	60	24	12	3	30	4	28	11
GCF_001302565.1	3	5	6	2	4	16	6	8	13	7	6	14	6	13	2	5	4	1	10	11	7	5	6	6	5	4	4	9	6	7	4	184	83	54	26	4	40	8	43	13	3	5	6	2	4	16	6	8	13	7	6	14	6	13	2	5	4	1	10	11	7	5	6	6	5	4	4	9	6	7	4	184	83	54	26	4	40	8	43	13
GCF_001305595.1	6	9	7	3	3	18	8	7	10	14	8	11	6	9	10	5	1	2	12	22	7	10	8	6	6	4	4	19	9	8	5	234	98	74	44	6	46	10	50	16	6	9	7	3	3	18	8	7	10	14	8	11	6	9	10	5	1	2	12	22	7	10	8	6	6	4	4	19	9	8	5	234	98	74	44	6	46	10	50	16
GCF_001314995.1	5	6	9	3	3	10	6	8	9	8	6	9	6	8	8	5	2	1	8	7	9	8	5	6	5	2	3	6	6	3	5	150	71	35	17	5	39	7	31	13	5	6	9	3	3	10	6	8	9	8	6	9	6	8	8	5	2	1	8	7	9	8	5	6	5	2	3	6	6	3	5	150	71	35	17	5	39	7	31	13
GCF_001399775.1	3	5	1	2	2	15	5	6	7	8	4	10	3	9	3	4	1	0	9	4	6	6	4	3	5	2	3	12	8	1	5	122	68	30	13	5	28	6	29	10	3	5	1	2	2	15	5	6	7	8	4	10	3	9	3	4	1	0	9	4	6	6	4	3	5	2	3	12	8	1	5	122	68	30	13	5	28	6	29	10
GCF_001402875.1	4	4	2	1	5	12	7	7	9	8	7	11	5	8	5	4	1	1	9	6	7	7	7	6	5	3	3	16	11	2	4	157	82	42	21	5	41	6	47	10	4	4	2	1	5	12	7	7	9	8	7	11	5	8	5	4	1	1	9	6	7	7	7	6	5	3	3	16	11	2	4	157	82	42	21	5	41	6	47	10
GCF_001414055.1	4	5	6	1	4	14	8	8	9	7	7	10	6	8	10	5	1	1	8	8	8	8	7	4	4	2	3	11	7	3	4	163	72	42	22	5	38	8	40	15	4	5	6	1	4	14	8	8	9	7	7	10	6	8	10	5	1	1	8	8	8	8	7	4	4	2	3	11	7	3	4	163	72	42	22	5	38	8	40	15
GCF_001421015.2	4	8	12	3	3	14	8	7	9	15	6	12	6	18	10	6	1	2	6	6	5	6	3	5	7	4	3	15	8	14	5	188	95	49	17	6	42	6	45	21	4	8	12	3	3	14	8	7	9	15	6	12	6	18	10	6	1	2	6	6	5	6	3	5	7	4	3	15	8	14	5	188	95	49	17	6	42	6	45	21
GCF_001431725.1	4	8	6	3	6	14	7	9	12	11	8	9	6	7	7	5	4	2	12	13	11	8	7	7	8	3	3	15	8	10	4	219	86	71	35	7	44	6	52	11	4	8	6	3	6	14	7	9	12	11	8	9	6	7	7	5	4	2	12	13	11	8	7	7	8	3	3	15	8	10	4	219	86	71	35	7	44	6	52	11
GCF_001442745.1	4	5	3	2	2	13	6	6	7	9	5	12	4	7	8	5	1	2	8	4	6	6	6	4	5	3	3	13	8	5	5	162	73	41	21	3	32	8	45	12	4	5	3	2	2	13	6	6	7	9	5	12	4	7	8	5	1	2	8	4	6	6	6	4	5	3	3	13	8	5	5	162	73	41	21	3	32	8	45	12
GCF_001442805.1	4	5	4	2	2	13	6	7	7	9	5	11	4	8	8	5	1	2	8	5	6	6	6	4	6	3	3	13	8	5	5	172	74	44	23	3	33	8	45	13	4	5	4	2	2	13	6	7	7	9	5	11	4	8	8	5	1	2	8	5	6	6	6	4	6	3	3	13	8	5	5	172	74	44	23	3	33	8	45	13
GCF_001443605.1	3	3	1	2	3	12	6	7	4	5	4	10	8	6	11	6	1	2	4	3	7	6	6	2	5	2	3	7	8	3	5	119	58	23	12	3	29	9	25	15	3	3	1	2	3	12	6	7	4	5	4	10	8	6	11	6	1	2	4	3	7	6	6	2	5	2	3	7	8	3	5	119	58	23	12	3	29	9	25	15
GCF_001444405.1	4	6	2	1	2	12	4	5	12	18	10	14	6	13	6	5	1	3	9	4	7	7	6	3	7	2	3	12	7	1	5	189	93	51	24	7	46	4	47	14	4	6	2	1	2	12	4	5	12	18	10	14	6	13	6	5	1	3	9	4	7	7	6	3	7	2	3	12	7	1	5	189	93	51	24	7	46	4	47	14
GCF_001444425.1	5	4	2	1	3	13	4	5	7	10	6	10	5	8	10	5	1	2	10	7	7	6	8	4	7	2	4	10	7	1	4	166	84	47	25	8	39	5	44	14	5	4	2	1	3	13	4	5	7	10	6	10	5	8	10	5	1	2	10	7	7	6	8	4	7	2	4	10	7	1	4	166	84	47	25	8	39	5	44	14
GCF_001444445.1	4	4	2	1	1	8	6	4	7	6	4	6	4	5	6	5	0	1	4	2	3	6	2	2	5	1	3	5	5	1	5	88	43	16	10	3	18	6	21	9	4	4	2	1	1	8	6	4	7	6	4	6	4	5	6	5	0	1	4	2	3	6	2	2	5	1	3	5	5	1	5	88	43	16	10	3	18	6	21	9
GCF_001455085.1	5	3	2	1	1	9	7	6	5	8	2	7	6	10	8	5	1	1	4	3	6	6	3	4	7	2	3	11	8	1	5	119	53	26	13	3	21	5	35	14	5	3	2	1	1	9	7	6	5	8	2	7	6	10	8	5	1	1	4	3	6	6	3	4	7	2	3	11	8	1	5	119	53	26	13	3	21	5	35	14
GCF_001455205.1	6	4	2	3	5	13	6	6	7	7	8	11	7	8	5	6	3	1	9	3	6	9	6	4	5	2	3	11	7	1	4	146	81	42	22	5	42	6	40	10	6	4	2	3	5	13	6	6	7	7	8	11	7	8	5	6	3	1	9	3	6	9	6	4	5	2	3	11	7	1	4	146	81	42	22	5	42	6	40	10
GCF_001456255.1	6	8	6	4	5	15	6	10	16	10	9	15	7	15	9	5	1	3	15	15	8	8	7	7	11	3	4	13	8	10	6	247	114	80	37	8	50	6	65	19	6	8	6	4	5	15	6	10	16	10	9	15	7	15	9	5	1	3	15	15	8	8	7	7	11	3	4	13	8	10	6	247	114	80	37	8	50	6	65	19
GCF_001456355.1	2	5	2	1	4	16	7	7	8	8	7	15	7	8	5	5	2	2	8	10	8	3	8	4	6	4	4	15	8	7	4	173	84	49	21	4	41	9	47	10	2	5	2	1	4	16	7	7	8	8	7	15	7	8	5	5	2	2	8	10	8	3	8	4	6	4	4	15	8	7	4	173	84	49	21	4	41	9	47	10
GCF_001457455.1	3	5	2	1	4	13	9	7	9	7	6	16	6	11	5	5	2	1	4	4	9	4	6	3	6	5	3	13	8	2	4	147	78	30	16	5	43	11	42	12	3	5	2	1	4	13	9	7	9	7	6	16	6	11	5	5	2	1	4	4	9	4	6	3	6	5	3	13	8	2	4	147	78	30	16	5	43	11	42	12
GCF_001457635.1	5	4	2	1	3	11	7	8	6	6	4	8	4	12	5	5	1	1	3	4	4	8	3	5	8	3	2	1	7	3	5	108	59	21	13	3	30	4	32	13	5	4	2	1	3	11	7	8	6	6	4	8	4	12	5	5	1	1	3	4	4	8	3	5	8	3	2	1	7	3	5	108	59	21	13	3	30	4	32	13
GCF_001465255.1	4	7	7	1	3	12	10	7	8	14	6	13	6	14	3	9	1	2	14	8	8	8	5	6	7	4	4	16	8	7	5	200	90	53	24	6	41	6	50	13	4	7	7	1	3	12	10	7	8	14	6	13	6	14	3	9	1	2	14	8	8	8	5	6	7	4	4	16	8	7	5	200	90	53	24	6	41	6	50	13
GCF_001465545.3	4	9	2	2	5	19	8	8	7	9	7	11	6	10	12	6	1	1	10	18	7	6	6	4	8	4	5	12	11	6	4	226	92	73	36	6	43	9	49	18	4	9	2	2	5	19	8	8	7	9	7	11	6	10	12	6	1	1	10	18	7	6	6	4	8	4	5	12	11	6	4	226	92	73	36	6	43	9	49	18
GCF_001465795.2	3	6	2	1	1	13	6	6	9	12	6	11	6	11	3	7	1	2	7	6	5	7	5	5	8	4	3	10	8	1	6	145	82	33	19	4	38	5	40	10	3	6	2	1	1	13	6	6	9	12	6	11	6	11	3	7	1	2	7	6	5	7	5	5	8	4	3	10	8	1	6	145	82	33	19	4	38	5	40	10
GCF_001483865.1	4	6	5	1	3	15	8	6	8	7	7	9	6	13	8	5	1	3	9	13	8	5	9	3	6	3	3	17	7	5	4	188	80	57	29	6	38	8	46	17	4	6	5	1	3	15	8	6	8	7	7	9	6	13	8	5	1	3	9	13	8	5	9	3	6	3	3	17	7	5	4	188	80	57	29	6	38	8	46	17
GCF_001484725.1	5	5	8	2	1	9	6	5	6	8	6	12	6	10	12	6	1	1	14	8	5	14	4	7	5	3	3	9	7	0	6	150	68	41	27	5	35	4	35	17	5	5	8	2	1	9	6	5	6	8	6	12	6	10	12	6	1	1	14	8	5	14	4	7	5	3	3	9	7	0	6	150	68	41	27	5	35	4	35	17
GCF_001499615.1	3	5	2	1	4	15	7	6	7	13	6	13	6	8	8	4	1	2	10	5	4	7	5	5	7	2	3	16	8	4	4	171	77	49	27	4	37	9	42	12	3	5	2	1	4	15	7	6	7	13	6	13	6	8	8	4	1	2	10	5	4	7	5	5	7	2	3	16	8	4	4	171	77	49	27	4	37	9	42	12
GCF_001507665.1	4	5	2	1	3	14	5	7	5	3	3	12	5	11	5	5	1	1	7	8	8	6	7	3	6	3	3	10	8	2	5	133	75	34	18	4	32	7	32	13	4	5	2	1	3	14	5	7	5	3	3	12	5	11	5	5	1	1	7	8	8	6	7	3	6	3	3	10	8	2	5	133	75	34	18	4	32	7	32	13
GCF_001509405.1	3	6	3	2	4	16	7	8	7	9	6	12	7	8	7	5	2	1	7	10	7	6	7	6	6	4	3	15	7	7	4	163	77	44	22	4	38	9	43	11	3	6	3	2	4	16	7	8	7	9	6	12	7	8	7	5	2	1	7	10	7	6	7	6	6	4	3	15	7	7	4	163	77	44	22	4	38	9	43	11
GCF_001513745.1	5	11	9	4	5	18	7	10	15	11	8	16	8	13	14	5	5	1	13	19	9	11	7	8	13	4	5	16	8	9	5	281	118	94	48	8	57	8	65	21	5	11	9	4	5	18	7	10	15	11	8	16	8	13	14	5	5	1	13	19	9	11	7	8	13	4	5	16	8	9	5	281	118	94	48	8	57	8	65	21
GCF_001523745.2	4	8	9	3	6	17	7	10	13	10	7	16	7	11	13	6	3	1	11	19	9	7	6	9	11	4	5	16	12	12	4	267	116	87	39	6	51	8	63	19	4	8	9	3	6	17	7	10	13	10	7	16	7	11	13	6	3	1	11	19	9	7	6	9	11	4	5	16	12	12	4	267	116	87	39	6	51	8	63	19
GCF_001524445.2	5	9	7	2	6	17	7	10	11	10	7	15	7	11	12	6	4	1	12	17	9	7	7	7	12	4	5	16	8	11	4	261	113	90	39	6	50	8	62	18	5	9	7	2	6	17	7	10	11	10	7	15	7	11	12	6	4	1	12	17	9	7	7	7	12	4	5	16	8	11	4	261	113	90	39	6	50	8	62	18
GCF_001535545.1	4	5	1	3	2	15	5	6	8	7	4	12	3	8	1	5	1	0	8	5	6	6	4	4	5	2	3	14	8	1	5	129	74	33	15	5	31	6	33	8	4	5	1	3	2	15	5	6	8	7	4	12	3	8	1	5	1	0	8	5	6	6	4	4	5	2	3	14	8	1	5	129	74	33	15	5	31	6	33	8
GCF_001543205.1	4	5	4	1	2	10	6	7	7	6	3	10	4	13	3	7	1	1	4	2	4	6	2	3	9	2	3	0	7	1	4	110	50	20	16	3	27	6	29	12	4	5	4	1	2	10	6	7	7	6	3	10	4	13	3	7	1	1	4	2	4	6	2	3	9	2	3	0	7	1	4	110	50	20	16	3	27	6	29	12
GCF_001543305.1	4	4	2	1	3	13	7	7	7	5	6	10	6	7	7	5	1	2	4	3	3	5	2	2	4	2	3	6	3	2	4	109	61	22	11	3	34	6	33	11	4	4	2	1	3	13	7	7	7	5	6	10	6	7	7	5	1	2	4	3	3	5	2	2	4	2	3	6	3	2	4	109	61	22	11	3	34	6	33	11
GCF_001543325.1	4	4	1	1	2	10	7	6	10	9	7	11	6	6	5	6	1	2	7	4	6	8	6	2	5	1	3	10	3	3	5	122	69	36	16	7	39	7	29	8	4	4	1	1	2	10	7	6	10	9	7	11	6	6	5	6	1	2	7	4	6	8	6	2	5	1	3	10	3	3	5	122	69	36	16	7	39	7	29	8
GCF_001553565.1	4	6	2	1	3	15	5	7	11	9	6	13	7	6	2	6	1	2	3	6	7	4	4	5	5	4	3	5	5	6	4	137	69	33	16	4	39	7	32	7	4	6	2	1	3	15	5	7	11	9	6	13	7	6	2	6	1	2	3	6	7	4	4	5	5	4	3	5	5	6	4	137	69	33	16	4	39	7	32	7
GCF_001553625.1	2	4	3	2	2	10	7	7	5	6	4	9	6	9	10	5	1	2	2	3	5	4	3	4	6	1	3	9	5	2	5	120	65	29	14	4	32	7	34	15	2	4	3	2	2	10	7	7	5	6	4	9	6	9	10	5	1	2	2	3	5	4	3	4	6	1	3	9	5	2	5	120	65	29	14	4	32	7	34	15
GCF_001553955.1	3	3	2	1	3	16	8	6	6	9	7	10	6	7	6	5	1	2	8	5	6	6	5	4	7	4	3	11	6	5	4	148	77	43	21	5	39	8	43	10	3	3	2	1	3	16	8	6	6	9	7	10	6	7	6	5	1	2	8	5	6	6	5	4	7	4	3	11	6	5	4	148	77	43	21	5	39	8	43	10
GCF_001558775.1	4	4	4	1	1	12	5	6	9	7	4	9	6	8	3	6	1	2	7	5	3	7	3	6	5	3	4	8	7	5	5	124	60	30	16	3	24	5	37	7	4	4	4	1	1	12	5	6	9	7	4	9	6	8	3	6	1	2	7	5	3	7	3	6	5	3	4	8	7	5	5	124	60	30	16	3	24	5	37	7
GCF_001559015.1	6	4	2	1	2	13	7	6	8	7	6	9	6	6	2	5	1	2	11	6	7	8	9	4	9	2	3	13	8	1	4	152	69	40	23	4	35	7	47	6	6	4	2	1	2	13	7	6	8	7	6	9	6	6	2	5	1	2	11	6	7	8	9	4	9	2	3	13	8	1	4	152	69	40	23	4	35	7	47	6
GCF_001561955.1	4	4	2	1	3	9	9	9	10	10	6	11	7	10	1	8	1	2	7	3	4	7	4	6	6	2	3	1	7	3	5	119	61	24	13	5	38	5	28	10	4	4	2	1	3	9	9	9	10	10	6	11	7	10	1	8	1	2	7	3	4	7	4	6	6	2	3	1	7	3	5	119	61	24	13	5	38	5	28	10
GCF_001564455.1	5	6	2	1	3	13	7	10	6	7	5	9	5	8	4	4	1	2	5	3	3	8	3	1	3	2	3	2	7	3	5	103	62	23	14	4	36	7	18	10	5	6	2	1	3	13	7	10	6	7	5	9	5	8	4	4	1	2	5	3	3	8	3	1	3	2	3	2	7	3	5	103	62	23	14	4	36	7	18	10
GCF_001579945.1	4	4	2	1	3	13	6	7	6	6	7	11	5	7	4	6	1	2	6	6	7	5	5	2	5	3	3	12	7	3	4	135	69	34	17	3	35	6	38	9	4	4	2	1	3	13	6	7	6	6	7	11	5	7	4	6	1	2	6	6	7	5	5	2	5	3	3	12	7	3	4	135	69	34	17	3	35	6	38	9
GCF_001584725.1	3	3	2	1	2	7	6	5	3	7	6	8	7	6	3	5	1	1	4	2	6	6	4	1	1	3	2	3	7	1	4	95	48	26	16	5	30	6	18	7	3	3	2	1	2	7	6	5	3	7	6	8	7	6	3	5	1	1	4	2	6	6	4	1	1	3	2	3	7	1	4	95	48	26	16	5	30	6	18	7
GCF_001586235.1	3	5	2	1	3	14	8	7	9	7	6	14	6	11	5	5	1	1	3	6	7	3	4	3	8	4	3	8	8	2	4	151	77	37	21	5	42	11	38	12	3	5	2	1	3	14	8	7	9	7	6	14	6	11	5	5	1	1	3	6	7	3	4	3	8	4	3	8	8	2	4	151	77	37	21	5	42	11	38	12
GCF_001586255.1	4	6	2	1	6	12	5	7	6	10	7	11	6	9	11	5	1	2	9	9	6	5	5	3	6	2	5	14	7	6	4	174	88	52	24	6	39	5	43	16	4	6	2	1	6	12	5	7	6	10	7	11	6	9	11	5	1	2	9	9	6	5	5	3	6	2	5	14	7	6	4	174	88	52	24	6	39	5	43	16
GCF_001587155.1	4	6	3	1	3	16	7	6	7	8	7	14	6	8	9	5	3	2	9	7	7	5	7	3	7	4	6	16	7	5	4	196	87	62	29	6	42	8	50	13	4	6	3	1	3	16	7	6	7	8	7	14	6	8	9	5	3	2	9	7	7	5	7	3	7	4	6	16	7	5	4	196	87	62	29	6	42	8	50	13
GCF_001590685.1	3	5	6	1	3	9	6	5	8	14	6	11	6	12	2	6	1	2	7	9	5	7	5	5	13	6	3	13	8	2	5	175	89	42	22	5	41	3	49	10	3	5	6	1	3	9	6	5	8	14	6	11	6	12	2	6	1	2	7	9	5	7	5	5	13	6	3	13	8	2	5	175	89	42	22	5	41	3	49	10
GCF_001594225.2	4	7	4	2	11	19	7	12	9	12	7	13	6	9	11	6	1	4	9	19	8	5	6	4	7	3	5	19	7	11	5	235	105	73	32	5	48	8	59	15	4	7	4	2	11	19	7	12	9	12	7	13	6	9	11	6	1	4	9	19	8	5	6	4	7	3	5	19	7	11	5	235	105	73	32	5	48	8	59	15
GCF_001602095.1	2	3	2	1	2	11	6	6	6	7	6	14	5	7	6	6	0	3	3	3	6	3	3	2	5	1	2	7	7	1	4	111	67	24	10	4	37	4	27	10	2	3	2	1	2	11	6	6	6	7	6	14	5	7	6	6	0	3	3	3	6	3	3	2	5	1	2	7	7	1	4	111	67	24	10	4	37	4	27	10
GCF_001606025.1	3	3	2	1	3	16	8	6	10	6	7	9	6	6	3	5	1	2	9	6	7	7	5	4	8	5	3	12	8	5	4	162	74	43	23	5	36	9	47	7	3	3	2	1	3	16	8	6	10	6	7	9	6	6	3	5	1	2	9	6	7	7	5	4	8	5	3	12	8	5	4	162	74	43	23	5	36	9	47	7
GCF_001610955.1	2	4	4	1	4	11	6	7	7	10	6	11	6	11	3	6	2	2	5	8	5	4	5	5	5	5	4	14	7	6	5	157	78	40	14	6	38	4	46	10	2	4	4	1	4	11	6	7	7	10	6	11	6	11	3	6	2	2	5	8	5	4	5	5	5	5	4	14	7	6	5	157	78	40	14	6	38	4	46	10
GCF_001611155.1	4	5	2	1	1	5	6	5	4	4	6	0	6	8	6	5	1	2	4	2	7	4	6	1	3	3	3	0	7	1	5	79	34	23	16	3	17	5	20	11	4	5	2	1	1	5	6	5	4	4	6	0	6	8	6	5	1	2	4	2	7	4	6	1	3	3	3	0	7	1	5	79	34	23	16	3	17	5	20	11
GCF_001611795.1	5	6	5	2	5	16	6	10	17	9	7	15	6	15	7	6	3	1	11	14	11	9	10	5	9	4	4	17	11	8	4	217	95	64	27	5	42	8	55	17	5	6	5	2	5	16	6	10	17	9	7	15	6	15	7	6	3	1	11	14	11	9	10	5	9	4	4	17	11	8	4	217	95	64	27	5	42	8	55	17
GCF_001611975.1	2	6	2	1	2	12	7	7	9	7	7	10	6	7	6	5	1	1	5	4	8	5	6	5	5	2	3	9	7	2	4	124	62	30	15	3	31	7	38	10	2	6	2	1	2	12	7	7	9	7	7	10	6	7	6	5	1	1	5	4	8	5	6	5	5	2	3	9	7	2	4	124	62	30	15	3	31	7	38	10
GCF_001617625.1	3	6	4	1	7	13	4	7	8	6	7	12	7	7	3	5	1	2	9	6	6	6	4	3	8	4	3	10	8	3	5	163	80	45	25	5	43	5	42	8	3	6	4	1	7	13	4	7	8	6	7	12	7	7	3	5	1	2	9	6	6	6	4	3	8	4	3	10	8	3	5	163	80	45	25	5	43	5	42	8
GCF_001618845.1	6	10	8	4	9	16	7	15	16	8	6	10	7	13	11	7	4	2	10	18	13	11	9	1	9	3	5	18	7	12	4	244	96	79	39	4	47	8	50	20	6	10	8	4	9	16	7	15	16	8	6	10	7	13	11	7	4	2	10	18	13	11	9	1	9	3	5	18	7	12	4	244	96	79	39	4	47	8	50	20
GCF_001618865.1	4	5	7	2	3	12	8	7	9	8	5	13	6	13	9	6	3	1	10	8	4	8	5	3	6	1	3	12	6	5	5	155	74	39	19	5	32	5	35	19	4	5	7	2	3	12	8	7	9	8	5	13	6	13	9	6	3	1	10	8	4	8	5	3	6	1	3	12	6	5	5	155	74	39	19	5	32	5	35	19
GCF_001620265.1	3	8	6	3	8	15	9	11	14	7	7	11	6	7	4	5	1	1	8	14	9	8	6	3	5	2	3	15	8	11	4	191	80	63	30	5	44	9	38	9	3	8	6	3	8	15	9	11	14	7	7	11	6	7	4	5	1	1	8	14	9	8	6	3	5	2	3	15	8	11	4	191	80	63	30	5	44	9	38	9
GCF_001632775.1	4	3	3	3	2	13	5	6	8	13	6	11	4	7	9	5	1	2	7	10	6	8	6	4	5	2	4	12	7	1	5	165	73	43	27	4	34	7	42	13	4	3	3	3	2	13	5	6	8	13	6	11	4	7	9	5	1	2	7	10	6	8	6	4	5	2	4	12	7	1	5	165	73	43	27	4	34	7	42	13
GCF_001633165.1	5	6	6	2	4	16	8	8	11	9	7	11	6	11	6	6	1	1	10	13	7	8	6	6	6	3	4	19	12	3	4	188	90	50	29	5	42	9	49	13	5	6	6	2	4	16	8	8	11	9	7	11	6	11	6	6	1	1	10	13	7	8	6	6	6	3	4	19	12	3	4	188	90	50	29	5	42	9	49	13
GCF_001634285.1	2	5	2	1	4	12	6	7	7	14	7	9	6	10	8	6	1	2	5	7	5	4	4	4	6	4	4	14	8	2	5	156	85	34	13	7	38	5	44	15	2	5	2	1	4	12	6	7	7	14	7	9	6	10	8	6	1	2	5	7	5	4	4	4	6	4	4	14	8	2	5	156	85	34	13	7	38	5	44	15
GCF_001636015.1	3	3	2	1	3	14	8	6	7	6	6	9	6	6	3	5	1	2	8	5	4	5	3	3	6	3	3	10	7	1	4	131	69	32	19	5	34	8	40	7	3	3	2	1	3	14	8	6	7	6	6	9	6	6	3	5	1	2	8	5	4	5	3	3	6	3	3	10	7	1	4	131	69	32	19	5	34	8	40	7
GCF_001636295.1	3	7	6	2	5	13	6	7	8	9	6	10	6	9	4	5	3	2	4	7	7	3	4	5	6	4	3	7	13	4	4	161	86	45	22	4	36	6	35	10	3	7	6	2	5	13	6	7	8	9	6	10	6	9	4	5	3	2	4	7	7	3	4	5	6	4	3	7	13	4	4	161	86	45	22	4	36	6	35	10
GCF_001642085.1	3	6	3	1	2	10	7	6	8	7	4	10	4	11	5	5	1	1	4	2	3	8	2	0	4	2	3	0	7	1	5	103	57	20	15	4	34	3	23	12	3	6	3	1	2	10	7	6	8	7	4	10	4	11	5	5	1	1	4	2	3	8	2	0	4	2	3	0	7	1	5	103	57	20	15	4	34	3	23	12
GCF_001642805.2	7	8	7	1	7	13	7	9	14	17	8	14	9	16	12	7	2	4	13	13	9	9	6	7	6	4	4	14	8	6	5	249	118	67	32	6	48	8	59	20	7	8	7	1	7	13	7	9	14	17	8	14	9	16	12	7	2	4	13	13	9	9	6	7	6	4	4	14	8	6	5	249	118	67	32	6	48	8	59	20
GCF_001643015.1	2	5	4	1	4	15	7	7	8	8	7	15	6	10	5	5	2	1	8	8	8	5	6	4	7	5	3	10	8	2	4	156	83	38	22	5	43	10	41	10	2	5	4	1	4	15	7	7	8	8	7	15	6	10	5	5	2	1	8	8	8	5	6	4	7	5	3	10	8	2	4	156	83	38	22	5	43	10	41	10
GCF_001644565.1	2	5	2	1	3	14	5	7	5	3	3	9	5	7	2	5	1	0	8	8	6	5	4	1	3	2	3	7	8	6	5	111	60	33	14	4	29	6	21	7	2	5	2	1	3	14	5	7	5	3	3	9	5	7	2	5	1	0	8	8	6	5	4	1	3	2	3	7	8	6	5	111	60	33	14	4	29	6	21	7
GCF_001644605.1	1	7	11	3	3	14	7	7	6	12	5	10	6	16	8	7	1	2	4	3	5	5	3	4	8	4	3	9	9	6	5	151	80	37	11	6	37	7	35	19	1	7	11	3	3	14	7	7	6	12	5	10	6	16	8	7	1	2	4	3	5	5	3	4	8	4	3	9	9	6	5	151	80	37	11	6	37	7	35	19
GCF_001644645.1	5	5	3	3	2	13	7	5	9	7	6	12	6	8	8	6	1	2	8	2	6	6	6	2	8	2	3	11	6	3	5	141	71	35	15	5	35	9	35	14	5	5	3	3	2	13	7	5	9	7	6	12	6	8	8	6	1	2	8	2	6	6	6	2	8	2	3	11	6	3	5	141	71	35	15	5	35	9	35	14
GCF_001644705.1	5	6	7	4	5	15	7	7	11	15	9	15	7	11	9	5	3	3	10	14	8	7	6	5	6	4	4	11	7	4	5	225	103	59	26	6	45	9	54	17	5	6	7	4	5	15	7	7	11	15	9	15	7	11	9	5	3	3	10	14	8	7	6	5	6	4	4	11	7	4	5	225	103	59	26	6	45	9	54	17
GCF_001648155.1	4	5	4	1	2	16	5	8	7	7	5	10	6	6	5	6	1	1	6	4	6	7	6	3	9	2	3	11	2	1	6	137	68	36	17	3	31	10	42	9	4	5	4	1	2	16	5	8	7	7	5	10	6	6	5	6	1	1	6	4	6	7	6	3	9	2	3	11	2	1	6	137	68	36	17	3	31	10	42	9
GCF_001651805.1	5	7	6	3	7	17	7	10	16	14	8	17	6	8	7	5	5	2	11	16	11	6	7	5	7	2	3	13	5	9	4	232	96	77	33	7	53	8	49	11	5	7	6	3	7	17	7	10	16	14	8	17	6	8	7	5	5	2	11	16	11	6	7	5	7	2	3	13	5	9	4	232	96	77	33	7	53	8	49	11
GCF_001653335.1	5	5	1	3	3	12	7	8	8	4	6	15	7	7	4	5	2	1	10	7	7	7	10	3	7	4	3	14	7	3	4	156	73	43	23	4	39	6	38	10	5	5	1	3	3	12	7	8	8	4	6	15	7	7	4	5	2	1	10	7	7	7	10	3	7	4	3	14	7	3	4	156	73	43	23	4	39	6	38	10
GCF_001653755.1	4	5	1	2	3	9	6	6	9	8	6	10	6	8	6	6	1	2	7	7	7	7	6	2	5	1	3	9	3	2	5	129	69	37	20	5	35	5	33	13	4	5	1	2	3	9	6	6	9	8	6	10	6	8	6	6	1	2	7	7	7	7	6	2	5	1	3	9	3	2	5	129	69	37	20	5	35	5	33	13
GCF_001654455.1	3	7	6	2	2	13	6	6	9	10	6	11	6	9	9	5	2	2	7	3	6	7	4	2	9	2	3	8	5	6	5	144	72	40	18	6	36	9	30	16	3	7	6	2	2	13	6	6	9	10	6	11	6	9	9	5	2	2	7	3	6	7	4	2	9	2	3	8	5	6	5	144	72	40	18	6	36	9	30	16
GCF_001660045.1	5	6	4	2	6	17	6	10	13	10	8	17	7	14	6	6	3	1	12	13	8	8	9	5	9	4	4	18	11	8	5	217	98	62	25	6	49	8	51	16	5	6	4	2	6	17	6	10	13	10	8	17	7	14	6	6	3	1	12	13	8	8	9	5	9	4	4	18	11	8	5	217	98	62	25	6	49	8	51	16
GCF_001660485.1	3	5	6	4	3	16	7	7	11	9	7	13	7	11	7	7	2	1	7	10	8	3	5	4	4	4	3	8	7	6	4	175	84	49	22	4	39	8	40	15	3	5	6	4	3	16	7	7	11	9	7	13	7	11	7	7	2	1	7	10	8	3	5	4	4	4	3	8	7	6	4	175	84	49	22	4	39	8	40	15
GCF_001663155.1	5	4	4	2	2	13	7	6	10	5	6	10	7	9	3	6	1	2	7	5	7	8	6	5	5	2	3	13	7	1	4	143	72	34	20	4	37	7	39	9	5	4	4	2	2	13	7	6	10	5	6	10	7	9	3	6	1	2	7	5	7	8	6	5	5	2	3	13	7	1	4	143	72	34	20	4	37	7	39	9
GCF_001663175.1	5	3	2	2	2	13	8	6	8	5	6	10	6	11	8	5	1	3	8	5	7	7	7	4	7	3	3	11	7	1	4	143	74	34	20	4	34	8	39	15	5	3	2	2	2	13	8	6	8	5	6	10	6	11	8	5	1	3	8	5	7	7	7	4	7	3	3	11	7	1	4	143	74	34	20	4	34	8	39	15
GCF_001663675.1	6	6	4	1	2	15	6	6	7	8	5	13	7	10	8	7	1	2	9	3	5	7	6	3	3	3	3	1	6	1	5	128	72	25	18	4	40	5	28	12	6	6	4	1	2	15	6	6	7	8	5	13	7	10	8	7	1	2	9	3	5	7	6	3	3	3	3	1	6	1	5	128	72	25	18	4	40	5	28	12
GCF_001663815.1	3	3	2	2	9	15	6	9	6	9	8	9	6	9	9	5	1	2	7	7	6	6	5	3	6	1	3	12	7	9	4	151	80	44	18	7	40	7	41	14	3	3	2	2	9	15	6	9	6	9	8	9	6	9	9	5	1	2	7	7	6	6	5	3	6	1	3	12	7	9	4	151	80	44	18	7	40	7	41	14
GCF_001664265.1	6	10	6	5	7	17	8	11	14	8	7	10	9	12	10	6	5	2	10	13	9	7	8	6	9	3	3	19	8	10	4	225	90	69	32	4	45	8	49	18	6	10	6	5	7	17	8	11	14	8	7	10	9	12	10	6	5	2	10	13	9	7	8	6	9	3	3	19	8	10	4	225	90	69	32	4	45	8	49	18
GCF_001664385.1	7	10	6	5	9	18	9	12	15	8	6	10	8	12	11	6	6	2	11	16	11	9	10	6	11	3	3	21	9	11	4	239	99	72	37	4	44	9	55	19	7	10	6	5	9	18	9	12	15	8	6	10	8	12	11	6	6	2	11	16	11	9	10	6	11	3	3	21	9	11	4	239	99	72	37	4	44	9	55	19
GCF_001676705.1	4	6	4	2	4	15	6	7	9	7	7	12	8	10	11	6	1	2	9	12	7	6	6	5	6	3	4	10	9	7	4	203	84	60	29	5	42	9	45	17	4	6	4	2	4	15	6	7	9	7	7	12	8	10	11	6	1	2	9	12	7	6	6	5	6	3	4	10	9	7	4	203	84	60	29	5	42	9	45	17
GCF_001676725.1	4	6	5	2	4	15	6	7	12	7	8	10	5	9	10	5	1	2	9	11	9	6	7	5	8	3	5	10	9	10	4	207	84	65	29	5	41	9	48	15	4	6	5	2	4	15	6	7	12	7	8	10	5	9	10	5	1	2	9	11	9	6	7	5	8	3	5	10	9	10	4	207	84	65	29	5	41	9	48	15
GCF_001678905.1	4	6	1	1	3	14	3	7	9	6	6	11	6	9	2	5	1	1	7	6	3	7	4	4	7	3	3	8	5	8	4	121	59	34	16	3	27	8	32	9	4	6	1	1	3	14	3	7	9	6	6	11	6	9	2	5	1	1	7	6	3	7	4	4	7	3	3	8	5	8	4	121	59	34	16	3	27	8	32	9
GCF_001682385.1	4	3	2	2	4	16	8	7	7	9	8	10	6	10	8	5	1	2	10	12	8	7	8	5	6	3	4	14	8	7	4	188	84	61	27	7	43	9	48	15	4	3	2	2	4	16	8	7	7	9	8	10	6	10	8	5	1	2	10	12	8	7	8	5	6	3	4	14	8	7	4	188	84	61	27	7	43	9	48	15
GCF_001685415.1	4	5	2	2	3	15	6	8	11	9	2	13	4	9	3	4	2	1	6	11	10	5	7	2	7	3	3	11	8	3	4	154	76	44	24	3	34	8	32	9	4	5	2	2	3	15	6	8	11	9	2	13	4	9	3	4	2	1	6	11	10	5	7	2	7	3	3	11	8	3	4	154	76	44	24	3	34	8	32	9
GCF_001685435.2	5	5	2	1	2	12	6	6	9	8	7	11	6	10	3	6	1	1	9	6	5	9	6	7	7	3	3	9	8	1	5	140	72	36	22	5	33	5	40	9	5	5	2	1	2	12	6	6	9	8	7	11	6	10	3	6	1	1	9	6	5	9	6	7	7	3	3	9	8	1	5	140	72	36	22	5	33	5	40	9
GCF_001686985.1	6	11	7	4	11	17	8	15	15	9	7	10	7	12	13	7	4	2	13	22	12	10	12	3	8	4	5	20	7	13	4	255	98	83	42	5	49	8	57	20	6	11	7	4	11	17	8	15	15	9	7	10	7	12	13	7	4	2	13	22	12	10	12	3	8	4	5	20	7	13	4	255	98	83	42	5	49	8	57	20
GCF_001687475.2	3	5	2	0	1	14	5	7	6	4	5	12	5	6	4	5	0	3	3	3	6	4	3	4	5	1	3	7	7	1	4	112	65	28	12	3	31	6	30	8	3	5	2	0	1	14	5	7	6	4	5	12	5	6	4	5	0	3	3	3	6	4	3	4	5	1	3	7	7	1	4	112	65	28	12	3	31	6	30	8
GCF_001687565.2	2	7	4	2	1	13	6	6	9	14	6	10	6	14	7	7	1	3	6	6	6	5	5	5	9	4	3	11	8	1	5	151	85	32	17	4	38	5	43	14	2	7	4	2	1	13	6	6	9	14	6	10	6	14	7	7	1	3	6	6	6	5	5	5	9	4	3	11	8	1	5	151	85	32	17	4	38	5	43	14
GCF_001687585.2	4	7	5	2	1	13	6	6	8	14	6	11	6	14	12	7	1	3	8	7	4	8	5	6	10	4	3	10	8	1	5	168	91	40	26	4	40	5	46	18	4	7	5	2	1	13	6	6	8	14	6	11	6	14	12	7	1	3	8	7	4	8	5	6	10	4	3	10	8	1	5	168	91	40	26	4	40	5	46	18
GCF_001688725.2	4	6	10	3	2	10	6	7	9	7	6	9	6	6	6	5	1	1	8	6	7	7	5	6	7	1	3	2	6	2	5	135	67	30	16	5	36	7	29	10	4	6	10	3	2	10	6	7	9	7	6	9	6	6	6	5	1	1	8	6	7	7	5	6	7	1	3	2	6	2	5	135	67	30	16	5	36	7	29	10
GCF_001688845.2	5	3	4	2	1	9	6	7	8	7	6	8	6	6	6	5	2	1	6	7	6	6	5	4	5	2	3	2	6	2	5	117	59	23	14	4	32	6	26	10	5	3	4	2	1	9	6	7	8	7	6	8	6	6	6	5	2	1	6	7	6	6	5	4	5	2	3	2	6	2	5	117	59	23	14	4	32	6	26	10
GCF_001689125.2	4	5	8	3	6	9	6	11	8	7	8	13	8	10	5	7	6	4	8	9	4	8	2	4	2	2	2	7	7	5	5	152	80	44	15	6	46	4	25	12	4	5	8	3	6	9	6	11	8	7	8	13	8	10	5	7	6	4	8	9	4	8	2	4	2	2	2	7	7	5	5	152	80	44	15	6	46	4	25	12
GCF_001693335.1	1	3	2	1	2	9	6	6	3	3	5	6	5	7	7	5	0	3	1	3	4	2	2	5	5	1	3	8	7	1	4	89	48	19	6	3	17	4	32	11	1	3	2	1	2	9	6	6	3	3	5	6	5	7	7	5	0	3	1	3	4	2	2	5	5	1	3	8	7	1	4	89	48	19	6	3	17	4	32	11
GCF_001693385.1	5	6	3	5	7	14	7	11	11	14	9	12	7	11	13	7	1	3	11	18	9	10	9	5	12	3	5	22	9	9	4	238	102	74	34	7	48	8	63	20	5	6	3	5	7	14	7	11	11	14	9	12	7	11	13	7	1	3	11	18	9	10	9	5	12	3	5	22	9	9	4	238	102	74	34	7	48	8	63	20
GCF_001693515.2	5	6	4	5	6	15	7	9	10	17	9	12	7	8	10	7	1	3	11	17	7	10	8	5	9	3	5	23	9	9	4	233	99	74	36	7	50	8	61	15	5	6	4	5	6	15	7	9	10	17	9	12	7	8	10	7	1	3	11	17	7	10	8	5	9	3	5	23	9	9	4	233	99	74	36	7	50	8	61	15
GCF_001696605.3	3	4	2	1	5	15	7	6	8	7	8	11	7	7	6	5	1	2	9	5	6	7	5	5	8	4	3	12	7	5	4	163	81	51	24	5	41	8	47	10	3	4	2	1	5	15	7	6	8	7	8	11	7	7	6	5	1	2	9	5	6	7	5	5	8	4	3	12	7	5	4	163	81	51	24	5	41	8	47	10
GCF_001697185.1	3	3	5	2	2	10	6	5	9	8	6	11	6	7	6	6	1	2	5	3	7	6	4	5	6	1	3	14	3	5	4	137	72	34	13	6	39	6	41	12	3	3	5	2	2	10	6	5	9	8	6	11	6	7	6	6	1	2	5	3	7	6	4	5	6	1	3	14	3	5	4	137	72	34	13	6	39	6	41	12
GCF_001697225.1	5	5	2	2	3	12	6	6	5	8	8	9	5	8	8	5	1	2	9	4	7	4	8	4	6	2	3	13	8	5	4	151	74	45	18	5	36	6	41	13	5	5	2	2	3	12	6	6	5	8	8	9	5	8	8	5	1	2	9	4	7	4	8	4	6	2	3	13	8	5	4	151	74	45	18	5	36	6	41	13
GCF_001698225.1	3	5	3	3	8	16	8	10	11	9	7	14	6	12	9	6	2	3	13	12	8	6	10	4	11	4	3	13	8	11	4	201	99	59	27	6	47	10	49	16	3	5	3	3	8	16	8	10	11	9	7	14	6	12	9	6	2	3	13	12	8	6	10	4	11	4	3	13	8	11	4	201	99	59	27	6	47	10	49	16
GCF_001700985.1	4	5	6	2	3	11	6	6	10	14	7	10	6	12	3	7	1	3	6	9	5	7	4	5	6	5	4	17	7	1	5	172	85	42	19	7	37	4	50	10	4	5	6	2	3	11	6	6	10	14	7	10	6	12	3	7	1	3	6	9	5	7	4	5	6	5	4	17	7	1	5	172	85	42	19	7	37	4	50	10
GCF_001701025.1	3	6	4	2	5	18	8	10	18	12	7	21	10	15	7	7	3	2	9	17	11	5	9	6	11	4	4	15	13	8	5	245	109	60	29	4	52	11	60	18	3	6	4	2	5	18	8	10	18	12	7	21	10	15	7	7	3	2	9	17	11	5	9	6	11	4	4	15	13	8	5	245	109	60	29	4	52	11	60	18
GCF_001701045.1	5	3	3	1	3	14	8	11	9	7	5	11	7	7	5	5	1	2	8	8	7	7	4	4	5	1	4	8	5	4	4	144	63	35	16	3	31	8	30	9	5	3	3	1	3	14	8	11	9	7	5	11	7	7	5	5	1	2	8	8	7	7	4	4	5	1	4	8	5	4	4	144	63	35	16	3	31	8	30	9
GCF_001702155.1	2	6	6	1	1	14	6	6	9	10	6	13	7	9	4	6	1	2	3	2	4	4	2	5	7	5	3	9	7	1	5	130	69	23	10	3	35	5	38	10	2	6	6	1	1	14	6	6	9	10	6	13	7	9	4	6	1	2	3	2	4	4	2	5	7	5	3	9	7	1	5	130	69	23	10	3	35	5	38	10
GCF_001702215.1	1	5	2	1	1	5	7	5	2	6	5	0	6	9	2	4	1	2	4	1	4	3	2	5	1	3	3	8	8	1	5	84	32	20	10	2	16	5	26	9	1	5	2	1	1	5	7	5	2	6	5	0	6	9	2	4	1	2	4	1	4	3	2	5	1	3	3	8	8	1	5	84	32	20	10	2	16	5	26	9
GCF_001703515.1	5	7	3	1	2	13	6	6	7	8	6	11	6	8	3	6	2	3	5	2	3	6	4	7	7	2	3	8	12	1	5	134	77	27	15	5	37	5	39	8	5	7	3	1	2	13	6	6	7	8	6	11	6	8	3	6	2	3	5	2	3	6	4	7	7	2	3	8	12	1	5	134	77	27	15	5	37	5	39	8
GCF_001704615.3	3	3	2	1	5	14	7	6	10	7	8	13	6	6	3	5	1	2	9	5	6	7	5	5	8	3	3	11	7	1	4	151	78	43	23	5	42	8	45	7	3	3	2	1	5	14	7	6	10	7	8	13	6	6	3	5	1	2	9	5	6	7	5	5	8	3	3	11	7	1	4	151	78	43	23	5	42	8	45	7
GCF_001705075.2	4	5	2	1	4	14	8	7	6	10	8	10	6	8	8	4	1	1	7	7	6	4	4	4	6	2	3	11	8	7	4	151	79	39	17	6	38	8	42	13	4	5	2	1	4	14	8	7	6	10	8	10	6	8	8	4	1	1	7	7	6	4	4	4	6	2	3	11	8	7	4	151	79	39	17	6	38	8	42	13
GCF_001708305.1	1	4	2	1	1	11	7	6	6	8	4	5	4	12	5	5	1	1	3	2	5	4	3	0	2	2	3	9	7	1	5	98	51	23	12	3	23	4	23	13	1	4	2	1	1	11	7	6	6	8	4	5	4	12	5	5	1	1	3	2	5	4	3	0	2	2	3	9	7	1	5	98	51	23	12	3	23	4	23	13
GCF_001708425.1	4	7	3	1	8	18	7	11	10	11	7	13	6	9	9	5	2	3	8	15	8	5	5	4	7	4	5	20	7	15	4	236	97	74	29	5	47	8	60	14	4	7	3	1	8	18	7	11	10	11	7	13	6	9	9	5	2	3	8	15	8	5	5	4	7	4	5	20	7	15	4	236	97	74	29	5	47	8	60	14
GCF_001717525.2	5	5	1	2	1	9	6	5	7	6	4	9	4	5	6	5	2	1	6	6	6	6	5	3	5	1	3	7	7	2	5	108	50	26	16	5	24	7	21	9	5	5	1	2	1	9	6	5	7	6	4	9	4	5	6	5	2	1	6	6	6	6	5	3	5	1	3	7	7	2	5	108	50	26	16	5	24	7	21	9
GCF_001717955.1	5	6	7	3	2	14	7	6	10	15	8	10	7	10	8	5	1	3	9	8	10	8	8	5	8	3	3	17	9	5	4	199	84	56	28	5	40	8	50	15	5	6	7	3	2	14	7	6	10	15	8	10	7	10	8	5	1	3	9	8	10	8	8	5	8	3	3	17	9	5	4	199	84	56	28	5	40	8	50	15
GCF_001718335.1	5	8	7	2	8	20	6	13	12	9	7	14	7	13	10	6	2	1	13	20	8	6	7	5	11	5	5	15	9	8	4	260	105	89	39	6	48	8	60	19	5	8	7	2	8	20	6	13	12	9	7	14	7	13	10	6	2	1	13	20	8	6	7	5	11	5	5	15	9	8	4	260	105	89	39	6	48	8	60	19
GCF_001718875.1	4	7	7	2	6	17	6	9	13	14	8	16	7	12	13	6	3	1	12	17	7	8	7	7	8	3	5	15	12	8	4	249	113	83	39	7	53	7	58	19	4	7	7	2	6	17	6	9	13	14	8	16	7	12	13	6	3	1	12	17	7	8	7	7	8	3	5	15	12	8	4	249	113	83	39	7	53	7	58	19
GCF_001718895.1	4	7	8	2	8	19	6	13	12	11	8	12	8	16	14	6	3	1	14	20	8	6	7	5	11	4	6	15	10	8	4	271	113	90	39	7	49	8	59	25	4	7	8	2	8	19	6	13	12	11	8	12	8	16	14	6	3	1	14	20	8	6	7	5	11	4	6	15	10	8	4	271	113	90	39	7	49	8	59	25
GCF_001720485.1	3	6	4	1	8	15	6	10	13	14	7	9	6	8	7	5	3	2	9	11	12	7	6	6	9	3	3	8	7	8	4	193	80	59	29	5	39	8	45	12	3	6	4	1	8	15	6	10	13	14	7	9	6	8	7	5	3	2	9	11	12	7	6	6	9	3	3	8	7	8	4	193	80	59	29	5	39	8	45	12
GCF_001721685.1	3	7	6	1	2	14	6	6	13	14	8	12	6	13	4	7	1	2	7	8	5	8	5	6	8	4	3	9	8	1	5	158	82	40	21	6	41	4	37	12	3	7	6	1	2	14	6	6	13	14	8	12	6	13	4	7	1	2	7	8	5	8	5	6	8	4	3	9	8	1	5	158	82	40	21	6	41	4	37	12
GCF_001723605.1	4	3	2	1	4	13	6	6	9	7	6	13	4	9	14	5	0	3	9	9	8	4	4	4	7	2	3	12	7	2	4	151	82	40	20	5	36	7	39	18	4	3	2	1	4	13	6	6	9	7	6	13	4	9	14	5	0	3	9	9	8	4	4	4	7	2	3	12	7	2	4	151	82	40	20	5	36	7	39	18
GCF_001729245.1	4	3	2	3	2	13	3	6	7	11	4	8	7	11	14	7	1	2	5	3	4	5	3	5	6	1	3	14	5	6	5	142	70	30	13	6	32	5	39	19	4	3	2	3	2	13	3	6	7	11	4	8	7	11	14	7	1	2	5	3	4	5	3	5	6	1	3	14	5	6	5	142	70	30	13	6	32	5	39	19
GCF_001729805.1	6	6	8	3	4	15	7	8	13	15	7	14	8	12	9	7	3	3	11	14	8	8	5	6	6	4	4	13	8	8	5	234	101	66	29	6	44	8	56	17	6	6	8	3	4	15	7	8	13	15	7	14	8	12	9	7	3	3	11	14	8	8	5	6	6	4	4	13	8	8	5	234	101	66	29	6	44	8	56	17
GCF_001735765.2	4	4	4	1	1	9	6	9	5	6	7	8	6	12	7	6	3	1	3	3	3	5	3	4	5	1	4	6	7	4	5	115	64	30	12	4	30	4	30	14	4	4	4	1	1	9	6	9	5	6	7	8	6	12	7	6	3	1	3	3	3	5	3	4	5	1	4	6	7	4	5	115	64	30	12	4	30	4	30	14
GCF_001742145.1	6	7	10	3	5	14	7	7	12	16	7	14	6	11	8	5	4	3	9	10	8	8	6	6	5	5	4	13	8	6	5	225	107	62	27	5	43	9	55	16	6	7	10	3	5	14	7	7	12	16	7	14	6	11	8	5	4	3	9	10	8	8	6	6	5	5	4	13	8	6	5	225	107	62	27	5	43	9	55	16
GCF_001742185.1	5	7	9	2	5	16	7	7	10	12	7	14	6	11	8	5	3	3	9	7	8	7	6	6	5	5	4	13	8	6	5	214	102	60	24	5	42	11	54	16	5	7	9	2	5	16	7	7	10	12	7	14	6	11	8	5	3	3	9	7	8	7	6	6	5	5	4	13	8	6	5	214	102	60	24	5	42	11	54	16
GCF_001742225.1	5	4	5	2	5	15	9	7	9	9	7	11	7	9	8	5	1	4	9	7	8	8	7	5	7	3	3	17	7	6	4	183	81	50	24	5	39	10	51	14	5	4	5	2	5	15	9	7	9	9	7	11	7	9	8	5	1	4	9	7	8	8	7	5	7	3	3	17	7	6	4	183	81	50	24	5	39	10	51	14
GCF_001746835.1	4	6	6	5	3	13	6	5	8	6	5	10	6	10	6	6	1	2	8	5	6	7	7	2	5	1	4	10	6	1	5	140	72	37	17	6	36	8	31	13	4	6	6	5	3	13	6	5	8	6	5	10	6	10	6	6	1	2	8	5	6	7	7	2	5	1	4	10	6	1	5	140	72	37	17	6	36	8	31	13
GCF_001746915.2	6	5	1	4	4	13	6	7	6	8	4	13	6	12	8	5	1	1	8	7	7	6	6	3	9	2	4	20	9	4	5	174	97	38	24	6	39	7	50	16	6	5	1	4	4	13	6	7	6	8	4	13	6	12	8	5	1	1	8	7	7	6	6	3	9	2	4	20	9	4	5	174	97	38	24	6	39	7	50	16
GCF_001747405.1	4	4	1	1	2	12	5	7	8	12	6	12	6	4	6	5	1	1	4	3	6	6	4	5	7	2	3	20	7	2	4	140	84	31	15	6	40	6	46	9	4	4	1	1	2	12	5	7	8	12	6	12	6	4	6	5	1	1	4	3	6	6	4	5	7	2	3	20	7	2	4	140	84	31	15	6	40	6	46	9
GCF_001750105.1	5	6	3	1	7	15	4	9	9	6	7	11	7	11	16	5	1	2	10	8	7	6	6	3	6	3	3	11	7	5	5	180	95	50	26	5	43	5	43	21	5	6	3	1	7	15	4	9	9	6	7	11	7	11	16	5	1	2	10	8	7	6	6	3	6	3	3	11	7	5	5	180	95	50	26	5	43	5	43	21
GCF_001750725.1	6	6	8	6	5	15	7	7	15	17	8	14	8	12	9	7	3	3	10	14	8	7	5	6	6	4	4	13	8	7	5	243	105	71	30	7	45	8	56	17	6	6	8	6	5	15	7	7	15	17	8	14	8	12	9	7	3	3	10	14	8	7	5	6	6	4	4	13	8	7	5	243	105	71	30	7	45	8	56	17
GCF_001761545.1	4	7	7	2	1	12	7	6	2	5	4	7	6	10	6	5	2	2	2	1	3	8	2	4	3	3	3	0	7	1	5	96	48	17	12	2	22	4	27	11	4	7	7	2	1	12	7	6	2	5	4	7	6	10	6	5	2	2	2	1	3	8	2	4	3	3	3	0	7	1	5	96	48	17	12	2	22	4	27	11
GCF_001787355.1	3	7	3	3	2	14	6	6	7	10	6	11	5	7	9	4	2	3	6	1	5	7	4	4	4	2	3	13	7	1	4	141	68	32	17	4	36	8	35	13	3	7	3	3	2	14	6	6	7	10	6	11	5	7	9	4	2	3	6	1	5	7	4	4	4	2	3	13	7	1	4	141	68	32	17	4	36	8	35	13
GCF_001854125.1	5	7	2	2	7	14	8	8	8	12	7	10	6	7	4	5	1	2	10	12	8	6	7	4	6	2	3	9	7	5	4	178	82	54	31	6	41	7	43	9	5	7	2	2	7	14	8	8	8	12	7	10	6	7	4	5	1	2	10	12	8	6	7	4	6	2	3	9	7	5	4	178	82	54	31	6	41	7	43	9
GCF_001854225.1	3	5	1	1	4	15	6	8	6	5	7	13	7	8	1	7	2	1	4	4	4	3	4	2	3	2	3	6	5	3	4	112	65	28	12	4	38	8	25	8	3	5	1	1	4	15	6	8	6	5	7	13	7	8	1	7	2	1	4	4	4	3	4	2	3	2	3	6	5	3	4	112	65	28	12	4	38	8	25	8
GCF_001855275.1	4	8	2	2	6	16	9	10	10	9	8	10	8	8	10	6	1	3	8	12	7	6	6	4	6	3	3	17	8	8	4	197	89	55	29	6	42	10	53	14	4	8	2	2	6	16	9	10	10	9	8	10	8	8	10	6	1	3	8	12	7	6	6	4	6	3	3	17	8	8	4	197	89	55	29	6	42	10	53	14
GCF_001856645.1	5	5	5	2	2	9	6	7	8	12	7	11	6	15	9	7	3	1	6	3	6	8	4	6	5	3	3	9	8	2	5	152	79	35	16	6	41	4	41	18	5	5	5	2	2	9	6	7	8	12	7	11	6	15	9	7	3	1	6	3	6	8	4	6	5	3	3	9	8	2	5	152	79	35	16	6	41	4	41	18
GCF_001856665.1	2	6	3	2	7	15	10	11	11	4	6	10	5	8	8	5	1	1	8	12	10	5	7	2	6	3	3	15	8	11	4	164	74	48	22	4	38	10	39	13	2	6	3	2	7	15	10	11	11	4	6	10	5	8	8	5	1	1	8	12	10	5	7	2	6	3	3	15	8	11	4	164	74	48	22	4	38	10	39	13
GCF_001856685.1	4	3	4	1	2	14	5	6	7	8	7	10	7	7	1	7	1	1	2	3	4	4	4	3	2	2	4	2	6	2	4	91	47	19	10	2	28	7	20	6	4	3	4	1	2	14	5	6	7	8	7	10	7	7	1	7	1	1	2	3	4	4	4	3	2	2	4	2	6	2	4	91	47	19	10	2	28	7	20	6
GCF_001857965.1	2	4	7	3	3	10	6	6	8	9	6	9	6	12	7	5	2	2	9	4	6	6	5	3	6	1	3	11	3	6	5	139	67	38	14	6	37	7	36	16	2	4	7	3	3	10	6	6	8	9	6	9	6	12	7	5	2	2	9	4	6	6	5	3	6	1	3	11	3	6	5	139	67	38	14	6	37	7	36	16
GCF_001858005.1	3	3	5	2	5	10	6	9	5	7	5	10	6	12	8	4	3	1	3	3	5	5	3	4	1	1	3	3	7	4	5	112	58	22	8	4	35	6	17	16	3	3	5	2	5	10	6	9	5	7	5	10	6	12	8	4	3	1	3	3	5	5	3	4	1	1	3	3	7	4	5	112	58	22	8	4	35	6	17	16
GCF_001865575.2	4	8	9	4	11	18	6	11	10	8	12	13	8	13	15	6	3	1	17	23	7	8	7	4	8	4	6	16	8	10	4	261	110	92	44	10	51	8	62	22	4	8	9	4	11	18	6	11	10	8	12	13	8	13	15	6	3	1	17	23	7	8	7	4	8	4	6	16	8	10	4	261	110	92	44	10	51	8	62	22
GCF_001866075.4	5	5	5	1	3	12	7	6	14	10	8	11	6	11	3	8	1	2	8	13	4	7	6	5	7	4	4	12	8	1	6	160	87	42	26	7	39	5	40	10	5	5	5	1	3	12	7	6	14	10	8	11	6	11	3	8	1	2	8	13	4	7	6	5	7	4	4	12	8	1	6	160	87	42	26	7	39	5	40	10
GCF_001870205.1	5	5	3	1	1	12	6	6	3	6	4	9	6	13	10	6	4	2	3	1	4	5	3	4	3	3	3	1	7	1	5	120	58	23	14	3	25	5	28	16	5	5	3	1	1	12	6	6	3	6	4	9	6	13	10	6	4	2	3	1	4	5	3	4	3	3	3	1	7	1	5	120	58	23	14	3	25	5	28	16
GCF_001874645.1	4	7	3	2	10	17	8	13	10	13	7	13	6	10	16	5	1	4	9	24	8	5	6	4	7	3	5	20	8	12	4	247	114	79	38	7	52	9	60	20	4	7	3	2	10	17	8	13	10	13	7	13	6	10	16	5	1	4	9	24	8	5	6	4	7	3	5	20	8	12	4	247	114	79	38	7	52	9	60	20
GCF_001878675.1	2	6	3	1	4	12	6	7	9	11	6	10	7	14	7	5	1	3	7	6	4	6	5	6	9	4	4	11	8	2	5	167	84	35	18	6	39	5	46	14	2	6	3	1	4	12	6	7	9	11	6	10	7	14	7	5	1	3	7	6	4	6	5	6	9	4	4	11	8	2	5	167	84	35	18	6	39	5	46	14
GCF_001886435.1	5	5	3	1	2	15	5	6	11	11	9	13	5	12	5	5	1	2	10	5	8	7	5	3	7	2	4	11	8	5	5	184	86	53	25	6	45	7	44	14	5	5	3	1	2	15	5	6	11	11	9	13	5	12	5	5	1	2	10	5	8	7	5	3	7	2	4	11	8	5	5	184	86	53	25	6	45	7	44	14
GCF_001886615.1	4	6	2	2	6	16	7	9	12	10	8	10	6	7	8	5	1	3	9	12	10	7	7	7	8	3	3	10	8	5	4	191	86	55	30	6	43	8	49	12	4	6	2	2	6	16	7	9	12	10	8	10	6	7	8	5	1	3	9	12	10	7	7	7	8	3	3	10	8	5	4	191	86	55	30	6	43	8	49	12
GCF_001886715.1	4	5	3	1	7	17	6	10	9	13	7	15	6	12	8	5	2	2	10	8	9	7	10	4	9	4	4	15	8	7	4	198	97	57	24	6	45	9	55	15	4	5	3	1	7	17	6	10	9	13	7	15	6	12	8	5	2	2	10	8	9	7	10	4	9	4	4	15	8	7	4	198	97	57	24	6	45	9	55	15
GCF_001886815.1	6	5	1	1	2	9	7	8	7	8	4	15	6	8	6	5	2	4	7	4	6	9	4	0	6	2	2	10	3	3	5	130	74	30	16	3	38	5	28	12	6	5	1	1	2	9	7	8	7	8	4	15	6	8	6	5	2	4	7	4	6	9	4	0	6	2	2	10	3	3	5	130	74	30	16	3	38	5	28	12
GCF_001887595.1	4	5	3	2	2	13	6	6	7	9	4	11	4	8	10	5	3	2	10	8	6	6	6	4	3	4	4	10	7	1	5	167	73	41	25	2	32	8	40	14	4	5	3	2	2	13	6	6	7	9	4	11	4	8	10	5	3	2	10	8	6	6	6	4	3	4	4	10	7	1	5	167	73	41	25	2	32	8	40	14
GCF_001888925.1	4	4	2	1	1	13	7	6	6	8	5	2	6	8	6	6	1	2	5	2	3	5	3	1	2	2	3	1	7	1	6	80	45	17	10	2	20	5	15	10	4	4	2	1	1	13	7	6	6	8	5	2	6	8	6	6	1	2	5	2	3	5	3	1	2	2	3	1	7	1	6	80	45	17	10	2	20	5	15	10
GCF_001889005.1	4	4	1	5	2	9	7	5	8	7	6	10	6	10	13	6	1	2	5	2	6	7	5	2	5	2	3	11	3	1	5	135	69	32	13	5	34	6	40	19	4	4	1	5	2	9	7	5	8	7	6	10	6	10	13	6	1	2	5	2	6	7	5	2	5	2	3	11	3	1	5	135	69	32	13	5	34	6	40	19
GCF_001889025.1	4	6	4	1	2	13	7	6	7	5	6	9	6	6	2	5	1	2	6	5	7	7	6	4	7	2	3	9	7	5	5	136	65	40	20	4	34	8	37	6	4	6	4	1	2	13	7	6	7	5	6	9	6	6	2	5	1	2	6	5	7	7	6	4	7	2	3	9	7	5	5	136	65	40	20	4	34	8	37	6
GCF_001889165.1	5	6	4	2	6	12	6	7	11	15	7	12	6	13	5	7	1	1	10	8	5	9	6	6	8	5	4	16	8	2	6	175	93	42	20	7	41	5	50	13	5	6	4	2	6	12	6	7	11	15	7	12	6	13	5	7	1	1	10	8	5	9	6	6	8	5	4	16	8	2	6	175	93	42	20	7	41	5	50	13
GCF_001889445.1	2	6	2	2	6	13	6	8	13	11	6	10	6	8	9	4	3	2	10	7	7	7	6	6	4	2	4	15	9	8	4	167	81	47	24	4	36	7	40	14	2	6	2	2	6	13	6	8	13	11	6	10	6	8	9	4	3	2	10	7	7	7	6	6	4	2	4	15	9	8	4	167	81	47	24	4	36	7	40	14
GCF_001889605.1	5	7	5	1	9	15	8	12	16	10	6	11	6	8	7	5	1	2	9	15	11	7	9	1	9	2	4	18	6	7	4	203	87	62	28	4	45	8	43	12	5	7	5	1	9	15	8	12	16	10	6	11	6	8	7	5	1	2	9	15	11	7	9	1	9	2	4	18	6	7	4	203	87	62	28	4	45	8	43	12
GCF_001890385.1	5	4	2	2	2	12	9	5	7	4	4	9	7	8	5	5	1	1	10	6	4	7	6	4	6	1	2	10	7	5	4	138	62	45	23	4	29	9	36	10	5	4	2	2	2	12	9	5	7	4	4	9	7	8	5	5	1	1	10	6	4	7	6	4	6	1	2	10	7	5	4	138	62	45	23	4	29	9	36	10
GCF_001908275.1	4	7	11	2	3	13	7	7	9	18	7	12	9	17	7	8	3	3	5	4	6	5	3	6	9	4	3	13	9	12	5	189	94	46	14	6	42	5	43	19	4	7	11	2	3	13	7	7	9	18	7	12	9	17	7	8	3	3	5	4	6	5	3	6	9	4	3	13	9	12	5	189	94	46	14	6	42	5	43	19
GCF_001908725.1	4	5	5	2	4	13	6	8	10	12	5	10	5	7	8	6	1	2	9	9	11	6	7	4	4	4	4	10	7	7	5	179	73	49	26	3	34	7	38	12	4	5	5	2	4	13	6	8	10	12	5	10	5	7	8	6	1	2	9	9	11	6	7	4	4	4	4	10	7	7	5	179	73	49	26	3	34	7	38	12
GCF_001913155.1	2	5	4	2	2	9	6	6	8	7	6	9	6	7	6	5	1	1	7	4	6	6	4	2	5	1	3	8	3	3	5	126	66	29	13	6	35	6	32	11	2	5	4	2	2	9	6	6	8	7	6	9	6	7	6	5	1	1	7	4	6	6	4	2	5	1	3	8	3	3	5	126	66	29	13	6	35	6	32	11
GCF_001922305.1	3	4	2	2	3	14	6	6	7	6	7	13	6	7	8	5	1	2	8	9	7	7	7	4	6	4	3	14	9	7	4	176	75	50	23	6	41	6	43	12	3	4	2	2	3	14	6	6	7	6	7	13	6	7	8	5	1	2	8	9	7	7	7	4	6	4	3	14	9	7	4	176	75	50	23	6	41	6	43	12
GCF_001932615.1	7	7	5	3	1	13	7	6	5	7	5	11	6	8	7	6	3	2	3	1	3	8	3	3	2	3	4	0	7	1	5	109	58	19	14	2	32	5	25	12	7	7	5	3	1	13	7	6	5	7	5	11	6	8	7	6	3	2	3	1	3	8	3	3	2	3	4	0	7	1	5	109	58	19	14	2	32	5	25	12
GCF_001936175.1	6	8	2	3	4	16	8	7	9	10	6	10	7	7	9	5	2	3	10	14	5	9	7	5	6	3	4	19	9	4	4	195	88	52	36	4	39	8	47	13	6	8	2	3	4	16	8	7	9	10	6	10	7	7	9	5	2	3	10	14	5	9	7	5	6	3	4	19	9	4	4	195	88	52	36	4	39	8	47	13
GCF_001936235.1	4	4	2	1	1	5	3	4	1	2	0	2	4	9	2	5	1	2	3	2	2	4	2	2	5	2	3	0	7	1	5	59	23	10	10	0	9	5	15	8	4	4	2	1	1	5	3	4	1	2	0	2	4	9	2	5	1	2	3	2	2	4	2	2	5	2	3	0	7	1	5	59	23	10	10	0	9	5	15	8
GCF_001940525.2	6	7	3	2	5	15	9	9	11	7	6	10	6	10	11	5	2	1	8	11	10	8	8	7	6	3	3	12	8	4	4	192	84	54	28	4	38	9	46	17	6	7	3	2	5	15	9	9	11	7	6	10	6	10	11	5	2	1	8	11	10	8	8	7	6	3	3	12	8	4	4	192	84	54	28	4	38	9	46	17
GCF_001941345.1	3	4	3	1	6	15	7	9	8	8	6	14	6	10	4	5	2	1	6	7	6	6	5	6	10	5	3	8	8	4	4	157	83	41	22	5	44	10	45	9	3	4	3	1	6	15	7	9	8	8	6	14	6	10	4	5	2	1	6	7	6	6	5	6	10	5	3	8	8	4	4	157	83	41	22	5	44	10	45	9
GCF_001941425.1	3	4	3	1	5	15	7	8	9	8	6	15	6	10	4	5	2	1	6	7	6	6	5	6	9	4	3	8	8	3	4	157	83	41	23	5	44	10	42	9	3	4	3	1	5	15	7	8	9	8	6	15	6	10	4	5	2	1	6	7	6	6	5	6	9	4	3	8	8	3	4	157	83	41	23	5	44	10	42	9
GCF_001941445.1	3	4	2	1	4	15	7	7	8	6	6	15	6	11	5	5	1	1	4	6	8	4	6	3	5	4	3	14	8	2	4	140	78	29	15	5	42	10	39	12	3	4	2	1	4	15	7	7	8	6	6	15	6	11	5	5	1	1	4	6	8	4	6	3	5	4	3	14	8	2	4	140	78	29	15	5	42	10	39	12
GCF_001941465.1	3	3	3	1	6	15	8	8	8	8	6	14	7	10	5	5	2	1	4	5	7	4	5	3	7	5	3	8	8	3	5	150	79	36	18	7	45	11	37	12	3	3	3	1	6	15	8	8	8	8	6	14	7	10	5	5	2	1	4	5	7	4	5	3	7	5	3	8	8	3	5	150	79	36	18	7	45	11	37	12
GCF_001941485.1	3	5	6	1	5	13	7	8	8	7	6	14	6	9	5	5	1	1	7	9	8	6	5	4	5	4	3	8	8	4	4	151	79	38	23	5	42	8	36	10	3	5	6	1	5	13	7	8	8	7	6	14	6	9	5	5	1	1	7	9	8	6	5	4	5	4	3	8	8	4	4	151	79	38	23	5	42	8	36	10
GCF_001941505.1	3	5	2	1	6	15	7	9	8	8	7	14	6	10	5	5	2	1	6	9	8	6	5	4	7	4	3	14	6	4	4	154	83	38	19	5	44	8	44	12	3	5	2	1	6	15	7	9	8	8	7	14	6	10	5	5	2	1	6	9	8	6	5	4	7	4	3	14	6	4	4	154	83	38	19	5	44	8	44	12
GCF_001941825.1	6	7	3	4	5	15	10	8	13	8	7	13	8	13	11	5	1	2	14	21	11	7	13	6	10	3	3	12	10	7	4	245	98	83	51	9	50	11	49	20	6	7	3	4	5	15	10	8	13	8	7	13	8	13	11	5	1	2	14	21	11	7	13	6	10	3	3	12	10	7	4	245	98	83	51	9	50	11	49	20
GCF_001945665.1	3	2	0	1	0	3	1	0	0	1	0	0	4	2	0	4	1	2	0	0	2	3	1	0	0	1	3	0	5	0	5	27	10	6	5	0	5	3	5	1	3	2	0	1	0	3	1	0	0	1	0	0	4	2	0	4	1	2	0	0	2	3	1	0	0	1	3	0	5	0	5	27	10	6	5	0	5	3	5	1
GCF_001951095.1	4	7	7	2	2	13	7	6	4	6	4	9	6	9	2	5	2	1	4	2	3	7	2	3	7	3	3	0	7	1	5	106	53	17	13	3	26	5	29	9	4	7	7	2	2	13	7	6	4	6	4	9	6	9	2	5	2	1	4	2	3	7	2	3	7	3	3	0	7	1	5	106	53	17	13	3	26	5	29	9
GCF_001951155.1	4	3	7	5	3	9	7	6	9	8	7	11	6	13	11	6	1	2	6	3	6	7	5	2	5	2	3	12	4	2	5	149	75	37	13	6	37	6	43	18	4	3	7	5	3	9	7	6	9	8	7	11	6	13	11	6	1	2	6	3	6	7	5	2	5	2	3	12	4	2	5	149	75	37	13	6	37	6	43	18
GCF_001953175.1	4	3	2	1	3	9	5	9	5	4	5	12	4	8	3	2	1	0	3	5	4	4	4	3	8	1	3	15	7	3	4	102	61	26	12	5	32	3	34	8	4	3	2	1	3	9	5	9	5	4	5	12	4	8	3	2	1	0	3	5	4	4	4	3	8	1	3	15	7	3	4	102	61	26	12	5	32	3	34	8
GCF_001953955.1	3	3	1	1	1	8	6	5	5	4	3	4	4	4	6	5	1	1	4	5	3	5	2	4	5	2	4	3	5	1	5	89	40	16	13	2	14	6	24	9	3	3	1	1	1	8	6	5	5	4	3	4	4	4	6	5	1	1	4	5	3	5	2	4	5	2	4	3	5	1	5	89	40	16	13	2	14	6	24	9
GCF_001955735.1	4	6	1	2	5	15	7	8	8	7	8	10	6	11	11	5	1	2	9	9	7	7	8	5	6	3	3	16	9	3	4	168	84	43	21	6	39	9	46	18	4	6	1	2	5	15	7	8	8	7	8	10	6	11	11	5	1	2	9	9	7	7	8	5	6	3	3	16	9	3	4	168	84	43	21	6	39	9	46	18
GCF_001971585.1	4	6	2	1	2	13	7	6	6	6	5	6	6	11	7	6	1	1	3	3	3	6	3	1	5	3	3	2	6	1	5	109	57	19	14	4	30	5	23	14	4	6	2	1	2	13	7	6	6	6	5	6	6	11	7	6	1	1	3	3	3	6	3	1	5	3	3	2	6	1	5	109	57	19	14	4	30	5	23	14
GCF_001974985.1	3	5	2	3	3	16	6	7	7	10	7	12	6	12	5	6	1	1	6	6	7	3	5	2	4	4	3	8	6	6	4	148	73	44	18	4	38	8	33	14	3	5	2	3	3	16	6	7	7	10	7	12	6	12	5	6	1	1	6	6	7	3	5	2	4	4	3	8	6	6	4	148	73	44	18	4	38	8	33	14
GCF_001975665.1	4	4	11	2	3	10	7	6	9	8	6	11	6	8	6	6	2	1	6	5	7	7	5	5	5	1	3	11	3	6	5	144	70	35	14	6	38	7	36	14	4	4	11	2	3	10	7	6	9	8	6	11	6	8	6	6	2	1	6	5	7	7	5	5	5	1	3	11	3	6	5	144	70	35	14	6	38	7	36	14
GCF_001975705.1	5	7	4	2	7	15	10	11	19	8	6	11	6	9	9	5	1	1	7	17	13	8	8	5	8	4	3	15	9	10	4	207	84	58	30	5	43	9	47	14	5	7	4	2	7	15	10	11	19	8	6	11	6	9	9	5	1	1	7	17	13	8	8	5	8	4	3	15	9	10	4	207	84	58	30	5	43	9	47	14
GCF_001975955.2	3	5	5	2	4	14	6	8	8	13	7	12	6	11	5	6	2	1	4	5	7	3	5	2	5	4	3	8	6	7	5	144	74	41	16	4	38	8	33	13	3	5	5	2	4	14	6	8	8	13	7	12	6	11	5	6	2	1	4	5	7	3	5	2	5	4	3	8	6	7	5	144	74	41	16	4	38	8	33	13
GCF_001984445.1	3	5	3	2	5	19	6	11	13	9	9	12	7	11	6	6	2	1	10	9	9	4	8	6	9	4	3	16	10	8	4	200	85	55	16	6	42	10	55	13	3	5	3	2	5	19	6	11	13	9	9	12	7	11	6	6	2	1	10	9	9	4	8	6	9	4	3	16	10	8	4	200	85	55	16	6	42	10	55	13
GCF_001988955.1	4	5	7	3	4	12	6	7	9	7	6	12	6	8	8	6	2	2	7	6	7	6	5	2	5	2	3	12	5	7	5	147	75	40	17	6	39	7	37	14	4	5	7	3	4	12	6	7	9	7	6	12	6	8	8	6	2	2	7	6	7	6	5	2	5	2	3	12	5	7	5	147	75	40	17	6	39	7	37	14
GCF_001989575.1	2	4	2	1	1	11	6	6	1	3	0	2	4	5	1	6	1	1	2	2	3	4	1	7	4	4	4	8	7	1	5	89	43	16	8	0	10	4	38	5	2	4	2	1	1	11	6	6	1	3	0	2	4	5	1	6	1	1	2	2	3	4	1	7	4	4	4	8	7	1	5	89	43	16	8	0	10	4	38	5
GCF_001991075.2	4	4	6	1	1	9	6	7	5	5	7	9	6	15	4	6	1	1	5	2	4	6	3	6	1	1	3	7	10	2	6	123	59	28	13	5	33	4	28	13	4	4	6	1	1	9	6	7	5	5	7	9	6	15	4	6	1	1	5	2	4	6	3	6	1	1	3	7	10	2	6	123	59	28	13	5	33	4	28	13
GCF_001997295.1	5	6	4	1	3	14	6	7	12	7	6	11	7	9	3	5	1	1	8	9	7	5	8	5	3	4	2	12	8	6	4	155	78	44	22	4	38	7	38	9	5	6	4	1	3	14	6	7	12	7	6	11	7	9	3	5	1	1	8	9	7	5	8	5	3	4	2	12	8	6	4	155	78	44	22	4	38	7	38	9
GCF_001997385.1	2	4	4	3	2	13	5	7	5	3	4	10	5	3	3	4	1	0	4	1	3	5	2	2	5	1	2	3	7	2	4	91	48	17	8	4	30	6	20	6	2	4	4	3	2	13	5	7	5	3	4	10	5	3	3	4	1	0	4	1	3	5	2	2	5	1	2	3	7	2	4	91	48	17	8	4	30	6	20	6
GCF_001998865.1	4	7	4	3	3	11	7	7	11	7	6	11	7	9	3	5	2	1	7	7	7	6	7	6	3	3	3	14	8	2	4	147	69	39	21	4	38	8	36	9	4	7	4	3	3	11	7	7	11	7	6	11	7	9	3	5	2	1	7	7	7	6	7	6	3	3	3	14	8	2	4	147	69	39	21	4	38	8	36	9
GCF_001999225.1	4	7	4	1	1	16	5	5	12	19	10	14	6	13	6	5	1	3	11	5	8	7	6	3	8	3	3	11	7	1	5	197	93	56	28	6	49	7	47	14	4	7	4	1	1	16	5	5	12	19	10	14	6	13	6	5	1	3	11	5	8	7	6	3	8	3	3	11	7	1	5	197	93	56	28	6	49	7	47	14
GCF_001999945.1	4	5	4	1	7	13	4	9	10	8	8	12	8	11	8	5	1	2	9	9	6	6	5	4	7	2	3	11	8	9	5	180	89	51	24	6	45	5	43	14	4	5	4	1	7	13	4	9	10	8	8	12	8	11	8	5	1	2	9	9	6	6	5	4	7	2	3	11	8	9	5	180	89	51	24	6	45	5	43	14
GCF_001999965.1	4	4	3	2	2	11	5	7	5	3	4	12	5	4	1	4	1	0	7	2	3	8	2	3	4	1	2	0	7	2	5	99	52	23	11	4	33	4	20	5	4	4	3	2	2	11	5	7	5	3	4	12	5	4	1	4	1	0	7	2	3	8	2	3	4	1	2	0	7	2	5	99	52	23	11	4	33	4	20	5
GCF_002005145.1	7	4	2	2	4	10	7	9	8	10	8	12	6	12	5	7	2	2	4	11	5	7	3	4	5	1	3	12	8	4	5	143	76	38	19	6	42	5	32	13	7	4	2	2	4	10	7	9	8	10	8	12	6	12	5	7	2	2	4	11	5	7	3	4	5	1	3	12	8	4	5	143	76	38	19	6	42	5	32	13
GCF_002005165.1	4	8	9	2	3	11	7	7	10	10	7	12	6	13	7	5	5	3	7	7	4	8	4	6	4	2	3	10	7	2	4	169	81	48	24	6	41	5	36	16	4	8	9	2	3	11	7	7	10	10	7	12	6	13	7	5	5	3	7	7	4	8	4	6	4	2	3	10	7	2	4	169	81	48	24	6	41	5	36	16
GCF_002007645.1	4	6	3	2	2	12	5	7	8	4	4	10	5	5	6	5	1	0	5	2	3	6	2	2	5	1	2	6	7	2	5	118	62	27	11	4	30	3	30	10	4	6	3	2	2	12	5	7	8	4	4	10	5	5	6	5	1	0	5	2	3	6	2	2	5	1	2	6	7	2	5	118	62	27	11	4	30	3	30	10
GCF_002009235.1	4	6	5	2	1	13	6	6	8	10	6	11	6	15	8	7	1	2	7	7	4	7	5	5	9	3	3	12	8	1	5	155	85	37	23	4	37	5	46	15	4	6	5	2	1	13	6	6	8	10	6	11	6	15	8	7	1	2	7	7	4	7	5	5	9	3	3	12	8	1	5	155	85	37	23	4	37	5	46	15
GCF_002009335.2	4	4	2	2	2	10	7	7	7	6	4	16	9	6	9	7	1	3	8	8	8	7	8	5	5	3	3	11	7	2	5	146	71	36	21	4	36	6	31	12	4	4	2	2	2	10	7	7	7	6	4	16	9	6	9	7	1	3	8	8	8	7	8	5	5	3	3	11	7	2	5	146	71	36	21	4	36	6	31	12
GCF_002021985.1	3	3	2	0	1	12	6	6	4	4	5	8	5	6	4	5	0	2	1	5	4	4	1	5	5	1	3	7	7	1	4	96	52	23	11	2	23	6	31	8	3	3	2	0	1	12	6	6	4	4	5	8	5	6	4	5	0	2	1	5	4	4	1	5	5	1	3	7	7	1	4	96	52	23	11	2	23	6	31	8
GCF_002022125.1	4	5	3	2	2	13	6	6	9	9	7	11	6	8	6	6	1	1	7	4	6	7	6	6	9	2	3	9	1	1	5	144	70	41	20	6	35	8	41	12	4	5	3	2	2	13	6	6	9	9	7	11	6	8	6	6	1	1	7	4	6	7	6	6	9	2	3	9	1	1	5	144	70	41	20	6	35	8	41	12
GCF_002024805.1	4	5	3	3	2	13	6	6	9	9	7	9	6	8	8	6	1	1	7	4	6	7	6	7	10	2	3	9	1	1	5	146	68	41	20	6	33	8	43	14	4	5	3	3	2	13	6	6	9	9	7	9	6	8	8	6	1	1	7	4	6	7	6	7	10	2	3	9	1	1	5	146	68	41	20	6	33	8	43	14
GCF_002025725.1	4	5	4	2	4	17	6	6	8	11	8	9	7	10	10	5	1	2	9	10	6	6	6	5	6	3	4	14	9	6	4	196	86	61	30	5	41	7	51	15	4	5	4	2	4	17	6	6	8	11	8	9	7	10	10	5	1	2	9	10	6	6	6	5	6	3	4	14	9	6	4	196	86	61	30	5	41	7	51	15
GCF_002028405.1	4	5	2	2	6	16	7	7	8	10	7	10	6	8	9	5	1	1	7	14	7	6	7	7	6	3	3	9	7	7	4	172	82	47	28	5	40	9	46	14	4	5	2	2	6	16	7	7	8	10	7	10	6	8	9	5	1	1	7	14	7	6	7	7	6	3	3	9	7	7	4	172	82	47	28	5	40	9	46	14
GCF_002043005.1	6	9	8	4	4	17	8	8	14	12	6	15	6	12	8	5	4	2	9	11	8	8	7	4	6	3	3	14	7	8	4	210	87	62	29	4	46	9	41	17	6	9	8	4	4	17	8	8	14	12	6	15	6	12	8	5	4	2	9	11	8	8	7	4	6	3	3	14	7	8	4	210	87	62	29	4	46	9	41	17
GCF_002056295.1	4	5	2	2	13	15	9	13	12	8	7	12	6	6	4	5	1	2	11	18	9	5	7	4	7	2	5	15	7	13	4	203	98	62	30	8	51	10	53	8	4	5	2	2	13	15	9	13	12	8	7	12	6	6	4	5	1	2	11	18	9	5	7	4	7	2	5	15	7	13	4	203	98	62	30	8	51	10	53	8
GCF_002073255.2	3	7	4	4	2	14	5	5	7	7	7	14	6	11	6	4	2	2	7	6	5	8	4	6	6	3	3	7	7	1	5	158	81	40	20	5	41	7	42	13	3	7	4	4	2	14	5	5	7	7	7	14	6	11	6	4	2	2	7	6	5	8	4	6	6	3	3	7	7	1	5	158	81	40	20	5	41	7	42	13
GCF_002074155.1	6	5	3	1	0	9	6	6	4	6	4	7	10	11	3	13	1	1	4	4	4	9	2	3	6	1	4	8	7	1	5	123	56	27	16	2	21	4	32	10	6	5	3	1	0	9	6	6	4	6	4	7	10	11	3	13	1	1	4	4	4	9	2	3	6	1	4	8	7	1	5	123	56	27	16	2	21	4	32	10
GCF_002075285.3	3	5	1	3	4	12	5	7	8	8	3	17	6	7	5	4	1	1	7	2	8	4	6	3	6	2	3	17	9	2	5	148	83	30	13	5	39	6	38	11	3	5	1	3	4	12	5	7	8	8	3	17	6	7	5	4	1	1	7	2	8	4	6	3	6	2	3	17	9	2	5	148	83	30	13	5	39	6	38	11
GCF_002076895.1	5	6	4	2	4	16	6	7	12	10	7	13	6	10	8	5	1	3	14	13	10	10	7	3	6	2	3	12	7	8	6	205	91	67	34	5	45	5	43	15	5	6	4	2	4	16	6	7	12	10	7	13	6	10	8	5	1	3	14	13	10	10	7	3	6	2	3	12	7	8	6	205	91	67	34	5	45	5	43	15
GCF_002080125.1	4	3	2	1	2	13	9	6	6	7	6	10	6	6	3	5	1	2	7	4	3	5	3	4	7	4	3	10	7	1	4	132	70	31	16	4	33	8	45	7	4	3	2	1	2	13	9	6	6	7	6	10	6	6	3	5	1	2	7	4	3	5	3	4	7	4	3	10	7	1	4	132	70	31	16	4	33	8	45	7
GCF_002080395.1	3	3	2	0	1	13	5	7	6	4	5	13	5	8	6	5	0	3	2	3	6	4	3	4	5	1	3	7	7	1	4	108	64	23	10	2	31	6	31	11	3	3	2	0	1	13	5	7	6	4	5	13	5	8	6	5	0	3	2	3	6	4	3	4	5	1	3	7	7	1	4	108	64	23	10	2	31	6	31	11
GCF_002080475.1	4	5	10	1	3	10	6	7	10	13	10	13	6	12	10	8	1	1	14	9	8	10	6	5	6	3	3	11	6	2	5	180	82	46	25	7	42	4	42	18	4	5	10	1	3	10	6	7	10	13	10	13	6	12	10	8	1	1	14	9	8	10	6	5	6	3	3	11	6	2	5	180	82	46	25	7	42	4	42	18
GCF_002082195.1	4	5	4	2	4	18	6	10	12	10	10	14	8	13	8	6	3	1	10	11	8	7	9	6	11	4	3	16	14	7	4	213	96	60	23	5	43	9	52	17	4	5	4	2	4	18	6	10	12	10	10	14	8	13	8	6	3	1	10	11	8	7	9	6	11	4	3	16	14	7	4	213	96	60	23	5	43	9	52	17
GCF_002085925.2	4	7	5	4	6	15	9	10	10	5	6	10	6	10	12	5	4	1	8	11	10	7	7	5	7	3	3	11	7	5	4	183	83	53	24	4	38	9	40	18	4	7	5	4	6	15	9	10	10	5	6	10	6	10	12	5	4	1	8	11	10	7	7	5	7	3	3	11	7	5	4	183	83	53	24	4	38	9	40	18
GCF_002096055.1	4	6	5	4	3	15	6	7	7	11	6	13	8	10	7	7	2	1	8	6	4	4	5	5	7	4	3	6	7	2	4	156	77	40	21	5	41	8	36	14	4	6	5	4	3	15	6	7	7	11	6	13	8	10	7	7	2	1	8	6	4	4	5	5	7	4	3	6	7	2	4	156	77	40	21	5	41	8	36	14
GCF_002097715.1	4	8	6	3	7	19	7	14	13	11	8	14	8	13	12	6	3	1	12	19	8	6	6	4	10	5	6	15	9	9	5	257	105	83	37	8	50	8	60	21	4	8	6	3	7	19	7	14	13	11	8	14	8	13	12	6	3	1	12	19	8	6	6	4	10	5	6	15	9	9	5	257	105	83	37	8	50	8	60	21
GCF_002101335.1	5	4	2	1	1	12	6	6	9	8	4	9	6	10	2	6	3	2	7	4	3	8	3	8	4	4	3	10	9	5	6	142	67	32	16	3	28	5	43	8	5	4	2	1	1	12	6	6	9	8	4	9	6	10	2	6	3	2	7	4	3	8	3	8	4	4	3	10	9	5	6	142	67	32	16	3	28	5	43	8
GCF_002104335.1	3	5	2	0	1	13	5	6	6	7	5	13	5	7	4	5	0	3	2	3	6	4	2	6	4	1	3	7	8	1	4	116	68	28	14	3	36	5	30	9	3	5	2	0	1	13	5	6	6	7	5	13	5	7	4	5	0	3	2	3	6	4	2	6	4	1	3	7	8	1	4	116	68	28	14	3	36	5	30	9
GCF_002105555.1	4	7	5	1	4	15	9	8	9	6	6	10	6	7	7	5	2	1	5	13	7	5	5	4	7	2	3	15	7	3	4	166	71	46	26	4	36	9	43	11	4	7	5	1	4	15	9	8	9	6	6	10	6	7	7	5	2	1	5	13	7	5	5	4	7	2	3	15	7	3	4	166	71	46	26	4	36	9	43	11
GCF_002117005.1	4	4	5	2	2	13	5	7	5	3	4	11	5	5	6	4	1	0	6	1	3	8	2	3	5	1	2	1	7	2	4	102	54	22	11	4	32	6	20	10	4	4	5	2	2	13	5	7	5	3	4	11	5	5	6	4	1	0	6	1	3	8	2	3	5	1	2	1	7	2	4	102	54	22	11	4	32	6	20	10
GCF_002117105.1	4	5	2	2	7	12	3	9	7	6	7	12	5	9	8	5	1	2	6	12	6	5	4	4	6	2	3	15	7	9	5	164	84	49	20	6	43	5	44	13	4	5	2	2	7	12	3	9	7	6	7	12	5	9	8	5	1	2	6	12	6	5	4	4	6	2	3	15	7	9	5	164	84	49	20	6	43	5	44	13
GCF_002119765.1	5	4	2	1	7	13	8	10	8	12	7	11	8	9	9	7	1	2	8	14	11	8	11	4	11	3	3	13	10	10	4	203	90	62	27	4	47	8	53	14	5	4	2	1	7	13	8	10	8	12	7	11	8	9	9	7	1	2	8	14	11	8	11	4	11	3	3	13	10	10	4	203	90	62	27	4	47	8	53	14
GCF_002127965.1	4	5	4	1	3	14	6	6	7	8	8	10	6	9	10	5	1	1	6	10	6	6	5	6	6	2	6	1	8	2	4	137	70	26	18	5	41	7	36	15	4	5	4	1	3	14	6	6	7	8	8	10	6	9	10	5	1	1	6	10	6	6	5	6	6	2	6	1	8	2	4	137	70	26	18	5	41	7	36	15
GCF_002139825.2	2	3	2	0	2	10	5	6	6	5	5	11	5	7	6	5	0	3	3	2	5	4	2	3	4	1	3	7	8	2	4	103	64	24	11	4	32	4	27	10	2	3	2	0	2	10	5	6	6	5	5	11	5	7	6	5	0	3	3	2	5	4	2	3	4	1	3	7	8	2	4	103	64	24	11	4	32	4	27	10
GCF_002139855.1	3	3	3	0	2	10	5	6	6	5	5	12	5	7	8	5	0	3	3	2	6	4	3	3	5	1	3	7	7	2	4	110	67	27	12	4	33	3	29	12	3	3	3	0	2	10	5	6	6	5	5	12	5	7	8	5	0	3	3	2	6	4	3	3	5	1	3	7	7	2	4	110	67	27	12	4	33	3	29	12
GCF_002155265.1	3	5	2	1	4	15	8	7	8	7	6	15	6	11	5	5	2	1	4	4	8	4	6	2	6	3	3	14	8	2	4	145	78	30	16	5	42	11	41	12	3	5	2	1	4	15	8	7	8	7	6	15	6	11	5	5	2	1	4	4	8	4	6	2	6	3	3	14	8	2	4	145	78	30	16	5	42	11	41	12
GCF_002157165.1	4	5	2	2	3	16	7	6	8	8	7	9	6	7	7	5	1	2	7	10	7	5	7	4	6	4	3	13	8	6	4	174	74	52	26	5	37	9	45	11	4	5	2	2	3	16	7	6	8	8	7	9	6	7	7	5	1	2	7	10	7	5	7	4	6	4	3	13	8	6	4	174	74	52	26	5	37	9	45	11
GCF_002157225.2	4	6	5	2	3	15	6	5	9	11	8	11	6	11	10	5	1	2	9	7	6	7	4	4	6	3	4	17	6	5	5	196	86	54	27	6	42	6	48	17	4	6	5	2	3	15	6	5	9	11	8	11	6	11	10	5	1	2	9	7	6	7	4	4	6	3	4	17	6	5	5	196	86	54	27	6	42	6	48	17
GCF_002157835.1	2	6	3	2	7	14	9	10	9	6	8	16	8	10	5	5	2	2	13	13	9	4	10	6	17	4	3	16	11	10	4	215	106	62	24	5	47	8	60	12	2	6	3	2	7	14	9	10	9	6	8	16	8	10	5	5	2	2	13	13	9	4	10	6	17	4	3	16	11	10	4	215	106	62	24	5	47	8	60	12
GCF_002157855.1	5	7	3	2	3	12	6	6	8	14	6	10	6	12	7	7	2	2	7	5	4	8	5	5	6	4	4	15	8	1	6	166	88	38	19	6	37	5	46	14	5	7	3	2	3	12	6	6	8	14	6	10	6	12	7	7	2	2	7	5	4	8	5	5	6	4	4	15	8	1	6	166	88	38	19	6	37	5	46	14
GCF_002157875.1	4	4	2	1	2	18	8	6	10	8	6	14	6	8	6	4	1	3	8	9	7	7	5	5	7	3	3	11	7	2	6	172	83	43	22	6	42	9	47	10	4	4	2	1	2	18	8	6	10	8	6	14	6	8	6	4	1	3	8	9	7	7	5	5	7	3	3	11	7	2	6	172	83	43	22	6	42	9	47	10
GCF_002157895.1	5	4	2	1	2	18	8	6	10	9	6	14	6	9	9	5	1	3	9	10	8	8	5	5	8	3	3	12	7	1	6	189	86	48	28	6	42	9	50	13	5	4	2	1	2	18	8	6	10	9	6	14	6	9	9	5	1	3	9	10	8	8	5	5	8	3	3	12	7	1	6	189	86	48	28	6	42	9	50	13
GCF_002158865.1	4	3	2	2	4	13	6	6	11	8	7	11	6	7	7	5	1	2	9	10	6	5	7	6	5	4	4	16	8	6	4	166	82	45	26	6	41	6	46	11	4	3	2	2	4	13	6	6	11	8	7	11	6	7	7	5	1	2	9	10	6	5	7	6	5	4	4	16	8	6	4	166	82	45	26	6	41	6	46	11
GCF_002162115.2	3	5	2	1	4	15	7	7	8	7	6	15	6	11	5	5	2	1	4	4	8	4	6	3	6	3	3	14	8	2	4	146	78	31	17	5	42	10	42	12	3	5	2	1	4	15	7	7	8	7	6	15	6	11	5	5	2	1	4	4	8	4	6	3	6	3	3	14	8	2	4	146	78	31	17	5	42	10	42	12
GCF_002162355.1	2	6	1	1	2	11	6	6	7	10	7	10	6	9	2	8	1	2	2	5	3	4	2	7	9	3	3	13	8	1	5	136	71	30	14	5	34	4	42	8	2	6	1	1	2	11	6	6	7	10	7	10	6	9	2	8	1	2	2	5	3	4	2	7	9	3	3	13	8	1	5	136	71	30	14	5	34	4	42	8
GCF_002162375.1	4	6	3	1	5	14	7	7	9	8	7	11	6	8	9	5	1	2	11	6	7	6	5	3	8	3	4	17	7	3	5	186	86	50	25	6	39	5	52	13	4	6	3	1	5	14	7	7	9	8	7	11	6	8	9	5	1	2	11	6	7	6	5	3	8	3	4	17	7	3	5	186	86	50	25	6	39	5	52	13
GCF_002165375.2	3	3	2	1	4	14	7	7	8	7	8	11	7	7	5	5	1	2	10	6	6	7	5	5	8	3	3	12	7	2	4	154	80	43	23	6	43	8	46	9	3	3	2	1	4	14	7	7	8	7	8	11	7	7	5	5	1	2	10	6	6	7	5	5	8	3	3	12	7	2	4	154	80	43	23	6	43	8	46	9
GCF_002192415.1	5	6	10	5	4	14	9	7	8	13	6	13	7	21	15	10	3	2	6	4	6	8	3	5	9	4	3	15	8	10	5	194	99	50	16	6	45	7	47	26	5	6	10	5	4	14	9	7	8	13	6	13	7	21	15	10	3	2	6	4	6	8	3	5	9	4	3	15	8	10	5	194	99	50	16	6	45	7	47	26
GCF_002201795.1	2	5	5	3	2	14	6	7	10	7	7	7	6	7	6	5	1	2	9	3	6	4	5	4	5	1	3	15	7	2	5	136	70	31	12	6	32	9	35	10	2	5	5	3	2	14	6	7	10	7	7	7	6	7	6	5	1	2	9	3	6	4	5	4	5	1	3	15	7	2	5	136	70	31	12	6	32	9	35	10
GCF_002214645.1	4	5	2	1	3	16	7	6	8	11	8	10	6	8	6	6	1	2	8	10	7	5	7	4	7	4	3	12	8	6	4	171	78	48	26	6	40	9	42	11	4	5	2	1	3	16	7	6	8	11	8	10	6	8	6	6	1	2	8	10	7	5	7	4	7	4	3	12	8	6	4	171	78	48	26	6	40	9	42	11
GCF_002216145.1	3	7	2	1	3	14	9	7	6	7	7	10	6	9	8	5	1	1	6	5	5	5	5	4	7	2	3	9	8	2	4	141	74	37	20	5	38	8	38	13	3	7	2	1	3	14	9	7	6	7	7	10	6	9	8	5	1	1	6	5	5	5	5	4	7	2	3	9	8	2	4	141	74	37	20	5	38	8	38	13
GCF_002216795.1	5	5	5	2	3	16	6	7	12	8	7	13	6	10	3	5	2	1	8	10	8	5	7	5	6	4	3	7	12	3	5	163	84	44	27	4	41	8	34	10	5	5	5	2	3	16	6	7	12	8	7	13	6	10	3	5	2	1	8	10	8	5	7	5	6	4	3	7	12	3	5	163	84	44	27	4	41	8	34	10
GCF_002216855.1	4	4	2	1	1	13	7	6	9	9	6	13	5	9	3	4	1	3	10	3	5	7	5	3	6	3	4	8	7	1	5	142	70	35	18	4	37	8	40	9	4	4	2	1	1	13	7	6	9	9	6	13	5	9	3	4	1	3	10	3	5	7	5	3	6	3	4	8	7	1	5	142	70	35	18	4	37	8	40	9
GCF_002220155.1	3	11	3	2	6	18	8	9	6	10	8	15	7	8	9	5	1	2	10	12	7	5	5	4	6	3	4	18	8	8	4	211	98	68	33	7	50	9	55	13	3	11	3	2	6	18	8	9	6	10	8	15	7	8	9	5	1	2	10	12	7	5	5	4	6	3	4	18	8	8	4	211	98	68	33	7	50	9	55	13
GCF_002220195.1	2	5	2	2	3	13	6	6	7	13	6	10	5	7	9	4	1	2	8	6	6	6	6	4	7	2	3	16	9	3	4	156	77	41	25	4	36	7	41	13	2	5	2	2	3	13	6	6	7	13	6	10	5	7	9	4	1	2	8	6	6	6	6	4	7	2	3	16	9	3	4	156	77	41	25	4	36	7	41	13
GCF_002222595.2	5	3	5	2	4	9	7	10	4	7	7	7	7	10	0	7	2	1	5	7	4	7	2	3	6	2	3	7	7	4	5	119	62	30	13	5	30	5	30	8	5	3	5	2	4	9	7	10	4	7	7	7	7	10	0	7	2	1	5	7	4	7	2	3	6	2	3	7	7	4	5	119	62	30	13	5	30	5	30	8
GCF_002222655.1	4	4	2	2	6	13	7	9	7	7	8	11	6	9	9	5	1	4	6	15	7	6	7	3	4	4	4	13	8	8	4	167	80	57	28	6	43	7	43	14	4	4	2	2	6	13	7	9	7	7	8	11	6	9	9	5	1	4	6	15	7	6	7	3	4	4	4	13	8	8	4	167	80	57	28	6	43	7	43	14
GCF_002224265.1	5	7	5	1	2	14	6	7	12	10	8	13	7	15	9	6	1	3	10	8	7	8	5	4	8	3	4	14	7	7	6	210	102	58	29	6	43	6	57	19	5	7	5	1	2	14	6	7	12	10	8	13	7	15	9	6	1	3	10	8	7	8	5	4	8	3	4	14	7	7	6	210	102	58	29	6	43	6	57	19
GCF_002234495.1	4	7	6	3	3	9	7	7	9	9	6	9	6	9	9	5	2	1	12	5	6	7	7	2	6	1	3	9	3	8	4	153	73	46	18	6	40	6	35	15	4	7	6	3	3	9	7	7	9	9	6	9	6	9	9	5	2	1	12	5	6	7	7	2	6	1	3	9	3	8	4	153	73	46	18	6	40	6	35	15
GCF_002234535.1	3	6	5	2	3	14	7	7	10	14	6	14	7	12	6	6	3	1	8	10	8	5	5	4	8	4	3	13	8	6	5	190	85	49	24	4	40	8	48	14	3	6	5	2	3	14	7	7	10	14	6	14	7	12	6	6	3	1	8	10	8	5	5	4	8	4	3	13	8	6	5	190	85	49	24	4	40	8	48	14
GCF_002238335.1	3	3	2	0	1	14	5	7	6	7	5	14	5	10	8	5	0	3	3	2	6	4	3	5	5	1	3	7	7	1	4	117	68	26	12	3	34	6	31	13	3	3	2	0	1	14	5	7	6	7	5	14	5	10	8	5	0	3	3	2	6	4	3	5	5	1	3	7	7	1	4	117	68	26	12	3	34	6	31	13
GCF_002240035.1	3	7	3	1	2	15	6	7	6	2	5	10	5	9	9	4	1	3	7	2	3	6	4	2	4	3	3	6	2	2	5	126	57	29	17	2	27	7	37	14	3	7	3	1	2	15	6	7	6	2	5	10	5	9	9	4	1	3	7	2	3	6	4	2	4	3	3	6	2	2	5	126	57	29	17	2	27	7	37	14
GCF_002240355.1	4	6	5	3	4	16	6	9	10	16	7	14	7	11	7	6	4	2	9	14	13	6	10	6	9	4	4	18	10	7	4	232	97	72	32	5	44	8	54	15	4	6	5	3	4	16	6	9	10	16	7	14	7	11	7	6	4	2	9	14	13	6	10	6	9	4	4	18	10	7	4	232	97	72	32	5	44	8	54	15
GCF_002243515.1	2	8	3	1	2	12	6	6	5	8	6	9	6	11	3	9	1	3	1	5	3	6	1	6	8	3	3	13	8	1	5	125	66	30	14	4	27	4	38	10	2	8	3	1	2	12	6	6	5	8	6	9	6	11	3	9	1	3	1	5	3	6	1	6	8	3	3	13	8	1	5	125	66	30	14	4	27	4	38	10
GCF_002263495.1	3	6	3	1	5	16	7	9	11	8	5	17	6	8	7	6	2	1	4	9	9	3	5	4	9	3	3	14	8	8	4	177	84	45	16	4	42	8	49	11	3	6	3	1	5	16	7	9	11	8	5	17	6	8	7	6	2	1	4	9	9	3	5	4	9	3	3	14	8	8	4	177	84	45	16	4	42	8	49	11
GCF_002263515.1	2	6	4	2	3	17	9	7	15	9	7	17	7	9	5	6	3	2	6	7	9	2	6	6	10	4	3	15	9	6	4	194	92	50	17	5	44	10	54	11	2	6	4	2	3	17	9	7	15	9	7	17	7	9	5	6	3	2	6	7	9	2	6	6	10	4	3	15	9	6	4	194	92	50	17	5	44	10	54	11
GCF_002266435.3	5	8	5	2	5	14	8	8	10	13	8	12	7	9	8	6	1	3	12	15	7	12	8	7	8	4	7	23	9	4	4	227	101	70	35	6	48	9	57	14	5	8	5	2	5	14	8	8	10	13	8	12	7	9	8	6	1	3	12	15	7	12	8	7	8	4	7	23	9	4	4	227	101	70	35	6	48	9	57	14
GCF_002269345.1	5	4	2	1	2	13	8	6	7	5	6	8	6	7	6	5	1	2	8	5	7	8	7	4	6	2	3	10	7	1	4	135	68	33	20	4	33	8	38	10	5	4	2	1	2	13	8	6	7	5	6	8	6	7	6	5	1	2	8	5	7	8	7	4	6	2	3	10	7	1	4	135	68	33	20	4	33	8	38	10
GCF_002277955.1	3	4	6	3	2	11	5	6	5	5	4	12	4	9	8	4	1	1	8	2	4	6	3	3	4	2	3	7	8	1	5	121	67	21	11	3	32	5	31	14	3	4	6	3	2	11	5	6	5	5	4	12	4	9	8	4	1	1	8	2	4	6	3	3	4	2	3	7	8	1	5	121	67	21	11	3	32	5	31	14
GCF_002278015.2	2	5	4	1	1	12	8	6	4	4	5	6	5	11	7	5	1	1	2	2	3	3	2	6	6	3	4	1	8	1	5	114	56	16	10	2	21	5	37	13	2	5	4	1	1	12	8	6	4	4	5	6	5	11	7	5	1	1	2	2	3	3	2	6	6	3	4	1	8	1	5	114	56	16	10	2	21	5	37	13
GCF_002278035.1	6	8	4	4	5	16	8	10	12	10	6	11	6	9	9	5	4	2	13	13	9	8	8	4	8	3	3	16	6	4	4	209	84	54	29	5	44	8	47	15	6	8	4	4	5	16	8	10	12	10	6	11	6	9	9	5	4	2	13	13	9	8	8	4	8	3	3	16	6	4	4	209	84	54	29	5	44	8	47	15
GCF_002278135.3	5	8	6	3	5	14	8	9	9	13	7	16	7	11	15	6	1	3	11	17	9	12	10	5	9	3	6	19	9	5	4	240	106	71	36	5	51	9	58	22	5	8	6	3	5	14	8	9	9	13	7	16	7	11	15	6	1	3	11	17	9	12	10	5	9	3	6	19	9	5	4	240	106	71	36	5	51	9	58	22
GCF_002285515.1	4	5	5	2	4	13	6	8	11	12	5	10	5	8	10	6	1	2	10	9	11	6	7	4	4	4	4	8	7	7	5	179	75	51	27	3	35	7	38	14	4	5	5	2	4	13	6	8	11	12	5	10	5	8	10	6	1	2	10	9	11	6	7	4	4	4	4	8	7	7	5	179	75	51	27	3	35	7	38	14
GCF_002285935.1	6	7	2	3	3	16	7	7	12	10	9	13	8	14	10	5	2	3	15	10	7	11	7	3	7	3	3	14	7	4	6	218	104	65	36	9	47	9	51	19	6	7	2	3	3	16	7	7	12	10	9	13	8	14	10	5	2	3	15	10	7	11	7	3	7	3	3	14	7	4	6	218	104	65	36	9	47	9	51	19
GCF_002288285.1	5	5	2	1	3	14	6	7	8	7	6	10	6	9	9	5	1	2	10	9	9	8	8	5	6	4	3	10	7	6	4	172	76	58	32	4	37	7	45	14	5	5	2	1	3	14	6	7	8	7	6	10	6	9	9	5	1	2	10	9	9	8	8	5	6	4	3	10	7	6	4	172	76	58	32	4	37	7	45	14
GCF_002288525.1	7	10	7	4	5	17	9	9	15	6	6	11	7	12	12	5	5	2	10	19	11	10	9	3	7	3	3	17	10	8	4	235	94	78	43	5	44	9	47	19	7	10	7	4	5	17	9	9	15	6	6	11	7	12	12	5	5	2	10	19	11	10	9	3	7	3	3	17	10	8	4	235	94	78	43	5	44	9	47	19
GCF_002302565.1	3	4	1	1	1	10	6	4	5	5	5	6	6	6	5	5	1	1	4	1	5	6	4	2	5	1	3	7	3	1	5	92	45	25	10	3	18	7	29	9	3	4	1	1	1	10	6	4	5	5	5	6	6	6	5	5	1	1	4	1	5	6	4	2	5	1	3	7	3	1	5	92	45	25	10	3	18	7	29	9
GCF_002305855.1	4	7	3	2	4	18	7	9	9	13	7	12	10	11	6	9	3	2	9	7	7	7	7	6	8	3	4	11	6	2	7	183	91	44	24	7	41	10	54	14	4	7	3	2	4	18	7	9	9	13	7	12	10	11	6	9	3	2	9	7	7	7	7	6	8	3	4	11	6	2	7	183	91	44	24	7	41	10	54	14
GCF_002305895.1	4	8	3	2	3	16	7	7	11	14	9	12	9	9	7	8	2	2	7	6	7	5	7	5	7	3	4	12	6	2	5	175	90	50	26	6	42	8	50	13	4	8	3	2	3	16	7	7	11	14	9	12	9	9	7	8	2	2	7	6	7	5	7	5	7	3	4	12	6	2	5	175	90	50	26	6	42	8	50	13
GCF_002309535.1	4	3	2	0	4	12	6	6	9	7	6	14	4	8	11	5	0	3	7	10	8	4	4	4	7	2	3	12	7	2	4	147	79	40	21	5	37	6	39	15	4	3	2	0	4	12	6	6	9	7	6	14	4	8	11	5	0	3	7	10	8	4	4	4	7	2	3	12	7	2	4	147	79	40	21	5	37	6	39	15
GCF_002310495.1	4	5	6	5	5	10	7	5	6	5	4	10	6	11	8	4	1	2	6	4	6	6	7	5	5	1	3	10	7	2	4	137	70	32	16	5	33	7	33	17	4	5	6	5	5	10	7	5	6	5	4	10	6	11	8	4	1	2	6	4	6	6	7	5	5	1	3	10	7	2	4	137	70	32	16	5	33	7	33	17
GCF_002310795.1	4	6	4	1	1	13	5	5	12	20	10	14	7	10	5	5	1	3	12	5	7	7	6	3	8	2	3	11	7	1	5	192	88	52	26	6	45	5	46	11	4	6	4	1	1	13	5	5	12	20	10	14	7	10	5	5	1	3	12	5	7	7	6	3	8	2	3	11	7	1	5	192	88	52	26	6	45	5	46	11
GCF_002327105.1	4	5	4	1	2	13	6	6	7	10	5	11	4	7	8	5	1	2	8	6	6	6	6	4	5	3	4	8	9	1	5	153	72	35	22	3	30	8	39	12	4	5	4	1	2	13	6	6	7	10	5	11	4	7	8	5	1	2	8	6	6	6	6	4	5	3	4	8	9	1	5	153	72	35	22	3	30	8	39	12
GCF_002327145.1	4	6	4	1	4	16	6	7	8	12	7	10	7	8	11	6	3	2	10	11	6	6	7	5	8	3	4	12	8	8	4	204	89	65	32	6	43	7	50	15	4	6	4	1	4	16	6	7	8	12	7	10	7	8	11	6	3	2	10	11	6	6	7	5	8	3	4	12	8	8	4	204	89	65	32	6	43	7	50	15
GCF_002327205.1	5	4	5	2	0	9	6	6	3	4	4	7	5	16	5	6	1	1	1	1	3	5	2	6	5	1	4	6	7	1	5	109	52	19	9	2	21	4	34	15	5	4	5	2	0	9	6	6	3	4	4	7	5	16	5	6	1	1	1	1	3	5	2	6	5	1	4	6	7	1	5	109	52	19	9	2	21	4	34	15
GCF_002354875.1	3	7	5	2	4	18	7	9	10	8	8	17	8	10	6	6	2	2	8	10	5	3	7	6	8	4	3	15	11	7	4	194	98	50	21	5	46	9	53	13	3	7	5	2	4	18	7	9	10	8	8	17	8	10	6	6	2	2	8	10	5	3	7	6	8	4	3	15	11	7	4	194	98	50	21	5	46	9	53	13
GCF_002355215.1	4	5	2	1	2	10	8	6	8	7	4	9	4	12	5	5	1	1	3	2	3	6	2	1	5	3	3	1	8	1	5	110	56	20	16	4	31	4	26	13	4	5	2	1	2	10	8	6	8	7	4	9	4	12	5	5	1	1	3	2	3	6	2	1	5	3	3	1	8	1	5	110	56	20	16	4	31	4	26	13
GCF_002355475.1	3	8	2	1	14	17	8	15	8	9	8	13	8	9	11	5	1	3	9	23	11	5	5	4	10	2	5	18	7	14	4	240	108	78	31	6	53	9	58	15	3	8	2	1	14	17	8	15	8	9	8	13	8	9	11	5	1	3	9	23	11	5	5	4	10	2	5	18	7	14	4	240	108	78	31	6	53	9	58	15
GCF_002355595.1	4	8	6	3	1	14	6	6	8	9	6	8	6	10	8	5	2	2	7	2	7	8	5	6	6	2	3	10	6	5	6	154	70	43	19	5	33	11	38	16	4	8	6	3	1	14	6	6	8	9	6	8	6	10	8	5	2	2	7	2	7	8	5	6	6	2	3	10	6	5	6	154	70	43	19	5	33	11	38	16
GCF_002356555.2	4	4	2	1	4	12	6	7	9	9	8	11	5	8	3	5	1	2	9	6	6	7	7	4	5	2	3	14	7	2	4	154	83	44	24	6	40	6	47	9	4	4	2	1	4	12	6	7	9	9	8	11	5	8	3	5	1	2	9	6	6	7	7	4	5	2	3	14	7	2	4	154	83	44	24	6	40	6	47	9
GCF_002370195.2	2	4	3	1	4	11	6	7	7	7	5	10	6	9	3	6	1	1	7	7	4	4	6	7	9	4	3	14	7	2	4	142	75	33	17	5	38	4	51	8	2	4	3	1	4	11	6	7	7	7	5	10	6	9	3	6	1	1	7	7	4	4	6	7	9	4	3	14	7	2	4	142	75	33	17	5	38	4	51	8
GCF_002407065.1	4	6	5	4	3	14	6	7	10	8	7	12	6	8	1	6	2	1	6	5	5	4	5	4	6	4	3	8	7	7	5	147	69	40	19	4	37	8	32	7	4	6	5	4	3	14	6	7	10	8	7	12	6	8	1	6	2	1	6	5	5	4	5	4	6	4	3	8	7	7	5	147	69	40	19	4	37	8	32	7
GCF_002407185.1	4	5	3	1	3	16	6	7	12	9	7	13	6	9	1	5	1	1	7	8	8	4	7	5	5	4	3	6	7	3	5	152	71	44	25	4	39	8	32	8	4	5	3	1	3	16	6	7	12	9	7	13	6	9	1	5	1	1	7	8	8	4	7	5	5	4	3	6	7	3	5	152	71	44	25	4	39	8	32	8
GCF_002441855.2	6	12	8	2	3	10	8	8	9	9	6	14	6	9	7	5	2	1	11	5	8	11	5	4	5	2	3	11	6	2	4	168	74	44	23	5	44	6	36	13	6	12	8	2	3	10	8	8	9	9	6	14	6	9	7	5	2	1	11	5	8	11	5	4	5	2	3	11	6	2	4	168	74	44	23	5	44	6	36	13
GCF_002442935.1	5	5	10	2	2	12	7	6	9	9	4	9	6	10	3	6	1	2	10	5	4	10	3	5	6	3	4	10	7	5	5	155	69	38	19	4	30	7	38	8	5	5	10	2	2	12	7	6	9	9	4	9	6	10	3	6	1	2	10	5	4	10	3	5	6	3	4	10	7	5	5	155	69	38	19	4	30	7	38	8
GCF_002499975.2	4	6	8	1	2	16	7	6	9	9	7	13	5	12	8	6	1	2	8	3	7	7	5	3	7	2	3	11	8	5	5	187	85	50	23	5	44	8	44	17	4	6	8	1	2	16	7	6	9	9	7	13	5	12	8	6	1	2	8	3	7	7	5	3	7	2	3	11	8	5	5	187	85	50	23	5	44	8	44	17
GCF_002504085.1	4	6	6	2	2	15	6	6	8	10	6	11	6	9	6	6	1	2	10	6	7	8	8	4	8	3	3	17	8	5	4	174	75	49	25	4	38	9	49	11	4	6	6	2	2	15	6	6	8	10	6	11	6	9	6	6	1	2	10	6	7	8	8	4	8	3	3	17	8	5	4	174	75	49	25	4	38	9	49	11
GCF_002504165.1	2	9	3	2	5	16	10	8	9	5	6	10	5	10	15	5	1	1	8	10	6	5	6	4	8	3	3	14	8	8	4	180	85	50	23	4	37	10	43	20	2	9	3	2	5	16	10	8	9	5	6	10	5	10	15	5	1	1	8	10	6	5	6	4	8	3	3	14	8	8	4	180	85	50	23	4	37	10	43	20
GCF_002568625.1	3	6	5	2	5	21	7	10	11	11	7	15	9	12	10	5	3	2	9	9	6	5	7	7	7	4	4	15	14	8	6	216	102	58	21	5	47	10	54	17	3	6	5	2	5	21	7	10	11	11	7	15	9	12	10	5	3	2	9	9	6	5	7	7	7	4	4	15	14	8	6	216	102	58	21	5	47	10	54	17
GCF_002688585.1	4	3	1	2	2	13	6	6	7	5	6	12	5	4	4	5	1	2	7	4	5	6	5	3	4	2	3	6	5	1	4	112	63	29	17	4	36	6	27	7	4	3	1	2	2	13	6	6	7	5	6	12	5	4	4	5	1	2	7	4	5	6	5	3	4	2	3	6	5	1	4	112	63	29	17	4	36	6	27	7
GCF_002706425.1	7	8	7	3	2	15	6	6	8	9	5	7	8	11	10	8	1	3	9	6	5	8	6	4	1	3	3	12	7	1	5	148	80	37	23	4	35	5	36	16	7	8	7	3	2	15	6	6	8	9	5	7	8	11	10	8	1	3	9	6	5	8	6	4	1	3	3	12	7	1	5	148	80	37	23	4	35	5	36	16
GCF_002706665.1	3	5	5	1	3	12	8	7	6	6	5	7	5	9	4	5	2	1	2	5	5	5	3	3	4	3	2	0	6	2	3	99	50	21	12	4	32	6	21	10	3	5	5	1	3	12	8	7	6	6	5	7	5	9	4	5	2	1	2	5	5	5	3	3	4	3	2	0	6	2	3	99	50	21	12	4	32	6	21	10
GCF_002706745.1	5	7	2	2	2	13	6	6	9	11	6	5	6	9	2	6	2	1	3	3	7	6	4	3	8	3	3	1	7	1	5	115	58	25	17	4	31	5	24	8	5	7	2	2	2	13	6	6	9	11	6	5	6	9	2	6	2	1	3	3	7	6	4	3	8	3	3	1	7	1	5	115	58	25	17	4	31	5	24	8
GCF_002706795.1	5	4	1	1	1	11	9	6	9	13	7	11	7	12	7	7	1	2	7	8	5	7	4	4	6	6	4	12	8	5	6	168	79	43	21	5	36	7	42	14	5	4	1	1	1	11	9	6	9	13	7	11	7	12	7	7	1	2	7	8	5	7	4	4	6	6	4	12	8	5	6	168	79	43	21	5	36	7	42	14
GCF_002741015.1	6	5	11	2	5	13	9	8	10	6	6	14	7	11	11	6	5	1	12	11	7	11	7	2	9	3	4	17	8	7	5	220	95	67	30	4	43	6	48	18	6	5	11	2	5	13	9	8	10	6	6	14	7	11	11	6	5	1	12	11	7	11	7	2	9	3	4	17	8	7	5	220	95	67	30	4	43	6	48	18
GCF_002752675.1	4	6	2	2	5	14	7	8	8	10	7	9	6	12	13	5	1	2	11	12	7	6	8	5	8	3	5	14	8	8	3	199	89	61	31	7	42	8	51	20	4	6	2	2	5	14	7	8	8	10	7	9	6	12	13	5	1	2	11	12	7	6	8	5	8	3	5	14	8	8	3	199	89	61	31	7	42	8	51	20
GCF_002762215.1	4	8	3	5	7	15	7	8	6	9	7	11	6	10	11	6	1	2	7	10	6	5	4	3	6	3	5	13	9	10	4	189	86	53	28	6	43	9	47	17	4	8	3	5	7	15	7	8	6	9	7	11	6	10	11	6	1	2	7	10	6	5	4	3	6	3	5	13	9	10	4	189	86	53	28	6	43	9	47	17
GCF_002764115.1	5	11	9	3	6	18	8	10	15	7	6	11	7	9	10	6	4	2	9	20	15	10	9	3	9	3	4	16	8	9	4	239	90	77	39	4	44	8	61	15	5	11	9	3	6	18	8	10	15	7	6	11	7	9	10	6	4	2	9	20	15	10	9	3	9	3	4	16	8	9	4	239	90	77	39	4	44	8	61	15
GCF_002770595.1	4	4	5	1	2	15	5	7	7	7	5	10	6	8	8	6	1	1	6	2	6	7	6	4	9	2	3	9	2	1	5	137	66	34	14	4	32	9	40	14	4	4	5	1	2	15	5	7	7	7	5	10	6	8	8	6	1	1	6	2	6	7	6	4	9	2	3	9	2	1	5	137	66	34	14	4	32	9	40	14
GCF_002777255.1	6	4	3	1	6	11	7	12	12	11	7	20	8	13	8	9	1	2	20	8	4	15	3	4	6	3	3	18	7	5	5	194	92	49	27	8	53	7	42	16	6	4	3	1	6	11	7	12	12	11	7	20	8	13	8	9	1	2	20	8	4	15	3	4	6	3	3	18	7	5	5	194	92	49	27	8	53	7	42	16
GCF_002795805.1	5	4	3	2	3	12	6	7	6	7	6	9	5	10	11	6	1	3	10	2	6	8	6	4	6	1	3	11	8	2	4	144	73	33	17	4	35	6	41	16	5	4	3	2	3	12	6	7	6	7	6	9	5	10	11	6	1	3	10	2	6	8	6	4	6	1	3	11	8	2	4	144	73	33	17	4	35	6	41	16
GCF_002795825.1	5	4	2	2	2	12	6	6	6	7	6	10	5	10	15	6	1	3	9	1	6	7	6	4	5	1	3	11	8	1	4	145	77	31	16	4	35	6	39	20	5	4	2	2	2	12	6	6	6	7	6	10	5	10	15	6	1	3	9	1	6	7	6	4	5	1	3	11	8	1	4	145	77	31	16	4	35	6	39	20
GCF_002795865.1	4	4	2	2	2	13	7	6	9	6	6	10	6	8	3	5	1	3	7	5	7	7	6	4	5	2	2	9	7	1	4	133	67	35	21	4	36	8	33	9	4	4	2	2	2	13	7	6	9	6	6	10	6	8	3	5	1	3	7	5	7	7	6	4	5	2	2	9	7	1	4	133	67	35	21	4	36	8	33	9
GCF_002804065.1	3	4	2	1	4	12	7	8	7	8	6	9	6	8	6	5	1	3	8	10	7	6	5	5	5	2	3	10	7	4	4	142	72	39	18	5	35	7	35	11	3	4	2	1	4	12	7	8	7	8	6	9	6	8	6	5	1	3	8	10	7	6	5	5	5	2	3	10	7	4	4	142	72	39	18	5	35	7	35	11
GCF_002813555.1	3	4	1	1	0	4	2	2	0	0	0	0	0	2	0	0	1	1	0	0	2	4	1	1	1	0	3	0	5	0	5	24	11	6	6	0	5	5	7	0	3	4	1	1	0	4	2	2	0	0	0	0	0	2	0	0	1	1	0	0	2	4	1	1	1	0	3	0	5	0	5	24	11	6	6	0	5	5	7	0
GCF_002813575.1	2	5	1	4	6	11	4	6	6	8	5	19	6	9	9	4	1	1	7	2	7	3	3	4	7	2	5	21	15	1	5	170	103	32	15	8	45	6	47	16	2	5	1	4	6	11	4	6	6	8	5	19	6	9	9	4	1	1	7	2	7	3	3	4	7	2	5	21	15	1	5	170	103	32	15	8	45	6	47	16
GCF_002813755.1	3	6	8	2	1	12	8	6	3	5	5	7	5	13	7	5	1	1	3	2	3	5	3	5	4	3	6	3	8	1	5	125	60	23	14	2	24	5	35	13	3	6	8	2	1	12	8	6	3	5	5	7	5	13	7	5	1	1	3	2	3	5	3	5	4	3	6	3	8	1	5	125	60	23	14	2	24	5	35	13
GCF_002831565.1	1	7	10	3	4	12	5	7	9	10	6	10	5	9	9	4	2	2	6	5	6	4	4	6	6	2	3	9	5	7	5	149	72	39	14	6	39	7	39	15	1	7	10	3	4	12	5	7	9	10	6	10	5	9	9	4	2	2	6	5	6	4	4	6	6	2	3	9	5	7	5	149	72	39	14	6	39	7	39	15
GCF_002838765.1	4	3	1	1	1	13	5	6	7	5	6	11	5	5	2	5	1	2	5	1	6	5	4	3	7	2	3	9	7	1	5	132	62	32	18	3	30	5	41	6	4	3	1	1	1	13	5	6	7	5	6	11	5	5	2	5	1	2	5	1	6	5	4	3	7	2	3	9	7	1	5	132	62	32	18	3	30	5	41	6
GCF_002844395.1	4	4	6	1	2	9	7	7	5	7	4	16	5	10	4	7	1	2	4	1	7	7	4	1	5	1	3	9	7	2	5	124	69	28	12	4	37	5	31	12	4	4	6	1	2	9	7	7	5	7	4	16	5	10	4	7	1	2	4	1	7	7	4	1	5	1	3	9	7	2	5	124	69	28	12	4	37	5	31	12
GCF_002848365.2	4	5	3	1	2	14	7	7	5	1	4	10	6	9	10	4	3	3	9	4	4	9	5	3	8	3	3	7	2	2	5	146	63	36	22	1	27	8	47	14	4	5	3	1	2	14	7	7	5	1	4	10	6	9	10	4	3	3	9	4	4	9	5	3	8	3	3	7	2	2	5	146	63	36	22	1	27	8	47	14
GCF_002849715.1	4	6	4	1	4	17	6	8	16	9	8	14	6	13	5	6	4	1	10	16	10	6	8	5	11	5	3	9	8	8	4	209	96	62	33	6	46	8	50	15	4	6	4	1	4	17	6	8	16	9	8	14	6	13	5	6	4	1	10	16	10	6	8	5	11	5	3	9	8	8	4	209	96	62	33	6	46	8	50	15
GCF_002849795.1	3	4	1	1	2	8	6	6	7	10	6	5	6	6	6	5	1	1	5	3	5	6	2	3	5	2	3	4	6	2	5	98	54	21	12	3	25	6	22	10	3	4	1	1	2	8	6	6	7	10	6	5	6	6	6	5	1	1	5	3	5	6	2	3	5	2	3	4	6	2	5	98	54	21	12	3	25	6	22	10
GCF_002849835.1	4	6	2	1	1	12	7	6	10	13	6	11	6	12	2	6	4	3	7	7	5	8	3	6	7	4	4	10	7	2	6	174	81	44	23	4	36	6	48	9	4	6	2	1	1	12	7	6	10	13	6	11	6	12	2	6	4	3	7	7	5	8	3	6	7	4	4	10	7	2	6	174	81	44	23	4	36	6	48	9
GCF_002849875.1	5	6	3	1	2	13	5	6	11	11	9	13	6	12	7	5	1	2	10	5	8	7	5	3	7	2	4	11	8	5	5	187	90	55	27	6	46	5	44	16	5	6	3	1	2	13	5	6	11	11	9	13	6	12	7	5	1	2	10	5	8	7	5	3	7	2	4	11	8	5	5	187	90	55	27	6	46	5	44	16
GCF_002849895.1	4	6	5	1	1	14	7	6	7	8	6	2	6	8	2	6	1	1	4	3	5	7	3	2	8	3	3	2	7	1	6	101	49	24	16	3	20	5	25	8	4	6	5	1	1	14	7	6	7	8	6	2	6	8	2	6	1	1	4	3	5	7	3	2	8	3	3	2	7	1	6	101	49	24	16	3	20	5	25	8
GCF_002863865.1	3	4	2	1	7	11	4	8	6	6	7	10	6	7	3	5	1	2	8	9	7	5	6	4	5	2	3	14	7	9	5	154	76	44	20	6	37	3	42	8	3	4	2	1	7	11	4	8	6	6	7	10	6	7	3	5	1	2	8	9	7	5	6	4	5	2	3	14	7	9	5	154	76	44	20	6	37	3	42	8
GCF_002871995.2	4	5	5	1	1	14	5	4	5	6	4	11	6	9	3	6	3	1	2	2	4	4	3	3	2	3	3	1	7	0	4	103	51	17	11	3	26	7	22	9	4	5	5	1	1	14	5	4	5	6	4	11	6	9	3	6	3	1	2	2	4	4	3	3	2	3	3	1	7	0	4	103	51	17	11	3	26	7	22	9
GCF_002872475.1	4	4	2	2	3	15	7	6	7	7	7	10	6	8	9	5	1	2	7	14	6	6	7	5	4	3	3	11	8	7	4	162	72	45	24	5	37	8	40	14	4	4	2	2	3	15	7	6	7	7	7	10	6	8	9	5	1	2	7	14	6	6	7	5	4	3	3	11	8	7	4	162	72	45	24	5	37	8	40	14
GCF_002886045.1	4	6	6	1	3	9	6	6	10	8	7	8	6	10	5	5	1	2	10	4	8	8	7	3	5	1	3	14	3	7	5	143	65	40	17	7	36	6	38	12	4	6	6	1	3	9	6	6	10	8	7	8	6	10	5	5	1	2	10	4	8	8	7	3	5	1	3	14	3	7	5	143	65	40	17	7	36	6	38	12
GCF_002892185.1	2	8	3	3	7	15	8	11	15	6	6	11	5	8	11	5	2	2	7	11	6	6	6	3	6	3	3	16	9	6	4	189	81	53	24	4	41	8	41	15	2	8	3	3	7	15	8	11	15	6	6	11	5	8	11	5	2	2	7	11	6	6	6	3	6	3	3	16	9	6	4	189	81	53	24	4	41	8	41	15
GCF_002892535.1	4	6	3	3	2	15	6	7	9	7	7	14	7	10	11	4	1	2	8	3	7	7	6	4	5	2	3	9	7	1	5	145	76	31	17	5	37	8	36	17	4	6	3	3	2	15	6	7	9	7	7	14	7	10	11	4	1	2	8	3	7	7	6	4	5	2	3	9	7	1	5	145	76	31	17	5	37	8	36	17
GCF_002893765.1	4	4	8	3	3	10	7	6	10	9	7	11	6	10	7	6	1	2	7	6	7	6	5	5	5	1	3	14	3	6	5	154	75	37	14	7	40	7	43	14	4	4	8	3	3	10	7	6	10	9	7	11	6	10	7	6	1	2	7	6	7	6	5	5	5	1	3	14	3	6	5	154	75	37	14	7	40	7	43	14
GCF_002896855.1	5	5	6	4	3	9	7	8	8	5	5	15	8	17	12	8	3	2	8	3	7	8	5	4	2	2	2	0	7	3	5	137	66	30	16	4	38	5	19	22	5	5	6	4	3	9	7	8	8	5	5	15	8	17	12	8	3	2	8	3	7	8	5	4	2	2	2	0	7	3	5	137	66	30	16	4	38	5	19	22
GCF_002902925.1	4	9	10	5	8	19	6	10	13	10	7	17	7	13	15	5	5	1	18	27	11	10	12	6	10	3	7	15	9	9	4	310	115	109	56	6	52	7	63	22	4	9	10	5	8	19	6	10	13	10	7	17	7	13	15	5	5	1	18	27	11	10	12	6	10	3	7	15	9	9	4	310	115	109	56	6	52	7	63	22
GCF_002946835.1	4	6	3	1	5	17	6	9	12	9	7	12	7	14	7	7	3	1	10	18	13	7	12	5	11	4	4	17	11	8	4	216	93	64	29	5	40	8	52	16	4	6	3	1	5	17	6	9	12	9	7	12	7	14	7	7	3	1	10	18	13	7	12	5	11	4	4	17	11	8	4	216	93	64	29	5	40	8	52	16
GCF_002950575.1	4	4	3	3	3	15	6	7	7	7	7	12	6	11	8	6	1	1	5	4	4	3	5	2	4	3	3	6	7	2	4	120	71	27	14	4	36	8	28	15	4	4	3	3	3	15	6	7	7	7	7	12	6	11	8	6	1	1	5	4	4	3	5	2	4	3	3	6	7	2	4	120	71	27	14	4	36	8	28	15
GCF_002951615.1	6	6	9	5	6	14	8	8	10	11	8	16	9	11	9	7	1	3	13	11	7	8	6	5	6	4	5	15	7	5	5	230	105	62	27	6	48	9	57	16	6	6	9	5	6	14	8	8	10	11	8	16	9	11	9	7	1	3	13	11	7	8	6	5	6	4	5	15	7	5	5	230	105	62	27	6	48	9	57	16
GCF_002951835.1	3	5	2	1	1	13	7	6	7	7	7	11	6	8	8	5	1	2	6	3	7	6	6	1	6	2	3	7	8	2	4	130	71	39	23	3	34	7	32	13	3	5	2	1	1	13	7	6	7	7	7	11	6	8	8	5	1	2	6	3	7	6	6	1	6	2	3	7	8	2	4	130	71	39	23	3	34	7	32	13
GCF_002952055.1	4	4	2	2	2	10	6	8	5	3	4	11	6	9	9	6	2	2	4	3	5	5	4	5	5	1	3	16	6	2	5	127	66	25	11	4	31	5	40	15	4	4	2	2	2	10	6	8	5	3	4	11	6	9	9	6	2	2	4	3	5	5	4	5	5	1	3	16	6	2	5	127	66	25	11	4	31	5	40	15
GCF_002953195.1	5	4	7	3	3	15	7	7	12	14	7	15	6	12	9	6	4	3	10	8	9	7	6	6	8	4	4	13	10	7	5	223	99	61	23	5	42	8	55	17	5	4	7	3	3	15	7	7	12	14	7	15	6	12	9	6	4	3	10	8	9	7	6	6	8	4	4	13	10	7	5	223	99	61	23	5	42	8	55	17
GCF_002982115.1	4	4	1	1	4	12	7	7	9	9	5	11	6	9	1	7	1	2	11	8	4	9	6	6	9	4	3	18	7	2	5	167	81	42	23	7	40	6	55	8	4	4	1	1	4	12	7	7	9	9	5	11	6	9	1	7	1	2	11	8	4	9	6	6	9	4	3	18	7	2	5	167	81	42	23	7	40	6	55	8
GCF_002983865.1	5	8	5	3	7	15	9	11	19	8	6	10	6	8	8	5	3	1	8	16	9	8	9	10	6	3	4	25	11	12	4	223	96	66	34	4	42	9	55	13	5	8	5	3	7	15	9	11	19	8	6	10	6	8	8	5	3	1	8	16	9	8	9	10	6	3	4	25	11	12	4	223	96	66	34	4	42	9	55	13
GCF_002993285.1	3	4	2	1	3	14	7	7	10	8	6	15	6	9	5	5	3	2	11	8	7	3	8	5	6	4	3	15	7	6	4	160	84	43	19	5	42	9	44	10	3	4	2	1	3	14	7	7	10	8	6	15	6	9	5	5	3	2	11	8	7	3	8	5	6	4	3	15	7	6	4	160	84	43	19	5	42	9	44	10
GCF_002998435.1	3	5	8	2	2	10	6	6	7	8	5	5	5	6	7	5	1	1	7	5	7	6	5	4	5	2	3	8	5	2	5	128	58	23	15	5	31	7	30	11	3	5	8	2	2	10	6	6	7	8	5	5	5	6	7	5	1	1	7	5	7	6	5	4	5	2	3	8	5	2	5	128	58	23	15	5	31	7	30	11
GCF_002998925.1	2	3	1	1	0	9	7	6	3	7	3	5	4	3	0	6	1	1	3	0	2	4	2	2	5	2	3	0	6	1	5	69	34	11	7	2	17	5	18	3	2	3	1	1	0	9	7	6	3	7	3	5	4	3	0	6	1	1	3	0	2	4	2	2	5	2	3	0	6	1	5	69	34	11	7	2	17	5	18	3
GCF_003006155.1	5	9	5	2	6	16	7	9	14	11	6	11	5	7	12	4	2	2	10	14	12	9	7	5	7	3	3	10	8	6	4	200	94	65	39	5	45	8	45	15	5	9	5	2	6	16	7	9	14	11	6	11	5	7	12	4	2	2	10	14	12	9	7	5	7	3	3	10	8	6	4	200	94	65	39	5	45	8	45	15
GCF_003008535.1	4	3	2	1	3	16	8	6	8	8	7	11	7	7	6	5	1	2	9	10	7	5	7	4	8	2	4	13	8	5	4	168	78	51	26	6	40	10	43	10	4	3	2	1	3	16	8	6	8	8	7	11	7	7	6	5	1	2	9	10	7	5	7	4	8	2	4	13	8	5	4	168	78	51	26	6	40	10	43	10
GCF_003010495.1	3	4	3	1	0	9	6	5	7	8	3	10	5	10	9	5	1	0	10	2	4	4	4	6	5	2	3	8	5	0	4	121	62	23	14	3	28	4	35	15	3	4	3	1	0	9	6	5	7	8	3	10	5	10	9	5	1	0	10	2	4	4	4	6	5	2	3	8	5	0	4	121	62	23	14	3	28	4	35	15
GCF_003012915.1	5	5	3	1	1	12	6	6	9	8	4	8	6	10	3	6	1	2	7	5	3	7	3	7	5	4	3	10	9	6	5	141	65	32	17	3	26	5	42	8	5	5	3	1	1	12	6	6	9	8	4	8	6	10	3	6	1	2	7	5	3	7	3	7	5	4	3	10	9	6	5	141	65	32	17	3	26	5	42	8
GCF_003013675.1	3	5	2	1	7	14	8	9	9	10	8	15	6	10	5	6	2	2	11	12	7	3	9	5	8	4	3	14	8	9	4	190	95	52	22	5	47	10	51	12	3	5	2	1	7	14	8	9	9	10	8	15	6	10	5	6	2	2	11	12	7	3	9	5	8	4	3	14	8	9	4	190	95	52	22	5	47	10	51	12
GCF_003015125.1	3	6	6	4	4	14	7	8	9	8	7	10	5	8	10	5	1	1	8	5	8	7	7	4	3	3	3	14	8	7	4	170	70	49	21	5	38	8	39	15	3	6	6	4	4	14	7	8	9	8	7	10	5	8	10	5	1	1	8	5	8	7	7	4	3	3	3	14	8	7	4	170	70	49	21	5	38	8	39	15
GCF_003015185.1	4	5	3	2	5	15	6	9	8	8	5	12	4	8	8	5	1	2	7	10	7	6	6	4	3	3	3	11	7	4	5	162	77	41	22	3	36	7	41	13	4	5	3	2	5	15	6	9	8	8	5	12	4	8	8	5	1	2	7	10	7	6	6	4	3	3	3	11	7	4	5	162	77	41	22	3	36	7	41	13
GCF_003019255.1	3	5	8	1	4	12	5	7	9	9	4	8	5	11	4	6	3	2	6	7	5	5	3	5	7	3	4	7	8	2	5	138	68	29	15	5	30	5	39	9	3	5	8	1	4	12	5	7	9	9	4	8	5	11	4	6	3	2	6	7	5	5	3	5	7	3	4	7	8	2	5	138	68	29	15	5	30	5	39	9
GCF_003019295.1	5	3	2	1	0	9	8	5	2	2	0	7	7	11	8	5	1	1	3	2	5	6	2	5	6	2	3	10	8	0	5	121	47	18	11	0	14	6	35	15	5	3	2	1	0	9	8	5	2	2	0	7	7	11	8	5	1	1	3	2	5	6	2	5	6	2	3	10	8	0	5	121	47	18	11	0	14	6	35	15
GCF_003019315.1	2	5	8	1	1	9	6	6	3	4	5	6	6	15	10	5	1	1	2	5	5	4	3	5	6	2	3	4	8	1	5	114	52	18	11	2	20	5	33	17	2	5	8	1	1	9	6	6	3	4	5	6	6	15	10	5	1	1	2	5	5	4	3	5	6	2	3	4	8	1	5	114	52	18	11	2	20	5	33	17
GCF_003019655.1	4	4	3	1	2	9	7	7	8	9	8	8	9	15	15	5	1	1	4	6	6	7	3	3	5	2	3	12	7	2	6	151	67	36	15	5	30	5	35	21	4	4	3	1	2	9	7	7	8	9	8	8	9	15	15	5	1	1	4	6	6	7	3	3	5	2	3	12	7	2	6	151	67	36	15	5	30	5	35	21
GCF_003019695.1	5	3	2	1	1	9	7	7	0	0	1	5	6	11	8	5	1	1	4	2	3	7	2	3	6	1	3	10	7	2	5	104	44	19	11	0	14	5	33	14	5	3	2	1	1	9	7	7	0	0	1	5	6	11	8	5	1	1	4	2	3	7	2	3	6	1	3	10	7	2	5	104	44	19	11	0	14	5	33	14
GCF_003024155.1	5	4	6	4	2	9	7	5	10	8	7	11	6	12	8	6	1	2	7	4	7	7	6	2	5	2	3	12	4	2	5	149	73	38	15	6	36	6	42	15	5	4	6	4	2	9	7	5	10	8	7	11	6	12	8	6	1	2	7	4	7	7	6	2	5	2	3	12	4	2	5	149	73	38	15	6	36	6	42	15
GCF_003024525.3	4	4	2	3	7	17	7	7	8	8	7	12	6	6	4	6	1	2	10	8	8	8	6	6	9	3	4	17	8	6	5	180	91	60	29	5	43	8	56	8	4	4	2	3	7	17	7	7	8	8	7	12	6	6	4	6	1	2	10	8	8	8	6	6	9	3	4	17	8	6	5	180	91	60	29	5	43	8	56	8
GCF_003025345.2	3	6	3	2	9	20	8	13	7	9	7	12	8	7	10	6	1	3	11	16	8	6	5	4	6	4	5	17	8	12	5	229	96	69	28	6	46	11	57	14	3	6	3	2	9	20	8	13	7	9	7	12	8	7	10	6	1	3	11	16	8	6	5	4	6	4	5	17	8	12	5	229	96	69	28	6	46	11	57	14
GCF_003028855.1	4	6	2	3	4	17	7	7	8	9	7	9	6	11	8	5	1	2	11	14	6	6	8	5	9	3	5	15	9	7	4	209	91	66	33	8	42	9	55	16	4	6	2	3	4	17	7	7	8	9	7	9	6	11	8	5	1	2	11	14	6	6	8	5	9	3	5	15	9	7	4	209	91	66	33	8	42	9	55	16
GCF_003030465.1	4	4	2	2	3	14	6	6	7	7	7	11	6	8	10	5	1	2	8	8	8	7	8	5	5	3	3	15	8	8	4	184	75	55	24	6	40	6	43	14	4	4	2	2	3	14	6	6	7	7	7	11	6	8	10	5	1	2	8	8	8	7	8	5	5	3	3	15	8	8	4	184	75	55	24	6	40	6	43	14
GCF_003054475.1	4	5	1	4	3	12	5	6	6	6	5	18	7	8	10	5	1	1	7	3	7	5	5	3	6	2	5	19	9	1	5	162	95	31	17	6	41	6	49	15	4	5	1	4	3	12	5	6	6	6	5	18	7	8	10	5	1	1	7	3	7	5	5	3	6	2	5	19	9	1	5	162	95	31	17	6	41	6	49	15
GCF_003054555.1	5	5	3	2	7	16	7	10	17	11	8	12	9	15	9	7	3	1	12	17	16	8	13	5	11	4	4	18	11	8	4	236	100	70	32	6	44	9	53	19	5	5	3	2	7	16	7	10	17	11	8	12	9	15	9	7	3	1	12	17	16	8	13	5	11	4	4	18	11	8	4	236	100	70	32	6	44	9	53	19
GCF_003055625.1	4	4	1	3	1	9	7	5	5	6	5	5	6	9	8	6	1	2	4	2	6	7	5	2	5	1	3	10	3	1	5	108	51	29	13	3	19	6	36	15	4	4	1	3	1	9	7	5	5	6	5	5	6	9	8	6	1	2	4	2	6	7	5	2	5	1	3	10	3	1	5	108	51	29	13	3	19	6	36	15
GCF_003057965.1	7	3	2	1	2	11	6	6	7	7	5	12	6	6	9	5	1	0	7	4	5	9	4	4	5	1	3	6	6	1	4	120	67	32	17	5	34	6	32	12	7	3	2	1	2	11	6	6	7	7	5	12	6	6	9	5	1	0	7	4	5	9	4	4	5	1	3	6	6	1	4	120	67	32	17	5	34	6	32	12
GCF_003058465.1	4	4	2	2	3	14	7	7	7	7	7	9	5	8	13	5	1	2	10	7	7	7	6	5	6	3	3	9	7	1	4	153	73	42	24	5	36	8	40	17	4	4	2	2	3	14	7	7	7	7	7	9	5	8	13	5	1	2	10	7	7	7	6	5	6	3	3	9	7	1	4	153	73	42	24	5	36	8	40	17
GCF_003060865.1	2	9	6	3	7	16	9	11	16	6	6	10	6	10	11	5	3	1	6	11	7	5	6	5	6	2	4	27	11	6	4	198	91	48	22	4	40	9	45	16	2	9	6	3	7	16	9	11	16	6	6	10	6	10	11	5	3	1	6	11	7	5	6	5	6	2	4	27	11	6	4	198	91	48	22	4	40	9	45	16
GCF_003065365.1	4	3	2	3	3	13	6	6	6	5	6	10	6	8	10	5	1	1	6	10	7	5	6	4	5	2	4	11	8	1	4	139	72	32	17	5	35	6	36	15	4	3	2	3	3	13	6	6	6	5	6	10	6	8	10	5	1	1	6	10	7	5	6	4	5	2	4	11	8	1	4	139	72	32	17	5	35	6	36	15
GCF_003065405.1	3	5	2	1	5	13	7	8	10	6	7	14	6	10	5	5	2	1	3	6	6	3	4	4	8	7	3	8	8	3	4	147	83	35	19	5	43	8	43	10	3	5	2	1	5	13	7	8	10	6	7	14	6	10	5	5	2	1	3	6	6	3	4	4	8	7	3	8	8	3	4	147	83	35	19	5	43	8	43	10
GCF_003065425.1	3	5	6	3	3	14	6	7	7	7	7	11	7	14	7	7	1	1	6	6	4	3	4	2	7	4	3	8	7	6	4	146	73	38	18	4	35	8	37	16	3	5	6	3	3	14	6	7	7	7	7	11	7	14	7	7	1	1	6	6	4	3	4	2	7	4	3	8	7	6	4	146	73	38	18	4	35	8	37	16
GCF_003065605.1	3	6	3	3	4	15	7	8	8	8	6	14	6	7	4	4	2	1	8	8	11	7	9	2	5	4	3	15	7	3	4	156	75	45	23	4	41	8	38	8	3	6	3	3	4	15	7	8	8	8	6	14	6	7	4	4	2	1	8	8	11	7	9	2	5	4	3	15	7	3	4	156	75	45	23	4	41	8	38	8
GCF_003070865.1	3	3	2	1	5	15	8	8	7	7	6	14	6	9	4	5	2	1	4	7	6	3	4	3	6	4	3	8	7	4	4	140	78	34	19	5	42	11	38	9	3	3	2	1	5	15	8	8	7	7	6	14	6	9	4	5	2	1	4	7	6	3	4	3	6	4	3	8	7	4	4	140	78	34	19	5	42	11	38	9
GCF_003070885.1	3	5	2	3	4	16	6	7	9	8	8	14	8	11	6	7	1	1	6	8	6	3	5	2	5	4	3	8	7	6	4	159	80	48	21	4	40	8	34	14	3	5	2	3	4	16	6	7	9	8	8	14	8	11	6	7	1	1	6	8	6	3	5	2	5	4	3	8	7	6	4	159	80	48	21	4	40	8	34	14
GCF_003074055.1	6	7	4	2	4	17	7	9	13	10	7	12	6	15	6	5	3	1	15	12	8	9	11	5	10	4	4	17	11	7	4	217	90	64	28	5	40	8	53	17	6	7	4	2	4	17	7	9	13	10	7	12	6	15	6	5	3	1	15	12	8	9	11	5	10	4	4	17	11	7	4	217	90	64	28	5	40	8	53	17
GCF_003076455.1	5	3	4	4	3	10	7	7	9	8	6	11	7	10	8	6	1	2	8	5	7	7	6	5	6	1	3	12	3	6	5	149	76	40	16	6	39	7	42	16	5	3	4	4	3	10	7	7	9	8	6	11	7	10	8	6	1	2	8	5	7	7	6	5	6	1	3	12	3	6	5	149	76	40	16	6	39	7	42	16
GCF_003076475.1	4	5	1	2	2	11	7	5	7	6	5	11	6	5	6	6	1	2	4	2	6	7	5	5	6	3	3	10	3	1	5	124	62	32	14	3	32	7	41	10	4	5	1	2	2	11	7	5	7	6	5	11	6	5	6	6	1	2	4	2	6	7	5	5	6	3	3	10	3	1	5	124	62	32	14	3	32	7	41	10
GCF_003086355.1	3	6	3	1	2	10	7	6	9	8	5	10	4	11	5	5	1	1	3	2	3	8	2	1	4	2	3	0	8	1	5	102	59	20	15	5	35	3	23	12	3	6	3	1	2	10	7	6	9	8	5	10	4	11	5	5	1	1	3	2	3	8	2	1	4	2	3	0	8	1	5	102	59	20	15	5	35	3	23	12
GCF_003096015.2	6	7	8	3	2	16	7	7	7	8	8	14	6	12	9	6	1	3	7	7	7	7	6	5	6	2	4	11	7	1	5	189	89	49	24	5	40	11	49	18	6	7	8	3	2	16	7	7	7	8	8	14	6	12	9	6	1	3	7	7	7	7	6	5	6	2	4	11	7	1	5	189	89	49	24	5	40	11	49	18
GCF_003096035.1	5	5	1	2	1	10	7	5	5	7	5	5	6	8	6	7	1	1	5	2	6	7	6	2	5	2	3	10	3	1	4	109	54	32	16	3	21	6	36	12	5	5	1	2	1	10	7	5	5	7	5	5	6	8	6	7	1	1	5	2	6	7	6	2	5	2	3	10	3	1	4	109	54	32	16	3	21	6	36	12
GCF_003096075.1	3	5	2	1	7	12	7	10	9	9	7	14	6	9	5	6	2	1	6	14	8	4	7	6	7	4	4	16	8	10	4	179	94	51	23	4	44	7	50	11	3	5	2	1	7	12	7	10	9	9	7	14	6	9	5	6	2	1	6	14	8	4	7	6	7	4	4	16	8	10	4	179	94	51	23	4	44	7	50	11
GCF_003096175.1	6	5	12	6	1	10	7	11	9	13	8	18	8	14	11	7	1	1	16	8	9	14	6	7	6	2	3	10	7	5	6	185	80	50	27	6	47	6	39	18	6	5	12	6	1	10	7	11	9	13	8	18	8	14	11	7	1	1	16	8	9	14	6	7	6	2	3	10	7	5	6	185	80	50	27	6	47	6	39	18
GCF_003097535.1	2	4	1	2	1	9	6	5	5	5	5	3	6	8	7	5	1	2	5	2	5	6	4	2	5	1	3	8	4	1	5	100	46	25	10	3	15	6	32	14	2	4	1	2	1	9	6	5	5	5	5	3	6	8	7	5	1	2	5	2	5	6	4	2	5	1	3	8	4	1	5	100	46	25	10	3	15	6	32	14
GCF_003100395.1	4	5	1	3	5	12	7	8	6	7	7	11	6	8	10	5	1	2	8	11	8	6	6	3	7	3	3	11	7	10	4	170	80	53	29	6	42	6	43	15	4	5	1	3	5	12	7	8	6	7	7	11	6	8	10	5	1	2	8	11	8	6	6	3	7	3	3	11	7	10	4	170	80	53	29	6	42	6	43	15
GCF_003101015.1	3	6	4	2	2	15	5	5	8	9	7	15	6	12	9	4	1	4	7	7	6	6	4	2	7	1	3	9	7	1	5	158	88	41	21	5	44	8	37	16	3	6	4	2	2	15	5	5	8	9	7	15	6	12	9	4	1	4	7	7	6	6	4	2	7	1	3	9	7	1	5	158	88	41	21	5	44	8	37	16
GCF_003122385.1	2	6	7	4	3	12	6	7	9	9	6	8	6	13	10	5	2	2	10	6	6	6	5	3	7	3	3	13	3	7	6	152	73	44	18	6	37	8	38	19	2	6	7	4	3	12	6	7	9	9	6	8	6	13	10	5	2	2	10	6	6	6	5	3	7	3	3	13	3	7	6	152	73	44	18	6	37	8	38	19
GCF_003130705.1	4	6	3	1	8	16	8	10	10	8	6	16	6	12	7	5	2	2	13	13	10	8	12	4	25	4	3	16	7	11	4	246	116	76	28	4	45	10	78	15	4	6	3	1	8	16	8	10	10	8	6	16	6	12	7	5	2	2	13	13	10	8	12	4	25	4	3	16	7	11	4	246	116	76	28	4	45	10	78	15
GCF_003130795.1	5	9	7	3	3	17	8	7	9	15	8	11	6	10	11	5	3	2	14	15	7	9	8	6	10	3	3	18	8	7	5	225	99	74	37	6	45	9	50	17	5	9	7	3	3	17	8	7	9	15	8	11	6	10	11	5	3	2	14	15	7	9	8	6	10	3	3	18	8	7	5	225	99	74	37	6	45	9	50	17
GCF_003143535.1	1	3	5	2	3	12	5	7	7	8	5	8	5	6	7	4	2	1	6	4	6	4	3	2	6	1	3	8	5	8	5	122	63	29	9	5	34	6	30	12	1	3	5	2	3	12	5	7	7	8	5	8	5	6	7	4	2	1	6	4	6	4	3	2	6	1	3	8	5	8	5	122	63	29	9	5	34	6	30	12
GCF_003143555.1	4	5	4	1	1	15	6	5	10	8	8	13	5	12	8	5	1	2	11	4	10	7	7	3	8	2	4	11	7	1	5	184	86	50	26	4	42	8	48	16	4	5	4	1	1	15	6	5	10	8	8	13	5	12	8	5	1	2	11	4	10	7	7	3	8	2	4	11	7	1	5	184	86	50	26	4	42	8	48	16
GCF_003148385.1	3	5	2	2	2	11	6	5	9	8	6	8	6	5	6	5	1	2	9	4	5	6	6	6	5	3	3	9	4	1	5	122	66	35	18	5	32	7	35	10	3	5	2	2	2	11	6	5	9	8	6	8	6	5	6	5	1	2	9	4	5	6	6	6	5	3	3	9	4	1	5	122	66	35	18	5	32	7	35	10
GCF_003149495.1	3	6	3	2	4	14	7	7	6	4	4	11	4	10	8	3	1	0	6	5	8	7	6	2	4	1	2	11	8	6	5	143	72	41	21	5	35	8	29	16	3	6	3	2	4	14	7	7	6	4	4	11	4	10	8	3	1	0	6	5	8	7	6	2	4	1	2	11	8	6	5	143	72	41	21	5	35	8	29	16
GCF_003149515.1	5	6	2	3	1	13	8	6	7	7	5	12	6	10	11	6	2	1	5	2	6	6	5	5	6	2	2	16	7	1	5	147	70	33	16	4	32	10	40	17	5	6	2	3	1	13	8	6	7	7	5	12	6	10	11	6	2	1	5	2	6	6	5	5	6	2	2	16	7	1	5	147	70	33	16	4	32	10	40	17
GCF_003150835.1	4	4	2	1	4	15	7	8	8	5	6	9	6	9	10	5	1	1	6	8	8	6	6	4	4	2	3	10	7	3	4	139	68	35	19	4	36	7	36	15	4	4	2	1	4	15	7	8	8	5	6	9	6	9	10	5	1	1	6	8	8	6	6	4	4	2	3	10	7	3	4	139	68	35	19	4	36	7	36	15
GCF_003173015.1	3	5	1	2	3	14	5	7	4	3	3	11	5	9	6	5	1	1	8	6	8	8	8	1	2	2	3	7	8	2	5	114	69	32	18	4	33	7	24	11	3	5	1	2	3	14	5	7	4	3	3	11	5	9	6	5	1	1	8	6	8	8	8	1	2	2	3	7	8	2	5	114	69	32	18	4	33	7	24	11
GCF_003173715.1	7	7	2	3	4	16	8	9	13	8	6	10	6	8	10	5	3	2	10	12	8	10	6	6	5	3	5	22	9	3	4	198	88	46	28	4	39	10	51	15	7	7	2	3	4	16	8	9	13	8	6	10	6	8	10	5	3	2	10	12	8	10	6	6	5	3	5	22	9	3	4	198	88	46	28	4	39	10	51	15
GCF_003173735.1	5	7	2	1	4	17	7	7	15	7	6	12	6	11	9	5	2	1	11	16	6	9	7	6	5	3	5	22	10	3	4	194	92	50	31	4	39	8	51	16	5	7	2	1	4	17	7	7	15	7	6	12	6	11	9	5	2	1	11	16	6	9	7	6	5	3	5	22	10	3	4	194	92	50	31	4	39	8	51	16
GCF_003173755.1	5	8	2	1	3	15	8	8	12	7	6	13	6	9	7	5	2	1	12	11	7	13	7	6	6	3	4	18	11	2	4	194	89	52	32	4	40	9	44	13	5	8	2	1	3	15	8	8	12	7	6	13	6	9	7	5	2	1	12	11	7	13	7	6	6	3	4	18	11	2	4	194	89	52	32	4	40	9	44	13
GCF_003176915.1	1	0	0	0	0	0	2	0	0	0	1	0	6	1	0	5	0	1	1	0	1	1	0	0	0	0	0	1	0	0	4	15	4	2	1	0	1	2	1	1	1	0	0	0	0	0	2	0	0	0	1	0	6	1	0	5	0	1	1	0	1	1	0	0	0	0	0	1	0	0	4	15	4	2	1	0	1	2	1	1
GCF_003177055.1	6	9	8	4	6	16	8	10	17	7	6	13	8	10	8	5	6	2	9	19	12	10	8	3	9	3	3	17	11	9	4	243	92	79	41	4	46	8	49	14	6	9	8	4	6	16	8	10	17	7	6	13	8	10	8	5	6	2	9	19	12	10	8	3	9	3	3	17	11	9	4	243	92	79	41	4	46	8	49	14
GCF_003194085.1	3	4	3	1	5	14	6	9	6	8	7	11	7	8	5	7	1	1	4	5	7	3	5	2	4	2	3	8	7	4	4	122	70	33	14	4	38	8	30	10	3	4	3	1	5	14	6	9	6	8	7	11	7	8	5	7	1	1	4	5	7	3	5	2	4	2	3	8	7	4	4	122	70	33	14	4	38	8	30	10
GCF_003233655.1	5	7	5	3	3	17	9	7	10	12	8	11	6	9	10	6	1	2	12	23	7	8	8	6	6	3	4	19	7	6	5	215	91	68	40	6	44	9	50	16	5	7	5	3	3	17	9	7	10	12	8	11	6	9	10	6	1	2	12	23	7	8	8	6	6	3	4	19	7	6	5	215	91	68	40	6	44	9	50	16
GCF_003240565.2	6	9	9	3	9	16	8	11	13	9	6	10	8	9	8	6	4	3	9	13	8	8	7	3	4	2	3	17	8	7	4	201	92	53	29	4	44	8	42	13	6	9	9	3	9	16	8	11	13	9	6	10	8	9	8	6	4	3	9	13	8	8	7	3	4	2	3	17	8	7	4	201	92	53	29	4	44	8	42	13
GCF_003253775.1	2	4	2	1	3	12	7	7	8	8	6	13	6	8	6	5	1	2	8	6	6	5	7	4	5	2	3	9	11	4	4	140	82	33	18	4	39	7	37	11	2	4	2	1	3	12	7	7	8	8	6	13	6	8	6	5	1	2	8	6	6	5	7	4	5	2	3	9	11	4	4	140	82	33	18	4	39	7	37	11
GCF_003258315.1	3	5	3	2	2	5	1	3	6	10	5	4	5	7	3	4	2	2	7	5	4	7	4	4	7	3	3	10	5	1	5	115	55	33	18	3	21	2	38	8	3	5	3	2	2	5	1	3	6	10	5	4	5	7	3	4	2	2	7	5	4	7	4	4	7	3	3	10	5	1	5	115	55	33	18	3	21	2	38	8
GCF_003258605.2	3	6	4	1	8	16	6	11	9	8	8	14	9	12	5	7	2	1	10	9	8	5	9	7	5	4	3	18	12	5	4	187	89	50	18	6	45	8	48	13	3	6	4	1	8	16	6	11	9	8	8	14	9	12	5	7	2	1	10	9	8	5	9	7	5	4	3	18	12	5	4	187	89	50	18	6	45	8	48	13
GCF_003260975.1	3	5	7	2	2	9	7	5	8	10	6	9	7	7	5	5	2	1	9	3	6	7	5	6	6	2	3	11	7	5	5	149	69	38	14	6	36	6	40	12	3	5	7	2	2	9	7	5	8	10	6	9	7	7	5	5	2	1	9	3	6	7	5	6	6	2	3	11	7	5	5	149	69	38	14	6	36	6	40	12
GCF_003261055.1	4	6	4	2	5	16	7	10	13	10	8	13	7	16	13	6	3	1	11	17	12	7	11	5	9	4	4	17	11	9	4	230	104	70	31	5	43	9	52	22	4	6	4	2	5	16	7	10	13	10	8	13	7	16	13	6	3	1	11	17	12	7	11	5	9	4	4	17	11	9	4	230	104	70	31	5	43	9	52	22
GCF_003261575.2	9	11	11	6	2	15	7	6	11	13	7	16	8	14	8	7	3	4	13	17	7	10	6	6	6	5	4	19	8	4	5	275	106	82	39	6	47	8	59	15	9	11	11	6	2	15	7	6	11	13	7	16	8	14	8	7	3	4	13	17	7	10	6	6	6	5	4	19	8	4	5	275	106	82	39	6	47	8	59	15
GCF_003265305.2	3	4	1	2	2	10	6	5	5	6	6	5	6	5	6	5	1	1	6	1	6	6	3	2	6	1	3	1	6	1	5	95	52	17	10	5	27	7	20	9	3	4	1	2	2	10	6	5	5	6	6	5	6	5	6	5	1	1	6	1	6	6	3	2	6	1	3	1	6	1	5	95	52	17	10	5	27	7	20	9
GCF_003268595.1	4	8	8	2	3	14	6	6	9	13	6	12	6	14	8	6	1	1	6	1	5	8	3	7	11	4	3	11	10	7	5	172	91	41	15	6	41	5	49	16	4	8	8	2	3	14	6	6	9	13	6	12	6	14	8	6	1	1	6	1	5	8	3	7	11	4	3	11	10	7	5	172	91	41	15	6	41	5	49	16
GCF_003268655.1	5	8	4	3	3	16	6	7	13	7	7	15	7	13	4	6	3	1	11	14	9	8	8	4	7	4	3	8	8	6	4	197	91	65	39	4	43	8	43	13	5	8	4	3	3	16	6	7	13	7	7	15	7	13	4	6	3	1	11	14	9	8	8	4	7	4	3	8	8	6	4	197	91	65	39	4	43	8	43	13
GCF_003269425.1	4	5	3	1	2	9	6	6	9	7	6	10	7	9	5	6	1	1	7	5	7	8	5	2	6	1	3	11	3	3	5	129	66	34	17	6	32	5	37	12	4	5	3	1	2	9	6	6	9	7	6	10	7	9	5	6	1	1	7	5	7	8	5	2	6	1	3	11	3	3	5	129	66	34	17	6	32	5	37	12
GCF_003285265.1	2	6	5	1	3	15	9	7	10	5	6	11	5	7	3	5	1	1	7	12	8	6	6	3	6	2	3	12	6	3	4	153	66	43	27	4	36	9	35	8	2	6	5	1	3	15	9	7	10	5	6	11	5	7	3	5	1	1	7	12	8	6	6	3	6	2	3	12	6	3	4	153	66	43	27	4	36	9	35	8
GCF_003286395.1	5	7	4	2	4	15	6	6	7	6	6	8	6	8	9	5	3	1	10	13	8	6	6	4	5	3	4	12	6	2	4	184	79	61	29	5	37	6	47	14	5	7	4	2	4	15	6	6	7	6	6	8	6	8	9	5	3	1	10	13	8	6	6	4	5	3	4	12	6	2	4	184	79	61	29	5	37	6	47	14
GCF_003288115.1	2	5	3	1	1	13	6	6	5	6	5	2	6	12	7	6	1	1	2	4	4	4	2	0	5	3	3	1	7	1	5	88	45	15	9	2	17	5	21	14	2	5	3	1	1	13	6	6	5	6	5	2	6	12	7	6	1	1	2	4	4	4	2	0	5	3	3	1	7	1	5	88	45	15	9	2	17	5	21	14
GCF_003290445.1	4	4	3	2	3	13	5	7	11	8	5	12	6	10	8	5	2	2	8	3	4	7	5	2	4	2	3	6	7	2	4	127	68	27	15	6	34	8	31	16	4	4	3	2	3	13	5	7	11	8	5	12	6	10	8	5	2	2	8	3	4	7	5	2	4	2	3	6	7	2	4	127	68	27	15	6	34	8	31	16
GCF_003293695.1	3	2	2	2	2	12	5	6	6	5	4	10	4	8	8	5	1	2	4	6	6	5	4	4	4	2	3	12	7	1	5	132	61	29	17	1	26	6	39	13	3	2	2	2	2	12	5	6	6	5	4	10	4	8	8	5	1	2	4	6	6	5	4	4	4	2	3	12	7	1	5	132	61	29	17	1	26	6	39	13
GCF_003312875.1	4	7	4	4	5	17	9	11	12	20	7	17	9	12	6	7	4	2	9	20	15	6	11	6	9	4	4	18	7	8	4	248	102	74	34	4	49	10	61	15	4	7	4	4	5	17	9	11	12	20	7	17	9	12	6	7	4	2	9	20	15	6	11	6	9	4	4	18	7	8	4	248	102	74	34	4	49	10	61	15
GCF_003312915.1	2	6	7	3	3	11	6	6	9	8	6	9	6	12	7	5	1	2	10	6	6	6	5	3	5	3	3	11	3	6	5	142	70	41	17	6	37	7	33	15	2	6	7	3	3	11	6	6	9	8	6	9	6	12	7	5	1	2	10	6	6	6	5	3	5	3	3	11	3	6	5	142	70	41	17	6	37	7	33	15
GCF_003325355.1	5	6	10	4	4	12	7	7	9	8	5	13	6	12	13	6	2	2	8	6	7	7	6	3	6	1	3	11	5	8	5	162	81	47	19	5	41	8	36	19	5	6	10	4	4	12	7	7	9	8	5	13	6	12	13	6	2	2	8	6	7	7	6	3	6	1	3	11	5	8	5	162	81	47	19	5	41	8	36	19
GCF_003325455.1	4	5	4	2	3	11	7	7	11	10	6	11	7	11	4	5	3	1	7	7	8	7	7	4	5	4	3	12	12	2	4	151	77	39	22	4	38	5	37	11	4	5	4	2	3	11	7	7	11	10	6	11	7	11	4	5	3	1	7	7	8	7	7	4	5	4	3	12	12	2	4	151	77	39	22	4	38	5	37	11
GCF_003325475.1	3	8	2	2	6	15	9	9	9	8	8	10	8	7	9	6	1	3	9	9	7	6	7	4	6	4	3	17	9	9	4	188	89	52	27	6	41	9	49	13	3	8	2	2	6	15	9	9	9	8	8	10	8	7	9	6	1	3	9	9	7	6	7	4	6	4	3	17	9	9	4	188	89	52	27	6	41	9	49	13
GCF_003330725.1	3	7	6	2	2	13	6	6	8	7	4	11	6	14	10	5	3	2	10	3	5	9	5	5	8	3	3	14	8	1	5	162	79	35	20	4	32	5	45	20	3	7	6	2	2	13	6	6	8	7	4	11	6	14	10	5	3	2	10	3	5	9	5	5	8	3	3	14	8	1	5	162	79	35	20	4	32	5	45	20
GCF_003330785.1	4	10	11	4	6	18	7	9	12	10	7	13	6	12	12	5	4	1	14	15	8	9	8	5	8	4	6	15	9	8	4	270	103	93	43	6	45	7	57	20	4	10	11	4	6	18	7	9	12	10	7	13	6	12	12	5	4	1	14	15	8	9	8	5	8	4	6	15	9	8	4	270	103	93	43	6	45	7	57	20
GCF_003336365.1	4	5	2	1	3	12	7	6	10	10	6	10	6	9	2	7	1	1	7	7	7	7	4	8	9	2	3	9	7	1	4	156	75	45	24	6	39	5	46	8	4	5	2	1	3	12	7	6	10	10	6	10	6	9	2	7	1	1	7	7	7	7	4	8	9	2	3	9	7	1	4	156	75	45	24	6	39	5	46	8
GCF_003339775.1	1	4	1	1	0	4	2	2	0	0	0	0	0	0	0	0	1	1	0	0	2	3	0	1	1	1	2	2	5	0	5	23	10	4	4	0	4	5	6	0	1	4	1	1	0	4	2	2	0	0	0	0	0	0	0	0	1	1	0	0	2	3	0	1	1	1	2	2	5	0	5	23	10	4	4	0	4	5	6	0
GCF_003343305.1	7	9	7	3	2	13	8	7	8	11	6	12	6	14	6	6	2	1	12	3	3	12	4	3	4	3	4	0	7	2	5	162	71	32	23	4	45	5	25	14	7	9	7	3	2	13	8	7	8	11	6	12	6	14	6	6	2	1	12	3	3	12	4	3	4	3	4	0	7	2	5	162	71	32	23	4	45	5	25	14
GCF_003344865.1	5	4	3	3	4	15	11	8	8	7	5	13	7	11	7	6	2	1	9	10	6	9	6	3	8	6	4	11	7	7	5	178	78	50	20	4	37	9	48	15	5	4	3	3	4	15	11	8	8	7	5	13	7	11	7	6	2	1	9	10	6	9	6	3	8	6	4	11	7	7	5	178	78	50	20	4	37	9	48	15
GCF_003344925.1	3	4	1	1	1	9	6	5	3	4	4	3	7	6	5	6	1	1	6	2	5	6	5	2	5	1	3	9	3	1	5	96	44	26	12	2	14	6	31	10	3	4	1	1	1	9	6	5	3	4	4	3	7	6	5	6	1	1	6	2	5	6	5	2	5	1	3	9	3	1	5	96	44	26	12	2	14	6	31	10
GCF_003344965.1	3	6	6	4	8	15	7	10	13	10	7	17	5	12	7	5	3	1	7	8	9	4	7	6	7	4	3	17	17	8	4	207	100	55	18	5	44	9	48	15	3	6	6	4	8	15	7	10	13	10	7	17	5	12	7	5	3	1	7	8	9	4	7	6	7	4	3	17	17	8	4	207	100	55	18	5	44	9	48	15
GCF_003345255.1	4	3	2	1	3	13	7	6	7	9	8	11	5	7	7	5	1	2	9	7	7	7	7	4	4	3	3	16	8	6	4	158	77	48	20	7	41	7	45	11	4	3	2	1	3	13	7	6	7	9	8	11	5	7	7	5	1	2	9	7	7	7	7	4	4	3	3	16	8	6	4	158	77	48	20	7	41	7	45	11
GCF_003346755.1	3	3	2	0	2	12	6	6	10	7	6	14	5	6	4	5	0	2	3	8	7	4	3	3	8	3	3	12	7	1	4	132	73	34	18	5	37	5	39	8	3	3	2	0	2	12	6	6	10	7	6	14	5	6	4	5	0	2	3	8	7	4	3	3	8	3	3	12	7	1	4	132	73	34	18	5	37	5	39	8
GCF_003347135.1	4	4	2	2	1	13	5	6	8	3	3	13	5	10	6	4	1	2	7	2	3	6	5	1	4	2	3	6	7	1	4	108	56	22	13	2	23	8	29	13	4	4	2	2	1	13	5	6	8	3	3	13	5	10	6	4	1	2	7	2	3	6	5	1	4	2	3	6	7	1	4	108	56	22	13	2	23	8	29	13
GCF_003351745.1	3	3	3	3	5	16	7	6	6	8	7	9	6	8	8	5	1	2	11	7	6	7	5	3	7	4	4	10	7	6	4	162	81	50	26	6	38	8	45	12	3	3	3	3	5	16	7	6	6	8	7	9	6	8	8	5	1	2	11	7	6	7	5	3	7	4	4	10	7	6	4	162	81	50	26	6	38	8	45	12
GCF_003351765.1	3	5	2	1	2	14	6	7	11	4	2	12	4	8	3	4	2	1	10	8	6	5	6	2	5	3	3	12	12	2	4	137	69	32	19	3	29	8	30	8	3	5	2	1	2	14	6	7	11	4	2	12	4	8	3	4	2	1	10	8	6	5	6	2	5	3	3	12	12	2	4	137	69	32	19	3	29	8	30	8
GCF_003352005.1	4	7	7	1	3	8	7	4	9	16	5	11	6	15	4	6	5	2	10	5	3	10	5	6	16	3	3	9	7	1	5	172	87	44	25	6	45	4	49	13	4	7	7	1	3	8	7	4	9	16	5	11	6	15	4	6	5	2	10	5	3	10	5	6	16	3	3	9	7	1	5	172	87	44	25	6	45	4	49	13
GCF_003352165.1	3	6	2	2	3	11	5	6	8	10	6	10	5	9	11	4	1	2	10	6	5	8	6	4	6	2	4	20	8	3	4	160	82	45	26	4	35	4	42	16	3	6	2	2	3	11	5	6	8	10	6	10	5	9	11	4	1	2	10	6	5	8	6	4	6	2	4	20	8	3	4	160	82	45	26	4	35	4	42	16
GCF_003352185.1	4	7	4	2	9	18	7	12	9	12	7	13	6	10	13	6	1	4	10	19	8	5	6	4	8	3	5	19	7	11	4	241	105	78	32	5	48	8	60	17	4	7	4	2	9	18	7	12	9	12	7	13	6	10	13	6	1	4	10	19	8	5	6	4	8	3	5	19	7	11	4	241	105	78	32	5	48	8	60	17
GCF_003355455.1	5	3	3	2	2	14	9	6	8	5	6	10	7	7	3	6	1	3	8	7	8	7	7	5	5	2	3	10	7	1	4	144	69	33	21	4	35	10	42	7	5	3	3	2	2	14	9	6	8	5	6	10	7	7	3	6	1	3	8	7	8	7	7	5	5	2	3	10	7	1	4	144	69	33	21	4	35	10	42	7
GCF_003355475.1	5	5	4	4	3	14	6	7	11	9	6	12	6	11	4	5	2	1	7	8	6	5	6	5	6	4	3	6	7	7	4	160	75	44	24	4	39	8	34	11	5	5	4	4	3	14	6	7	11	9	6	12	6	11	4	5	2	1	7	8	6	5	6	5	6	4	3	6	7	7	4	160	75	44	24	4	39	8	34	11
GCF_003355515.1	1	3	2	0	2	9	4	6	7	6	4	14	4	7	6	5	0	3	3	2	6	3	2	4	6	2	3	7	7	2	4	111	65	24	11	4	35	2	32	10	1	3	2	0	2	9	4	6	7	6	4	14	4	7	6	5	0	3	3	2	6	3	2	4	6	2	3	7	7	2	4	111	65	24	11	4	35	2	32	10
GCF_003366055.1	2	1	1	1	1	1	1	1	0	0	0	0	4	2	1	4	1	1	0	1	0	1	0	0	0	0	0	0	0	1	3	13	4	3	2	0	3	0	2	2	2	1	1	1	1	1	1	1	0	0	0	0	4	2	1	4	1	1	0	1	0	1	0	0	0	0	0	0	0	1	3	13	4	3	2	0	3	0	2	2
GCF_003367075.2	2	4	1	2	3	12	3	6	4	6	3	11	6	7	7	4	2	1	4	1	5	4	4	2	5	1	3	19	9	1	5	130	77	23	10	4	30	5	37	12	2	4	1	2	3	12	3	6	4	6	3	11	6	7	7	4	2	1	4	1	5	4	4	2	5	1	3	19	9	1	5	130	77	23	10	4	30	5	37	12
GCF_003367315.1	4	7	4	2	7	17	7	8	12	8	7	12	6	10	5	5	3	2	9	8	9	5	6	2	8	2	3	12	7	8	4	180	86	54	22	5	42	10	42	12	4	7	4	2	7	17	7	8	12	8	7	12	6	10	5	5	3	2	9	8	9	5	6	2	8	2	3	12	7	8	4	180	86	54	22	5	42	10	42	12
GCF_003367375.1	5	6	2	2	3	12	7	7	11	17	8	13	6	6	5	5	1	3	12	9	8	8	7	3	9	3	4	11	8	3	5	184	91	51	29	6	47	8	45	9	5	6	2	2	3	12	7	7	11	17	8	13	6	6	5	5	1	3	12	9	8	8	7	3	9	3	4	11	8	3	5	184	91	51	29	6	47	8	45	9
GCF_003367705.1	3	5	7	3	3	15	7	7	7	8	7	13	9	12	5	6	1	1	8	7	4	4	5	3	6	4	3	7	7	6	4	160	78	43	20	6	41	10	37	13	3	5	7	3	3	15	7	7	7	8	7	13	9	12	5	6	1	1	8	7	4	4	5	3	6	4	3	7	7	6	4	160	78	43	20	6	41	10	37	13
GCF_003367905.1	5	4	7	1	0	9	6	5	5	8	3	15	6	9	6	7	1	0	11	1	4	7	5	4	5	2	3	4	5	0	4	130	57	28	17	3	34	4	28	12	5	4	7	1	0	9	6	5	5	8	3	15	6	9	6	7	1	0	11	1	4	7	5	4	5	2	3	4	5	0	4	130	57	28	17	3	34	4	28	12
GCF_003368325.1	4	9	8	4	9	18	7	11	12	10	8	15	8	13	17	6	4	1	12	25	8	6	7	5	8	4	7	16	9	10	4	282	116	95	42	6	51	7	60	24	4	9	8	4	9	18	7	11	12	10	8	15	8	13	17	6	4	1	12	25	8	6	7	5	8	4	7	16	9	10	4	282	116	95	42	6	51	7	60	24
GCF_003382565.3	6	7	8	3	5	14	7	7	11	15	7	14	6	11	9	5	4	3	10	8	8	9	6	6	5	4	4	13	8	6	5	214	106	60	26	6	44	9	54	17	6	7	8	3	5	14	7	7	11	15	7	14	6	11	9	5	4	3	10	8	8	9	6	6	5	4	4	13	8	6	5	214	106	60	26	6	44	9	54	17
GCF_003403075.1	4	5	5	2	2	9	8	5	7	8	5	11	6	8	7	6	1	1	7	5	6	7	5	6	6	1	3	11	3	1	5	134	68	36	17	4	34	7	38	13	4	5	5	2	2	9	8	5	7	8	5	11	6	8	7	6	1	1	7	5	6	7	5	6	6	1	3	11	3	1	5	134	68	36	17	4	34	7	38	13
GCF_003403095.1	5	8	5	2	6	17	8	10	15	6	7	11	5	9	11	5	3	1	10	13	9	8	8	8	8	2	3	18	7	10	4	202	88	63	28	5	42	10	50	16	5	8	5	2	6	17	8	10	15	6	7	11	5	9	11	5	3	1	10	13	9	8	8	8	8	2	3	18	7	10	4	202	88	63	28	5	42	10	50	16
GCF_003429285.1	4	6	4	3	4	15	6	5	11	11	9	12	5	10	9	5	1	3	10	4	8	7	5	3	8	2	3	11	8	5	5	189	89	57	27	6	45	7	44	16	4	6	4	3	4	15	6	5	11	11	9	12	5	10	9	5	1	3	10	4	8	7	5	3	8	2	3	11	8	5	5	189	89	57	27	6	45	7	44	16
GCF_003433515.1	4	8	5	1	5	16	8	9	12	7	6	10	5	7	2	5	2	1	7	10	9	7	7	4	7	2	3	18	7	9	4	178	74	59	25	4	39	8	42	6	4	8	5	1	5	16	8	9	12	7	6	10	5	7	2	5	2	1	7	10	9	7	7	4	7	2	3	18	7	9	4	178	74	59	25	4	39	8	42	6
GCF_003443655.1	4	5	1	3	4	11	4	6	6	7	4	19	7	10	8	5	1	1	7	3	7	5	5	3	7	2	5	20	9	1	5	167	96	33	19	7	44	6	45	16	4	5	1	3	4	11	4	6	6	7	4	19	7	10	8	5	1	1	7	3	7	5	5	3	7	2	5	20	9	1	5	167	96	33	19	7	44	6	45	16
GCF_003444775.1	4	5	1	1	3	14	5	7	6	4	3	10	5	14	5	5	1	1	8	11	6	6	6	3	6	3	3	12	8	3	5	142	75	38	21	4	32	7	34	15	4	5	1	1	3	14	5	7	6	4	3	10	5	14	5	5	1	1	8	11	6	6	6	3	6	3	3	12	8	3	5	142	75	38	21	4	32	7	34	15
GCF_003534205.1	5	8	6	2	2	11	7	6	9	11	7	11	6	10	3	5	2	2	5	3	2	9	3	5	4	5	4	11	9	5	5	147	79	40	19	6	42	5	41	10	5	8	6	2	2	11	7	6	9	11	7	11	6	10	3	5	2	2	5	3	2	9	3	5	4	5	4	11	9	5	5	147	79	40	19	6	42	5	41	10
GCF_003544835.1	3	3	2	0	2	12	4	6	8	6	4	15	4	7	8	5	0	2	3	2	6	4	2	6	6	1	3	9	7	1	4	121	73	26	11	4	37	4	35	12	3	3	2	0	2	12	4	6	8	6	4	15	4	7	8	5	0	2	3	2	6	4	2	6	6	1	3	9	7	1	4	121	73	26	11	4	37	4	35	12
GCF_003544895.1	5	6	4	2	6	15	9	10	12	6	7	11	6	10	11	5	2	1	9	10	6	9	8	2	6	2	3	19	8	10	4	178	84	62	28	4	41	9	41	16	5	6	4	2	6	15	9	10	12	6	7	11	6	10	11	5	2	1	9	10	6	9	8	2	6	2	3	19	8	10	4	178	84	62	28	4	41	9	41	16
GCF_003546865.1	4	6	5	1	2	8	6	4	3	7	4	3	5	14	3	6	4	1	3	2	3	5	2	1	11	2	3	11	6	1	4	115	52	28	12	4	27	3	34	12	4	6	5	1	2	8	6	4	3	7	4	3	5	14	3	6	4	1	3	2	3	5	2	1	11	2	3	11	6	1	4	115	52	28	12	4	27	3	34	12
GCF_003555545.1	4	8	7	2	1	14	7	5	8	9	6	8	6	9	7	5	2	2	9	2	6	7	5	2	7	2	3	9	6	5	5	147	69	37	15	6	32	10	33	14	4	8	7	2	1	14	7	5	8	9	6	8	6	9	7	5	2	2	9	2	6	7	5	2	7	2	3	9	6	5	5	147	69	37	15	6	32	10	33	14
GCF_003568865.1	3	8	4	1	3	13	7	7	9	7	6	11	7	8	5	7	2	2	9	12	5	7	3	6	5	2	2	12	4	7	4	163	72	46	27	5	34	7	38	11	3	8	4	1	3	13	7	7	9	7	6	11	7	8	5	7	2	2	9	12	5	7	3	6	5	2	2	12	4	7	4	163	72	46	27	5	34	7	38	11
GCF_003571725.1	5	4	4	1	2	12	5	6	9	8	4	9	6	8	2	6	1	2	7	5	3	7	3	6	5	3	4	8	7	6	5	130	60	30	17	4	25	5	38	7	5	4	4	1	2	12	5	6	9	8	4	9	6	8	2	6	1	2	7	5	3	7	3	6	5	3	4	8	7	6	5	130	60	30	17	4	25	5	38	7
GCF_003574835.2	4	4	4	2	5	14	8	7	9	7	5	20	7	8	2	6	2	1	7	10	8	7	7	5	5	3	3	17	7	6	4	173	84	48	21	4	43	9	44	8	4	4	4	2	5	14	8	7	9	7	5	20	7	8	2	6	2	1	7	10	8	7	7	5	5	3	3	17	7	6	4	173	84	48	21	4	43	9	44	8
GCF_003576455.2	5	10	7	4	4	12	6	7	8	9	6	9	6	12	10	5	3	1	6	4	7	9	4	4	6	2	3	10	8	7	5	156	78	43	18	5	38	6	38	19	5	10	7	4	4	12	6	7	8	9	6	9	6	12	10	5	3	1	6	4	7	9	4	4	6	2	3	10	8	7	5	156	78	43	18	5	38	6	38	19
GCF_003589745.1	3	3	6	1	4	10	5	8	5	6	5	11	6	8	6	5	1	2	4	2	2	5	2	1	1	1	3	7	7	3	5	99	57	22	7	5	32	5	17	11	3	3	6	1	4	10	5	8	5	6	5	11	6	8	6	5	1	2	4	2	2	5	2	1	1	1	3	7	7	3	5	99	57	22	7	5	32	5	17	11
GCF_003589885.1	3	6	4	3	3	17	7	8	8	8	5	15	7	10	4	6	3	1	6	8	7	3	6	5	10	4	3	14	11	7	5	191	79	45	18	4	37	9	53	11	3	6	4	3	3	17	7	8	8	8	5	15	7	10	4	6	3	1	6	8	7	3	6	5	10	4	3	14	11	7	5	191	79	45	18	4	37	9	53	11
GCF_003589925.1	4	8	7	1	2	14	6	6	9	8	6	11	6	8	7	6	3	2	6	4	8	8	6	6	7	2	3	11	6	6	5	165	76	46	19	5	36	9	43	14	4	8	7	1	2	14	6	6	9	8	6	11	6	8	7	6	3	2	6	4	8	8	6	6	7	2	3	11	6	6	5	165	76	46	19	5	36	9	43	14
GCF_003590145.2	2	7	6	2	6	15	9	10	12	4	6	10	5	8	9	5	1	1	7	10	7	5	6	2	6	2	3	17	6	9	4	166	74	48	20	4	38	9	40	13	2	7	6	2	6	15	9	10	12	4	6	10	5	8	9	5	1	1	7	10	7	5	6	2	6	2	3	17	6	9	4	166	74	48	20	4	38	9	40	13
GCF_003594935.2	6	7	11	4	2	15	8	6	15	15	7	14	8	12	10	7	1	3	12	14	8	8	6	6	6	4	4	13	8	4	5	239	102	64	32	6	43	9	56	17	6	7	11	4	2	15	8	6	15	15	7	14	8	12	10	7	1	3	12	14	8	8	6	6	6	4	4	13	8	4	5	239	102	64	32	6	43	9	56	17
GCF_003595175.1	4	6	2	1	15	17	8	16	9	12	8	12	8	8	11	5	1	3	8	22	9	5	5	4	7	2	6	15	7	15	4	227	105	73	29	5	51	9	53	15	4	6	2	1	15	17	8	16	9	12	8	12	8	8	11	5	1	3	8	22	9	5	5	4	7	2	6	15	7	15	4	227	105	73	29	5	51	9	53	15
GCF_003595195.1	4	4	2	1	1	11	6	6	5	6	5	10	6	7	2	6	1	2	3	3	3	5	5	1	4	4	3	9	7	1	5	110	62	24	12	2	29	4	32	7	4	4	2	1	1	11	6	6	5	6	5	10	6	7	2	6	1	2	3	3	3	5	5	1	4	4	3	9	7	1	5	110	62	24	12	2	29	4	32	7
GCF_003595525.1	3	4	2	2	1	11	7	6	6	8	4	7	5	12	5	6	2	1	2	2	4	6	3	0	3	2	3	0	8	1	5	99	48	19	14	3	25	4	19	13	3	4	2	2	1	11	7	6	6	8	4	7	5	12	5	6	2	1	2	2	4	6	3	0	3	2	3	0	8	1	5	99	48	19	14	3	25	4	19	13
GCF_003600355.1	5	4	3	2	0	10	7	7	5	7	5	8	6	11	9	6	1	1	7	1	4	7	3	4	6	2	3	6	7	1	5	110	59	20	12	3	27	6	30	15	5	4	3	2	0	10	7	7	5	7	5	8	6	11	9	6	1	1	7	1	4	7	3	4	6	2	3	6	7	1	5	110	59	20	12	3	27	6	30	15
GCF_003600625.1	3	6	6	2	1	12	6	5	8	9	6	8	7	7	6	5	2	2	6	2	4	6	3	3	7	1	3	8	6	5	5	132	67	35	15	5	31	8	31	12	3	6	6	2	1	12	6	5	8	9	6	8	7	7	6	5	2	2	6	2	4	6	3	3	7	1	3	8	6	5	5	132	67	35	15	5	31	8	31	12
GCF_003606265.1	5	4	4	3	0	9	6	6	3	5	5	8	5	19	8	6	3	1	4	1	3	7	2	6	5	2	4	7	7	1	5	122	61	25	12	3	24	4	38	20	5	4	4	3	0	9	6	6	3	5	5	8	5	19	8	6	3	1	4	1	3	7	2	6	5	2	4	7	7	1	5	122	61	25	12	3	24	4	38	20
GCF_003606365.2	4	6	3	1	1	13	6	6	7	9	6	1	6	10	2	6	1	1	4	3	7	7	4	2	7	3	4	1	6	1	5	102	49	25	17	3	20	5	24	10	4	6	3	1	1	13	6	6	7	9	6	1	6	10	2	6	1	1	4	3	7	7	4	2	7	3	4	1	6	1	5	102	49	25	17	3	20	5	24	10
GCF_003611035.1	5	5	10	6	6	15	7	8	7	13	8	13	7	14	10	8	1	1	8	9	6	5	6	2	8	4	3	7	7	11	4	182	81	53	26	4	41	8	38	18	5	5	10	6	6	15	7	8	7	13	8	13	7	14	10	8	1	1	8	9	6	5	6	2	8	4	3	7	7	11	4	182	81	53	26	4	41	8	38	18
GCF_003614435.1	4	6	5	2	6	14	7	10	7	11	6	13	8	9	9	6	2	3	11	12	6	9	9	4	6	5	3	16	12	9	4	197	99	56	28	4	45	9	51	15	4	6	5	2	6	14	7	10	7	11	6	13	8	9	9	6	2	3	11	12	6	9	9	4	6	5	3	16	12	9	4	197	99	56	28	4	45	9	51	15
GCF_003627135.1	2	4	2	1	1	11	7	6	7	6	4	10	4	12	5	5	1	1	3	2	5	5	3	0	3	2	3	1	6	1	5	97	46	15	10	3	24	4	24	13	2	4	2	1	1	11	7	6	7	6	4	10	4	12	5	5	1	1	3	2	5	5	3	0	3	2	3	1	6	1	5	97	46	15	10	3	24	4	24	13
GCF_003627155.1	2	4	2	1	1	11	7	6	8	6	4	9	4	11	3	5	1	1	3	2	4	5	3	5	2	2	3	1	7	1	5	94	48	16	11	3	26	4	26	11	2	4	2	1	1	11	7	6	8	6	4	9	4	11	3	5	1	1	3	2	4	5	3	5	2	2	3	1	7	1	5	94	48	16	11	3	26	4	26	11
GCF_003627755.1	7	9	9	5	8	16	11	12	18	10	6	11	9	13	6	8	6	3	11	16	12	10	8	7	7	3	4	19	9	10	4	248	96	72	34	4	46	8	61	16	7	9	9	5	8	16	11	12	18	10	6	11	9	13	6	8	6	3	11	16	12	10	8	7	7	3	4	19	9	10	4	248	96	72	34	4	46	8	61	16
GCF_003628755.1	3	15	7	3	2	11	7	9	5	6	4	9	6	11	9	4	1	1	5	2	3	6	3	1	1	1	3	1	6	3	4	109	54	22	11	3	30	5	15	15	3	15	7	3	2	11	7	9	5	6	4	9	6	11	9	4	1	1	5	2	3	6	3	1	1	1	3	1	6	3	4	109	54	22	11	3	30	5	15	15
GCF_003660105.1	3	3	2	1	2	11	5	6	8	6	4	14	4	8	12	5	0	3	3	3	7	4	3	6	6	1	3	10	7	1	4	127	76	28	14	5	37	4	36	16	3	3	2	1	2	11	5	6	8	6	4	14	4	8	12	5	0	3	3	3	7	4	3	6	6	1	3	10	7	1	4	127	76	28	14	5	37	4	36	16
GCF_003660165.1	6	7	2	2	2	14	7	6	7	6	7	12	7	7	7	6	2	2	9	7	7	11	7	5	6	2	3	15	10	1	4	167	80	49	30	4	42	7	45	11	6	7	2	2	2	14	7	6	7	6	7	12	7	7	7	6	2	2	9	7	7	11	7	5	6	2	3	15	10	1	4	167	80	49	30	4	42	7	45	11
GCF_003667885.1	3	5	9	2	3	13	8	6	11	16	7	11	7	18	12	6	3	3	5	5	6	6	3	7	5	5	4	11	9	5	6	190	96	44	18	7	41	7	50	20	3	5	9	2	3	13	8	6	11	16	7	11	7	18	12	6	3	3	5	5	6	6	3	7	5	5	4	11	9	5	6	190	96	44	18	7	41	7	50	20
GCF_003671975.1	4	8	2	2	11	19	8	14	10	11	8	15	8	8	10	5	1	3	10	25	9	5	6	5	7	3	5	17	8	13	4	242	108	77	37	5	57	10	57	14	4	8	2	2	11	19	8	14	10	11	8	15	8	8	10	5	1	3	10	25	9	5	6	5	7	3	5	17	8	13	4	242	108	77	37	5	57	10	57	14
GCF_003675325.1	3	6	3	1	5	16	6	10	18	8	8	26	6	12	4	6	2	1	8	12	10	4	9	6	5	4	4	18	13	9	4	208	101	56	21	5	54	8	49	12	3	6	3	1	5	16	6	10	18	8	8	26	6	12	4	6	2	1	8	12	10	4	9	6	5	4	4	18	13	9	4	208	101	56	21	5	54	8	49	12
GCF_003687485.1	2	4	6	2	3	9	5	6	9	9	6	9	6	8	6	5	2	1	8	4	7	5	5	6	5	1	3	8	4	6	5	140	67	36	14	6	37	5	36	13	2	4	6	2	3	9	5	6	9	9	6	9	6	8	6	5	2	1	8	4	7	5	5	6	5	1	3	8	4	6	5	140	67	36	14	6	37	5	36	13
GCF_003710085.1	2	5	2	4	4	14	6	9	7	5	6	14	5	9	5	4	2	1	5	6	6	2	6	2	10	5	3	9	7	5	4	143	72	34	13	4	38	8	37	12	2	5	2	4	4	14	6	9	7	5	6	14	5	9	5	4	2	1	5	6	6	2	6	2	10	5	3	9	7	5	4	143	72	34	13	4	38	8	37	12
GCF_003710105.1	5	6	4	3	3	14	6	7	8	9	6	13	7	14	3	6	2	1	5	5	6	5	5	3	2	3	3	7	8	2	4	139	71	33	18	4	39	8	28	13	5	6	4	3	3	14	6	7	8	9	6	13	7	14	3	6	2	1	5	5	6	5	5	3	2	3	3	7	8	2	4	139	71	33	18	4	39	8	28	13
GCF_003711105.1	5	10	9	2	4	18	6	9	9	11	8	17	8	15	8	8	4	2	12	8	9	10	8	4	10	4	4	16	8	5	6	218	99	57	26	5	47	9	59	18	5	10	9	2	4	18	6	9	9	11	8	17	8	15	8	8	4	2	12	8	9	10	8	4	10	4	4	16	8	5	6	218	99	57	26	5	47	9	59	18
GCF_003711265.1	3	3	2	1	2	13	5	6	5	6	6	10	5	6	4	5	1	2	3	4	7	5	2	4	5	2	3	10	7	3	4	124	64	28	12	4	35	5	39	8	3	3	2	1	2	13	5	6	5	6	6	10	5	6	4	5	1	2	3	4	7	5	2	4	5	2	3	10	7	3	4	124	64	28	12	4	35	5	39	8
GCF_003716875.1	5	6	7	1	2	13	6	6	15	10	8	14	6	14	9	5	1	3	10	5	5	8	4	5	8	3	4	9	8	3	7	187	95	44	21	6	44	5	52	18	5	6	7	1	2	13	6	6	15	10	8	14	6	14	9	5	1	3	10	5	5	8	4	5	8	3	4	9	8	3	7	187	95	44	21	6	44	5	52	18
GCF_003718735.1	5	4	5	1	2	12	6	7	9	9	4	8	6	12	4	6	1	3	7	8	3	7	3	6	6	4	3	10	7	7	5	145	68	37	20	3	29	5	42	9	5	4	5	1	2	12	6	7	9	9	4	8	6	12	4	6	1	3	7	8	3	7	3	6	6	4	3	10	7	7	5	145	68	37	20	3	29	5	42	9
GCF_003719195.1	4	8	7	2	7	15	6	7	7	11	8	9	6	13	14	7	1	1	10	10	6	8	6	5	5	4	3	14	9	8	4	206	90	66	33	6	44	7	51	20	4	8	7	2	7	15	6	7	7	11	8	9	6	13	14	7	1	1	10	10	6	8	6	5	5	4	3	14	9	8	4	206	90	66	33	6	44	7	51	20
GCF_003721155.3	4	6	3	1	3	15	6	7	12	9	7	12	6	11	4	4	2	1	7	9	8	7	7	5	7	4	4	15	8	6	4	170	78	43	21	5	38	8	43	12	4	6	3	1	3	15	6	7	12	9	7	12	6	11	4	4	2	1	7	9	8	7	7	5	7	4	4	15	8	6	4	170	78	43	21	5	38	8	43	12
GCF_003721225.2	5	4	2	2	8	13	7	9	6	13	8	11	6	10	12	4	1	1	7	6	7	6	6	4	3	2	3	9	7	8	4	157	82	44	19	6	43	6	41	18	5	4	2	2	8	13	7	9	6	13	8	11	6	10	12	4	1	1	7	6	7	6	6	4	3	2	3	9	7	8	4	157	82	44	19	6	43	6	41	18
GCF_003722295.1	4	4	2	2	2	13	3	6	6	13	4	10	7	9	10	7	1	2	5	2	5	5	3	5	6	1	3	13	5	1	5	136	71	25	13	6	35	5	37	15	4	4	2	2	2	13	3	6	6	13	4	10	7	9	10	7	1	2	5	2	5	5	3	5	6	1	3	13	5	1	5	136	71	25	13	6	35	5	37	15
GCF_003722315.1	4	5	4	1	3	11	6	9	6	6	6	10	6	14	6	7	1	2	4	2	4	6	2	4	5	0	4	7	6	4	4	130	63	29	10	5	34	6	24	15	4	5	4	1	3	11	6	9	6	6	6	10	6	14	6	7	1	2	4	2	4	6	2	4	5	0	4	7	6	4	4	130	63	29	10	5	34	6	24	15
GCF_003722335.1	4	5	6	2	4	14	7	8	9	10	7	10	6	7	8	5	1	1	9	9	8	8	7	4	6	3	3	13	7	7	4	175	74	52	23	5	40	8	41	12	4	5	6	2	4	14	7	8	9	10	7	10	6	7	8	5	1	1	9	9	8	8	7	4	6	3	3	13	7	7	4	175	74	52	23	5	40	8	41	12
GCF_003795125.1	4	10	5	1	1	6	7	5	6	12	5	7	6	11	3	6	1	2	6	4	3	9	3	3	5	3	4	1	7	1	5	110	52	24	20	2	30	5	27	10	4	10	5	1	1	6	7	5	6	12	5	7	6	11	3	6	1	2	6	4	3	9	3	3	5	3	4	1	7	1	5	110	52	24	20	2	30	5	27	10
GCF_003795145.1	5	12	6	1	2	6	7	6	4	8	5	8	7	13	3	7	1	2	7	4	3	11	4	3	5	3	4	1	7	2	5	114	50	27	20	2	31	5	27	11	5	12	6	1	2	6	7	6	4	8	5	8	7	13	3	7	1	2	7	4	3	11	4	3	5	3	4	1	7	2	5	114	50	27	20	2	31	5	27	11
GCF_003798325.1	4	5	3	3	3	14	6	7	8	8	6	15	6	6	3	4	3	1	6	7	6	5	5	6	5	4	3	13	7	2	4	139	69	32	16	4	39	6	36	8	4	5	3	3	3	14	6	7	8	8	6	15	6	6	3	4	3	1	6	7	6	5	5	6	5	4	3	13	7	2	4	139	69	32	16	4	39	6	36	8
GCF_003812505.1	5	4	3	1	1	12	5	6	8	8	4	9	6	8	3	6	1	2	5	4	3	5	3	5	5	3	4	9	7	5	5	121	62	27	13	3	25	5	37	7	5	4	3	1	1	12	5	6	8	8	4	9	6	8	3	6	1	2	5	4	3	5	3	5	5	3	4	9	7	5	5	121	62	27	13	3	25	5	37	7
GCF_003813965.1	3	5	2	1	4	15	7	7	9	7	6	15	6	11	5	5	1	1	5	6	8	6	5	4	2	4	3	14	7	2	4	139	73	31	18	5	42	10	36	12	3	5	2	1	4	15	7	7	9	7	6	15	6	11	5	5	1	1	5	6	8	6	5	4	2	4	3	14	7	2	4	139	73	31	18	5	42	10	36	12
GCF_003813985.1	3	4	2	1	4	14	7	7	8	6	6	15	6	11	4	5	2	1	3	4	8	3	5	3	7	4	3	14	8	2	4	146	79	31	16	5	42	9	44	11	3	4	2	1	4	14	7	7	8	6	6	15	6	11	4	5	2	1	3	4	8	3	5	3	7	4	3	14	8	2	4	146	79	31	16	5	42	9	44	11
GCF_003814005.1	3	4	2	1	4	14	8	7	8	6	6	15	6	11	4	5	2	1	3	4	8	3	5	3	7	4	3	14	8	2	4	147	79	32	16	5	42	10	43	11	3	4	2	1	4	14	8	7	8	6	6	15	6	11	4	5	2	1	3	4	8	3	5	3	7	4	3	14	8	2	4	147	79	32	16	5	42	10	43	11
GCF_003815615.1	2	5	6	1	2	15	5	6	5	4	4	7	6	7	5	5	1	1	7	2	5	6	5	2	8	2	3	8	2	1	5	121	58	29	13	3	25	8	34	11	2	5	6	1	2	15	5	6	5	4	4	7	6	7	5	5	1	1	7	2	5	6	5	2	8	2	3	8	2	1	5	121	58	29	13	3	25	8	34	11
GCF_003815695.1	2	5	2	1	2	17	5	8	7	8	5	7	6	5	6	4	1	1	8	4	5	6	5	6	11	2	3	10	2	1	6	135	65	32	16	4	29	10	45	10	2	5	2	1	2	17	5	8	7	8	5	7	6	5	6	4	1	1	8	4	5	6	5	6	11	2	3	10	2	1	6	135	65	32	16	4	29	10	45	10
GCF_003815775.1	2	4	1	1	2	16	5	8	7	8	5	7	6	5	5	5	1	1	8	4	5	6	5	2	11	2	3	11	2	1	6	127	65	31	15	4	29	10	42	9	2	4	1	1	2	16	5	8	7	8	5	7	6	5	5	5	1	1	8	4	5	6	5	2	11	2	3	11	2	1	6	127	65	31	15	4	29	10	42	9
GCF_003815915.1	2	4	3	1	2	15	5	7	5	3	4	8	6	5	5	4	1	1	7	4	5	6	5	6	8	2	3	7	2	1	6	119	56	26	13	2	24	9	38	9	2	4	3	1	2	15	5	7	5	3	4	8	6	5	5	4	1	1	7	4	5	6	5	6	8	2	3	7	2	1	6	119	56	26	13	2	24	9	38	9
GCF_003815975.1	2	5	5	1	1	16	5	8	8	8	6	7	6	7	5	5	1	1	8	4	5	6	5	2	12	2	3	11	2	1	6	134	66	33	15	5	28	10	43	11	2	5	5	1	1	16	5	8	8	8	6	7	6	7	5	5	1	1	8	4	5	6	5	2	12	2	3	11	2	1	6	134	66	33	15	5	28	10	43	11
GCF_003851555.1	4	9	3	1	8	19	8	12	9	12	9	16	9	8	9	6	2	4	11	14	9	7	7	5	7	4	5	20	9	10	4	239	108	74	33	5	54	10	61	13	4	9	3	1	8	19	8	12	9	12	9	16	9	8	9	6	2	4	11	14	9	7	7	5	7	4	5	20	9	10	4	239	108	74	33	5	54	10	61	13
GCF_003855095.1	3	5	3	3	8	16	8	11	9	7	6	15	6	9	7	5	2	4	10	12	8	3	8	5	6	4	3	14	8	13	4	185	92	57	20	4	44	10	45	13	3	5	3	3	8	16	8	11	9	7	6	15	6	9	7	5	2	4	10	12	8	3	8	5	6	4	3	14	8	13	4	185	92	57	20	4	44	10	45	13
GCF_003856495.1	5	4	2	1	3	12	7	6	9	12	6	10	6	8	5	8	1	2	5	3	4	9	4	5	8	2	3	10	8	1	5	136	71	30	14	5	31	6	36	11	5	4	2	1	3	12	7	6	9	12	6	10	6	8	5	8	1	2	5	3	4	9	4	5	8	2	3	10	8	1	5	136	71	30	14	5	31	6	36	11
GCF_003860345.1	5	4	2	2	4	12	6	6	7	7	6	10	6	8	5	5	1	2	8	6	7	7	8	5	5	3	3	16	7	1	4	150	69	40	23	4	35	6	45	9	5	4	2	2	4	12	6	6	7	7	6	10	6	8	5	5	1	2	8	6	7	7	8	5	5	3	3	16	7	1	4	150	69	40	23	4	35	6	45	9
GCF_003860405.1	3	5	5	1	4	14	5	8	10	10	6	13	6	10	5	6	2	2	4	7	10	3	6	2	7	3	2	16	8	3	4	147	81	32	15	4	40	7	36	12	3	5	5	1	4	14	5	8	10	10	6	13	6	10	5	6	2	2	4	7	10	3	6	2	7	3	2	16	8	3	4	147	81	32	15	4	40	7	36	12
GCF_003860525.1	2	4	1	1	1	14	5	6	7	7	5	8	6	6	5	5	1	1	8	5	6	6	4	1	7	2	3	8	2	1	5	114	61	30	13	4	28	8	29	10	2	4	1	1	1	14	5	6	7	7	5	8	6	6	5	5	1	1	8	5	6	6	4	1	7	2	3	8	2	1	5	114	61	30	13	4	28	8	29	10
GCF_003860565.1	3	3	1	1	1	14	6	6	8	6	5	8	6	5	5	5	1	1	8	5	7	6	6	1	7	1	3	8	3	2	5	114	61	33	15	4	27	9	28	9	3	3	1	1	1	14	6	6	8	6	5	8	6	5	5	5	1	1	8	5	7	6	6	1	7	1	3	8	3	2	5	114	61	33	15	4	27	9	28	9
GCF_003860585.1	2	5	1	1	1	15	6	6	5	3	4	7	7	5	6	5	1	1	7	4	2	6	4	1	6	2	3	8	2	2	5	110	57	29	14	2	22	9	29	10	2	5	1	1	1	15	6	6	5	3	4	7	7	5	6	5	1	1	7	4	2	6	4	1	6	2	3	8	2	2	5	110	57	29	14	2	22	9	29	10
GCF_003931855.1	3	7	8	3	2	12	8	6	7	14	6	13	6	14	6	8	1	2	2	3	5	5	2	6	8	5	3	15	8	5	5	164	86	36	12	5	39	5	47	16	3	7	8	3	2	12	8	6	7	14	6	13	6	14	6	8	1	2	2	3	5	5	2	6	8	5	3	15	8	5	5	164	86	36	12	5	39	5	47	16
GCF_003932035.1	5	8	7	3	5	14	7	7	12	17	7	14	6	11	8	5	3	3	11	9	9	8	6	6	5	4	4	13	8	6	5	221	106	60	26	6	44	9	54	16	5	8	7	3	5	14	7	7	12	17	7	14	6	11	8	5	3	3	11	9	9	8	6	6	5	4	4	13	8	6	5	221	106	60	26	6	44	9	54	16
GCF_003932715.1	3	5	3	1	5	16	6	10	13	8	7	13	7	10	7	6	3	1	8	9	8	4	7	6	8	4	3	17	14	4	4	186	92	49	18	4	41	8	45	12	3	5	3	1	5	16	6	10	13	8	7	13	7	10	7	6	3	1	8	9	8	4	7	6	8	4	3	17	14	4	4	186	92	49	18	4	41	8	45	12
GCF_003932995.1	3	4	3	1	4	15	6	8	10	8	7	13	7	11	2	6	2	2	9	11	10	5	6	6	8	4	4	7	8	3	4	172	78	50	23	4	41	8	45	10	3	4	3	1	4	15	6	8	10	8	7	13	7	11	2	6	2	2	9	11	10	5	6	6	8	4	4	7	8	3	4	172	78	50	23	4	41	8	45	10
GCF_003935895.2	6	6	8	4	3	15	7	7	13	15	8	14	8	12	9	7	1	3	11	11	6	7	6	6	6	4	4	13	8	4	5	227	100	59	27	7	44	8	56	16	6	6	8	4	3	15	7	7	13	15	8	14	8	12	9	7	1	3	11	11	6	7	6	6	6	4	4	13	8	4	5	227	100	59	27	7	44	8	56	16
GCF_003940825.1	3	7	2	1	10	17	7	13	8	10	8	13	8	9	12	5	1	2	8	19	8	5	5	4	8	3	5	18	7	12	4	225	99	72	31	5	51	8	55	16	3	7	2	1	10	17	7	13	8	10	8	13	8	9	12	5	1	2	8	19	8	5	5	4	8	3	5	18	7	12	4	225	99	72	31	5	51	8	55	16
GCF_003952225.1	2	9	13	2	6	16	9	10	10	15	8	12	7	14	8	11	3	2	5	6	6	6	4	7	12	4	3	10	8	7	5	196	97	52	19	7	46	8	47	18	2	9	13	2	6	16	9	10	10	15	8	12	7	14	8	11	3	2	5	6	6	6	4	7	12	4	3	10	8	7	5	196	97	52	19	7	46	8	47	18
GCF_003952345.1	4	7	2	2	4	17	10	7	9	6	7	11	6	10	10	5	1	3	9	8	7	6	6	6	5	4	3	14	8	2	4	178	81	42	22	6	41	11	47	15	4	7	2	2	4	17	10	7	9	6	7	11	6	10	10	5	1	3	9	8	7	6	6	6	5	4	3	14	8	2	4	178	81	42	22	6	41	11	47	15
GCF_003952725.1	5	9	5	1	4	15	8	8	14	4	6	11	6	10	11	5	1	2	10	11	9	8	9	2	7	3	3	19	9	4	4	184	88	58	33	4	39	8	41	16	5	9	5	1	4	15	8	8	14	4	6	11	6	10	11	5	1	2	10	11	9	8	9	2	7	3	3	19	9	4	4	184	88	58	33	4	39	8	41	16
GCF_003955715.1	5	6	4	2	7	17	6	11	16	16	8	14	8	16	10	7	3	1	13	20	15	9	15	5	8	4	4	18	11	9	4	244	102	77	33	5	47	8	55	21	5	6	4	2	7	17	6	11	16	16	8	14	8	16	10	7	3	1	13	20	15	9	15	5	8	4	4	18	11	9	4	244	102	77	33	5	47	8	55	21
GCF_003955735.1	4	6	1	2	8	16	7	11	7	9	7	9	6	7	6	5	1	3	8	15	7	5	6	3	8	3	3	12	8	11	4	181	85	58	27	7	46	8	42	11	4	6	1	2	8	16	7	11	7	9	7	9	6	7	6	5	1	3	8	15	7	5	6	3	8	3	3	12	8	11	4	181	85	58	27	7	46	8	42	11
GCF_003955755.1	3	8	12	2	1	12	6	5	6	7	4	9	5	13	7	6	1	3	5	2	5	5	4	3	9	2	3	2	7	1	5	129	68	26	17	3	33	4	29	15	3	8	12	2	1	12	6	5	6	7	4	9	5	13	7	6	1	3	5	2	5	5	4	3	9	2	3	2	7	1	5	129	68	26	17	3	33	4	29	15
GCF_003963515.1	5	6	1	2	1	11	8	7	12	13	8	12	7	11	1	7	3	2	9	8	5	11	4	6	6	3	4	12	8	1	4	165	80	40	24	5	39	5	36	10	5	6	1	2	1	11	8	7	12	13	8	12	7	11	1	7	3	2	9	8	5	11	4	6	6	3	4	12	8	1	4	165	80	40	24	5	39	5	36	10
GCF_003963535.1	4	6	5	2	6	17	6	10	15	12	8	14	6	14	9	5	3	1	11	16	13	5	11	5	12	5	4	17	11	8	4	223	100	64	24	5	44	8	58	17	4	6	5	2	6	17	6	10	15	12	8	14	6	14	9	5	3	1	11	16	13	5	11	5	12	5	4	17	11	8	4	223	100	64	24	5	44	8	58	17
GCF_003963555.1	4	4	2	2	1	11	7	6	5	6	4	5	4	12	5	5	2	1	4	1	4	7	4	0	3	2	4	0	6	1	5	91	44	21	14	2	22	4	20	13	4	4	2	2	1	11	7	6	5	6	4	5	4	12	5	5	2	1	4	1	4	7	4	0	3	2	4	0	6	1	5	91	44	21	14	2	22	4	20	13
GCF_003966335.1	2	3	1	2	1	9	5	5	5	3	4	8	6	5	6	5	1	1	5	2	5	6	4	2	4	1	3	9	3	1	5	99	52	23	10	2	23	5	31	10	2	3	1	2	1	9	5	5	5	3	4	8	6	5	6	5	1	1	5	2	5	6	4	2	4	1	3	9	3	1	5	99	52	23	10	2	23	5	31	10
GCF_003966655.1	3	4	3	3	3	13	6	6	6	9	8	10	6	9	11	4	1	1	8	2	5	6	5	3	5	3	3	9	7	5	4	149	78	42	21	7	41	6	42	16	3	4	3	3	3	13	6	6	6	9	8	10	6	9	11	4	1	1	8	2	5	6	5	3	5	3	3	9	7	5	4	149	78	42	21	7	41	6	42	16
GCF_003966735.1	5	4	2	3	3	8	7	8	9	4	5	12	9	6	8	7	2	2	3	5	7	5	4	5	6	1	3	10	6	3	5	139	67	36	15	4	36	5	36	12	5	4	2	3	3	8	7	8	9	4	5	12	9	6	8	7	2	2	3	5	7	5	4	5	6	1	3	10	6	3	5	139	67	36	15	4	36	5	36	12
GCF_003966755.1	2	3	3	2	0	5	4	4	2	2	6	0	6	6	5	4	1	2	3	1	3	5	3	5	4	2	3	7	7	0	4	78	33	20	10	2	11	5	33	9	2	3	3	2	0	5	4	4	2	2	6	0	6	6	5	4	1	2	3	1	3	5	3	5	4	2	3	7	7	0	4	78	33	20	10	2	11	5	33	9
GCF_003966955.1	4	7	3	1	3	11	7	8	4	8	5	4	6	11	7	7	1	2	7	2	2	7	2	1	0	2	3	0	7	3	5	90	47	19	10	4	27	7	13	13	4	7	3	1	3	11	7	8	4	8	5	4	6	11	7	7	1	2	7	2	2	7	2	1	0	2	3	0	7	3	5	90	47	19	10	4	27	7	13	13
GCF_003966975.1	4	7	4	4	1	5	5	7	7	8	3	11	4	10	5	6	2	0	5	1	3	7	2	0	2	1	3	3	5	2	4	99	45	21	12	4	34	5	17	13	4	7	4	4	1	5	5	7	7	8	3	11	4	10	5	6	2	0	5	1	3	7	2	0	2	1	3	3	5	2	4	99	45	21	12	4	34	5	17	13
GCF_003970735.1	4	6	4	3	6	15	9	9	15	7	6	10	6	11	9	5	3	1	6	12	7	6	6	1	6	2	3	18	7	5	4	179	81	48	23	4	39	9	40	16	4	6	4	3	6	15	9	9	15	7	6	10	6	11	9	5	3	1	6	12	7	6	6	1	6	2	3	18	7	5	4	179	81	48	23	4	39	9	40	16
GCF_003971195.1	3	4	1	1	3	15	5	7	11	8	4	11	6	5	4	6	2	1	9	5	7	6	5	2	2	3	3	5	11	2	4	129	70	27	17	5	36	7	23	8	3	4	1	1	3	15	5	7	11	8	4	11	6	5	4	6	2	1	9	5	7	6	5	2	2	3	3	5	11	2	4	129	70	27	17	5	36	7	23	8
GCF_003990335.1	4	7	6	1	2	14	6	5	10	12	8	14	7	14	13	7	1	3	10	5	7	7	5	4	6	2	4	11	8	5	5	199	95	51	25	6	43	8	44	21	4	7	6	1	2	14	6	5	10	12	8	14	7	14	13	7	1	3	10	5	7	7	5	4	6	2	4	11	8	5	5	199	95	51	25	6	43	8	44	21
GCF_003991135.1	4	7	3	1	2	11	7	8	5	5	6	8	7	8	5	8	1	4	4	6	6	8	3	3	5	1	3	11	7	3	5	130	63	31	17	2	29	5	29	11	4	7	3	1	2	11	7	8	5	5	6	8	7	8	5	8	1	4	4	6	6	8	3	3	5	1	3	11	7	3	5	130	63	31	17	2	29	5	29	11
GCF_003991425.1	5	8	11	2	3	12	8	7	8	13	6	13	8	17	13	9	1	2	5	4	6	8	3	5	8	5	4	16	8	6	6	187	93	45	17	6	42	5	49	23	5	8	11	2	3	12	8	7	8	13	6	13	8	17	13	9	1	2	5	4	6	8	3	5	8	5	4	16	8	6	6	187	93	45	17	6	42	5	49	23
GCF_003991565.1	4	5	1	1	2	10	6	7	5	7	5	4	5	7	5	5	1	2	4	4	7	5	6	6	5	2	3	7	8	2	5	115	53	22	14	3	23	7	29	10	4	5	1	1	2	10	6	7	5	7	5	4	5	7	5	5	1	2	4	4	7	5	6	6	5	2	3	7	8	2	5	115	53	22	14	3	23	7	29	10
GCF_003991875.1	4	6	6	4	6	15	6	10	8	9	7	13	7	11	5	6	2	1	6	9	7	4	5	2	6	4	2	7	7	5	4	156	83	45	21	4	43	8	34	12	4	6	6	4	6	15	6	10	8	9	7	13	7	11	5	6	2	1	6	9	7	4	5	2	6	4	2	7	7	5	4	156	83	45	21	4	43	8	34	12
GCF_003999255.1	2	4	6	2	1	11	7	6	5	7	4	10	7	13	6	7	1	2	4	1	3	4	2	3	4	1	3	4	7	1	4	113	62	19	7	3	30	5	26	16	2	4	6	2	1	11	7	6	5	7	4	10	7	13	6	7	1	2	4	1	3	4	2	3	4	1	3	4	7	1	4	113	62	19	7	3	30	5	26	16
GCF_004006175.1	4	6	5	3	7	16	8	11	27	6	6	11	7	10	12	5	1	1	12	14	7	10	10	5	7	3	4	16	9	11	4	227	89	65	30	4	41	8	46	18	4	6	5	3	7	16	8	11	27	6	6	11	7	10	12	5	1	1	12	14	7	10	10	5	7	3	4	16	9	11	4	227	89	65	30	4	41	8	46	18
GCF_004010955.1	4	5	2	3	3	14	6	7	12	10	6	14	7	10	4	6	3	1	5	6	8	6	4	3	5	3	3	5	6	2	4	135	72	32	19	4	39	7	30	10	4	5	2	3	3	14	6	7	12	10	6	14	7	10	4	6	3	1	5	6	8	6	4	3	5	3	3	5	6	2	4	135	72	32	19	4	39	7	30	10
GCF_004011115.1	3	6	5	3	3	16	6	7	8	10	8	12	8	10	7	9	2	1	3	4	9	3	5	5	5	3	3	6	7	2	4	145	74	35	18	4	38	8	34	14	3	6	5	3	3	16	6	7	8	10	8	12	8	10	7	9	2	1	3	4	9	3	5	5	5	3	3	6	7	2	4	145	74	35	18	4	38	8	34	14
GCF_004011135.1	4	5	6	6	7	15	7	9	7	9	9	13	7	12	8	9	3	1	4	7	6	5	5	5	5	4	4	8	7	8	4	165	82	45	20	4	41	8	40	16	4	5	6	6	7	15	7	9	7	9	9	13	7	12	8	9	3	1	4	7	6	5	5	5	5	4	4	8	7	8	4	165	82	45	20	4	41	8	40	16
GCF_004014775.2	2	5	2	1	2	14	6	6	7	11	6	10	5	7	8	4	3	2	8	5	4	6	5	5	5	2	3	16	9	3	4	153	72	40	23	4	33	8	39	12	2	5	2	1	2	14	6	6	7	11	6	10	5	7	8	4	3	2	8	5	4	6	5	5	5	2	3	16	9	3	4	153	72	40	23	4	33	8	39	12
GCF_004014855.1	3	8	5	2	2	15	6	7	8	11	6	7	6	7	8	5	2	2	9	2	7	9	5	1	5	1	4	9	2	1	5	128	71	38	19	6	39	9	29	11	3	8	5	2	2	15	6	7	8	11	6	7	6	7	8	5	2	2	9	2	7	9	5	1	5	1	4	9	2	1	5	128	71	38	19	6	39	9	29	11
GCF_004014875.1	3	5	1	4	3	14	7	7	8	5	6	15	7	7	6	5	2	1	6	5	6	5	7	3	10	4	3	10	7	4	4	143	79	35	17	4	39	8	42	10	3	5	1	4	3	14	7	7	8	5	6	15	7	7	6	5	2	1	6	5	6	5	7	3	10	4	3	10	7	4	4	143	79	35	17	4	39	8	42	10
GCF_004015185.1	5	6	7	4	3	12	7	9	8	10	8	12	9	16	9	10	1	1	6	4	6	8	3	7	8	3	3	8	12	3	6	164	86	34	16	8	45	7	39	19	5	6	7	4	3	12	7	9	8	10	8	12	9	16	9	10	1	1	6	4	6	8	3	7	8	3	3	8	12	3	6	164	86	34	16	8	45	7	39	19
GCF_004022485.1	2	5	2	2	1	10	6	5	3	2	3	3	5	7	7	5	1	2	5	2	2	5	3	3	5	2	3	9	3	2	4	94	44	23	10	2	12	6	31	11	2	5	2	2	1	10	6	5	3	2	3	3	5	7	7	5	1	2	5	2	2	5	3	3	5	2	3	9	3	2	4	94	44	23	10	2	12	6	31	11
GCF_004022565.1	4	6	2	1	3	16	6	5	9	7	7	11	6	8	9	5	1	1	9	10	7	6	7	4	8	2	3	10	8	2	4	168	80	52	30	5	39	8	37	14	4	6	2	1	3	16	6	5	9	7	7	11	6	8	9	5	1	1	9	10	7	6	7	4	8	2	3	10	8	2	4	168	80	52	30	5	39	8	37	14
GCF_004028235.1	2	6	2	2	4	12	6	8	6	8	8	11	7	7	2	6	2	2	7	7	4	2	3	2	4	4	2	4	8	4	4	126	70	32	16	5	38	6	25	6	2	6	2	2	4	12	6	8	6	8	8	11	7	7	2	6	2	2	7	7	4	2	3	2	4	4	2	4	8	4	4	126	70	32	16	5	38	6	25	6
GCF_004028275.1	3	4	2	1	7	17	6	8	8	7	5	11	6	9	11	5	1	2	7	6	9	6	6	3	5	3	3	11	3	7	4	149	77	41	18	6	39	9	42	16	3	4	2	1	7	17	6	8	8	7	5	11	6	9	11	5	1	2	7	6	9	6	6	3	5	3	3	11	3	7	4	149	77	41	18	6	39	9	42	16
GCF_004101785.1	5	4	2	1	0	9	7	3	6	6	5	5	7	9	2	6	1	1	4	4	4	8	2	0	2	1	3	2	6	0	5	90	40	19	15	2	20	5	12	8	5	4	2	1	0	9	7	3	6	6	5	5	7	9	2	6	1	1	4	4	4	8	2	0	2	1	3	2	6	0	5	90	40	19	15	2	20	5	12	8
GCF_004101845.1	3	4	2	1	1	13	7	7	1	0	0	5	5	10	7	7	1	2	3	2	2	4	0	5	2	3	4	2	7	1	5	87	37	9	8	0	11	6	25	13	3	4	2	1	1	13	7	7	1	0	0	5	5	10	7	7	1	2	3	2	2	4	0	5	2	3	4	2	7	1	5	87	37	9	8	0	11	6	25	13
GCF_004102025.1	4	5	6	3	3	15	6	7	10	10	5	13	6	10	4	6	3	2	4	5	5	4	3	6	3	3	3	6	6	2	4	135	71	30	16	5	39	7	32	10	4	5	6	3	3	15	6	7	10	10	5	13	6	10	4	6	3	2	4	5	5	4	3	6	3	3	3	6	6	2	4	135	71	30	16	5	39	7	32	10
GCF_004102045.2	5	4	4	1	2	13	6	6	4	7	5	0	6	6	6	6	1	1	3	2	3	6	4	5	3	2	3	0	4	1	5	80	36	18	12	3	16	7	21	9	5	4	4	1	2	13	6	6	4	7	5	0	6	6	6	6	1	1	3	2	3	6	4	5	3	2	3	0	4	1	5	80	36	18	12	3	16	7	21	9
GCF_004103615.1	4	5	11	2	3	13	12	6	10	18	7	11	8	11	4	6	2	3	9	6	7	8	3	7	6	5	4	13	8	7	6	200	93	49	21	8	44	11	53	10	4	5	11	2	3	13	12	6	10	18	7	11	8	11	4	6	2	3	9	6	7	8	3	7	6	5	4	13	8	7	6	200	93	49	21	8	44	11	53	10
GCF_004103715.1	2	9	5	2	1	11	6	6	3	4	5	1	6	9	3	8	1	2	4	1	3	6	2	2	2	1	3	6	6	1	5	90	33	18	10	2	17	7	16	9	2	9	5	2	1	11	6	6	3	4	5	1	6	9	3	8	1	2	4	1	3	6	2	2	2	1	3	6	6	1	5	90	33	18	10	2	17	7	16	9
GCF_004103735.1	3	4	1	1	1	9	7	7	2	7	6	4	7	5	1	7	1	1	6	1	2	5	3	1	6	1	3	8	9	2	5	98	54	22	9	3	27	5	22	5	3	4	1	1	1	9	7	7	2	7	6	4	7	5	1	7	1	1	6	1	2	5	3	1	6	1	3	8	9	2	5	98	54	22	9	3	27	5	22	5
GCF_004114895.1	3	4	2	1	4	14	7	7	8	6	6	14	6	11	4	5	2	1	3	4	8	3	5	3	7	4	3	14	8	2	4	145	78	32	16	5	41	9	43	11	3	4	2	1	4	14	7	7	8	6	6	14	6	11	4	5	2	1	3	4	8	3	5	3	7	4	3	14	8	2	4	145	78	32	16	5	41	9	43	11
GCF_004114935.1	5	9	6	5	7	17	8	10	13	14	8	16	8	10	13	7	1	3	12	18	7	12	9	5	10	3	6	21	9	5	4	261	112	79	39	6	55	9	65	20	5	9	6	5	7	17	8	10	13	14	8	16	8	10	13	7	1	3	12	18	7	12	9	5	10	3	6	21	9	5	4	261	112	79	39	6	55	9	65	20
GCF_004114955.1	6	9	8	5	6	15	8	8	11	11	7	16	8	8	10	7	3	3	12	15	7	14	9	5	9	3	7	22	9	5	4	247	108	74	37	5	50	9	54	15	6	9	8	5	6	15	8	8	11	11	7	16	8	8	10	7	3	3	12	15	7	14	9	5	9	3	7	22	9	5	4	247	108	74	37	5	50	9	54	15
GCF_004116975.1	5	6	3	1	2	13	6	7	10	8	8	14	8	13	8	5	1	3	11	11	6	7	6	4	6	4	4	13	8	4	5	197	94	54	28	5	41	7	54	16	5	6	3	1	2	13	6	7	10	8	8	14	8	13	8	5	1	3	11	11	6	7	6	4	6	4	4	13	8	4	5	197	94	54	28	5	41	7	54	16
GCF_004124235.1	6	9	9	2	2	14	7	6	10	13	7	15	8	14	9	7	2	3	12	15	7	7	8	6	6	4	4	18	7	3	5	234	102	60	33	5	41	8	58	18	6	9	9	2	2	14	7	6	10	13	7	15	8	14	9	7	2	3	12	15	7	7	8	6	6	4	4	18	7	3	5	234	102	60	33	5	41	8	58	18
GCF_004124315.2	3	5	10	2	3	14	6	6	11	17	7	11	7	18	10	6	3	3	6	5	5	6	4	5	4	5	4	11	8	5	5	185	95	46	19	7	41	5	48	18	3	5	10	2	3	14	6	6	11	17	7	11	7	18	10	6	3	3	6	5	5	6	4	5	4	5	4	11	8	5	5	185	95	46	19	7	41	5	48	18
GCF_004135935.1	5	4	2	2	5	13	6	9	10	8	7	10	5	7	7	5	1	1	11	9	5	9	7	4	6	2	4	16	9	8	4	159	81	49	26	5	42	7	44	11	5	4	2	2	5	13	6	9	10	8	7	10	5	7	7	5	1	1	11	9	5	9	7	4	6	2	4	16	9	8	4	159	81	49	26	5	42	7	44	11
GCF_004135975.1	3	5	2	3	3	10	7	8	6	5	5	9	6	6	8	5	1	2	5	7	6	5	4	5	6	1	3	7	6	3	5	123	65	30	18	4	33	5	35	12	3	5	2	3	3	10	7	8	6	5	5	9	6	6	8	5	1	2	5	7	6	5	4	5	6	1	3	7	6	3	5	123	65	30	18	4	33	5	35	12
GCF_004151275.2	4	3	1	2	1	9	8	5	4	4	5	5	6	6	6	6	1	1	4	2	6	6	5	5	5	1	3	9	3	1	5	98	48	27	12	3	17	7	35	10	4	3	1	2	1	9	8	5	4	4	5	5	6	6	6	6	1	1	4	2	6	6	5	5	5	1	3	9	3	1	5	98	48	27	12	3	17	7	35	10
GCF_004154955.1	6	4	3	3	2	10	8	8	4	7	5	12	8	12	5	5	3	1	8	2	6	9	6	1	2	1	3	10	7	2	5	120	66	30	16	4	39	6	23	12	6	4	3	3	2	10	8	8	4	7	5	12	8	12	5	5	3	1	8	2	6	9	6	1	2	1	3	10	7	2	5	120	66	30	16	4	39	6	23	12
GCF_004168365.1	4	4	3	2	3	14	4	7	7	8	5	11	4	8	8	5	1	2	7	7	5	6	6	4	5	2	4	11	7	2	5	153	73	39	22	3	33	6	39	13	4	4	3	2	3	14	4	7	7	8	5	11	4	8	8	5	1	2	7	7	5	6	6	4	5	2	4	11	7	2	5	153	73	39	22	3	33	6	39	13
GCF_004208415.1	6	8	7	4	10	12	6	15	6	12	3	13	8	12	3	7	4	1	11	15	5	9	6	7	8	1	3	12	10	11	4	197	87	60	27	5	43	7	52	12	6	8	7	4	10	12	6	15	6	12	3	13	8	12	3	7	4	1	11	15	5	9	6	7	8	1	3	12	10	11	4	197	87	60	27	5	43	7	52	12
GCF_004208635.1	3	4	3	2	5	15	7	9	8	9	9	14	7	8	5	6	2	2	8	10	6	3	6	2	7	4	3	7	12	5	4	157	86	43	21	4	44	8	37	9	3	4	3	2	5	15	7	9	8	9	9	14	7	8	5	6	2	2	8	10	6	3	6	2	7	4	3	7	12	5	4	157	86	43	21	4	44	8	37	9
GCF_004214795.1	3	4	2	0	2	12	5	6	10	7	6	15	5	7	7	5	0	2	2	5	7	4	2	3	5	1	3	13	7	5	4	130	75	35	15	5	38	4	35	11	3	4	2	0	2	12	5	6	10	7	6	15	5	7	7	5	0	2	2	5	7	4	2	3	5	1	3	13	7	5	4	130	75	35	15	5	38	4	35	11
GCF_004214815.1	1	3	2	0	2	10	4	6	8	6	4	14	4	7	8	5	0	2	2	2	6	3	2	2	7	2	3	7	8	1	4	112	69	24	11	4	35	3	31	12	1	3	2	0	2	10	4	6	8	6	4	14	4	7	8	5	0	2	2	2	6	3	2	2	7	2	3	7	8	1	4	112	69	24	11	4	35	3	31	12
GCF_004295125.1	4	5	7	2	3	12	7	9	6	7	7	6	7	9	5	5	2	2	3	3	6	6	3	4	1	2	3	4	7	3	4	122	60	26	12	4	31	7	22	11	4	5	7	2	3	12	7	9	6	7	7	6	7	9	5	5	2	2	3	3	6	6	3	4	1	2	3	4	7	3	4	122	60	26	12	4	31	7	22	11
GCF_004295345.1	4	7	4	2	2	15	6	5	10	8	7	14	6	13	10	5	1	3	10	10	6	7	5	2	8	2	4	14	7	5	5	195	95	53	30	5	42	7	52	18	4	7	4	2	2	15	6	5	10	8	7	14	6	13	10	5	1	3	10	10	6	7	5	2	8	2	4	14	7	5	5	195	95	53	30	5	42	7	52	18
GCF_004295645.1	7	9	7	4	2	15	7	8	7	9	8	14	6	12	7	6	2	3	8	7	7	9	6	5	6	3	4	12	7	1	5	196	90	53	26	5	43	10	53	16	7	9	7	4	2	15	7	8	7	9	8	14	6	12	7	6	2	3	8	7	7	9	6	5	6	3	4	12	7	1	5	196	90	53	26	5	43	10	53	16
GCF_004299785.2	3	3	2	0	2	10	4	6	8	6	4	15	4	8	10	5	0	2	2	2	6	4	2	4	7	2	3	9	7	1	4	120	72	26	12	4	37	3	35	14	3	3	2	0	2	10	4	6	8	6	4	15	4	8	10	5	0	2	2	2	6	4	2	4	7	2	3	9	7	1	4	120	72	26	12	4	37	3	35	14
GCF_004300825.1	3	6	3	2	4	14	6	8	9	5	5	12	7	13	8	7	3	1	6	9	8	5	7	3	6	4	3	11	8	7	4	159	81	48	19	4	38	7	39	17	3	6	3	2	4	14	6	8	9	5	5	12	7	13	8	7	3	1	6	9	8	5	7	3	6	4	3	11	8	7	4	159	81	48	19	4	38	7	39	17
GCF_004322775.1	4	5	2	2	2	11	6	7	10	8	2	14	4	10	6	4	2	1	7	7	6	6	6	5	7	5	3	15	8	2	4	153	75	33	20	3	34	6	41	12	4	5	2	2	2	11	6	7	10	8	2	14	4	10	6	4	2	1	7	7	6	6	6	5	7	5	3	15	8	2	4	153	75	33	20	3	34	6	41	12
GCF_004322855.1	4	6	8	1	3	16	7	7	9	9	5	13	7	13	5	7	1	2	6	7	9	6	5	5	9	1	3	12	7	3	4	167	78	42	22	4	41	7	38	15	4	6	8	1	3	16	7	7	9	9	5	13	7	13	5	7	1	2	6	7	9	6	5	5	9	1	3	12	7	3	4	167	78	42	22	4	41	7	38	15
GCF_004323735.1	3	6	3	2	3	14	7	7	11	8	5	16	5	9	4	5	2	1	4	8	8	3	4	5	4	3	4	15	9	6	4	166	81	44	16	4	40	8	43	10	3	6	3	2	3	14	7	7	11	8	5	16	5	9	4	5	2	1	4	8	8	3	4	5	4	3	4	15	9	6	4	166	81	44	16	4	40	8	43	10
GCF_004328555.1	4	9	4	2	5	17	9	9	10	6	6	12	6	8	8	6	3	1	7	16	8	7	6	4	9	2	3	19	7	8	4	194	84	60	30	4	40	10	45	13	4	9	4	2	5	17	9	9	10	6	6	12	6	8	8	6	3	1	7	16	8	7	6	4	9	2	3	19	7	8	4	194	84	60	30	4	40	10	45	13
GCF_004331955.1	6	8	6	1	6	15	8	9	16	8	6	10	6	7	5	6	1	1	10	11	9	7	10	2	5	3	3	20	7	5	4	184	77	57	29	4	39	8	40	9	6	8	6	1	6	15	8	9	16	8	6	10	6	7	5	6	1	1	10	11	9	7	10	2	5	3	3	20	7	5	4	184	77	57	29	4	39	8	40	9
GCF_004337365.2	2	7	6	2	1	14	7	5	8	9	6	9	6	11	12	5	1	2	6	4	7	6	4	7	7	3	4	7	6	1	5	143	73	33	17	5	34	10	36	19	2	7	6	2	1	14	7	5	8	9	6	9	6	11	12	5	1	2	6	4	7	6	4	7	7	3	4	7	6	1	5	143	73	33	17	5	34	10	36	19
GCF_004347775.1	2	6	7	2	1	13	8	5	8	8	6	8	6	12	10	5	1	2	5	2	7	6	3	2	8	2	3	9	6	6	5	136	68	36	12	5	30	9	32	17	2	6	7	2	1	13	8	5	8	8	6	8	6	12	10	5	1	2	5	2	7	6	3	2	8	2	3	9	6	6	5	136	68	36	12	5	30	9	32	17
GCF_004353525.1	5	4	2	1	5	11	7	11	8	11	7	15	7	8	2	7	1	1	9	10	7	8	3	4	6	0	3	14	8	4	4	156	77	40	21	7	44	5	34	8	5	4	2	1	5	11	7	11	8	11	7	15	7	8	2	7	1	1	9	10	7	8	3	4	6	0	3	14	8	4	4	156	77	40	21	7	44	5	34	8
GCF_004353865.1	5	7	4	2	10	16	8	11	10	8	7	12	6	10	9	5	1	3	9	18	7	9	9	3	6	3	4	14	8	11	4	210	99	68	33	5	48	10	45	15	5	7	4	2	10	16	8	11	10	8	7	12	6	10	9	5	1	3	9	18	7	9	9	3	6	3	4	14	8	11	4	210	99	68	33	5	48	10	45	15
GCF_004355185.1	3	6	7	3	1	11	8	6	8	8	6	7	5	9	9	5	1	2	8	4	5	6	5	2	7	2	3	10	7	1	5	137	67	37	17	5	29	6	36	15	3	6	7	3	1	11	8	6	8	8	6	7	5	9	9	5	1	2	8	4	5	6	5	2	7	2	3	10	7	1	5	137	67	37	17	5	29	6	36	15
GCF_004355225.1	3	4	7	2	3	10	6	6	9	7	6	9	6	11	6	5	1	2	9	5	6	8	5	2	6	1	3	9	3	7	5	142	65	41	15	6	35	7	33	14	3	4	7	2	3	10	6	6	9	7	6	9	6	11	6	5	1	2	9	5	6	8	5	2	6	1	3	9	3	7	5	142	65	41	15	6	35	7	33	14
GCF_004358325.1	4	5	5	1	1	13	7	6	4	7	5	0	7	8	2	5	1	2	3	2	2	5	2	4	2	3	4	1	7	1	5	88	38	19	12	3	15	4	24	8	4	5	5	1	1	13	7	6	4	7	5	0	7	8	2	5	1	2	3	2	2	5	2	4	2	3	4	1	7	1	5	88	38	19	12	3	15	4	24	8
GCF_004359375.1	3	4	3	1	2	3	3	5	3	6	5	7	6	5	2	4	1	2	5	3	4	5	3	2	2	4	3	0	4	2	6	68	29	15	10	2	23	5	16	5	3	4	3	1	2	3	3	5	3	6	5	7	6	5	2	4	1	2	5	3	4	5	3	2	2	4	3	0	4	2	6	68	29	15	10	2	23	5	16	5
GCF_004367745.1	4	7	5	1	6	15	6	6	7	10	7	9	6	10	11	6	1	1	9	10	6	7	6	5	5	4	3	14	9	7	4	197	85	60	30	5	40	7	49	16	4	7	5	1	6	15	6	6	7	10	7	9	6	10	11	6	1	1	9	10	6	7	6	5	5	4	3	14	9	7	4	197	85	60	30	5	40	7	49	16
GCF_004421025.1	2	3	6	3	1	11	5	6	8	8	6	9	6	9	9	5	1	2	6	2	3	6	3	2	9	2	3	8	7	2	6	131	64	31	13	5	31	7	32	15	2	3	6	3	1	11	5	6	8	8	6	9	6	9	9	5	1	2	6	2	3	6	3	2	9	2	3	8	7	2	6	131	64	31	13	5	31	7	32	15
GCF_004421105.1	5	4	2	2	3	13	6	6	8	10	7	9	6	10	9	6	1	3	8	4	5	8	7	4	5	3	3	10	7	1	4	165	78	48	27	5	36	6	43	16	5	4	2	2	3	13	6	6	8	10	7	9	6	10	9	6	1	3	8	4	5	8	7	4	5	3	3	10	7	1	4	165	78	48	27	5	36	6	43	16
GCF_004519515.1	3	6	2	3	2	17	5	6	8	7	7	15	6	12	11	4	1	4	9	7	6	7	4	2	6	1	3	7	7	1	6	154	87	39	20	5	42	8	33	17	3	6	2	3	2	17	5	6	8	7	7	15	6	12	11	4	1	4	9	7	6	7	4	2	6	1	3	7	7	1	6	154	87	39	20	5	42	8	33	17
GCF_004526345.1	4	6	2	1	2	12	6	7	11	7	2	13	4	8	3	4	2	1	6	7	6	5	6	2	6	3	3	12	8	2	4	144	77	35	20	3	33	6	33	9	4	6	2	1	2	12	6	7	11	7	2	13	4	8	3	4	2	1	6	7	6	5	6	2	6	3	3	12	8	2	4	144	77	35	20	3	33	6	33	9
GCF_004564075.1	3	6	4	2	4	16	6	8	7	8	7	12	6	13	5	6	1	1	5	8	6	3	5	2	6	3	3	7	5	7	4	138	75	42	19	4	39	8	33	13	3	6	4	2	4	16	6	8	7	8	7	12	6	13	5	6	1	1	5	8	6	3	5	2	6	3	3	7	5	7	4	138	75	42	19	4	39	8	33	13
GCF_004564355.1	4	5	7	6	3	15	7	7	8	9	7	14	7	12	8	6	2	1	4	4	6	4	5	2	7	3	3	6	7	2	4	157	75	39	20	4	42	8	35	16	4	5	7	6	3	15	7	7	8	9	7	14	7	12	8	6	2	1	4	4	6	4	5	2	7	3	3	6	7	2	4	157	75	39	20	4	42	8	35	16
GCF_004564375.1	4	6	2	4	4	16	6	9	10	7	6	14	6	10	7	4	2	1	8	9	8	7	7	2	8	4	3	11	7	3	4	157	81	42	22	4	40	8	36	14	4	6	2	4	4	16	6	9	10	7	6	14	6	10	7	4	2	1	8	9	8	7	7	2	8	4	3	11	7	3	4	157	81	42	22	4	40	8	36	14
GCF_004571195.1	4	3	2	1	1	7	7	5	6	3	5	11	5	6	3	4	2	3	5	3	3	5	4	4	5	2	3	7	2	1	5	109	44	29	16	2	23	8	40	7	4	3	2	1	1	7	7	5	6	3	5	11	5	6	3	4	2	3	5	3	3	5	4	4	5	2	3	7	2	1	5	109	44	29	16	2	23	8	40	7
GCF_004683865.2	3	12	5	3	6	13	9	11	10	6	6	10	5	10	8	5	3	1	8	14	7	8	5	3	8	2	3	15	8	14	4	197	82	69	35	4	41	7	42	15	3	12	5	3	6	13	9	11	10	6	6	10	5	10	8	5	3	1	8	14	7	8	5	3	8	2	3	15	8	14	4	197	82	69	35	4	41	7	42	15
GCF_004683965.1	4	5	1	4	3	16	6	7	8	5	6	14	7	7	6	6	2	1	8	10	8	7	8	5	8	2	3	17	6	6	4	163	75	48	23	4	37	8	42	10	4	5	1	4	3	16	6	7	8	5	6	14	7	7	6	6	2	1	8	10	8	7	8	5	8	2	3	17	6	6	4	163	75	48	23	4	37	8	42	10
GCF_004684245.1	5	5	1	1	2	13	6	6	8	8	5	12	4	10	5	5	1	0	11	8	7	8	8	4	5	2	3	15	8	1	5	146	82	43	22	5	34	5	33	12	5	5	1	1	2	13	6	6	8	8	5	12	4	10	5	5	1	0	11	8	7	8	8	4	5	2	3	15	8	1	5	146	82	43	22	5	34	5	33	12
GCF_004771075.1	4	7	3	2	1	13	8	6	3	5	5	9	6	10	2	6	2	2	5	2	2	9	1	3	7	3	3	1	7	1	5	102	53	17	14	2	25	5	30	9	4	7	3	2	1	13	8	6	3	5	5	9	6	10	2	6	2	2	5	2	2	9	1	3	7	3	3	1	7	1	5	102	53	17	14	2	25	5	30	9
GCF_004786035.1	4	7	5	1	11	18	7	11	11	12	8	16	7	7	7	5	2	3	10	17	10	5	6	4	8	4	5	20	7	15	4	243	104	78	30	7	53	8	61	11	4	7	5	1	11	18	7	11	11	12	8	16	7	7	7	5	2	3	10	17	10	5	6	4	8	4	5	20	7	15	4	243	104	78	30	7	53	8	61	11
GCF_004792515.1	6	5	2	2	1	13	6	7	1	3	0	7	4	10	2	6	2	3	5	1	3	9	4	2	2	3	4	0	7	1	5	89	39	16	14	0	17	6	25	8	6	5	2	2	1	13	6	7	1	3	0	7	4	10	2	6	2	3	5	1	3	9	4	2	2	3	4	0	7	1	5	89	39	16	14	0	17	6	25	8
GCF_004795735.1	3	4	2	1	4	14	7	7	8	7	6	14	6	10	4	5	2	1	4	5	7	4	5	2	6	5	3	8	8	3	4	141	75	34	19	5	42	10	34	10	3	4	2	1	4	14	7	7	8	7	6	14	6	10	4	5	2	1	4	5	7	4	5	2	6	5	3	8	8	3	4	141	75	34	19	5	42	10	34	10
GCF_004798665.1	4	4	6	2	3	16	6	7	10	9	5	13	6	7	2	6	4	3	4	5	5	4	3	6	3	3	3	5	7	2	4	131	70	26	14	5	38	7	30	7	4	4	6	2	3	16	6	7	10	9	5	13	6	7	2	6	4	3	4	5	5	4	3	6	3	3	3	5	7	2	4	131	70	26	14	5	38	7	30	7
GCF_004798685.1	4	7	5	3	5	15	6	7	7	9	6	13	6	13	7	5	2	1	5	4	6	5	6	5	5	4	3	7	8	6	4	159	80	43	20	5	40	8	36	15	4	7	5	3	5	15	6	7	7	9	6	13	6	13	7	5	2	1	5	4	6	5	6	5	5	4	3	7	8	6	4	159	80	43	20	5	40	8	36	15
GCF_004802635.2	7	4	2	3	2	13	6	6	8	9	7	10	6	12	10	5	1	1	10	8	5	10	8	4	6	3	3	16	8	7	4	173	76	56	34	5	40	6	44	18	7	4	2	3	2	13	6	6	8	9	7	10	6	12	10	5	1	1	10	8	5	10	8	4	6	3	3	16	8	7	4	173	76	56	34	5	40	6	44	18
GCF_004803715.2	4	4	2	1	2	13	6	6	6	9	4	10	4	7	7	5	1	2	7	7	6	6	6	4	4	3	4	9	8	1	5	147	69	33	22	1	27	8	40	11	4	4	2	1	2	13	6	6	6	9	4	10	4	7	7	5	1	2	7	7	6	6	6	4	4	3	4	9	8	1	5	147	69	33	22	1	27	8	40	11
GCF_004803795.1	1	3	2	1	1	10	5	6	7	4	4	11	4	6	5	5	0	3	4	4	3	3	2	3	4	2	3	7	7	2	4	98	60	20	10	3	28	4	26	9	1	3	2	1	1	10	5	6	7	4	4	11	4	6	5	5	0	3	4	4	3	3	2	3	4	2	3	7	7	2	4	98	60	20	10	3	28	4	26	9
GCF_004803815.1	3	3	2	1	1	10	6	6	7	5	4	12	4	6	5	5	0	3	4	6	5	4	3	4	4	2	3	7	7	2	4	108	63	25	14	3	31	4	28	9	3	3	2	1	1	10	6	6	7	5	4	12	4	6	5	5	0	3	4	6	5	4	3	4	4	2	3	7	7	2	4	108	63	25	14	3	31	4	28	9
GCF_004803895.1	4	5	5	2	4	16	6	9	15	10	7	15	6	17	9	6	3	1	10	14	8	8	8	5	10	4	4	18	11	7	4	217	95	58	25	5	41	8	57	20	4	5	5	2	4	16	6	9	15	10	7	15	6	17	9	6	3	1	10	14	8	8	8	5	10	4	4	18	11	7	4	217	95	58	25	5	41	8	57	20
GCF_004843545.1	2	4	3	1	3	11	7	6	4	6	4	5	4	11	5	5	1	1	3	1	2	5	2	1	5	3	3	0	8	1	5	98	50	17	11	5	28	4	25	11	2	4	3	1	3	11	7	6	4	6	4	5	4	11	5	5	1	1	3	1	2	5	2	1	5	3	3	0	8	1	5	98	50	17	11	5	28	4	25	11
GCF_005083985.2	4	3	2	1	2	13	6	6	6	5	6	13	5	6	4	6	0	4	3	4	6	4	3	1	5	1	3	8	8	1	4	110	68	25	12	4	34	6	27	8	4	3	2	1	2	13	6	6	6	5	6	13	5	6	4	6	0	4	3	4	6	4	3	1	5	1	3	8	8	1	4	110	68	25	12	4	34	6	27	8
GCF_005116655.2	6	7	3	6	3	9	7	8	8	6	3	15	6	12	11	5	3	2	10	10	16	8	14	6	6	2	3	14	6	2	5	193	90	58	35	4	40	4	44	20	6	7	3	6	3	9	7	8	8	6	3	15	6	12	11	5	3	2	10	10	16	8	14	6	6	2	3	14	6	2	5	193	90	58	35	4	40	4	44	20
GCF_005116675.2	11	6	2	3	3	11	8	7	7	6	4	15	6	10	7	5	3	1	14	10	12	9	11	6	6	2	3	15	6	2	5	182	82	53	31	5	41	4	41	15	11	6	2	3	3	11	8	7	7	6	4	15	6	10	7	5	3	1	14	10	12	9	11	6	6	2	3	15	6	2	5	182	82	53	31	5	41	4	41	15
GCF_005144435.2	5	8	7	3	9	16	9	11	15	9	7	13	8	9	5	6	6	2	11	18	10	7	6	4	6	3	3	17	7	10	4	226	92	65	27	4	46	8	48	11	5	8	7	3	9	16	9	11	15	9	7	13	8	9	5	6	6	2	11	18	10	7	6	4	6	3	3	17	7	10	4	226	92	65	27	4	46	8	48	11
GCF_005144635.2	5	8	3	2	3	17	6	7	7	6	7	14	8	11	4	10	3	2	8	7	4	6	4	4	10	3	3	10	6	2	5	172	81	40	21	4	38	7	45	14	5	8	3	2	3	17	6	7	7	6	7	14	8	11	4	10	3	2	8	7	4	6	4	4	10	3	3	10	6	2	5	172	81	40	21	4	38	7	45	14
GCF_005144885.1	5	6	5	1	3	14	10	6	11	14	6	14	7	7	8	6	1	1	11	14	8	9	8	7	11	3	6	18	9	2	4	231	91	61	27	5	45	6	60	12	5	6	5	1	3	14	10	6	11	14	6	14	7	7	8	6	1	1	11	14	8	9	8	7	11	3	6	18	9	2	4	231	91	61	27	5	45	6	60	12
GCF_005144965.1	4	5	3	2	4	11	6	8	6	5	7	10	7	7	4	5	1	2	6	8	6	6	5	5	10	2	3	11	5	7	4	140	70	38	19	4	36	5	41	8	4	5	3	2	4	11	6	8	6	5	7	10	7	7	4	5	1	2	6	8	6	6	5	5	10	2	3	11	5	7	4	140	70	38	19	4	36	5	41	8
GCF_005145005.1	5	4	5	1	1	13	6	7	2	3	0	7	4	13	7	6	1	3	7	2	3	9	4	2	2	3	4	0	7	1	5	104	43	17	16	0	15	6	26	14	5	4	5	1	1	13	6	7	2	3	0	7	4	13	7	6	1	3	7	2	3	9	4	2	2	3	4	0	7	1	5	104	43	17	16	0	15	6	26	14
GCF_005155025.1	4	8	2	2	8	17	9	11	13	9	9	11	8	8	11	5	3	3	10	17	9	7	6	4	8	3	3	17	8	11	4	215	98	67	33	6	47	9	52	15	4	8	2	2	8	17	9	11	13	9	9	11	8	8	11	5	3	3	10	17	9	7	6	4	8	3	3	17	8	11	4	215	98	67	33	6	47	9	52	15
GCF_005221285.1	3	5	2	1	3	14	9	6	6	7	7	11	6	7	8	5	1	1	6	2	5	5	6	4	7	3	3	8	8	2	4	140	73	38	22	5	36	8	42	12	3	5	2	1	3	14	9	6	6	7	7	11	6	7	8	5	1	1	6	2	5	5	6	4	7	3	3	8	8	2	4	140	73	38	22	5	36	8	42	12
GCF_005280655.1	3	13	9	2	4	9	6	9	8	7	5	15	6	10	5	6	5	3	6	4	5	11	4	4	6	2	3	8	7	3	5	157	85	42	20	5	48	4	34	10	3	13	9	2	4	9	6	9	8	7	5	15	6	10	5	6	5	3	6	4	5	11	4	4	6	2	3	8	7	3	5	157	85	42	20	5	48	4	34	10
GCF_005280735.1	5	8	8	5	8	18	7	11	16	9	7	17	7	12	15	5	4	2	14	24	10	7	8	5	8	3	6	15	9	10	4	277	112	90	46	10	57	7	61	20	5	8	8	5	8	18	7	11	16	9	7	17	7	12	15	5	4	2	14	24	10	7	8	5	8	3	6	15	9	10	4	277	112	90	46	10	57	7	61	20
GCF_005281475.1	2	5	7	2	2	9	7	5	8	10	6	9	7	7	5	4	2	2	8	3	6	6	4	6	6	2	3	11	7	6	5	150	70	38	13	6	37	6	39	12	2	5	7	2	2	9	7	5	8	10	6	9	7	7	5	4	2	2	8	3	6	6	4	6	6	2	3	11	7	6	5	150	70	38	13	6	37	6	39	12
GCF_005377625.1	7	4	1	5	2	9	4	8	5	5	5	12	6	6	9	7	3	2	7	4	3	7	6	4	5	3	3	12	7	3	5	132	72	34	17	6	35	2	36	13	7	4	1	5	2	9	4	8	5	5	5	12	6	6	9	7	3	2	7	4	3	7	6	4	5	3	3	12	7	3	5	132	72	34	17	6	35	2	36	13
GCF_005473905.2	4	5	8	3	4	9	7	9	8	5	6	19	7	11	4	7	1	2	4	4	5	7	3	4	5	1	3	14	8	4	5	144	82	38	13	4	45	5	38	13	4	5	8	3	4	9	7	9	8	5	6	19	7	11	4	7	1	2	4	4	5	7	3	4	5	1	3	14	8	4	5	144	82	38	13	4	45	5	38	13
GCF_005484965.1	5	6	9	3	4	18	8	8	9	19	8	15	6	11	9	5	3	3	12	10	9	7	6	5	5	4	4	16	8	3	5	235	108	62	26	6	44	13	58	17	5	6	9	3	4	18	8	8	9	19	8	15	6	11	9	5	3	3	12	10	9	7	6	5	5	4	4	16	8	3	5	235	108	62	26	6	44	13	58	17
GCF_005519465.1	4	7	3	1	8	15	6	10	17	13	8	13	9	14	6	6	3	1	10	12	10	8	9	5	8	4	3	18	10	5	4	205	98	60	30	7	48	8	45	15	4	7	3	1	8	15	6	10	17	13	8	13	9	14	6	6	3	1	10	12	10	8	9	5	8	4	3	18	10	5	4	205	98	60	30	7	48	8	45	15
GCF_005577435.1	1	6	9	4	4	12	7	7	6	13	6	10	6	15	10	8	1	2	3	3	5	4	3	5	6	4	3	9	8	2	5	146	83	30	10	5	37	5	37	20	1	6	9	4	4	12	7	7	6	13	6	10	6	15	10	8	1	2	3	3	5	4	3	5	6	4	3	9	8	2	5	146	83	30	10	5	37	5	37	20
GCF_005601135.1	3	3	2	1	2	12	7	8	4	8	2	10	4	8	4	5	1	2	4	1	8	5	4	4	1	2	2	4	8	2	4	98	58	22	10	4	32	7	21	10	3	3	2	1	2	12	7	8	4	8	2	10	4	8	4	5	1	2	4	1	8	5	4	4	1	2	2	4	8	2	4	98	58	22	10	4	32	7	21	10
GCF_005670685.2	3	5	2	1	8	17	7	11	8	10	6	14	5	12	6	5	2	3	11	12	5	6	8	4	8	5	3	16	10	10	4	195	99	57	25	6	47	9	50	14	3	5	2	1	8	17	7	11	8	10	6	14	5	12	6	5	2	3	11	12	5	6	8	4	8	5	3	16	10	10	4	195	99	57	25	6	47	9	50	14
GCF_005671335.1	4	5	9	2	3	11	6	7	10	13	7	11	6	14	7	6	3	2	9	8	6	9	5	6	7	4	4	14	7	6	5	179	87	52	24	6	39	4	46	15	4	5	9	2	3	11	6	7	10	13	7	11	6	14	7	6	3	2	9	8	6	9	5	6	7	4	4	14	7	6	5	179	87	52	24	6	39	4	46	15
GCF_005671395.1	7	6	7	5	5	14	7	7	18	14	7	17	9	10	9	7	3	3	9	15	11	7	7	6	6	5	4	11	10	7	5	246	102	70	31	5	45	8	54	15	7	6	7	5	5	14	7	7	18	14	7	17	9	10	9	7	3	3	9	15	11	7	7	6	6	5	4	11	10	7	5	246	102	70	31	5	45	8	54	15
GCF_005843985.1	4	3	2	1	2	12	6	6	6	5	6	13	4	8	12	5	0	3	3	8	6	4	3	2	5	2	3	8	7	1	4	123	74	28	16	4	34	6	30	16	4	3	2	1	2	12	6	6	6	5	6	13	4	8	12	5	0	3	3	8	6	4	3	2	5	2	3	8	7	1	4	123	74	28	16	4	34	6	30	16
GCF_005845365.1	3	5	2	1	3	15	6	7	6	6	7	13	7	9	2	7	2	1	4	3	7	3	5	2	5	2	3	6	6	2	4	119	72	29	13	4	38	8	29	9	3	5	2	1	3	15	6	7	6	6	7	13	7	9	2	7	2	1	4	3	7	3	5	2	5	2	3	6	6	2	4	119	72	29	13	4	38	8	29	9
GCF_005849285.1	4	3	2	1	4	12	6	8	10	5	6	10	5	7	7	5	1	1	8	8	7	7	8	5	5	2	3	14	7	4	4	156	69	42	20	4	37	6	40	11	4	3	2	1	4	12	6	8	10	5	6	10	5	7	7	5	1	1	8	8	7	7	8	5	5	2	3	14	7	4	4	156	69	42	20	4	37	6	40	11
GCF_005860795.2	6	8	5	3	9	16	8	12	17	6	6	10	6	11	12	5	4	2	12	19	11	7	10	4	5	4	3	19	10	13	4	210	94	65	32	4	42	8	41	18	6	8	5	3	9	16	8	12	17	6	6	10	6	11	12	5	4	2	12	19	11	7	10	4	5	4	3	19	10	13	4	210	94	65	32	4	42	8	41	18
GCF_005862185.2	5	11	7	4	9	17	9	13	18	12	7	12	8	14	14	6	5	2	11	16	13	9	10	6	7	3	3	16	7	10	5	249	100	78	36	5	50	9	48	23	5	11	7	4	9	17	9	13	18	12	7	12	8	14	14	6	5	2	11	16	13	9	10	6	7	3	3	16	7	10	5	249	100	78	36	5	50	9	48	23
GCF_005862305.2	6	12	7	5	9	16	12	12	17	10	7	12	8	15	12	6	6	2	12	16	13	11	10	6	10	3	3	17	8	12	6	256	97	75	38	5	49	10	50	22	6	12	7	5	9	16	12	12	17	10	7	12	8	15	12	6	6	2	12	16	13	11	10	6	10	3	3	17	8	12	6	256	97	75	38	5	49	10	50	22
GCF_005885815.1	4	4	2	1	6	16	7	7	9	8	5	10	5	8	8	5	1	2	8	5	7	5	6	2	6	2	3	12	5	6	4	146	80	37	16	6	38	10	41	13	4	4	2	1	6	16	7	7	9	8	5	10	5	8	8	5	1	2	8	5	7	5	6	2	6	2	3	12	5	6	4	146	80	37	16	6	38	10	41	13
GCF_005886435.1	4	4	4	1	3	15	5	7	6	8	5	10	6	9	4	6	1	1	3	4	6	4	4	5	1	3	3	1	6	2	4	110	58	20	13	4	34	7	22	9	4	4	4	1	3	15	5	7	6	8	5	10	6	9	4	6	1	1	3	4	6	4	4	5	1	3	3	1	6	2	4	110	58	20	13	4	34	7	22	9
GCF_005887635.2	5	9	8	1	8	15	9	11	16	11	6	12	5	11	10	5	1	1	7	13	7	8	7	4	6	2	3	15	10	11	4	214	92	61	28	4	46	6	43	14	5	9	8	1	8	15	9	11	16	11	6	12	5	11	10	5	1	1	7	13	7	8	7	4	6	2	3	15	10	11	4	214	92	61	28	4	46	6	43	14
GCF_005890135.1	4	5	2	1	3	11	7	7	10	10	6	11	7	10	3	6	3	1	5	7	7	6	6	5	6	4	3	12	12	2	4	148	76	36	21	4	38	5	39	10	4	5	2	1	3	11	7	7	10	10	6	11	7	10	3	6	3	1	5	7	7	6	6	5	6	4	3	12	12	2	4	148	76	36	21	4	38	5	39	10
GCF_005952805.1	4	5	2	2	3	12	7	6	9	9	8	9	6	8	10	5	1	3	6	11	8	5	7	4	5	3	3	14	8	6	4	170	76	49	23	7	39	6	42	14	4	5	2	2	3	12	7	6	9	9	8	9	6	8	10	5	1	3	6	11	8	5	7	4	5	3	3	14	8	6	4	170	76	49	23	7	39	6	42	14
GCF_006065315.1	4	5	8	2	3	10	6	6	9	8	7	8	6	14	9	4	2	2	9	6	6	8	6	3	6	2	3	8	3	7	4	151	69	38	15	7	37	7	33	20	4	5	8	2	3	10	6	6	9	8	7	8	6	14	9	4	2	2	9	6	6	8	6	3	6	2	3	8	3	7	4	151	69	38	15	7	37	7	33	20
GCF_006094375.1	5	4	3	1	2	12	5	6	8	8	4	9	6	8	2	6	1	2	8	3	3	7	3	6	5	3	4	8	8	5	5	132	64	29	15	4	28	5	39	7	5	4	3	1	2	12	5	6	8	8	4	9	6	8	2	6	1	2	8	3	3	7	3	6	5	3	4	8	8	5	5	132	64	29	15	4	28	5	39	7
GCF_006094395.1	5	5	5	1	1	12	6	6	9	9	4	9	6	9	3	6	1	2	7	4	3	7	3	6	4	3	4	8	7	5	5	131	62	32	18	3	26	6	36	8	5	5	5	1	1	12	6	6	9	9	4	9	6	9	3	6	1	2	7	4	3	7	3	6	4	3	4	8	7	5	5	131	62	32	18	3	26	6	36	8
GCF_006094455.1	5	5	3	1	2	13	7	6	8	10	8	15	7	10	6	6	1	2	11	12	7	7	7	4	6	4	4	15	8	4	5	196	89	56	32	5	42	8	53	13	5	5	3	1	2	13	7	6	8	10	8	15	7	10	6	6	1	2	11	12	7	7	7	4	6	4	4	15	8	4	5	196	89	56	32	5	42	8	53	13
GCF_006151905.1	5	7	6	2	2	13	7	7	6	7	6	4	6	10	3	5	3	1	6	2	4	6	4	4	1	4	3	2	7	2	5	110	51	27	13	3	27	5	21	10	5	7	6	2	2	13	7	7	6	7	6	4	6	10	3	5	3	1	6	2	4	6	4	4	1	4	3	2	7	2	5	110	51	27	13	3	27	5	21	10
GCF_006228385.1	4	6	6	1	2	14	6	5	11	10	9	13	5	11	7	5	1	2	9	4	8	7	5	3	7	2	4	11	8	1	5	182	88	51	27	6	45	7	45	15	4	6	6	1	2	14	6	5	11	10	9	13	5	11	7	5	1	2	9	4	8	7	5	3	7	2	4	11	8	1	5	182	88	51	27	6	45	7	45	15
GCF_006337065.1	3	5	5	1	3	15	6	7	10	8	7	12	8	10	6	8	2	1	5	8	6	3	5	2	4	4	3	7	8	6	4	156	76	45	21	4	37	7	31	13	3	5	5	1	3	15	6	7	10	8	7	12	8	10	6	8	2	1	5	8	6	3	5	2	4	4	3	7	8	6	4	156	76	45	21	4	37	7	31	13
GCF_006337085.1	3	3	3	1	1	14	6	6	7	7	5	13	6	6	6	5	1	1	7	3	4	5	5	5	3	3	3	6	6	1	4	114	65	24	14	3	37	8	28	10	3	3	3	1	1	14	6	6	7	7	5	13	6	6	6	5	1	1	7	3	4	5	5	5	3	3	3	6	6	1	4	114	65	24	14	3	37	8	28	10
GCF_006337165.1	2	7	8	3	3	9	6	6	8	8	6	9	5	10	12	4	2	2	10	6	6	7	4	2	6	2	2	8	7	6	5	151	69	43	17	5	35	8	32	19	2	7	8	3	3	9	6	6	8	8	6	9	5	10	12	4	2	2	10	6	6	7	4	2	6	2	2	8	7	6	5	151	69	43	17	5	35	8	32	19
GCF_006351925.1	5	4	7	5	1	10	5	7	8	7	6	13	6	16	10	7	1	2	4	3	5	7	3	1	1	1	3	1	11	2	5	117	65	21	13	4	36	4	16	18	5	4	7	5	1	10	5	7	8	7	6	13	6	16	10	7	1	2	4	3	5	7	3	1	1	1	3	1	11	2	5	117	65	21	13	4	36	4	16	18
GCF_006352065.1	3	7	4	2	3	16	5	7	8	9	7	12	7	10	6	6	3	1	9	11	5	3	4	3	6	3	3	7	8	2	4	159	77	42	26	4	40	7	33	12	3	7	4	2	3	16	5	7	8	9	7	12	7	10	6	6	3	1	9	11	5	3	4	3	6	3	3	7	8	2	4	159	77	42	26	4	40	7	33	12
GCF_006385555.1	4	6	3	1	3	14	7	6	11	8	7	14	6	12	11	5	1	3	11	12	7	7	5	2	7	2	4	14	7	7	5	195	99	55	30	5	45	7	54	18	4	6	3	1	3	14	7	6	11	8	7	14	6	12	11	5	1	3	11	12	7	7	5	2	7	2	4	14	7	7	5	195	99	55	30	5	45	7	54	18
GCF_006385595.1	4	5	3	2	2	13	6	6	6	10	4	11	4	7	8	5	3	2	10	8	6	6	7	4	4	4	4	11	7	1	5	169	74	43	27	2	34	8	40	12	4	5	3	2	2	13	6	6	6	10	4	11	4	7	8	5	3	2	10	8	6	6	7	4	4	4	4	11	7	1	5	169	74	43	27	2	34	8	40	12
GCF_006459125.1	2	5	2	0	4	14	6	6	10	8	7	13	5	8	5	5	0	3	7	4	6	3	3	3	6	2	3	8	7	2	4	131	73	36	15	6	37	7	34	10	2	5	2	0	4	14	6	6	10	8	7	13	5	8	5	5	0	3	7	4	6	3	3	3	6	2	3	8	7	2	4	131	73	36	15	6	37	7	34	10
GCF_006494815.1	3	6	2	3	5	14	6	10	8	5	6	15	6	8	4	4	2	2	5	7	8	3	7	2	6	4	3	13	6	10	4	158	72	46	15	4	40	8	38	9	3	6	2	3	5	14	6	10	8	5	6	15	6	8	4	4	2	2	5	7	8	3	7	2	6	4	3	13	6	10	4	158	72	46	15	4	40	8	38	9
GCF_006542275.1	4	7	10	2	6	12	8	7	8	13	6	12	7	16	6	6	2	1	3	5	5	5	3	5	9	4	3	11	8	10	5	172	90	43	15	6	42	5	41	18	4	7	10	2	6	12	8	7	8	13	6	12	7	16	6	6	2	1	3	5	5	5	3	5	9	4	3	11	8	10	5	172	90	43	15	6	42	5	41	18
GCF_006542335.1	1	7	3	1	2	13	6	6	7	10	6	11	5	8	8	4	1	2	3	1	2	4	1	3	4	2	3	7	6	1	4	126	66	28	13	4	35	7	31	12	1	7	3	1	2	13	6	6	7	10	6	11	5	8	8	4	1	2	3	1	2	4	1	3	4	2	3	7	6	1	4	126	66	28	13	4	35	7	31	12
GCF_006542355.1	2	6	3	1	2	12	6	6	7	10	6	11	5	7	8	4	1	3	4	1	5	5	2	3	5	2	3	12	8	1	4	132	67	28	15	4	34	7	34	12	2	6	3	1	2	12	6	6	7	10	6	11	5	7	8	4	1	3	4	1	5	5	2	3	5	2	3	12	8	1	4	132	67	28	15	4	34	7	34	12
GCF_006542645.1	5	3	1	2	1	12	7	7	6	5	4	7	6	8	9	5	1	1	7	2	5	5	4	3	3	1	3	2	6	2	5	109	57	22	10	4	29	6	21	14	5	3	1	2	1	12	7	7	6	5	4	7	6	8	9	5	1	1	7	2	5	5	4	3	3	1	3	2	6	2	5	109	57	22	10	4	29	6	21	14
GCF_006542665.1	5	4	3	2	2	13	7	7	6	4	5	8	6	6	5	5	1	1	5	2	4	6	4	3	3	1	3	2	7	2	5	103	55	23	11	4	31	7	21	9	5	4	3	2	2	13	7	7	6	4	5	8	6	6	5	5	1	1	5	2	4	6	4	3	3	1	3	2	7	2	5	103	55	23	11	4	31	7	21	9
GCF_006542685.1	5	4	2	2	2	12	7	7	5	4	4	8	6	7	12	5	1	1	4	3	7	6	5	4	4	1	3	3	8	3	5	110	61	24	13	2	28	6	22	15	5	4	2	2	2	12	7	7	5	4	4	8	6	7	12	5	1	1	4	3	7	6	5	4	4	1	3	3	8	3	5	110	61	24	13	2	28	6	22	15
GCF_006547045.1	3	4	4	1	2	13	6	6	7	7	5	10	4	7	7	5	1	3	6	6	6	6	5	4	4	3	3	15	7	5	5	156	70	41	21	3	32	8	41	11	3	4	4	1	2	13	6	6	7	7	5	10	4	7	7	5	1	3	6	6	6	6	5	4	4	3	3	15	7	5	5	156	70	41	21	3	32	8	41	11
GCF_006575665.1	2	5	7	1	2	9	7	5	8	11	6	9	7	7	4	5	2	2	8	3	6	6	4	6	7	2	3	10	7	5	5	149	71	38	14	6	38	6	41	11	2	5	7	1	2	9	7	5	8	11	6	9	7	7	4	5	2	2	8	3	6	6	4	6	7	2	3	10	7	5	5	149	71	38	14	6	38	6	41	11
GCF_006711645.1	7	7	11	2	4	15	7	7	11	13	8	17	8	12	9	7	3	3	12	15	7	10	5	6	6	4	4	16	8	6	5	253	108	71	33	7	48	9	60	17	7	7	11	2	4	15	7	7	11	13	8	17	8	12	9	7	3	3	12	15	7	10	5	6	6	4	4	16	8	6	5	253	108	71	33	7	48	9	60	17
GCF_006716135.1	3	5	4	3	4	16	6	9	13	8	7	13	5	13	7	5	4	1	8	9	8	4	7	5	7	5	4	18	11	7	4	194	89	52	16	5	39	8	53	15	3	5	4	3	4	16	6	9	13	8	7	13	5	13	7	5	4	1	8	9	8	4	7	5	7	5	4	18	11	7	4	194	89	52	16	5	39	8	53	15
GCF_006738645.1	4	4	3	2	5	13	7	8	15	11	7	12	5	9	9	6	1	1	10	9	6	8	7	6	7	2	4	14	9	3	4	205	86	51	25	5	42	7	40	15	4	4	3	2	5	13	7	8	15	11	7	12	5	9	9	6	1	1	10	9	6	8	7	6	7	2	4	14	9	3	4	205	86	51	25	5	42	7	40	15
GCF_006739385.1	4	5	2	2	3	13	7	7	9	8	6	10	7	10	2	5	2	1	5	6	6	6	6	5	4	3	3	14	8	2	4	142	65	32	17	4	35	7	42	9	4	5	2	2	3	13	7	7	9	8	6	10	7	10	2	5	2	1	5	6	6	6	6	5	4	3	3	14	8	2	4	142	65	32	17	4	35	7	42	9
GCF_006770265.1	2	4	7	1	3	11	7	7	7	8	4	9	4	12	5	5	1	1	6	2	5	8	3	1	8	3	3	0	6	2	5	113	56	25	16	4	34	4	28	13	2	4	7	1	3	11	7	7	7	8	4	9	4	12	5	5	1	1	6	2	5	8	3	1	8	3	3	0	6	2	5	113	56	25	16	4	34	4	28	13
GCF_006770285.1	2	4	6	1	3	11	7	7	7	8	4	9	4	11	5	5	1	1	6	2	5	8	3	1	8	3	3	0	6	2	5	108	57	24	14	4	34	4	28	13	2	4	6	1	3	11	7	7	7	8	4	9	4	11	5	5	1	1	6	2	5	8	3	1	8	3	3	0	6	2	5	108	57	24	14	4	34	4	28	13
GCF_006874765.1	4	4	2	2	2	14	3	6	6	10	4	10	6	9	10	6	1	2	5	2	4	5	3	5	5	1	3	10	5	1	5	132	69	24	12	6	33	5	35	15	4	4	2	2	2	14	3	6	6	10	4	10	6	9	10	6	1	2	5	2	4	5	3	5	5	1	3	10	5	1	5	132	69	24	12	6	33	5	35	15
GCF_006965445.1	2	5	4	1	2	12	6	6	6	9	4	8	4	11	5	5	1	1	5	2	4	5	4	4	2	2	4	8	6	1	5	112	66	24	13	4	32	4	33	12	2	5	4	1	2	12	6	6	6	9	4	8	4	11	5	5	1	1	5	2	4	5	4	4	2	2	4	8	6	1	5	112	66	24	13	4	32	4	33	12
GCF_006965545.2	4	7	12	2	2	12	8	6	11	13	7	9	6	13	4	6	1	2	8	4	3	11	5	5	8	3	4	9	8	1	6	159	75	38	20	6	37	5	37	12	4	7	12	2	2	12	8	6	11	13	7	9	6	13	4	6	1	2	8	4	3	11	5	5	8	3	4	9	8	1	6	159	75	38	20	6	37	5	37	12
GCF_006970865.1	6	5	3	1	3	16	7	6	8	8	7	9	6	7	6	5	1	2	9	11	7	5	9	5	7	4	4	14	8	5	4	192	80	55	25	6	37	9	56	10	6	5	3	1	3	16	7	6	8	8	7	9	6	7	6	5	1	2	9	11	7	5	9	5	7	4	4	14	8	5	4	192	80	55	25	6	37	9	56	10
GCF_006974105.1	4	6	2	4	7	17	7	10	10	7	7	9	6	9	13	6	3	2	8	15	9	6	7	4	5	4	4	16	8	9	4	192	83	55	23	6	41	9	40	18	4	6	2	4	7	17	7	10	10	7	7	9	6	9	13	6	3	2	8	15	9	6	7	4	5	4	4	16	8	9	4	192	83	55	23	6	41	9	40	18
GCF_006974145.1	4	5	4	2	2	10	6	6	10	8	7	9	6	10	6	5	1	2	11	6	6	8	6	2	5	1	3	9	3	3	4	132	68	35	17	7	36	7	34	13	4	5	4	2	2	10	6	6	10	8	7	9	6	10	6	5	1	2	11	6	6	8	6	2	5	1	3	9	3	3	4	132	68	35	17	7	36	7	34	13
GCF_007000325.2	6	9	6	3	9	16	8	11	12	9	6	10	7	9	8	7	4	3	9	12	8	8	7	3	5	2	3	17	9	8	4	197	90	53	28	4	44	8	41	13	6	9	6	3	9	16	8	11	12	9	6	10	7	9	8	7	4	3	9	12	8	8	7	3	5	2	3	17	9	8	4	197	90	53	28	4	44	8	41	13
GCF_007004545.3	4	7	3	1	4	16	8	9	12	10	7	15	6	15	9	5	1	3	12	18	10	7	7	3	8	2	3	13	7	8	5	220	102	71	40	5	47	8	58	17	4	7	3	1	4	16	8	9	12	10	7	15	6	15	9	5	1	3	12	18	10	7	7	3	8	2	3	13	7	8	5	220	102	71	40	5	47	8	58	17
GCF_007164725.1	3	4	7	1	0	9	6	5	6	9	5	10	5	10	8	5	1	0	7	0	5	3	4	4	4	1	3	11	5	0	4	114	59	20	8	2	30	4	38	12	3	4	7	1	0	9	6	5	6	9	5	10	5	10	8	5	1	0	7	0	5	3	4	4	4	1	3	11	5	0	4	114	59	20	8	2	30	4	38	12
GCF_007197555.1	4	7	3	2	4	17	8	10	11	10	7	14	6	15	11	5	1	3	10	12	9	7	5	3	8	2	3	11	7	8	5	209	98	63	30	5	46	9	54	19	4	7	3	2	4	17	8	10	11	10	7	14	6	15	11	5	1	3	10	12	9	7	5	3	8	2	3	11	7	8	5	209	98	63	30	5	46	9	54	19
GCF_007197575.1	2	6	2	1	3	14	6	8	7	8	4	12	5	10	4	4	2	1	10	10	5	5	6	2	4	3	3	10	8	3	4	136	68	34	18	3	32	8	31	10	2	6	2	1	3	14	6	8	7	8	4	12	5	10	4	4	2	1	10	10	5	5	6	2	4	3	3	10	8	3	4	136	68	34	18	3	32	8	31	10
GCF_007197735.1	2	3	5	2	3	11	6	7	10	10	7	8	6	10	6	5	1	2	7	5	6	5	4	3	5	2	3	15	3	6	5	137	66	36	14	6	35	8	37	12	2	3	5	2	3	11	6	7	10	10	7	8	6	10	6	5	1	2	7	5	6	5	4	3	5	2	3	15	3	6	5	137	66	36	14	6	35	8	37	12
GCF_007197755.1	4	4	2	2	5	15	8	8	8	9	6	11	5	9	10	5	1	1	10	11	7	7	7	5	6	1	5	19	8	7	4	187	87	50	24	5	42	8	47	15	4	4	2	2	5	15	8	8	8	9	6	11	5	9	10	5	1	1	10	11	7	7	7	5	6	1	5	19	8	7	4	187	87	50	24	5	42	8	47	15
GCF_007289895.1	5	7	7	5	5	13	5	5	8	14	7	13	5	11	7	5	3	2	10	3	7	8	5	3	5	2	3	12	7	7	5	179	87	53	23	7	46	5	42	15	5	7	7	5	5	13	5	5	8	14	7	13	5	11	7	5	3	2	10	3	7	8	5	3	5	2	3	12	7	7	5	179	87	53	23	7	46	5	42	15
GCF_007361795.1	4	7	1	1	2	16	7	6	5	1	4	10	5	6	6	4	1	3	6	1	3	6	4	1	5	3	3	7	2	1	5	125	57	28	17	2	27	8	37	10	4	7	1	1	2	16	7	6	5	1	4	10	5	6	6	4	1	3	6	1	3	6	4	1	5	3	3	7	2	1	5	125	57	28	17	2	27	8	37	10
GCF_007362775.1	2	7	5	2	4	14	5	10	10	7	6	14	6	9	3	6	2	1	6	5	5	2	2	5	6	4	3	10	8	7	4	151	75	35	12	4	39	5	35	9	2	7	5	2	4	14	5	10	10	7	6	14	6	9	3	6	2	1	6	5	5	2	2	5	6	4	3	10	8	7	4	151	75	35	12	4	39	5	35	9
GCF_007431345.1	4	5	2	1	7	17	9	10	9	8	7	12	6	8	8	5	1	1	9	12	7	6	7	4	6	3	3	8	8	9	4	180	90	55	28	7	46	11	41	13	4	5	2	1	7	17	9	10	9	8	7	12	6	8	8	5	1	1	9	12	7	6	7	4	6	3	3	8	8	9	4	180	90	55	28	7	46	11	41	13
GCF_007475525.1	5	5	2	1	3	13	6	6	5	5	5	10	5	6	5	5	1	2	7	4	2	6	4	3	6	2	3	5	7	3	4	117	69	31	16	6	32	6	29	10	5	5	2	1	3	13	6	6	5	5	5	10	5	6	5	5	1	2	7	4	2	6	4	3	6	2	3	5	7	3	4	117	69	31	16	6	32	6	29	10
GCF_007559005.1	3	4	2	1	3	14	7	7	9	8	6	14	6	8	5	5	2	2	10	8	8	6	8	5	6	4	3	15	7	2	4	160	84	40	21	4	40	9	48	10	3	4	2	1	3	14	7	7	9	8	6	14	6	8	5	5	2	2	10	8	8	6	8	5	6	4	3	15	7	2	4	160	84	40	21	4	40	9	48	10
GCF_007559025.1	2	5	2	1	3	14	7	7	8	8	7	14	7	8	5	5	2	2	11	10	8	2	10	3	7	4	3	9	7	7	4	169	90	47	24	5	46	9	43	10	2	5	2	1	3	14	7	7	8	8	7	14	7	8	5	5	2	2	11	10	8	2	10	3	7	4	3	9	7	7	4	169	90	47	24	5	46	9	43	10
GCF_007748115.1	5	7	3	3	4	16	4	8	6	5	4	10	2	9	6	2	2	1	10	3	6	9	6	2	5	3	2	7	8	5	5	136	68	36	18	3	36	8	29	12	5	7	3	3	4	16	4	8	6	5	4	10	2	9	6	2	2	1	10	3	6	9	6	2	5	3	2	7	8	5	5	136	68	36	18	3	36	8	29	12
GCF_007795095.1	4	3	2	1	2	13	6	6	6	8	4	10	5	7	7	5	1	2	7	8	6	6	6	4	4	2	3	9	8	2	5	146	61	39	25	1	23	8	36	11	4	3	2	1	2	13	6	6	6	8	4	10	5	7	7	5	1	2	7	8	6	6	6	4	4	2	3	9	8	2	5	146	61	39	25	1	23	8	36	11
GCF_007814525.1	5	5	3	1	1	12	6	6	10	7	4	9	6	8	2	6	1	2	7	6	3	7	3	6	4	3	3	10	9	6	5	137	66	31	18	3	27	5	39	7	5	5	3	1	1	12	6	6	10	7	4	9	6	8	2	6	1	2	7	6	3	7	3	6	4	3	3	10	9	6	5	137	66	31	18	3	27	5	39	7
GCF_007833215.1	5	5	4	2	2	13	6	6	9	8	6	10	6	6	3	6	1	2	8	8	10	8	8	4	9	2	3	10	7	5	4	161	70	46	24	4	36	7	43	7	5	5	4	2	2	13	6	6	9	8	6	10	6	6	3	6	1	2	8	8	10	8	8	4	9	2	3	10	7	5	4	161	70	46	24	4	36	7	43	7
GCF_007855645.1	4	7	5	3	5	15	10	9	13	7	6	11	6	8	9	6	3	1	9	14	8	6	6	4	8	3	3	15	8	8	4	190	87	55	27	4	40	9	44	14	4	7	5	3	5	15	10	9	13	7	6	11	6	8	9	6	3	1	9	14	8	6	6	4	8	3	3	15	8	8	4	190	87	55	27	4	40	9	44	14
GCF_007856155.1	4	5	3	2	5	16	6	10	17	10	8	18	10	12	5	8	3	1	10	11	8	7	8	4	9	4	3	17	24	4	4	218	107	58	25	5	48	8	48	14	4	5	3	2	5	16	6	10	17	10	8	18	10	12	5	8	3	1	10	11	8	7	8	4	9	4	3	17	24	4	4	218	107	58	25	5	48	8	48	14
GCF_007858975.2	5	6	5	2	4	16	7	7	10	11	7	14	6	12	12	5	1	3	8	10	8	7	6	4	6	4	4	11	7	3	5	202	99	51	25	5	40	11	52	20	5	6	5	2	4	16	7	7	10	11	7	14	6	12	12	5	1	3	8	10	8	7	6	4	6	4	4	11	7	3	5	202	99	51	25	5	40	11	52	20
GCF_007859635.1	5	6	4	1	2	13	8	6	7	6	6	10	6	8	6	6	1	2	8	4	6	9	7	4	7	2	3	9	7	1	4	140	72	37	23	4	36	8	38	11	5	6	4	1	2	13	8	6	7	6	6	10	6	8	6	6	1	2	8	4	6	9	7	4	7	2	3	9	7	1	4	140	72	37	23	4	36	8	38	11
GCF_007859675.1	3	5	5	3	4	14	6	7	9	7	6	12	9	16	6	6	1	1	7	9	7	4	6	5	5	4	3	6	6	3	4	155	75	42	22	6	40	9	33	17	3	5	5	3	4	14	6	7	9	7	6	12	9	16	6	6	1	1	7	9	7	4	6	5	5	4	3	6	6	3	4	155	75	42	22	6	40	9	33	17
GCF_007904085.1	3	4	1	2	4	12	4	7	4	6	4	10	7	6	4	6	1	1	6	3	6	5	4	4	6	2	4	16	8	3	5	134	78	27	14	5	33	6	40	9	3	4	1	2	4	12	4	7	4	6	4	10	7	6	4	6	1	1	6	3	6	5	4	4	6	2	4	16	8	3	5	134	78	27	14	5	33	6	40	9
GCF_007922615.2	5	7	7	1	7	14	8	10	17	9	6	13	7	6	3	5	1	2	10	13	11	7	9	1	6	2	4	20	6	9	4	204	83	67	29	4	44	7	44	7	5	7	7	1	7	14	8	10	17	9	6	13	7	6	3	5	1	2	10	13	11	7	9	1	6	2	4	20	6	9	4	204	83	67	29	4	44	7	44	7
GCF_007954405.1	4	3	2	1	4	16	7	7	8	10	6	10	7	8	8	4	1	2	8	8	6	6	6	6	4	3	4	15	8	2	4	164	80	43	21	5	39	9	42	12	4	3	2	1	4	16	7	7	8	10	6	10	7	8	8	4	1	2	8	8	6	6	6	6	4	3	4	15	8	2	4	164	80	43	21	5	39	9	42	12
GCF_007954425.1	5	4	2	2	2	14	8	7	11	6	7	8	6	9	8	5	1	2	8	7	7	8	7	4	5	2	3	13	7	1	4	144	74	39	23	5	33	9	40	14	5	4	2	2	2	14	8	7	11	6	7	8	6	9	8	5	1	2	8	7	7	8	7	4	5	2	3	13	7	1	4	144	74	39	23	5	33	9	40	14
GCF_007954585.1	4	7	3	1	5	17	8	8	13	13	7	9	7	7	6	6	1	2	13	13	8	7	7	7	9	4	3	9	9	5	4	198	83	56	33	6	40	8	47	10	4	7	3	1	5	17	8	8	13	13	7	9	7	7	6	6	1	2	13	13	8	7	7	7	9	4	3	9	9	5	4	198	83	56	33	6	40	8	47	10
GCF_007954605.1	4	6	6	1	2	12	7	6	3	6	4	4	6	9	5	5	1	1	2	1	3	6	2	4	5	3	3	0	5	1	5	101	52	16	10	3	27	4	30	10	4	6	6	1	2	12	7	6	3	6	4	4	6	9	5	5	1	1	2	1	3	6	2	4	5	3	3	0	5	1	5	101	52	16	10	3	27	4	30	10
GCF_007970465.1	4	5	2	1	5	14	8	8	8	8	6	12	6	9	5	5	2	1	7	7	8	4	6	5	7	4	3	9	11	7	4	158	84	46	20	6	41	8	42	11	4	5	2	1	5	14	8	8	8	8	6	12	6	9	5	5	2	1	7	7	8	4	6	5	7	4	3	9	11	7	4	158	84	46	20	6	41	8	42	11
GCF_007970665.1	3	9	1	3	6	12	7	10	10	9	6	14	7	8	8	5	1	1	6	14	5	5	4	4	8	1	3	11	9	6	4	155	86	38	24	4	44	5	40	14	3	9	1	3	6	12	7	10	10	9	6	14	7	8	8	5	1	1	6	14	5	5	4	4	8	1	3	11	9	6	4	155	86	38	24	4	44	5	40	14
GCF_007970805.1	4	6	7	2	4	15	7	8	8	8	6	8	6	11	10	5	2	2	7	3	5	7	5	2	8	2	3	8	6	8	5	148	71	43	14	5	34	9	33	17	4	6	7	2	4	15	7	8	8	8	6	8	6	11	10	5	2	2	7	3	5	7	5	2	8	2	3	8	6	8	5	148	71	43	14	5	34	9	33	17
GCF_007971025.1	4	5	6	3	3	11	6	8	8	8	6	7	6	8	7	5	2	1	8	4	6	7	4	2	7	1	3	10	6	8	5	137	68	37	13	6	32	7	34	14	4	5	6	3	3	11	6	8	8	8	6	7	6	8	7	5	2	1	8	4	6	7	4	2	7	1	3	10	6	8	5	137	68	37	13	6	32	7	34	14
GCF_007971225.1	5	9	5	3	3	13	9	7	9	8	6	12	6	11	11	6	2	2	8	6	8	8	5	2	7	2	3	12	6	8	5	166	83	50	19	7	40	10	38	18	5	9	5	3	3	13	9	7	9	8	6	12	6	11	11	6	2	2	8	6	8	8	5	2	7	2	3	12	6	8	5	166	83	50	19	7	40	10	38	18
GCF_007971385.1	2	7	5	1	1	12	7	4	8	8	5	9	5	6	5	3	1	2	5	1	3	6	2	2	8	3	3	8	5	5	5	123	63	33	14	5	29	7	31	9	2	7	5	1	1	12	7	4	8	8	5	9	5	6	5	3	1	2	5	1	3	6	2	2	8	3	3	8	5	5	5	123	63	33	14	5	29	7	31	9
GCF_007990635.1	3	4	3	1	1	9	5	6	6	10	6	8	7	9	7	5	1	1	5	1	6	5	3	1	6	4	4	8	6	1	5	108	60	24	9	5	31	4	26	12	3	4	3	1	1	9	5	6	6	10	6	8	7	9	7	5	1	1	5	1	6	5	3	1	6	4	4	8	6	1	5	108	60	24	9	5	31	4	26	12
GCF_007993795.1	3	5	2	3	2	9	6	5	6	6	5	8	6	8	7	5	1	2	7	2	5	6	5	2	5	2	3	9	3	2	5	123	61	29	14	4	32	6	35	13	3	5	2	3	2	9	6	5	6	6	5	8	6	8	7	5	1	2	7	2	5	6	5	2	5	2	3	9	3	2	5	123	61	29	14	4	32	6	35	13
GCF_007995155.1	3	4	2	1	4	12	6	7	8	16	8	11	6	10	3	7	1	2	7	9	5	5	6	5	8	4	4	11	8	2	7	154	82	37	18	7	38	5	42	9	3	4	2	1	4	12	6	7	8	16	8	11	6	10	3	7	1	2	7	9	5	5	6	5	8	4	4	11	8	2	7	154	82	37	18	7	38	5	42	9
GCF_007998985.1	4	5	2	2	2	13	7	6	6	4	6	9	6	7	3	5	1	2	5	5	6	6	5	5	6	2	4	9	7	1	4	124	58	35	20	3	25	8	40	7	4	5	2	2	2	13	7	6	6	4	6	9	6	7	3	5	1	2	5	5	6	6	5	5	6	2	4	9	7	1	4	124	58	35	20	3	25	8	40	7
GCF_008000935.1	2	4	3	1	2	10	6	5	3	4	4	3	7	7	5	5	1	1	5	2	5	6	4	6	5	2	3	8	4	1	5	104	44	25	12	2	16	6	35	11	2	4	3	1	2	10	6	5	3	4	4	3	7	7	5	5	1	1	5	2	5	6	4	6	5	2	3	8	4	1	5	104	44	25	12	2	16	6	35	11
GCF_008000995.1	4	6	7	3	3	17	7	7	11	8	7	13	6	13	6	5	3	1	7	9	7	4	5	3	5	4	3	7	12	3	5	168	86	41	23	4	42	8	34	14	4	6	7	3	3	17	7	7	11	8	7	13	6	13	6	5	3	1	7	9	7	4	5	3	5	4	3	7	12	3	5	168	86	41	23	4	42	8	34	14
GCF_008014775.2	5	7	7	2	2	13	6	6	15	13	7	10	6	13	2	6	1	2	9	9	6	10	6	7	7	4	4	14	8	8	6	173	82	51	26	6	39	4	41	11	5	7	7	2	2	13	6	6	15	13	7	10	6	13	2	6	1	2	9	9	6	10	6	7	7	4	4	14	8	8	6	173	82	51	26	6	39	4	41	11
GCF_008033135.1	5	7	2	1	3	15	10	7	8	9	7	12	6	11	10	5	1	2	11	7	7	6	7	6	8	3	3	12	8	5	4	183	89	52	27	7	44	10	51	16	5	7	2	1	3	15	10	7	8	9	7	12	6	11	10	5	1	2	11	7	7	6	7	6	8	3	3	12	8	5	4	183	89	52	27	7	44	10	51	16
GCF_008065135.1	3	6	3	3	3	15	8	9	5	4	2	10	1	8	7	1	2	2	7	3	6	7	5	1	4	2	3	10	9	2	5	130	65	27	16	3	31	9	33	13	3	6	3	3	3	15	8	9	5	4	2	10	1	8	7	1	2	2	7	3	6	7	5	1	4	2	3	10	9	2	5	130	65	27	16	3	31	9	33	13
GCF_008086545.1	3	4	2	2	0	6	2	2	0	0	0	0	0	1	0	0	3	1	2	0	2	6	1	2	0	1	3	0	6	0	5	33	12	12	8	0	5	7	7	0	3	4	2	2	0	6	2	2	0	0	0	0	0	1	0	0	3	1	2	0	2	6	1	2	0	1	3	0	6	0	5	33	12	12	8	0	5	7	7	0
GCF_008122265.1	3	8	3	1	4	19	8	7	10	8	7	11	6	9	7	6	1	2	9	10	8	7	5	4	7	3	3	16	7	6	4	192	79	55	30	5	38	8	50	12	3	8	3	1	4	19	8	7	10	8	7	11	6	9	7	6	1	2	9	10	8	7	5	4	7	3	3	16	7	6	4	192	79	55	30	5	38	8	50	12
GCF_008151785.1	1	5	3	1	0	10	7	6	3	7	8	7	6	7	3	5	1	1	3	0	5	3	2	4	7	1	3	4	6	0	5	94	48	19	7	4	26	5	26	6	1	5	3	1	0	10	7	6	3	7	8	7	6	7	3	5	1	1	3	0	5	3	2	4	7	1	3	4	6	0	5	94	48	19	7	4	26	5	26	6
GCF_008152325.1	2	4	2	1	2	9	7	6	10	8	7	11	6	10	7	7	4	1	5	2	8	4	4	3	6	1	3	11	7	1	5	135	67	27	10	6	36	5	35	13	2	4	2	1	2	9	7	6	10	8	7	11	6	10	7	7	4	1	5	2	8	4	4	3	6	1	3	11	7	1	5	135	67	27	10	6	36	5	35	13
GCF_008247605.1	4	7	5	1	5	14	5	7	14	11	6	11	6	7	7	6	1	2	9	5	9	8	5	6	7	3	2	14	7	7	4	185	79	48	24	5	40	8	44	11	4	7	5	1	5	14	5	7	14	11	6	11	6	7	7	6	1	2	9	5	9	8	5	6	7	3	2	14	7	7	4	185	79	48	24	5	40	8	44	11
GCF_008254045.1	2	5	2	3	4	12	6	7	5	4	4	9	2	6	6	1	2	2	7	3	6	5	5	1	5	2	2	12	8	6	4	128	64	34	16	5	30	6	29	11	2	5	2	3	4	12	6	7	5	4	4	9	2	6	6	1	2	2	7	3	6	5	5	1	5	2	2	12	8	6	4	128	64	34	16	5	30	6	29	11
GCF_008275125.1	3	8	2	2	6	15	9	9	10	8	8	10	8	10	16	7	1	3	8	9	7	6	6	3	6	3	3	17	8	8	4	190	90	50	25	6	42	9	48	21	3	8	2	2	6	15	9	9	10	8	8	10	8	10	16	7	1	3	8	9	7	6	6	3	6	3	3	17	8	8	4	190	90	50	25	6	42	9	48	21
GCF_008298035.1	5	6	3	3	5	13	7	9	8	9	4	13	4	10	8	5	2	2	11	6	5	8	6	2	4	2	2	8	8	6	4	152	77	44	22	4	41	7	32	15	5	6	3	3	5	13	7	9	8	9	4	13	4	10	8	5	2	2	11	6	5	8	6	2	4	2	2	8	8	6	4	152	77	44	22	4	41	7	32	15
GCF_008327825.1	3	4	2	2	3	9	5	7	6	10	6	9	7	9	8	5	1	1	4	2	6	5	3	2	6	4	3	8	7	2	5	114	65	24	9	5	36	4	26	13	3	4	2	2	3	9	5	7	6	10	6	9	7	9	8	5	1	1	4	2	6	5	3	2	6	4	3	8	7	2	5	114	65	24	9	5	36	4	26	13
GCF_008329645.1	2	5	4	3	8	17	7	11	7	5	7	14	6	12	7	5	2	2	11	11	4	3	9	6	8	4	3	15	11	12	4	186	93	52	19	4	43	9	48	14	2	5	4	3	8	17	7	11	7	5	7	14	6	12	7	5	2	2	11	11	4	3	9	6	8	4	3	15	11	12	4	186	93	52	19	4	43	9	48	14
GCF_008329945.1	4	4	5	1	3	14	6	7	6	7	4	12	5	6	4	5	1	1	3	2	4	4	2	2	3	1	2	4	6	2	5	109	59	17	10	6	35	7	20	8	4	4	5	1	3	14	6	7	6	7	4	12	5	6	4	5	1	1	3	2	4	4	2	2	3	1	2	4	6	2	5	109	59	17	10	6	35	7	20	8
GCF_008329965.1	4	8	13	3	3	11	7	7	9	6	4	11	7	11	7	7	1	1	6	4	4	5	3	4	3	1	3	5	7	3	5	133	65	25	14	6	35	5	23	14	4	8	13	3	3	11	7	7	9	6	4	11	7	11	7	7	1	1	6	4	4	5	3	4	3	1	3	5	7	3	5	133	65	25	14	6	35	5	23	14
GCF_008329985.2	5	9	5	3	5	16	7	8	13	10	7	9	7	8	9	5	4	3	12	14	11	9	7	6	7	3	3	17	9	9	4	232	89	75	37	6	42	8	52	13	5	9	5	3	5	16	7	8	13	10	7	9	7	8	9	5	4	3	12	14	11	9	7	6	7	3	3	17	9	9	4	232	89	75	37	6	42	8	52	13
GCF_008330085.1	6	8	11	5	7	16	7	8	14	15	9	16	8	13	10	7	1	3	12	17	7	8	6	6	6	5	4	17	8	7	5	254	113	69	34	8	48	9	63	18	6	8	11	5	7	16	7	8	14	15	9	16	8	13	10	7	1	3	12	17	7	8	6	6	6	5	4	17	8	7	5	254	113	69	34	8	48	9	63	18
GCF_008365315.1	2	5	2	1	6	12	6	8	9	12	6	11	5	7	8	4	1	2	9	4	6	7	6	5	4	2	3	15	8	4	4	151	78	38	21	4	39	7	38	12	2	5	2	1	6	12	6	8	9	12	6	11	5	7	8	4	1	2	9	4	6	7	6	5	4	2	3	15	8	4	4	151	78	38	21	4	39	7	38	12
GCF_008369605.1	5	7	3	1	2	13	6	6	11	9	8	13	7	14	13	5	1	3	11	6	6	8	5	3	8	3	4	10	7	1	6	194	98	50	25	6	42	5	50	22	5	7	3	1	2	13	6	6	11	9	8	13	7	14	13	5	1	3	11	6	6	8	5	3	8	3	4	10	7	1	6	194	98	50	25	6	42	5	50	22
GCF_008369745.1	4	6	9	2	3	11	7	6	9	10	6	11	6	11	6	6	1	2	9	7	7	7	6	5	7	3	3	14	3	7	5	161	79	51	22	6	42	7	42	13	4	6	9	2	3	11	7	6	9	10	6	11	6	11	6	6	1	2	9	7	7	7	6	5	7	3	3	14	3	7	5	161	79	51	22	6	42	7	42	13
GCF_008369785.1	4	4	3	2	2	13	5	6	9	6	5	12	6	11	11	4	2	2	6	2	4	7	5	2	4	2	3	6	7	1	4	125	65	24	13	5	33	8	31	19	4	4	3	2	2	13	5	6	9	6	5	12	6	11	11	4	2	2	6	2	4	7	5	2	4	2	3	6	7	1	4	125	65	24	13	5	33	8	31	19
GCF_008370715.1	5	7	5	3	10	18	7	11	10	11	9	13	7	7	9	5	2	3	10	18	11	5	7	4	8	4	5	20	7	16	4	246	102	82	33	7	51	8	62	13	5	7	5	3	10	18	7	11	10	11	9	13	7	7	9	5	2	3	10	18	11	5	7	4	8	4	5	20	7	16	4	246	102	82	33	7	51	8	62	13
GCF_008630915.1	3	4	2	2	6	18	8	6	8	6	7	10	8	6	3	6	1	2	10	5	8	7	5	5	8	4	3	11	7	5	4	171	77	51	23	6	40	9	47	7	3	4	2	2	6	18	8	6	8	6	7	10	8	6	3	6	1	2	10	5	8	7	5	5	8	4	3	11	7	5	4	171	77	51	23	6	40	9	47	7
GCF_008632455.1	4	5	2	2	5	13	5	6	4	9	8	11	6	10	10	5	1	2	10	2	4	8	5	4	6	3	3	13	8	5	4	164	81	48	27	8	42	5	43	16	4	5	2	2	5	13	5	6	4	9	8	11	6	10	10	5	1	2	10	2	4	8	5	4	6	3	3	13	8	5	4	164	81	48	27	8	42	5	43	16
GCF_008632615.1	2	7	7	1	2	13	5	6	7	8	6	9	6	8	5	5	1	2	6	2	3	5	4	5	6	4	4	1	7	1	4	116	62	21	13	5	35	5	27	11	2	7	7	1	2	13	5	6	7	8	6	9	6	8	5	5	1	2	6	2	3	5	4	5	6	4	4	1	7	1	4	116	62	21	13	5	35	5	27	11
GCF_008639165.1	4	5	3	2	5	17	6	9	12	11	8	16	7	13	5	5	3	1	11	14	12	7	10	4	8	4	3	19	9	9	4	213	93	69	29	6	46	8	54	14	4	5	3	2	5	17	6	9	12	11	8	16	7	13	5	5	3	1	11	14	12	7	10	4	8	4	3	19	9	9	4	213	93	69	29	6	46	8	54	14
GCF_008694105.1	3	7	10	1	1	13	9	6	7	6	2	6	6	12	5	6	1	2	5	3	5	7	2	1	2	4	4	0	6	1	5	109	44	21	15	2	20	6	22	12	3	7	10	1	1	13	9	6	7	6	2	6	6	12	5	6	1	2	5	3	5	7	2	1	2	4	4	0	6	1	5	109	44	21	15	2	20	6	22	12
GCF_008704395.1	4	5	3	1	4	16	6	8	14	14	9	16	9	13	5	6	3	1	12	10	8	9	8	5	6	4	3	16	10	7	4	207	93	62	24	5	45	8	45	14	4	5	3	1	4	16	6	8	14	14	9	16	9	13	5	6	3	1	12	10	8	9	8	5	6	4	3	16	10	7	4	207	93	62	24	5	45	8	45	14
GCF_008704445.1	4	7	3	2	4	17	6	9	13	10	7	13	6	15	6	6	3	1	11	10	8	7	8	4	6	4	3	17	9	8	4	196	87	57	24	5	41	8	46	17	4	7	3	2	4	17	6	9	13	10	7	13	6	15	6	6	3	1	11	10	8	7	8	4	6	4	3	17	9	8	4	196	87	57	24	5	41	8	46	17
GCF_008704515.1	4	6	3	1	6	15	6	11	14	9	7	13	5	12	6	5	3	1	9	13	8	4	8	5	6	4	4	17	11	11	4	189	87	51	19	5	41	8	46	14	4	6	3	1	6	15	6	11	14	9	7	13	5	12	6	5	3	1	9	13	8	4	8	5	6	4	4	17	11	11	4	189	87	51	19	5	41	8	46	14
GCF_008704715.1	5	7	5	2	7	17	6	10	16	12	8	15	7	20	13	6	3	1	14	19	14	8	12	5	10	4	4	17	11	8	4	244	110	73	33	5	46	8	55	25	5	7	5	2	7	17	6	10	16	12	8	15	7	20	13	6	3	1	14	19	14	8	12	5	10	4	4	17	11	8	4	244	110	73	33	5	46	8	55	25
GCF_008704935.1	4	5	2	3	4	16	6	9	11	12	8	15	7	15	9	6	2	1	10	12	9	7	9	4	13	4	3	16	9	7	4	212	97	61	28	5	46	8	55	19	4	5	2	3	4	16	6	9	11	12	8	15	7	15	9	6	2	1	10	12	9	7	9	4	13	4	3	16	9	7	4	212	97	61	28	5	46	8	55	19
GCF_008704995.1	4	5	3	3	4	14	6	9	12	9	7	13	6	14	8	6	3	1	12	11	14	8	14	5	6	4	3	16	11	4	4	196	89	58	29	5	41	8	45	17	4	5	3	3	4	14	6	9	12	9	7	13	6	14	8	6	3	1	12	11	14	8	14	5	6	4	3	16	11	4	4	196	89	58	29	5	41	8	45	17
GCF_008705135.1	4	6	3	2	6	16	6	9	16	10	7	13	6	16	9	6	3	1	11	16	12	9	11	5	8	4	4	19	11	7	4	223	96	66	30	5	39	8	56	20	4	6	3	2	6	16	6	9	16	10	7	13	6	16	9	6	3	1	11	16	12	9	11	5	8	4	4	19	11	7	4	223	96	66	30	5	39	8	56	20
GCF_008705175.1	5	12	17	1	4	11	7	11	8	12	8	12	8	16	11	6	1	1	9	4	2	14	2	6	6	3	3	6	8	5	6	182	85	44	22	7	52	6	39	18	5	12	17	1	4	11	7	11	8	12	8	12	8	16	11	6	1	1	9	4	2	14	2	6	6	3	3	6	8	5	6	182	85	44	22	7	52	6	39	18
GCF_008726475.3	5	4	3	1	1	13	6	7	6	7	5	5	5	11	4	7	1	1	4	1	5	6	5	1	5	3	4	9	7	1	4	102	47	21	11	2	22	6	30	11	5	4	3	1	1	13	6	7	6	7	5	5	5	11	4	7	1	1	4	1	5	6	5	1	5	3	4	9	7	1	4	102	47	21	11	2	22	6	30	11
GCF_008727715.1	5	8	5	2	9	15	8	13	17	7	6	10	8	12	9	7	3	2	10	16	11	8	11	3	9	3	5	19	6	12	4	225	88	76	32	4	43	8	53	17	5	8	5	2	9	15	8	13	17	7	6	10	8	12	9	7	3	2	10	16	11	8	11	3	9	3	5	19	6	12	4	225	88	76	32	4	43	8	53	17
GCF_008727755.1	4	5	5	3	4	15	6	8	7	8	7	12	7	11	5	6	2	1	6	7	6	4	5	2	4	4	3	7	7	3	4	146	76	43	20	4	39	8	33	12	4	5	5	3	4	15	6	8	7	8	7	12	7	11	5	6	2	1	6	7	6	4	5	2	4	4	3	7	7	3	4	146	76	43	20	4	39	8	33	12
GCF_008727775.1	4	5	6	4	3	15	6	7	8	9	7	13	7	10	7	6	2	1	4	4	6	4	5	2	8	3	3	6	7	2	4	151	73	39	20	4	40	8	34	14	4	5	6	4	3	15	6	7	8	9	7	13	7	10	7	6	2	1	4	4	6	4	5	2	8	3	3	6	7	2	4	151	73	39	20	4	40	8	34	14
GCF_008727795.1	3	3	2	1	7	17	7	10	11	10	8	13	6	7	8	5	1	2	9	13	10	6	5	4	8	2	3	11	4	9	4	184	86	58	24	7	48	9	47	12	3	3	2	1	7	17	7	10	11	10	8	13	6	7	8	5	1	2	9	13	10	6	5	4	8	2	3	11	4	9	4	184	86	58	24	7	48	9	47	12
GCF_008728635.1	3	6	7	1	1	13	7	6	7	7	5	8	5	8	7	4	1	1	6	2	5	5	4	2	6	2	2	8	7	1	5	122	59	30	13	4	27	9	28	13	3	6	7	1	1	13	7	6	7	7	5	8	5	8	7	4	1	1	6	2	5	5	4	2	6	2	2	8	7	1	5	122	59	30	13	4	27	9	28	13
GCF_008728835.1	2	4	2	2	10	15	6	14	15	7	9	10	8	9	12	6	1	1	9	18	9	6	7	2	6	2	5	18	9	9	4	196	93	59	25	5	47	8	39	17	2	4	2	2	10	15	6	14	15	7	9	10	8	9	12	6	1	1	9	18	9	6	7	2	6	2	5	18	9	9	4	196	93	59	25	5	47	8	39	17
GCF_008728855.1	2	9	2	3	9	16	6	13	15	7	9	12	8	9	15	5	1	1	10	14	9	8	8	2	6	2	5	18	8	8	4	209	102	63	28	5	50	8	42	20	2	9	2	3	9	16	6	13	15	7	9	12	8	9	15	5	1	1	10	14	9	8	8	2	6	2	5	18	8	8	4	209	102	63	28	5	50	8	42	20
GCF_008761635.1	4	6	2	3	5	13	6	9	12	6	6	14	8	8	5	5	2	1	7	9	11	7	8	2	7	4	3	7	6	4	4	153	77	43	21	4	40	6	32	11	4	6	2	3	5	13	6	9	12	6	6	14	8	8	5	5	2	1	7	9	11	7	8	2	7	4	3	7	6	4	4	153	77	43	21	4	40	6	32	11
GCF_008803015.1	3	6	3	1	2	10	7	6	7	8	4	8	4	13	5	5	1	2	4	1	3	8	3	0	7	3	3	1	7	1	5	104	57	18	12	4	33	3	26	13	3	6	3	1	2	10	7	6	7	8	4	8	4	13	5	5	1	2	4	1	3	8	3	0	7	3	3	1	7	1	5	104	57	18	12	4	33	3	26	13
GCF_008805035.1	4	4	2	1	1	14	7	6	4	6	6	8	5	7	9	5	1	1	6	2	5	6	5	5	6	2	3	1	8	1	4	109	54	22	14	3	24	8	31	13	4	4	2	1	1	14	7	6	4	6	6	8	5	7	9	5	1	1	6	2	5	6	5	5	6	2	3	1	8	1	4	109	54	22	14	3	24	8	31	13
GCF_008807015.1	3	6	2	1	3	15	8	6	7	5	7	10	6	7	8	5	1	1	10	4	6	6	6	4	8	2	3	10	8	1	4	147	78	40	24	5	36	8	42	12	3	6	2	1	3	15	8	6	7	5	7	10	6	7	8	5	1	1	10	4	6	6	6	4	8	2	3	10	8	1	4	147	78	40	24	5	36	8	42	12
GCF_008807375.1	3	8	2	1	13	18	8	14	8	9	9	13	9	8	10	5	1	3	9	21	10	5	5	4	9	3	5	17	7	13	4	233	108	77	32	6	54	9	56	14	3	8	2	1	13	18	8	14	8	9	9	13	9	8	10	5	1	3	9	21	10	5	5	4	9	3	5	17	7	13	4	233	108	77	32	6	54	9	56	14
GCF_008807735.1	3	7	2	1	2	10	4	5	8	16	6	8	7	5	7	3	1	2	8	8	6	9	3	5	4	5	5	6	7	4	5	149	68	38	27	4	27	7	36	9	3	7	2	1	2	10	4	5	8	16	6	8	7	5	7	3	1	2	8	8	6	9	3	5	4	5	5	6	7	4	5	149	68	38	27	4	27	7	36	9
GCF_008824185.1	2	9	5	3	4	15	9	8	10	8	6	10	5	8	8	5	3	1	8	17	9	7	6	4	8	3	3	15	7	8	4	199	76	67	34	4	39	9	45	13	2	9	5	3	4	15	9	8	10	8	6	10	5	8	8	5	3	1	8	17	9	7	6	4	8	3	3	15	7	8	4	199	76	67	34	4	39	9	45	13
GCF_008838325.1	4	3	2	1	3	13	6	8	7	8	4	11	6	7	6	5	2	0	4	5	4	4	2	1	7	2	5	7	7	3	4	115	71	25	13	4	34	6	29	10	4	3	2	1	3	13	6	8	7	8	4	11	6	7	6	5	2	0	4	5	4	4	2	1	7	2	5	7	7	3	4	115	71	25	13	4	34	6	29	10
GCF_008843165.1	4	6	4	1	2	11	6	7	10	7	2	13	4	9	5	4	2	1	6	7	8	6	8	5	4	3	3	14	7	2	4	143	71	34	21	3	33	6	35	11	4	6	4	1	2	11	6	7	10	7	2	13	4	9	5	4	2	1	6	7	8	6	8	5	4	3	3	14	7	2	4	143	71	34	21	3	33	6	35	11
GCF_008876665.1	4	6	2	2	1	13	6	6	2	5	5	7	6	9	6	5	2	1	1	1	3	5	2	4	4	4	3	0	8	1	5	90	49	15	10	2	23	5	23	12	4	6	2	2	1	13	6	6	2	5	5	7	6	9	6	5	2	1	1	1	3	5	2	4	4	4	3	0	8	1	5	90	49	15	10	2	23	5	23	12
GCF_008931805.1	5	7	3	1	3	15	7	7	12	10	8	13	7	13	8	5	1	3	13	10	9	9	7	5	12	2	4	12	7	10	5	217	101	71	34	7	46	5	59	16	5	7	3	1	3	15	7	7	12	10	8	13	7	13	8	5	1	3	13	10	9	9	7	5	12	2	4	12	7	10	5	217	101	71	34	7	46	5	59	16
GCF_008932245.1	7	10	7	4	7	17	8	11	20	8	6	12	7	10	6	5	6	2	11	23	13	9	11	4	7	4	3	18	9	10	4	239	95	79	42	4	46	8	50	13	7	10	7	4	7	17	8	11	20	8	6	12	7	10	6	5	6	2	11	23	13	9	11	4	7	4	3	18	9	10	4	239	95	79	42	4	46	8	50	13
GCF_008973485.1	2	4	5	2	3	13	6	7	7	11	7	9	6	11	11	7	1	2	6	6	4	4	5	2	11	5	3	9	7	2	6	145	77	30	12	5	34	5	41	16	2	4	5	2	3	13	6	7	7	11	7	9	6	11	11	7	1	2	6	6	4	4	5	2	11	5	3	9	7	2	6	145	77	30	12	5	34	5	41	16
GCF_009025875.1	1	4	3	1	1	4	7	5	0	0	0	2	4	10	6	6	1	1	5	1	2	3	0	2	4	3	4	3	7	1	5	73	24	8	6	0	7	5	23	12	1	4	3	1	1	4	7	5	0	0	0	2	4	10	6	6	1	1	5	1	2	3	0	2	4	3	4	3	7	1	5	73	24	8	6	0	7	5	23	12
GCF_009026825.1	2	5	2	1	4	12	7	8	7	6	6	12	6	10	5	5	2	1	6	7	8	3	4	3	6	4	3	8	7	3	4	130	75	33	16	4	38	7	35	12	2	5	2	1	4	12	7	8	7	6	6	12	6	10	5	5	2	1	6	7	8	3	4	3	6	4	3	8	7	3	4	130	75	33	16	4	38	7	35	12
GCF_009068765.1	5	3	2	1	2	14	4	6	6	6	5	13	4	7	7	5	0	3	4	4	6	4	4	3	5	1	3	11	7	2	4	119	72	28	13	4	35	4	32	11	5	3	2	1	2	14	4	6	6	6	5	13	4	7	7	5	0	3	4	4	6	4	4	3	5	1	3	11	7	2	4	119	72	28	13	4	35	4	32	11
GCF_009183365.2	4	7	3	1	3	17	6	7	12	9	8	14	6	12	7	5	1	3	11	17	8	7	6	3	9	3	3	15	8	2	5	207	102	59	37	6	47	10	53	14	4	7	3	1	3	17	6	7	12	9	8	14	6	12	7	5	1	3	11	17	8	7	6	3	9	3	3	15	8	2	5	207	102	59	37	6	47	10	53	14
GCF_009184705.1	3	7	3	2	4	15	6	8	8	8	5	10	6	10	9	6	2	1	6	5	9	9	5	1	4	4	3	2	7	3	5	136	74	29	18	4	41	5	26	14	3	7	3	2	4	15	6	8	8	8	5	10	6	10	9	6	2	1	6	5	9	9	5	1	4	4	3	2	7	3	5	136	74	29	18	4	41	5	26	14
GCF_009184865.1	4	6	4	2	7	17	7	11	15	12	8	18	6	13	7	6	3	1	10	15	11	5	10	5	9	4	3	16	11	9	5	209	98	60	21	5	49	9	49	15	4	6	4	2	7	17	7	11	15	12	8	18	6	13	7	6	3	1	10	15	11	5	10	5	9	4	3	16	11	9	5	209	98	60	21	5	49	9	49	15
GCF_009193295.2	6	5	9	5	3	10	6	8	9	8	6	9	6	11	15	5	2	1	8	7	9	7	5	6	5	2	3	2	6	4	5	153	72	32	16	5	37	7	30	20	6	5	9	5	3	10	6	8	9	8	6	9	6	11	15	5	2	1	8	7	9	7	5	6	5	2	3	2	6	4	5	153	72	32	16	5	37	7	30	20
GCF_009193325.2	3	5	9	2	3	10	6	8	8	10	6	7	6	8	9	5	0	1	8	6	7	5	5	5	5	2	3	2	6	3	5	134	66	30	16	5	36	7	28	14	3	5	9	2	3	10	6	8	8	10	6	7	6	8	9	5	0	1	8	6	7	5	5	5	5	2	3	2	6	3	5	134	66	30	16	5	36	7	28	14
GCF_009258045.1	4	3	2	0	2	13	5	6	7	6	5	14	5	8	8	5	0	3	4	3	6	4	4	3	5	2	3	10	7	3	4	126	77	30	12	4	38	6	34	13	4	3	2	0	2	13	5	6	7	6	5	14	5	8	8	5	0	3	4	3	6	4	4	3	5	2	3	10	7	3	4	126	77	30	12	4	38	6	34	13
GCF_009258225.1	6	3	2	0	3	12	5	7	7	8	6	13	5	7	8	5	0	3	7	7	6	6	4	4	6	1	3	12	8	3	4	130	81	35	17	5	38	5	36	12	6	3	2	0	3	12	5	7	7	8	6	13	5	7	8	5	0	3	7	7	6	6	4	4	6	1	3	12	8	3	4	130	81	35	17	5	38	5	36	12
GCF_009299385.1	4	5	4	1	6	17	6	10	11	6	7	14	7	13	4	5	2	1	10	13	9	7	9	4	6	4	3	16	9	8	4	194	83	60	24	5	42	8	46	13	4	5	4	1	6	17	6	10	11	6	7	14	7	13	4	5	2	1	10	13	9	7	9	4	6	4	3	16	9	8	4	194	83	60	24	5	42	8	46	13
GCF_009363075.1	3	8	7	4	3	13	9	8	13	14	7	14	10	14	14	10	1	3	5	4	6	6	3	3	9	4	3	11	8	6	5	181	86	40	16	7	44	7	43	21	3	8	7	4	3	13	9	8	13	14	7	14	10	14	14	10	1	3	5	4	6	6	3	3	9	4	3	11	8	6	5	181	86	40	16	7	44	7	43	21
GCF_009363115.1	5	5	6	3	3	11	9	7	7	18	6	12	8	15	10	8	1	2	12	5	7	12	5	6	7	4	3	17	8	6	5	186	92	47	20	6	40	5	52	20	5	5	6	3	3	11	9	7	7	18	6	12	8	15	10	8	1	2	12	5	7	12	5	6	7	4	3	17	8	6	5	186	92	47	20	6	40	5	52	20
GCF_009363155.1	7	11	1	4	6	18	8	9	7	13	8	14	7	6	6	5	3	2	11	15	7	7	5	5	6	3	4	15	9	8	4	218	100	72	37	7	52	9	51	10	7	11	1	4	6	18	8	9	7	13	8	14	7	6	6	5	3	2	11	15	7	7	5	5	6	3	4	15	9	8	4	218	100	72	37	7	52	9	51	10
GCF_009363415.1	5	5	2	1	2	15	6	6	13	11	8	13	6	9	5	5	1	4	11	7	8	8	6	3	9	3	4	9	7	1	5	185	90	48	26	6	42	5	54	11	5	5	2	1	2	15	6	6	13	11	8	13	6	9	5	5	1	4	11	7	8	8	6	3	9	3	4	9	7	1	5	185	90	48	26	6	42	5	54	11
GCF_009363855.1	6	4	2	1	3	13	7	7	8	5	7	11	8	9	7	6	3	1	8	10	7	7	7	2	7	2	3	12	7	3	4	160	77	47	22	4	39	7	38	13	6	4	2	1	3	13	7	7	8	5	7	11	8	9	7	6	3	1	8	10	7	7	7	2	7	2	3	12	7	3	4	160	77	47	22	4	39	7	38	13
GCF_009363895.1	4	5	3	2	2	13	6	6	6	4	5	9	5	8	8	5	1	2	6	4	6	6	5	5	8	2	4	9	7	1	4	136	63	35	20	3	26	7	39	13	4	5	3	2	2	13	6	6	6	4	5	9	5	8	8	5	1	2	6	4	6	6	5	5	8	2	4	9	7	1	4	136	63	35	20	3	26	7	39	13
GCF_009428965.1	6	5	2	3	1	13	6	6	4	3	5	1	6	8	3	5	3	1	2	2	3	6	3	5	7	4	3	0	8	1	5	85	44	17	13	2	18	5	26	9	6	5	2	3	1	13	6	6	4	3	5	1	6	8	3	5	3	1	2	2	3	6	3	5	7	4	3	0	8	1	5	85	44	17	13	2	18	5	26	9
GCF_009497075.1	3	7	6	3	5	18	10	10	12	8	6	17	8	15	9	8	3	1	10	12	12	3	7	5	13	3	4	11	10	8	5	220	94	53	20	7	47	10	55	19	3	7	6	3	5	18	10	10	12	8	6	17	8	15	9	8	3	1	10	12	12	3	7	5	13	3	4	11	10	8	5	220	94	53	20	7	47	10	55	19
GCF_009498035.1	2	6	6	4	5	17	6	11	14	11	9	18	9	14	8	7	2	2	8	9	5	2	7	8	11	4	3	14	17	8	4	224	106	53	17	7	48	9	59	19	2	6	6	4	5	17	6	11	14	11	9	18	9	14	8	7	2	2	8	9	5	2	7	8	11	4	3	14	17	8	4	224	106	53	17	7	48	9	59	19
GCF_009498275.1	3	7	3	2	5	17	6	9	11	10	8	12	6	11	3	6	2	1	10	10	8	5	9	5	10	4	4	17	11	7	5	194	88	59	22	5	41	8	48	11	3	7	3	2	5	17	6	9	11	10	8	12	6	11	3	6	2	1	10	10	8	5	9	5	10	4	4	17	11	7	5	194	88	59	22	5	41	8	48	11
GCF_009557235.1	3	3	2	1	3	15	7	6	7	7	7	10	6	6	3	5	1	2	9	6	6	6	5	4	8	3	3	11	7	2	4	141	73	42	24	5	38	8	41	7	3	3	2	1	3	15	7	6	7	7	7	10	6	6	3	5	1	2	9	6	6	6	5	4	8	3	3	11	7	2	4	141	73	42	24	5	38	8	41	7
GCF_009557615.1	3	3	3	3	1	10	5	5	9	9	6	9	6	9	7	4	1	2	6	4	3	7	2	3	8	2	3	7	7	2	5	129	67	31	15	5	32	6	32	14	3	3	3	3	1	10	5	5	9	9	6	9	6	9	7	4	1	2	6	4	3	7	2	3	8	2	3	7	7	2	5	129	67	31	15	5	32	6	32	14
GCF_009586235.1	4	7	8	2	8	19	7	13	12	12	8	17	8	14	12	6	2	1	14	20	9	6	7	4	11	4	6	16	9	9	4	276	114	91	40	7	54	9	61	21	4	7	8	2	8	19	7	13	12	12	8	17	8	14	12	6	2	1	14	20	9	6	7	4	11	4	6	16	9	9	4	276	114	91	40	7	54	9	61	21
GCF_009601765.2	5	4	5	1	2	15	7	6	11	9	8	13	6	10	4	6	1	3	10	9	6	8	5	6	8	3	3	9	7	4	5	181	84	52	26	6	42	6	51	11	5	4	5	1	2	15	7	6	11	9	8	13	6	10	4	6	1	3	10	9	6	8	5	6	8	3	3	9	7	4	5	181	84	52	26	6	42	6	51	11
GCF_009646095.1	6	6	6	5	6	13	7	8	8	7	6	18	7	11	6	4	5	1	9	12	7	8	9	7	8	4	3	17	7	5	4	183	96	50	27	4	46	7	50	12	6	6	6	5	6	13	7	8	8	7	6	18	7	11	6	4	5	1	9	12	7	8	9	7	8	4	3	17	7	5	4	183	96	50	27	4	46	7	50	12
GCF_009649075.1	3	6	3	3	5	15	8	9	8	8	6	14	6	7	4	4	2	2	6	10	13	6	9	2	6	4	3	9	7	5	4	153	74	43	21	4	41	8	36	8	3	6	3	3	5	15	8	9	8	8	6	14	6	7	4	4	2	2	6	10	13	6	9	2	6	4	3	9	7	5	4	153	74	43	21	4	41	8	36	8
GCF_009649955.1	4	4	2	1	3	11	7	8	7	7	8	13	7	10	5	8	1	2	5	6	5	6	4	5	5	0	3	18	7	3	4	148	76	36	14	7	40	5	39	12	4	4	2	1	3	11	7	8	7	7	8	13	7	10	5	8	1	2	5	6	5	6	4	5	5	0	3	18	7	3	4	148	76	36	14	7	40	5	39	12
GCF_009650095.1	2	9	9	2	4	13	6	7	9	12	6	11	6	11	5	5	3	1	7	4	5	8	3	8	10	5	3	8	8	8	5	172	85	45	17	7	44	5	45	11	2	9	9	2	4	13	6	7	9	12	6	11	6	11	5	5	3	1	7	4	5	8	3	8	10	5	3	8	8	8	5	172	85	45	17	7	44	5	45	11
GCF_009650215.1	3	5	2	2	3	14	8	6	6	3	5	9	6	6	4	4	1	0	6	5	5	5	5	1	9	2	3	11	6	6	4	119	64	30	11	4	29	8	33	9	3	5	2	2	3	14	8	6	6	3	5	9	6	6	4	4	1	0	6	5	5	5	5	1	9	2	3	11	6	6	4	119	64	30	11	4	29	8	33	9
GCF_009662475.1	6	4	4	3	3	13	8	6	6	10	7	11	6	10	12	4	1	1	7	2	5	6	6	4	3	1	3	9	7	1	4	146	79	35	20	6	40	6	41	17	6	4	4	3	3	13	8	6	6	10	7	11	6	10	12	4	1	1	7	2	5	6	6	4	3	1	3	9	7	1	4	146	79	35	20	6	40	6	41	17
GCF_009664085.1	5	3	2	1	3	12	6	6	7	9	9	10	6	12	9	6	1	2	7	3	6	6	5	4	5	3	4	17	8	1	4	161	85	36	18	7	38	6	51	17	5	3	2	1	3	12	6	6	7	9	9	10	6	12	9	6	1	2	7	3	6	6	5	4	5	3	4	17	8	1	4	161	85	36	18	7	38	6	51	17
GCF_009665415.1	5	7	5	2	2	14	7	7	13	10	8	13	7	11	5	6	1	3	12	7	7	8	6	4	9	3	4	12	7	3	6	200	94	54	29	7	44	7	56	12	5	7	5	2	2	14	7	7	13	10	8	13	7	11	5	6	1	3	12	7	7	8	6	4	9	3	4	12	7	3	6	200	94	54	29	7	44	7	56	12
GCF_009671065.1	3	5	3	1	3	14	8	6	8	10	7	11	6	8	8	5	1	1	7	5	6	5	6	5	7	3	3	10	8	2	4	154	81	41	24	5	39	8	42	13	3	5	3	1	3	14	8	6	8	10	7	11	6	8	8	5	1	1	7	5	6	5	6	5	7	3	3	10	8	2	4	154	81	41	24	5	39	8	42	13
GCF_009676955.1	5	4	1	2	3	11	8	7	7	5	4	9	6	4	6	4	2	1	5	5	6	7	5	2	2	2	3	3	6	3	5	110	53	24	15	3	31	10	18	8	5	4	1	2	3	11	8	7	7	5	4	9	6	4	6	4	2	1	5	5	6	7	5	2	2	2	3	3	6	3	5	110	53	24	15	3	31	10	18	8
GCF_009684715.1	3	6	3	1	1	14	5	5	8	6	7	12	6	12	7	4	1	3	6	7	6	7	4	6	7	2	3	7	7	1	5	146	77	36	20	4	37	7	38	14	3	6	3	1	1	14	5	5	8	6	7	12	6	12	7	4	1	3	6	7	6	7	4	6	7	2	3	7	7	1	5	146	77	36	20	4	37	7	38	14
GCF_009688945.1	2	4	2	4	3	10	5	8	9	5	6	13	6	6	10	4	1	2	8	11	9	5	9	5	5	2	3	10	7	3	6	145	68	38	21	5	37	5	29	13	2	4	2	4	3	10	5	8	9	5	6	13	6	6	10	4	1	2	8	11	9	5	9	5	5	2	3	10	7	3	6	145	68	38	21	5	37	5	29	13
GCF_009708215.1	5	8	7	5	3	17	7	7	11	9	7	14	7	13	7	6	3	1	7	11	10	6	6	2	9	4	3	7	12	6	5	190	91	54	29	5	46	9	38	14	5	8	7	5	3	17	7	7	11	9	7	14	7	13	7	6	3	1	7	11	10	6	6	2	9	4	3	7	12	6	5	190	91	54	29	5	46	9	38	14
GCF_009720525.1	4	6	3	2	6	13	5	10	7	6	4	11	4	8	7	5	2	1	11	5	5	8	6	2	5	2	3	8	8	7	4	137	71	40	18	4	38	6	32	13	4	6	3	2	6	13	5	10	7	6	4	11	4	8	7	5	2	1	11	5	5	8	6	2	5	2	3	8	8	7	4	137	71	40	18	4	38	6	32	13
GCF_009720625.1	4	11	13	1	4	14	6	8	11	14	7	11	7	16	9	6	1	1	13	10	6	12	7	6	14	5	4	12	8	8	6	212	106	54	24	8	49	5	58	17	4	11	13	1	4	14	6	8	11	14	7	11	7	16	9	6	1	1	13	10	6	12	7	6	14	5	4	12	8	8	6	212	106	54	24	8	49	5	58	17
GCF_009728935.1	2	8	10	3	5	16	8	8	10	16	8	11	9	20	15	8	3	2	7	6	5	6	4	2	9	4	4	9	7	7	6	187	99	46	18	7	44	7	44	28	2	8	10	3	5	16	8	8	10	16	8	11	9	20	15	8	3	2	7	6	5	6	4	2	9	4	4	9	7	7	6	187	99	46	18	7	44	7	44	28
GCF_009730295.1	3	4	2	1	1	9	7	6	4	11	4	1	6	9	3	4	1	2	2	1	2	5	2	5	1	2	3	1	7	1	5	78	35	13	7	2	17	4	21	8	3	4	2	1	1	9	7	6	4	11	4	1	6	9	3	4	1	2	2	1	2	5	2	5	1	2	3	1	7	1	5	78	35	13	7	2	17	4	21	8
GCF_009731575.1	5	3	2	4	3	8	6	5	7	4	5	9	6	7	8	5	1	2	5	3	6	5	5	6	5	1	3	8	6	2	5	114	57	25	11	4	30	4	35	11	5	3	2	4	3	8	6	5	7	4	5	9	6	7	8	5	1	2	5	3	6	5	5	6	5	1	3	8	6	2	5	114	57	25	11	4	30	4	35	11
GCF_009734005.1	5	5	10	1	1	12	8	6	5	5	5	7	5	12	7	5	1	2	3	3	3	5	2	3	2	3	4	0	8	1	5	109	50	21	13	2	24	5	23	13	5	5	10	1	1	12	8	6	5	5	5	7	5	12	7	5	1	2	3	3	3	5	2	3	2	3	4	0	8	1	5	109	50	21	13	2	24	5	23	13
GCF_009734385.1	2	4	2	1	3	14	7	7	7	7	4	16	5	10	6	5	2	1	5	6	6	2	4	4	6	4	3	13	8	2	4	137	76	26	12	4	40	10	40	11	2	4	2	1	3	14	7	7	7	7	4	16	5	10	6	5	2	1	5	6	6	2	4	4	6	4	3	13	8	2	4	137	76	26	12	4	40	10	40	11
GCF_009734405.1	3	6	3	1	4	15	7	8	7	6	7	18	6	10	5	5	2	1	7	6	5	3	5	2	7	4	3	8	8	3	4	150	89	36	18	4	45	10	39	11	3	6	3	1	4	15	7	8	7	6	7	18	6	10	5	5	2	1	7	6	5	3	5	2	7	4	3	8	8	3	4	150	89	36	18	4	45	10	39	11
GCF_009734425.1	2	5	4	1	4	15	7	8	6	5	7	15	6	10	7	5	2	1	6	6	4	3	4	3	8	5	3	8	8	4	4	148	86	36	17	4	42	10	42	12	2	5	4	1	4	15	7	8	6	5	7	15	6	10	7	5	2	1	6	6	4	3	4	3	8	5	3	8	8	4	4	148	86	36	17	4	42	10	42	12
GCF_009738185.1	5	6	5	3	6	18	8	7	12	14	7	17	6	10	7	6	4	3	12	12	8	7	6	7	6	5	4	11	8	4	5	228	105	58	26	6	47	11	54	14	5	6	5	3	6	18	8	7	12	14	7	17	6	10	7	6	4	3	12	12	8	7	6	7	6	5	4	11	8	4	5	228	105	58	26	6	47	11	54	14
GCF_009739515.1	5	6	3	3	2	14	6	6	13	7	6	10	6	8	9	5	1	3	8	9	8	9	7	4	5	3	3	13	9	3	4	162	79	46	28	4	37	7	38	14	5	6	3	3	2	14	6	6	13	7	6	10	6	8	9	5	1	3	8	9	8	9	7	4	5	3	3	13	9	3	4	162	79	46	28	4	37	7	38	14
GCF_009739945.1	3	7	2	1	2	10	2	5	8	16	6	9	7	4	4	3	3	2	8	7	4	9	3	6	3	5	4	6	6	3	5	148	69	40	26	4	29	5	35	6	3	7	2	1	2	10	2	5	8	16	6	9	7	4	4	3	3	2	8	7	4	9	3	6	3	5	4	6	6	3	5	148	69	40	26	4	29	5	35	6
GCF_009740285.1	5	4	6	3	3	12	7	7	8	7	6	11	8	10	7	7	2	2	9	3	6	10	5	2	6	1	3	10	6	4	5	143	70	40	15	5	33	8	34	14	5	4	6	3	3	12	7	7	8	7	6	11	8	10	7	7	2	2	9	3	6	10	5	2	6	1	3	10	6	4	5	143	70	40	15	5	33	8	34	14
GCF_009754905.2	2	4	3	3	2	10	5	6	8	7	6	7	6	8	7	5	1	1	4	2	5	5	3	2	6	1	3	8	6	2	5	108	58	23	9	5	26	5	29	13	2	4	3	3	2	10	5	6	8	7	6	7	6	8	7	5	1	1	4	2	5	5	3	2	6	1	3	8	6	2	5	108	58	23	9	5	26	5	29	13
GCF_009755645.1	3	8	3	2	10	17	7	13	9	9	7	13	6	8	11	5	1	2	8	21	9	6	5	4	9	4	5	19	7	12	4	229	100	74	34	5	50	8	58	15	3	8	3	2	10	17	7	13	9	9	7	13	6	8	11	5	1	2	8	21	9	6	5	4	9	4	5	19	7	12	4	229	100	74	34	5	50	8	58	15
GCF_009756665.1	3	5	1	1	5	12	5	8	9	9	6	12	5	7	5	5	1	2	7	6	6	4	6	3	6	2	3	10	7	8	5	158	78	45	22	5	40	5	41	10	3	5	1	1	5	12	5	8	9	9	6	12	5	7	5	5	1	2	7	6	6	4	6	3	6	2	3	10	7	8	5	158	78	45	22	5	40	5	41	10
GCF_009762325.1	5	6	2	2	8	15	8	12	19	4	6	10	6	7	8	5	1	1	8	15	6	7	7	3	6	2	3	17	12	8	4	186	88	52	25	4	40	8	37	12	5	6	2	2	8	15	8	12	19	4	6	10	6	7	8	5	1	1	8	15	6	7	7	3	6	2	3	17	12	8	4	186	88	52	25	4	40	8	37	12
GCF_009762775.1	6	9	6	5	5	9	6	9	10	11	6	11	6	13	11	5	2	1	9	7	8	9	6	2	8	2	3	13	7	5	5	165	85	42	17	6	42	7	39	17	6	9	6	5	5	9	6	9	10	11	6	11	6	13	11	5	2	1	9	7	8	9	6	2	8	2	3	13	7	5	5	165	85	42	17	6	42	7	39	17
GCF_009762795.1	4	5	2	1	4	11	7	8	8	4	5	11	6	7	7	5	1	3	3	8	9	4	5	5	6	3	3	10	8	4	5	142	70	37	16	4	35	8	35	12	4	5	2	1	4	11	7	8	8	4	5	11	6	7	7	5	1	3	3	8	9	4	5	5	6	3	3	10	8	4	5	142	70	37	16	4	35	8	35	12
GCF_009769165.1	4	5	3	2	4	13	6	8	8	11	5	10	5	8	10	6	1	2	9	10	7	6	6	4	6	4	4	8	7	7	5	178	76	53	27	3	34	7	40	14	4	5	3	2	4	13	6	8	8	11	5	10	5	8	10	6	1	2	9	10	7	6	6	4	6	4	4	8	7	7	5	178	76	53	27	3	34	7	40	14
GCF_009769205.1	5	6	2	1	1	6	7	5	6	7	6	0	6	10	6	4	1	2	5	2	3	7	3	2	6	2	3	0	7	1	5	79	38	20	14	3	15	5	20	12	5	6	2	1	1	6	7	5	6	7	6	0	6	10	6	4	1	2	5	2	3	7	3	2	6	2	3	0	7	1	5	79	38	20	14	3	15	5	20	12
GCF_009789655.1	4	8	8	6	5	18	6	8	11	12	7	12	7	10	14	5	3	2	11	18	10	6	7	4	8	3	6	16	9	7	4	255	97	86	39	6	44	8	57	19	4	8	8	6	5	18	6	8	11	12	7	12	7	10	14	5	3	2	11	18	10	6	7	4	8	3	6	16	9	7	4	255	97	86	39	6	44	8	57	19
GCF_009789675.1	4	8	7	4	7	17	7	8	8	9	7	15	7	10	13	5	3	1	12	24	6	6	8	4	8	3	6	16	9	8	4	247	101	79	39	6	47	8	57	18	4	8	7	4	7	17	7	8	8	9	7	15	7	10	13	5	3	1	12	24	6	6	8	4	8	3	6	16	9	8	4	247	101	79	39	6	47	8	57	18
GCF_009792295.1	2	4	1	1	1	9	6	5	6	5	7	4	7	7	5	7	1	2	5	1	2	5	2	3	8	2	3	9	4	2	5	103	49	27	12	4	17	6	33	10	2	4	1	1	1	9	6	5	6	5	7	4	7	7	5	7	1	2	5	1	2	5	2	3	8	2	3	9	4	2	5	103	49	27	12	4	17	6	33	10
GCF_009792355.1	3	5	2	1	4	13	7	8	8	6	7	10	6	8	9	5	3	1	7	7	6	6	6	4	9	2	3	10	7	3	4	148	72	40	19	5	36	7	40	14	3	5	2	1	4	13	7	8	8	6	7	10	6	8	9	5	3	1	7	7	6	6	6	4	9	2	3	10	7	3	4	148	72	40	19	5	36	7	40	14
GCF_009796285.1	3	6	4	2	5	17	7	9	14	9	8	13	6	13	6	6	2	1	13	9	11	6	10	6	10	4	4	18	15	7	4	213	96	60	21	5	43	8	54	14	3	6	4	2	5	17	7	9	14	9	8	13	6	13	6	6	2	1	13	9	11	6	10	6	10	4	4	18	15	7	4	213	96	60	21	5	43	8	54	14
GCF_009817885.1	7	9	9	2	6	15	7	8	15	15	7	16	8	11	9	7	2	3	14	13	10	9	6	6	6	5	4	14	8	7	5	255	111	70	31	6	48	8	57	16	7	9	9	2	6	15	7	8	15	15	7	16	8	11	9	7	2	3	14	13	10	9	6	6	6	5	4	14	8	7	5	255	111	70	31	6	48	8	57	16
GCF_009831375.1	3	4	7	2	3	9	6	8	6	8	7	10	7	11	4	5	1	3	3	3	6	6	3	5	1	2	3	5	8	3	5	118	63	24	10	4	37	5	20	12	3	4	7	2	3	9	6	8	6	8	7	10	7	11	4	5	1	3	3	3	6	6	3	5	1	2	3	5	8	3	5	118	63	24	10	4	37	5	20	12
GCF_009831415.1	6	9	8	3	2	13	7	6	10	13	7	15	8	15	11	7	2	3	12	17	7	7	8	6	6	4	4	18	7	4	5	238	102	62	33	5	41	8	58	20	6	9	8	3	2	13	7	6	10	13	7	15	8	15	11	7	2	3	12	17	7	7	8	6	6	4	4	18	7	4	5	238	102	62	33	5	41	8	58	20
GCF_009832765.1	2	8	7	1	3	13	7	7	9	12	6	9	6	8	4	6	1	2	6	3	5	6	4	7	2	5	3	6	7	2	5	132	68	31	14	5	39	5	33	10	2	8	7	1	3	13	7	7	9	12	6	9	6	8	4	6	1	2	6	3	5	6	4	7	2	5	3	6	7	2	5	132	68	31	14	5	39	5	33	10
GCF_009833965.1	4	3	3	1	3	13	7	6	8	8	8	11	6	7	8	5	1	2	7	5	6	5	5	5	5	2	3	9	8	2	4	142	78	35	17	6	40	7	41	12	4	3	3	1	3	13	7	6	8	8	8	11	6	7	8	5	1	2	7	5	6	5	5	5	5	2	3	9	8	2	4	142	78	35	17	6	40	7	41	12
GCF_009834025.1	2	5	2	1	3	14	7	7	8	11	6	12	6	11	5	6	2	1	6	6	8	2	5	6	7	3	3	14	6	5	4	157	74	35	14	4	39	9	42	13	2	5	2	1	3	14	7	7	8	11	6	12	6	11	5	6	2	1	6	6	8	2	5	6	7	3	3	14	6	5	4	157	74	35	14	4	39	9	42	13
GCF_009834345.1	4	8	5	1	6	17	6	9	16	10	8	13	6	8	6	5	3	2	13	17	13	7	9	6	8	4	3	17	8	9	4	234	88	76	39	6	45	9	54	11	4	8	5	1	6	17	6	9	16	10	8	13	6	8	6	5	3	2	13	17	13	7	9	6	8	4	3	17	8	9	4	234	88	76	39	6	45	9	54	11
GCF_009834925.2	4	3	2	1	3	11	7	8	3	8	5	9	7	9	4	6	1	1	3	5	5	6	4	5	2	2	3	7	7	3	4	119	57	33	14	4	32	7	30	9	4	3	2	1	3	11	7	8	3	8	5	9	7	9	4	6	1	1	3	5	5	6	4	5	2	2	3	7	7	3	4	119	57	33	14	4	32	7	30	9
GCF_009856605.1	5	6	1	4	4	14	4	6	4	9	7	14	7	9	9	4	2	1	9	3	8	5	7	3	6	2	4	23	9	1	5	173	101	41	21	8	43	6	53	15	5	6	1	4	4	14	4	6	4	9	7	14	7	9	9	4	2	1	9	3	8	5	7	3	6	2	4	23	9	1	5	173	101	41	21	8	43	6	53	15
GCF_009856625.1	4	7	4	2	8	17	9	11	14	11	9	13	8	9	12	5	4	3	10	18	10	7	6	4	9	3	3	16	8	12	4	224	100	74	34	6	50	9	53	16	4	7	4	2	8	17	9	11	14	11	9	13	8	9	12	5	4	3	10	18	10	7	6	4	9	3	3	16	8	12	4	224	100	74	34	6	50	9	53	16
GCF_009884975.1	4	3	2	2	7	17	7	7	9	8	7	11	8	6	3	7	1	2	9	8	7	7	5	6	8	3	4	11	7	7	4	181	81	54	25	5	41	8	49	7	4	3	2	2	7	17	7	7	9	8	7	11	8	6	3	7	1	2	9	8	7	7	5	6	8	3	4	11	7	7	4	181	81	54	25	5	41	8	49	7
GCF_009901525.1	2	4	1	1	3	10	6	6	8	6	6	8	6	8	5	5	1	2	7	3	5	6	4	3	5	1	3	7	3	3	5	116	57	28	10	5	29	7	33	12	2	4	1	1	3	10	6	6	8	6	6	8	6	8	5	5	1	2	7	3	5	6	4	3	5	1	3	7	3	3	5	116	57	28	10	5	29	7	33	12
GCF_009905215.1	2	4	1	3	2	8	6	7	5	6	4	10	5	8	6	3	1	1	4	2	7	4	3	3	5	1	3	3	4	4	4	103	54	24	9	3	30	5	25	12	2	4	1	3	2	8	6	7	5	6	4	10	5	8	6	3	1	1	4	2	7	4	3	3	5	1	3	3	4	4	4	103	54	24	9	3	30	5	25	12
GCF_009905255.1	5	5	6	2	4	9	6	8	6	6	6	10	6	13	3	7	1	1	9	3	5	10	3	4	5	1	3	10	6	3	5	129	63	35	17	6	34	5	30	11	5	5	6	2	4	9	6	8	6	6	6	10	6	13	3	7	1	1	9	3	5	10	3	4	5	1	3	10	6	3	5	129	63	35	17	6	34	5	30	11
GCF_009906855.1	5	5	2	2	5	15	7	7	7	10	7	10	7	10	9	6	1	3	7	14	7	5	7	3	3	3	4	11	8	8	4	183	78	55	32	5	41	9	41	15	5	5	2	2	5	15	7	7	7	10	7	10	7	10	9	6	1	3	7	14	7	5	7	3	3	3	4	11	8	8	4	183	78	55	32	5	41	9	41	15
GCF_009910365.1	3	5	4	1	5	14	4	7	7	5	7	12	5	8	7	5	1	2	6	8	6	6	4	2	7	2	3	11	8	3	5	149	82	40	21	5	40	5	37	12	3	5	4	1	5	14	4	7	7	5	7	12	5	8	7	5	1	2	6	8	6	6	4	2	7	2	3	11	8	3	5	149	82	40	21	5	40	5	37	12
GCF_009911755.1	3	8	2	2	12	17	8	13	9	7	8	12	9	7	8	6	1	3	10	20	10	5	6	5	8	4	6	18	7	12	4	230	101	74	32	5	46	9	60	12	3	8	2	2	12	17	8	13	9	7	8	12	9	7	8	6	1	3	10	20	10	5	6	5	8	4	6	18	7	12	4	230	101	74	32	5	46	9	60	12
GCF_009913235.1	2	4	2	1	2	12	7	5	6	7	5	7	5	8	6	4	2	2	4	2	5	5	4	2	6	2	3	10	7	2	5	123	61	27	11	3	26	7	35	12	2	4	2	1	2	12	7	5	6	7	5	7	5	8	6	4	2	2	4	2	5	5	4	2	6	2	3	10	7	2	5	123	61	27	11	3	26	7	35	12
GCF_009913655.1	3	6	5	2	2	13	6	6	7	9	6	11	6	10	3	6	1	3	8	2	3	5	3	4	8	3	3	1	9	1	6	124	64	25	14	4	36	5	27	11	3	6	5	2	2	13	6	6	7	9	6	11	6	10	3	6	1	3	8	2	3	5	3	4	8	3	3	1	9	1	6	124	64	25	14	4	36	5	27	11
GCF_009914665.1	4	4	1	2	1	14	6	6	4	5	3	6	5	5	6	6	1	1	3	2	6	6	3	1	5	1	3	9	2	2	5	90	49	27	13	2	18	8	29	9	4	4	1	2	1	14	6	6	4	5	3	6	5	5	6	6	1	1	3	2	6	6	3	1	5	1	3	9	2	2	5	90	49	27	13	2	18	8	29	9
GCF_009930795.1	4	6	6	4	6	16	6	10	7	6	7	12	8	10	8	7	1	1	6	9	5	3	6	2	5	4	3	6	7	5	4	153	81	43	24	4	39	8	31	15	4	6	6	4	6	16	6	10	7	6	7	12	8	10	8	7	1	1	6	9	5	3	6	2	5	4	3	6	7	5	4	153	81	43	24	4	39	8	31	15
GCF_009931115.1	5	6	8	1	7	14	4	9	10	8	8	11	6	10	8	5	1	2	9	9	6	6	6	4	8	2	3	11	8	9	5	181	90	54	27	6	45	5	44	13	5	6	8	1	7	14	4	9	10	8	8	11	6	10	8	5	1	2	9	9	6	6	6	4	8	2	3	11	8	9	5	181	90	54	27	6	45	5	44	13
GCF_009931615.1	5	8	7	2	6	15	8	10	15	7	6	11	6	8	7	5	3	1	7	12	7	7	8	4	8	2	3	18	8	10	4	196	84	63	30	4	42	8	45	12	5	8	7	2	6	15	8	10	15	7	6	11	6	8	7	5	3	1	7	12	7	7	8	4	8	2	3	18	8	10	4	196	84	63	30	4	42	8	45	12
GCF_009931655.1	2	6	8	2	1	13	8	5	10	10	8	8	5	9	8	4	2	2	6	4	7	5	6	2	6	2	3	10	7	6	4	152	72	43	14	7	33	8	39	15	2	6	8	2	1	13	8	5	10	10	8	8	5	9	8	4	2	2	6	4	7	5	6	2	6	2	3	10	7	6	4	152	72	43	14	7	33	8	39	15
GCF_009937995.1	4	5	2	3	10	15	7	11	7	10	9	10	7	9	13	5	1	2	7	10	8	5	4	4	5	2	3	9	8	11	4	164	86	46	17	8	47	7	39	18	4	5	2	3	10	15	7	11	7	10	9	10	7	9	13	5	1	2	7	10	8	5	4	4	5	2	3	9	8	11	4	164	86	46	17	8	47	7	39	18
GCF_010092985.1	2	5	1	2	1	12	7	5	6	6	5	6	6	6	8	4	1	2	4	3	5	5	4	2	8	2	3	10	7	3	5	128	61	31	12	3	24	7	39	12	2	5	1	2	1	12	7	5	6	6	5	6	6	6	8	4	1	2	4	3	5	5	4	2	8	2	3	10	7	3	5	128	61	31	12	3	24	7	39	12
GCF_010093065.1	4	10	7	3	3	15	7	6	8	9	7	8	7	9	7	5	2	2	8	3	7	7	6	3	7	2	3	15	6	6	5	159	76	42	18	5	37	8	39	15	4	10	7	3	3	15	7	6	8	9	7	8	7	9	7	5	2	2	8	3	7	7	6	3	7	2	3	15	6	6	5	159	76	42	18	5	37	8	39	15
GCF_010119935.1	2	8	16	3	4	18	10	9	9	13	7	12	7	20	14	13	3	3	4	3	6	6	3	6	11	4	4	11	8	12	6	205	96	56	16	7	44	9	50	26	2	8	16	3	4	18	10	9	9	13	7	12	7	20	14	13	3	3	4	3	6	6	3	6	11	4	4	11	8	12	6	205	96	56	16	7	44	9	50	26
GCF_010119975.1	2	6	9	3	3	11	7	6	9	9	6	10	5	12	12	4	2	2	8	3	5	5	6	2	9	2	2	11	8	7	4	158	77	44	16	5	37	6	39	20	2	6	9	3	3	11	7	6	9	9	6	10	5	12	12	4	2	2	8	3	5	5	6	2	9	2	2	11	8	7	4	158	77	44	16	5	37	6	39	20
GCF_010365285.1	1	10	16	4	5	16	12	9	13	15	8	15	9	19	14	12	1	4	4	4	9	7	3	6	11	4	4	13	8	6	6	211	105	45	18	8	51	11	50	26	1	10	16	4	5	16	12	9	13	15	8	15	9	19	14	12	1	4	4	4	9	7	3	6	11	4	4	13	8	6	6	211	105	45	18	8	51	11	50	26
GCF_010378095.2	5	4	4	2	9	13	7	10	6	9	8	11	6	11	13	4	1	1	8	8	7	6	6	4	5	2	3	9	7	10	4	161	89	46	20	7	47	6	45	18	5	4	4	2	9	13	7	10	6	9	8	11	6	11	13	4	1	1	8	8	7	6	6	4	5	2	3	9	7	10	4	161	89	46	20	7	47	6	45	18
GCF_010448835.1	4	6	7	4	4	9	6	7	10	8	6	10	6	10	10	5	1	0	8	6	6	5	5	2	5	2	3	11	7	3	4	153	74	35	12	6	36	7	35	16	4	6	7	4	4	9	6	7	10	8	6	10	6	10	10	5	1	0	8	6	6	5	5	2	5	2	3	11	7	3	4	153	74	35	12	6	36	7	35	16
GCF_010450915.1	4	7	10	2	3	13	9	7	7	11	7	15	9	19	12	10	1	2	7	5	6	9	2	5	7	4	3	15	8	10	5	186	95	44	17	6	45	6	43	24	4	7	10	2	3	13	9	7	7	11	7	15	9	19	12	10	1	2	7	5	6	9	2	5	7	4	3	15	8	10	5	186	95	44	17	6	45	6	43	24
GCF_010509075.1	5	4	1	1	3	11	7	8	4	7	4	6	4	11	3	6	1	1	4	3	5	7	4	4	2	2	3	3	7	3	5	98	46	20	13	3	28	7	20	11	5	4	1	1	3	11	7	8	4	7	4	6	4	11	3	6	1	1	4	3	5	7	4	4	2	2	3	3	7	3	5	98	46	20	13	3	28	7	20	11
GCF_010509575.1	5	3	4	1	3	10	7	8	4	6	3	7	5	12	5	6	1	1	5	4	3	8	2	4	1	1	3	3	6	3	5	99	50	20	12	4	29	7	18	13	5	3	4	1	3	10	7	8	4	6	3	7	5	12	5	6	1	1	5	4	3	8	2	4	1	1	3	3	6	3	5	99	50	20	12	4	29	7	18	13
GCF_010587025.1	2	7	8	3	1	12	5	5	8	8	7	15	6	11	6	4	3	3	8	7	6	6	4	6	5	2	3	7	7	1	5	160	80	40	19	4	40	5	38	13	2	7	8	3	1	12	5	5	8	8	7	15	6	11	6	4	3	3	8	7	6	6	4	6	5	2	3	7	7	1	5	160	80	40	19	4	40	5	38	13
GCF_010669145.1	5	8	7	2	6	16	9	10	10	10	6	11	7	10	4	7	3	2	9	13	10	7	8	4	5	3	3	17	7	10	4	201	85	61	27	4	43	8	49	11	5	8	7	2	6	16	9	10	10	10	6	11	7	10	4	7	3	2	9	13	10	7	8	4	5	3	3	17	7	10	4	201	85	61	27	4	43	8	49	11
GCF_010669205.1	4	6	11	3	5	10	6	11	8	6	8	12	8	10	5	7	7	2	9	10	2	8	2	4	1	2	2	7	7	6	5	158	78	47	17	5	44	4	25	12	4	6	11	3	5	10	6	11	8	6	8	12	8	10	5	7	7	2	9	10	2	8	2	4	1	2	2	7	7	6	5	158	78	47	17	5	44	4	25	12
GCF_010669285.1	5	5	2	1	7	12	5	10	11	6	8	11	5	10	7	5	3	2	13	12	8	7	9	3	7	2	3	10	7	9	5	171	88	56	25	6	43	6	40	14	5	5	2	1	7	12	5	10	11	6	8	11	5	10	7	5	3	2	13	12	8	7	9	3	7	2	3	10	7	9	5	171	88	56	25	6	43	6	40	14
GCF_010669305.1	3	4	1	1	1	11	6	7	4	7	6	7	6	5	2	7	1	1	5	1	2	5	2	4	7	1	3	8	9	2	5	107	61	21	8	3	31	6	27	6	3	4	1	1	1	11	6	7	4	7	6	7	6	5	2	7	1	1	5	1	2	5	2	4	7	1	3	8	9	2	5	107	61	21	8	3	31	6	27	6
GCF_010681825.2	4	4	2	2	3	13	7	4	8	6	4	10	6	8	7	5	1	2	5	2	7	6	6	4	6	1	3	5	5	1	5	121	63	25	12	5	33	7	33	11	4	4	2	2	3	13	7	4	8	6	4	10	6	8	7	5	1	2	5	2	7	6	6	4	6	1	3	5	5	1	5	121	63	25	12	5	33	7	33	11
GCF_010725485.1	4	5	4	1	14	15	8	17	9	8	6	15	6	10	8	5	2	2	9	20	7	6	7	5	9	4	3	16	12	17	4	196	105	53	20	5	50	10	50	14	4	5	4	1	14	15	8	17	9	8	6	15	6	10	8	5	2	2	9	20	7	6	7	5	9	4	3	16	12	17	4	196	105	53	20	5	50	10	50	14
GCF_010725725.1	3	5	2	1	4	14	7	8	7	6	6	13	6	10	8	5	2	2	11	9	6	4	8	3	10	4	3	14	10	7	4	167	86	43	18	4	39	9	46	14	3	5	2	1	4	14	7	8	7	6	6	13	6	10	8	5	2	2	11	9	6	4	8	3	10	4	3	14	10	7	4	167	86	43	18	4	39	9	46	14
GCF_010725885.1	5	5	7	3	8	17	9	11	10	9	6	15	6	12	8	5	3	2	9	14	10	5	11	6	10	4	3	16	14	10	4	212	105	56	24	5	44	10	53	15	5	5	7	3	8	17	9	11	10	9	6	15	6	12	8	5	3	2	9	14	10	5	11	6	10	4	3	16	14	10	4	212	105	56	24	5	44	10	53	15
GCF_010726085.1	3	6	4	2	7	14	7	11	7	6	7	14	7	9	7	5	2	2	11	11	7	6	8	4	8	4	3	15	11	10	4	172	92	47	19	4	44	9	47	12	3	6	4	2	7	14	7	11	7	6	7	14	7	9	7	5	2	2	11	11	7	6	8	4	8	4	3	15	11	10	4	172	92	47	19	4	44	9	47	12
GCF_010726245.1	4	5	4	2	9	15	9	12	8	8	7	14	8	12	9	5	2	2	10	13	7	6	8	4	9	4	3	15	12	11	4	197	103	52	21	5	47	11	48	16	4	5	4	2	9	15	9	12	8	8	7	14	8	12	9	5	2	2	10	13	7	6	8	4	9	4	3	15	12	11	4	197	103	52	21	5	47	11	48	16
GCF_010726955.1	3	4	2	1	3	14	7	7	9	9	7	15	7	8	6	5	2	2	9	8	6	3	8	5	6	4	3	15	11	6	4	165	88	43	19	4	43	9	45	11	3	4	2	1	3	14	7	7	9	9	7	15	7	8	6	5	2	2	9	8	6	3	8	5	6	4	3	15	11	6	4	165	88	43	19	4	43	9	45	11
GCF_010727945.1	4	5	2	1	6	14	7	10	8	10	7	13	7	12	8	5	2	2	9	12	7	4	7	4	5	4	3	11	12	5	4	168	90	45	21	4	43	9	40	16	4	5	2	1	6	14	7	10	8	10	7	13	7	12	8	5	2	2	9	12	7	4	7	4	5	4	3	11	12	5	4	168	90	45	21	4	43	9	40	16
GCF_010728155.1	3	5	2	1	7	16	8	9	7	4	6	13	6	9	5	6	2	2	8	9	5	3	8	5	9	4	3	15	12	11	4	167	87	44	17	4	39	10	47	11	3	5	2	1	7	16	8	9	7	4	6	13	6	9	5	6	2	2	8	9	5	3	8	5	9	4	3	15	12	11	4	167	87	44	17	4	39	10	47	11
GCF_010728725.1	3	5	2	2	3	14	7	7	8	9	7	13	7	9	8	5	2	2	8	7	6	3	7	5	10	4	3	15	11	6	4	172	91	44	19	4	39	9	50	14	3	5	2	2	3	14	7	7	8	9	7	13	7	9	8	5	2	2	8	7	6	3	7	5	10	4	3	15	11	6	4	172	91	44	19	4	39	9	50	14
GCF_010728925.1	3	6	4	1	6	15	7	10	7	5	7	14	7	10	7	5	2	2	11	9	5	6	8	4	9	4	3	15	12	9	4	174	91	49	19	4	43	9	47	12	3	6	4	1	6	15	7	10	7	5	7	14	7	10	7	5	2	2	11	9	5	6	8	4	9	4	3	15	12	9	4	174	91	49	19	4	43	9	47	12
GCF_010729105.1	3	7	3	1	10	13	8	12	7	8	7	13	7	9	6	4	2	2	10	20	5	6	8	4	7	9	4	15	12	14	4	194	99	58	26	4	47	7	52	12	3	7	3	1	10	13	8	12	7	8	7	13	7	9	6	4	2	2	10	20	5	6	8	4	7	9	4	15	12	14	4	194	99	58	26	4	47	7	52	12
GCF_010729305.1	3	5	3	2	7	15	8	11	7	5	6	14	6	10	7	5	2	2	10	11	7	3	9	6	8	4	3	15	12	12	4	182	93	50	19	4	42	10	47	13	3	5	3	2	7	15	8	11	7	5	6	14	6	10	7	5	2	2	10	11	7	3	9	6	8	4	3	15	12	12	4	182	93	50	19	4	42	10	47	13
GCF_010729485.1	2	4	2	2	6	12	7	10	10	9	6	13	6	9	7	5	2	2	7	12	7	2	6	4	5	4	3	11	11	9	4	163	88	46	18	4	42	7	40	13	2	4	2	2	6	12	7	10	10	9	6	13	6	9	7	5	2	2	7	12	7	2	6	4	5	4	3	11	11	9	4	163	88	46	18	4	42	7	40	13
GCF_010729665.1	2	5	3	2	10	16	7	12	8	6	6	14	5	11	6	5	2	2	11	14	4	4	8	5	8	4	3	15	10	11	4	187	96	52	22	4	44	9	47	12	2	5	3	2	10	16	7	12	8	6	6	14	5	11	6	5	2	2	11	14	4	4	8	5	8	4	3	15	10	11	4	187	96	52	22	4	44	9	47	12
GCF_010729895.1	3	5	3	2	13	16	8	16	8	7	7	15	8	11	8	5	2	2	10	19	6	3	8	6	10	4	3	15	11	18	4	197	106	57	19	4	50	10	52	14	3	5	3	2	13	16	8	16	8	7	7	15	8	11	8	5	2	2	10	19	6	3	8	6	10	4	3	15	11	18	4	197	106	57	19	4	50	10	52	14
GCF_010730195.1	2	5	3	2	6	14	7	10	8	10	7	13	7	10	9	4	2	2	9	12	7	3	8	4	6	4	3	15	12	9	4	181	95	48	21	4	44	9	47	15	2	5	3	2	6	14	7	10	8	10	7	13	7	10	9	4	2	2	9	12	7	3	8	4	6	4	3	15	12	9	4	181	95	48	21	4	44	9	47	15
GCF_010730355.1	2	5	2	1	5	14	7	9	8	9	8	13	8	10	8	5	2	2	10	16	6	4	7	4	9	4	4	15	11	8	4	182	94	49	22	4	43	9	48	14	2	5	2	1	5	14	7	9	8	9	8	13	8	10	8	5	2	2	10	16	6	4	7	4	9	4	4	15	11	8	4	182	94	49	22	4	43	9	48	14
GCF_010730575.1	3	5	3	2	7	14	7	10	7	7	6	13	6	10	9	4	2	2	9	13	5	4	7	4	5	4	3	15	12	11	4	173	89	48	19	4	40	9	43	15	3	5	3	2	7	14	7	10	7	7	6	13	6	10	9	4	2	2	9	13	5	4	7	4	5	4	3	15	12	11	4	173	89	48	19	4	40	9	43	15
GCF_010730745.1	3	5	2	1	6	14	7	10	8	9	7	13	7	9	6	4	2	2	9	12	6	4	8	4	5	4	3	15	11	9	4	169	90	49	22	4	43	9	44	12	3	5	2	1	6	14	7	10	8	9	7	13	7	9	6	4	2	2	9	12	6	4	8	4	5	4	3	15	11	9	4	169	90	49	22	4	43	9	44	12
GCF_010731535.1	3	5	2	1	4	12	7	8	8	10	6	13	6	9	6	5	3	2	9	10	7	4	8	5	6	4	3	16	15	7	4	175	98	45	20	4	40	7	47	12	3	5	2	1	4	12	7	8	8	10	6	13	6	9	6	5	3	2	9	10	7	4	8	5	6	4	3	16	15	7	4	175	98	45	20	4	40	7	47	12
GCF_010731595.1	3	5	2	2	4	14	7	8	8	9	7	14	7	11	8	4	2	2	10	9	6	5	7	4	6	4	3	15	12	7	4	180	95	47	20	4	41	9	47	16	3	5	2	2	4	14	7	8	8	9	7	14	7	11	8	4	2	2	10	9	6	5	7	4	6	4	3	15	12	7	4	180	95	47	20	4	41	9	47	16
GCF_010731615.1	3	5	2	1	4	12	7	7	7	8	6	14	6	8	6	5	2	4	9	9	6	3	8	5	8	2	3	15	11	6	4	164	90	44	21	4	40	7	45	11	3	5	2	1	4	12	7	7	7	8	6	14	6	8	6	5	2	4	9	9	6	3	8	5	8	2	3	15	11	6	4	164	90	44	21	4	40	7	45	11
GCF_010731635.1	3	5	2	1	3	14	7	7	8	8	7	13	7	10	6	5	2	2	7	10	7	3	7	5	6	4	3	15	12	6	4	168	87	42	17	4	38	9	47	13	3	5	2	1	3	14	7	7	8	8	7	13	7	10	6	5	2	2	7	10	7	3	7	5	6	4	3	15	12	6	4	168	87	42	17	4	38	9	47	13
GCF_010731655.1	3	5	2	2	4	14	7	8	8	9	6	13	6	11	9	4	2	2	9	9	6	4	7	4	6	4	3	15	12	7	4	178	93	45	19	4	39	9	48	16	3	5	2	2	4	14	7	8	8	9	6	13	6	11	9	4	2	2	9	9	6	4	7	4	6	4	3	15	12	7	4	178	93	45	19	4	39	9	48	16
GCF_010731775.1	3	6	2	1	4	15	7	8	8	9	7	13	7	9	6	4	2	2	10	10	8	4	9	4	7	4	3	15	12	7	4	174	92	50	24	4	42	9	45	12	3	6	2	1	4	15	7	8	8	9	7	13	7	9	6	4	2	2	10	10	8	4	9	4	7	4	3	15	12	7	4	174	92	50	24	4	42	9	45	12
GCF_010977555.1	6	6	7	7	6	14	7	8	9	9	7	10	7	9	11	6	5	1	10	9	8	10	7	5	3	3	3	13	7	7	4	190	77	60	27	5	42	8	41	16	6	6	7	7	6	14	7	8	9	9	7	10	7	9	11	6	5	1	10	9	8	10	7	5	3	3	3	13	7	7	4	190	77	60	27	5	42	8	41	16
GCF_011009015.1	4	6	2	1	5	11	8	9	10	8	6	10	6	9	8	5	3	2	11	8	9	5	5	3	11	3	3	11	7	3	5	182	85	49	24	6	40	5	49	13	4	6	2	1	5	11	8	9	10	8	6	10	6	9	8	5	3	2	11	8	9	5	5	3	11	3	3	11	7	3	5	182	85	49	24	6	40	5	49	13
GCF_011038645.2	3	3	2	1	4	15	7	7	7	6	6	14	6	8	4	5	1	1	4	5	6	3	4	2	6	4	3	8	7	2	4	132	75	33	18	5	41	10	35	9	3	3	2	1	4	15	7	7	7	6	6	14	6	8	4	5	1	1	4	5	6	3	4	2	6	4	3	8	7	2	4	132	75	33	18	5	41	10	35	9
GCF_011038655.2	3	3	2	1	4	14	8	7	8	8	6	14	6	9	4	5	1	1	4	4	7	4	5	3	6	4	3	8	8	2	4	138	76	34	18	5	42	10	34	9	3	3	2	1	4	14	8	7	8	8	6	14	6	9	4	5	1	1	4	4	7	4	5	3	6	4	3	8	8	2	4	138	76	34	18	5	42	10	34	9
GCF_011040435.1	3	6	5	2	10	18	7	13	7	8	7	12	7	7	8	5	1	3	9	15	8	5	5	4	7	3	4	18	7	12	4	216	89	71	27	5	47	8	54	12	3	6	5	2	10	18	7	13	7	8	7	12	7	7	8	5	1	3	9	15	8	5	5	4	7	3	4	18	7	12	4	216	89	71	27	5	47	8	54	12
GCF_011044175.1	2	3	1	1	1	9	5	5	5	3	4	6	6	5	5	5	1	1	4	2	5	5	3	2	5	1	3	8	3	1	5	101	50	22	9	2	21	5	33	9	2	3	1	1	1	9	5	5	5	3	4	6	6	5	5	5	1	1	4	2	5	5	3	2	5	1	3	8	3	1	5	101	50	22	9	2	21	5	33	9
GCF_011045835.1	5	6	4	1	2	13	6	7	10	8	8	14	8	12	7	5	1	3	10	10	7	7	6	4	6	4	4	13	8	4	5	195	92	53	27	5	41	7	55	15	5	6	4	1	2	13	6	7	10	8	8	14	8	12	7	5	1	3	10	10	7	7	6	4	6	4	4	13	8	4	5	195	92	53	27	5	41	7	55	15
GCF_011046535.1	3	6	2	2	4	17	6	9	8	6	6	13	8	9	4	5	2	1	6	8	8	2	6	2	8	4	3	13	7	5	4	161	73	41	15	4	39	8	40	11	3	6	2	2	4	17	6	9	8	6	6	13	8	9	4	5	2	1	6	8	8	2	6	2	8	4	3	13	7	5	4	161	73	41	15	4	39	8	40	11
GCF_011046555.1	4	3	6	3	1	10	6	5	8	8	6	11	7	10	7	6	1	1	5	2	6	7	4	7	10	2	3	10	8	1	5	147	71	36	17	5	34	6	44	14	4	3	6	3	1	10	6	5	8	8	6	11	7	10	7	6	1	1	5	2	6	7	4	7	10	2	3	10	8	1	5	147	71	36	17	5	34	6	44	14
GCF_011046895.1	5	8	7	3	7	16	9	10	12	6	6	11	7	9	4	6	3	2	9	13	8	7	7	4	4	3	3	15	7	10	4	197	84	57	26	4	41	8	44	11	5	8	7	3	7	16	9	10	12	6	6	11	7	9	4	6	3	2	9	13	8	7	7	4	4	3	3	15	7	10	4	197	84	57	26	4	41	8	44	11
GCF_011046975.1	3	6	5	3	3	15	6	7	7	9	7	12	7	11	6	6	1	1	5	7	4	3	4	3	4	4	3	8	7	6	4	145	76	40	18	4	39	8	35	13	3	6	5	3	3	15	6	7	7	9	7	12	7	11	6	6	1	1	5	7	4	3	4	3	4	4	3	8	7	6	4	145	76	40	18	4	39	8	35	13
GCF_011047135.1	4	5	5	5	6	15	6	9	7	13	7	12	7	11	6	6	2	1	6	8	6	4	5	4	7	4	2	7	7	4	4	150	80	38	19	4	41	8	36	13	4	5	5	5	6	15	6	9	7	13	7	12	7	11	6	6	2	1	6	8	6	4	5	4	7	4	2	7	7	4	4	150	80	38	19	4	41	8	36	13
GCF_011057975.1	5	5	2	2	2	13	7	6	9	6	6	10	6	7	5	5	1	2	10	5	7	7	8	4	8	2	3	13	8	1	4	145	68	37	22	4	34	9	42	9	5	5	2	2	2	13	7	6	9	6	6	10	6	7	5	5	1	2	10	5	7	7	8	4	8	2	3	13	8	1	4	145	68	37	22	4	34	9	42	9
GCF_011058775.1	3	4	2	1	1	5	7	5	0	0	0	1	4	8	2	5	1	2	0	1	3	4	1	0	4	2	3	1	5	1	5	53	16	9	8	0	8	5	20	7	3	4	2	1	1	5	7	5	0	0	0	1	4	8	2	5	1	2	0	1	3	4	1	0	4	2	3	1	5	1	5	53	16	9	8	0	8	5	20	7
GCF_011064285.1	4	7	6	2	4	14	6	6	11	10	9	13	6	14	8	5	1	3	12	9	6	9	4	3	11	3	4	14	7	7	5	214	99	59	29	7	44	5	57	18	4	7	6	2	4	14	6	6	11	10	9	13	6	14	8	5	1	3	12	9	6	9	4	3	11	3	4	14	7	7	5	214	99	59	29	7	44	5	57	18
GCF_011067105.1	4	4	1	2	3	14	5	7	6	3	3	11	5	9	3	5	1	0	9	10	7	7	6	3	6	2	3	9	8	2	5	130	70	35	19	4	31	7	33	9	4	4	1	2	3	14	5	7	6	3	3	11	5	9	3	5	1	0	9	10	7	7	6	3	6	2	3	9	8	2	5	130	70	35	19	4	31	7	33	9
GCF_011068405.5	5	10	7	5	6	16	8	10	10	16	8	13	9	11	13	8	1	3	12	16	7	12	9	5	8	3	7	19	10	4	4	246	107	75	40	6	52	9	53	20	5	10	7	5	6	16	8	10	10	16	8	13	9	11	13	8	1	3	12	16	7	12	9	5	8	3	7	19	10	4	4	246	107	75	40	6	52	9	53	20
GCF_011100465.1	1	5	6	1	1	11	6	6	5	7	4	9	5	13	5	6	1	2	5	1	5	3	4	0	9	3	3	2	7	1	5	109	60	17	10	3	29	5	28	13	1	5	6	1	1	11	6	6	5	7	4	9	5	13	5	6	1	2	5	1	5	3	4	0	9	3	3	2	7	1	5	109	60	17	10	3	29	5	28	13
GCF_011290485.1	5	3	2	3	3	12	5	6	5	9	9	10	6	11	11	6	1	2	8	2	6	7	6	4	5	3	4	17	8	1	4	153	83	30	14	7	37	5	51	18	5	3	2	3	3	12	5	6	5	9	9	10	6	11	11	6	1	2	8	2	6	7	6	4	5	3	4	17	8	1	4	153	83	30	14	7	37	5	51	18
GCF_011299095.1	3	7	9	1	1	3	7	3	3	4	4	5	5	13	7	6	1	2	6	1	3	5	3	0	5	2	4	2	7	1	5	95	44	18	11	2	20	4	22	15	3	7	9	1	1	3	7	3	3	4	4	5	5	13	7	6	1	2	6	1	3	5	3	0	5	2	4	2	7	1	5	95	44	18	11	2	20	4	22	15
GCF_011387195.1	3	4	2	1	3	11	8	6	8	7	4	8	4	11	5	5	1	1	3	2	3	6	2	5	6	3	3	0	8	1	5	104	56	15	11	5	31	4	31	11	3	4	2	1	3	11	8	6	8	7	4	8	4	11	5	5	1	1	3	2	3	6	2	5	6	3	3	0	8	1	5	104	56	15	11	5	31	4	31	11
GCF_011388195.1	4	3	2	1	4	16	7	6	7	7	7	11	5	7	8	5	1	1	11	10	7	7	7	5	8	2	3	10	8	6	4	181	79	63	31	8	43	9	43	12	4	3	2	1	4	16	7	6	7	7	7	11	5	7	8	5	1	1	11	10	7	7	7	5	8	2	3	10	8	6	4	181	79	63	31	8	43	9	43	12
GCF_011388215.1	4	6	2	3	10	14	7	10	7	8	7	9	6	7	9	6	1	3	9	13	7	6	8	5	5	3	4	15	9	9	4	180	88	56	25	6	43	7	44	13	4	6	2	3	10	14	7	10	7	8	7	9	6	7	9	6	1	3	9	13	7	6	8	5	5	3	4	15	9	9	4	180	88	56	25	6	43	7	44	13
GCF_011397855.1	3	7	2	1	11	17	8	12	8	12	7	14	7	7	8	5	1	3	9	18	9	5	5	4	7	3	5	18	7	11	5	226	103	71	30	6	53	9	55	12	3	7	2	1	11	17	8	12	8	12	7	14	7	7	8	5	1	3	9	18	9	5	5	4	7	3	5	18	7	11	5	226	103	71	30	6	53	9	55	12
GCF_011398355.1	4	4	2	2	3	16	6	7	7	7	4	9	6	9	7	5	1	2	7	4	7	6	5	3	5	3	3	13	3	5	4	143	71	34	16	5	35	9	44	13	4	4	2	2	3	16	6	7	7	7	4	9	6	9	7	5	1	2	7	4	7	6	5	3	5	3	3	13	3	5	4	143	71	34	16	5	35	9	44	13
GCF_011405655.1	2	3	2	2	3	12	7	8	2	5	5	7	6	8	5	5	1	1	2	2	2	4	1	4	6	1	2	1	8	2	5	89	53	14	6	4	28	7	22	9	2	3	2	2	3	12	7	8	2	5	5	7	6	8	5	5	1	1	2	2	2	4	1	4	6	1	2	1	8	2	5	89	53	14	6	4	28	7	22	9
GCF_011420305.2	3	5	2	3	3	14	6	8	8	5	6	14	6	8	5	4	3	1	5	5	7	3	7	2	6	6	3	9	7	4	4	147	76	38	14	4	38	8	35	11	3	5	2	3	3	14	6	8	8	5	6	14	6	8	5	4	3	1	5	5	7	3	7	2	6	6	3	9	7	4	4	147	76	38	14	4	38	8	35	11
GCF_011455495.1	3	6	3	3	2	14	5	5	7	7	7	12	6	12	8	4	1	4	8	7	6	7	4	6	2	2	3	7	7	1	5	144	73	39	20	5	39	7	31	15	3	6	3	3	2	14	5	5	7	7	7	12	6	12	8	4	1	4	8	7	6	7	4	6	2	2	3	7	7	1	5	144	73	39	20	5	39	7	31	15
GCF_011455875.1	5	8	7	4	2	14	5	5	8	7	7	15	6	11	5	4	3	3	9	11	6	11	4	4	6	2	3	9	7	1	5	167	86	52	31	5	46	7	37	13	5	8	7	4	2	14	5	5	8	7	7	15	6	11	5	4	3	3	9	11	6	11	4	4	6	2	3	9	7	1	5	167	86	52	31	5	46	7	37	13
GCF_011466855.1	5	5	3	1	2	12	6	7	10	7	4	9	6	8	3	6	3	2	7	7	3	7	3	6	5	3	3	10	8	7	5	140	68	33	18	3	28	5	41	7	5	5	3	1	2	12	6	7	10	7	4	9	6	8	3	6	3	2	7	7	3	7	3	6	5	3	3	10	8	7	5	140	68	33	18	3	28	5	41	7
GCF_011492945.1	3	6	3	3	3	12	7	7	8	8	6	12	7	9	6	7	1	2	11	7	7	5	5	5	7	0	3	11	6	5	4	160	71	40	20	5	33	5	36	13	3	6	3	3	3	12	7	7	8	8	6	12	7	9	6	7	1	2	11	7	7	5	5	5	7	0	3	11	6	5	4	160	71	40	20	5	33	5	36	13
GCF_011492965.1	3	8	2	1	2	12	8	6	9	7	7	10	6	6	1	7	1	2	9	6	7	7	4	5	6	2	2	11	4	4	4	146	61	40	21	5	32	6	36	6	3	8	2	1	2	12	8	6	9	7	7	10	6	6	1	7	1	2	9	6	7	7	4	5	6	2	2	11	4	4	4	146	61	40	21	5	32	6	36	6
GCF_011516645.4	6	7	3	3	7	14	7	11	11	16	9	12	9	11	12	7	1	3	12	18	8	11	8	4	8	3	6	21	12	10	4	245	110	75	40	6	50	8	55	19	6	7	3	3	7	14	7	11	11	16	9	12	9	11	12	7	1	3	12	18	8	11	8	4	8	3	6	21	12	10	4	245	110	75	40	6	50	8	55	19
GCF_011578045.1	3	3	2	1	5	17	7	6	9	7	7	10	7	7	7	5	3	2	10	6	7	7	5	6	8	3	3	11	7	5	4	165	80	51	25	5	38	8	46	11	3	3	2	1	5	17	7	6	9	7	7	10	7	7	7	5	3	2	10	6	7	7	5	6	8	3	3	11	7	5	4	165	80	51	25	5	38	8	46	11
GCF_011578285.1	3	3	2	1	5	17	7	6	9	8	7	10	6	7	6	5	1	2	10	6	7	7	5	5	7	3	3	11	7	5	4	154	78	50	26	5	39	8	40	10	3	3	2	1	5	17	7	6	9	8	7	10	6	7	6	5	1	2	10	6	7	7	5	5	7	3	3	11	7	5	4	154	78	50	26	5	39	8	40	10
GCF_011604665.2	5	7	4	2	5	14	8	8	8	10	7	12	5	10	7	4	1	3	14	14	7	11	9	5	9	3	7	17	9	4	4	207	89	61	32	5	42	9	50	14	5	7	4	2	5	14	8	8	8	10	7	12	5	10	7	4	1	3	14	14	7	11	9	5	9	3	7	17	9	4	4	207	89	61	32	5	42	9	50	14
GCF_011604685.1	2	8	11	3	4	13	6	7	9	9	6	9	4	8	9	4	2	2	8	5	6	6	4	6	8	2	3	11	6	8	5	161	73	40	15	6	38	7	44	15	2	8	11	3	4	13	6	7	9	9	6	9	4	8	9	4	2	2	8	5	6	6	4	6	8	2	3	11	6	8	5	161	73	40	15	6	38	7	44	15
GCF_011617105.1	6	6	9	4	3	16	7	7	10	8	8	14	8	13	9	6	1	4	11	17	7	7	7	5	7	5	4	17	8	5	5	233	96	68	32	5	42	10	58	16	6	6	9	4	3	16	7	7	10	8	8	14	8	13	9	6	1	4	11	17	7	7	7	5	7	5	4	17	8	5	5	233	96	68	32	5	42	10	58	16
GCF_011617245.1	2	4	3	2	4	15	6	8	9	8	6	12	5	10	2	6	3	2	8	10	7	2	5	5	7	4	3	7	9	3	4	155	73	45	18	4	38	8	37	9	2	4	3	2	4	15	6	8	9	8	6	12	5	10	2	6	3	2	8	10	7	2	5	5	7	4	3	7	9	3	4	155	73	45	18	4	38	8	37	9
GCF_011694815.1	4	6	4	2	7	17	6	10	14	11	8	20	7	16	7	6	5	1	10	14	10	7	9	5	12	4	4	17	10	4	4	223	103	60	26	6	51	8	52	19	4	6	4	2	7	17	6	10	14	11	8	20	7	16	7	6	5	1	10	14	10	7	9	5	12	4	4	17	10	4	4	223	103	60	26	6	51	8	52	19
GCF_011745665.1	5	8	6	3	2	13	6	6	7	8	8	16	6	8	4	4	2	4	6	6	6	7	4	4	6	4	3	9	7	3	5	159	80	42	21	5	48	7	35	9	5	8	6	3	2	13	6	6	7	8	8	16	6	8	4	4	2	4	6	6	6	7	4	4	6	4	3	9	7	3	5	159	80	42	21	5	48	7	35	9
GCF_011765605.1	3	6	7	4	2	14	5	5	8	6	7	14	6	11	6	4	3	2	9	7	5	8	4	6	6	1	3	7	7	1	5	158	80	43	21	5	40	7	40	13	3	6	7	4	2	14	5	5	8	6	7	14	6	11	6	4	3	2	9	7	5	8	4	6	6	1	3	7	7	1	5	158	80	43	21	5	40	7	40	13
GCF_012029655.1	7	7	8	5	5	15	7	7	11	14	8	16	8	13	13	7	2	3	13	14	7	9	5	6	6	4	4	16	8	7	5	262	111	78	34	7	47	8	59	20	7	7	8	5	5	15	7	7	11	14	8	16	8	13	13	7	2	3	13	14	7	9	5	6	6	4	4	16	8	7	5	262	111	78	34	7	47	8	59	20
GCF_012113595.1	6	6	9	5	3	10	8	8	8	8	6	9	6	10	9	5	2	1	8	6	9	8	5	6	6	2	3	3	6	3	5	152	71	34	16	5	38	8	33	14	6	6	9	5	3	10	8	8	8	8	6	9	6	10	9	5	2	1	8	6	9	8	5	6	6	2	3	3	6	3	5	152	71	34	16	5	38	8	33	14
GCF_012222825.1	4	4	3	2	1	12	5	6	6	2	2	13	4	7	6	4	2	2	6	1	3	6	4	1	4	1	3	6	6	1	4	97	48	18	10	2	21	7	28	11	4	4	3	2	1	12	5	6	6	2	2	13	4	7	6	4	2	2	6	1	3	6	4	1	4	1	3	6	6	1	4	97	48	18	10	2	21	7	28	11
GCF_012222965.1	4	4	2	2	1	13	5	6	6	2	3	13	4	6	4	5	2	2	5	1	3	6	4	1	4	1	3	6	6	1	4	95	48	17	10	2	21	8	28	9	4	4	2	2	1	13	5	6	6	2	3	13	4	6	4	5	2	2	5	1	3	6	4	1	4	1	3	6	6	1	4	95	48	17	10	2	21	8	28	9
GCF_012225885.1	3	5	6	1	3	14	6	6	11	17	7	11	6	16	9	6	2	3	5	6	5	6	3	6	5	5	4	11	9	5	5	175	94	42	19	7	41	5	44	17	3	5	6	1	3	14	6	6	11	17	7	11	6	16	9	6	2	3	5	6	5	6	3	6	5	5	4	11	9	5	5	175	94	42	19	7	41	5	44	17
GCF_012277275.1	3	6	2	1	4	14	6	8	11	9	7	14	6	7	4	4	1	1	6	6	7	3	7	5	4	3	2	14	8	3	4	144	75	34	15	5	41	8	37	8	3	6	2	1	4	14	6	8	11	9	7	14	6	7	4	4	1	1	6	6	7	3	7	5	4	3	2	14	8	3	4	144	75	34	15	5	41	8	37	8
GCF_012295575.1	4	6	2	1	1	14	6	6	11	8	8	15	7	6	4	5	1	3	8	11	6	7	5	2	5	2	4	16	8	6	5	180	84	56	30	5	42	8	47	8	4	6	2	1	1	14	6	6	11	8	8	15	7	6	4	5	1	3	8	11	6	7	5	2	5	2	4	16	8	6	5	180	84	56	30	5	42	8	47	8
GCF_012295595.1	6	8	3	2	6	15	8	10	11	8	6	10	6	8	8	5	1	1	9	11	13	9	11	3	6	3	3	18	8	10	4	190	81	64	30	4	41	8	42	13	6	8	3	2	6	15	8	10	11	8	6	10	6	8	8	5	1	1	9	11	13	9	11	3	6	3	3	18	8	10	4	190	81	64	30	4	41	8	42	13
GCF_012295615.1	4	5	3	1	7	16	7	8	9	10	7	11	5	8	6	5	1	2	10	7	7	5	6	3	6	2	4	12	7	5	4	174	86	49	23	6	42	7	45	10	4	5	3	1	7	16	7	8	9	10	7	11	5	8	6	5	1	2	10	7	7	5	6	3	6	2	4	12	7	5	4	174	86	49	23	6	42	7	45	10
GCF_012317185.1	4	14	9	1	5	14	7	11	8	11	6	12	9	13	7	6	1	2	5	6	4	14	4	4	3	3	3	6	7	5	5	147	78	46	25	5	50	8	26	14	4	14	9	1	5	14	7	11	8	11	6	12	9	13	7	6	1	2	5	6	4	14	4	4	3	3	3	6	7	5	5	147	78	46	25	5	50	8	26	14
GCF_012317585.1	6	4	2	2	2	7	5	6	5	6	5	11	6	6	5	6	2	1	4	3	2	6	4	3	5	2	3	11	7	1	4	114	61	26	13	5	30	3	35	9	6	4	2	2	2	7	5	6	5	6	5	11	6	6	5	6	2	1	4	3	2	6	4	3	5	2	3	11	7	1	4	114	61	26	13	5	30	3	35	9
GCF_012427705.1	4	7	3	1	5	16	7	7	13	17	7	11	6	8	4	6	1	3	12	10	9	7	6	7	7	3	3	13	7	5	4	203	87	55	31	6	42	8	52	10	4	7	3	1	5	16	7	7	13	17	7	11	6	8	4	6	1	3	12	10	9	7	6	7	7	3	3	13	7	5	4	203	87	55	31	6	42	8	52	10
GCF_012427845.1	5	6	9	2	5	14	7	7	13	17	7	14	6	12	11	5	3	3	9	9	9	7	6	6	7	5	4	13	8	6	5	225	109	60	25	5	42	9	57	19	5	6	9	2	5	14	7	7	13	17	7	14	6	12	11	5	3	3	9	9	9	7	6	6	7	5	4	13	8	6	5	225	109	60	25	5	42	9	57	19
GCF_012516355.1	7	9	5	6	2	14	7	5	9	10	6	11	6	10	10	6	3	2	10	4	7	10	7	6	8	3	3	17	7	6	5	179	89	50	24	6	44	8	48	17	7	9	5	6	2	14	7	5	9	10	6	11	6	10	10	6	3	2	10	4	7	10	7	6	8	3	3	17	7	6	5	179	89	50	24	6	44	8	48	17
GCF_012516395.1	4	4	1	5	3	12	3	6	4	6	4	11	6	9	10	4	1	1	5	3	6	5	5	3	6	1	4	20	9	1	5	147	88	29	15	5	34	5	45	15	4	4	1	5	3	12	3	6	4	6	4	11	6	9	10	4	1	1	5	3	6	5	5	3	6	1	4	20	9	1	5	147	88	29	15	5	34	5	45	15
GCF_012516475.1	5	3	3	1	2	13	8	6	7	5	6	9	6	9	4	5	1	2	8	4	6	8	7	5	7	2	3	9	7	1	3	140	64	36	20	4	34	8	39	10	5	3	3	1	2	13	8	6	7	5	6	9	6	9	4	5	1	2	8	4	6	8	7	5	7	2	3	9	7	1	3	140	64	36	20	4	34	8	39	10
GCF_012530535.1	2	6	4	2	4	14	6	8	7	6	7	12	6	10	4	6	1	1	5	7	4	2	4	2	6	4	3	4	7	3	4	123	70	30	17	4	36	8	28	11	2	6	4	2	4	14	6	8	7	6	7	12	6	10	4	6	1	1	5	7	4	2	4	2	6	4	3	4	7	3	4	123	70	30	17	4	36	8	28	11
GCF_012563545.1	4	3	2	2	2	11	7	6	3	4	0	7	4	7	4	5	2	1	3	3	4	4	3	2	2	3	3	1	7	2	4	84	37	12	9	0	15	8	21	9	4	3	2	2	2	11	7	6	3	4	0	7	4	7	4	5	2	1	3	3	4	4	3	2	2	3	3	1	7	2	4	84	37	12	9	0	15	8	21	9
GCF_012584515.1	4	5	3	2	5	16	7	6	8	8	7	9	6	8	11	5	1	2	9	10	8	5	8	5	5	3	4	15	8	5	4	174	80	51	27	6	39	9	46	15	4	5	3	2	5	16	7	6	8	8	7	9	6	8	11	5	1	2	9	10	8	5	8	5	5	3	4	15	8	5	4	174	80	51	27	6	39	9	46	15
GCF_012689545.1	4	6	3	1	4	15	9	8	10	7	6	10	6	7	7	5	1	1	7	12	7	6	6	5	7	2	3	15	7	8	4	175	72	53	28	4	38	9	44	11	4	6	3	1	4	15	9	8	10	7	6	10	6	7	7	5	1	1	7	12	7	6	6	5	7	2	3	15	7	8	4	175	72	53	28	4	38	9	44	11
GCF_012767755.2	4	7	2	1	11	18	9	12	10	13	7	14	8	7	8	5	1	3	9	17	10	5	5	4	7	3	5	17	7	12	4	232	105	69	28	6	52	10	56	12	4	7	2	1	11	18	9	12	10	13	7	14	8	7	8	5	1	3	9	17	10	5	5	4	7	3	5	17	7	12	4	232	105	69	28	6	52	10	56	12
GCF_012848855.1	6	3	2	2	2	12	7	6	8	7	6	10	6	7	7	5	1	1	9	5	7	7	7	6	4	2	3	11	9	5	4	150	71	43	22	4	37	6	42	11	6	3	2	2	2	12	7	6	8	7	6	10	6	7	7	5	1	1	9	5	7	7	7	6	4	2	3	11	9	5	4	150	71	43	22	4	37	6	42	11
GCF_012849055.1	2	6	8	3	4	12	5	7	7	10	6	8	5	7	8	4	2	2	6	5	8	6	5	3	7	2	3	14	5	8	5	150	69	40	16	5	37	7	38	14	2	6	8	3	4	12	5	7	7	10	6	8	5	7	8	4	2	2	6	5	8	6	5	3	7	2	3	14	5	8	5	150	69	40	16	5	37	7	38	14
GCF_012849095.1	4	9	14	6	5	14	8	8	9	12	6	15	8	24	18	9	3	2	6	5	6	8	6	2	13	4	4	14	8	3	5	208	100	46	21	6	46	7	47	32	4	9	14	6	5	14	8	8	9	12	6	15	8	24	18	9	3	2	6	5	6	8	6	2	13	4	4	14	8	3	5	208	100	46	21	6	46	7	47	32
GCF_012849215.1	3	4	6	3	2	12	6	5	7	7	5	7	6	9	7	5	3	1	6	1	5	5	3	2	7	3	3	8	6	1	5	122	59	25	9	4	27	7	32	15	3	4	6	3	2	12	6	5	7	7	5	7	6	9	7	5	3	1	6	1	5	5	3	2	7	3	3	8	6	1	5	122	59	25	9	4	27	7	32	15
GCF_012849375.1	4	7	2	2	5	15	7	8	9	10	7	9	6	10	11	5	1	2	12	16	6	5	9	5	7	3	5	14	8	7	4	204	93	65	37	8	44	8	51	17	4	7	2	2	5	15	7	8	9	10	7	9	6	10	11	5	1	2	12	16	6	5	9	5	7	3	5	14	8	7	4	204	93	65	37	8	44	8	51	17
GCF_012849555.1	5	6	2	4	5	16	8	9	8	9	7	10	7	12	10	5	1	2	11	16	7	7	8	5	9	3	3	13	10	7	4	210	89	66	37	7	43	10	50	19	5	6	2	4	5	16	8	9	8	9	7	10	7	12	10	5	1	2	11	16	7	7	8	5	9	3	3	13	10	7	4	210	89	66	37	7	43	10	50	19
GCF_012913305.1	4	7	3	2	4	15	8	7	8	6	7	10	6	8	6	4	1	1	7	9	7	9	6	6	5	2	5	16	9	3	4	151	77	39	21	4	36	9	43	11	4	7	3	2	4	15	8	7	8	6	7	10	6	8	6	4	1	1	7	9	7	9	6	6	5	2	5	16	9	3	4	151	77	39	21	4	36	9	43	11
GCF_012913485.1	5	6	3	3	4	13	6	5	8	7	4	9	6	9	6	5	1	2	8	4	9	8	8	4	6	2	2	5	6	1	5	131	67	37	20	4	34	7	31	11	5	6	3	3	4	13	6	5	8	7	4	9	6	9	6	5	1	2	8	4	9	8	8	4	6	2	2	5	6	1	5	131	67	37	20	4	34	7	31	11
GCF_012913625.1	6	9	6	4	10	16	7	15	19	8	6	10	7	13	11	8	5	3	9	16	10	9	9	3	9	3	4	19	7	12	4	233	96	74	33	4	46	8	52	20	6	9	6	4	10	16	7	15	19	8	6	10	7	13	11	8	5	3	9	16	10	9	9	3	9	3	4	19	7	12	4	233	96	74	33	4	46	8	52	20
GCF_012931845.1	3	5	8	4	4	14	6	7	8	10	6	14	7	14	10	6	3	1	4	5	6	4	5	6	6	4	3	6	12	2	4	156	84	32	17	4	39	8	36	18	3	5	8	4	4	14	6	7	8	10	6	14	7	14	10	6	3	1	4	5	6	4	5	6	6	4	3	6	12	2	4	156	84	32	17	4	39	8	36	18
GCF_012932215.1	4	8	5	1	7	13	9	11	16	4	6	10	6	8	4	5	1	1	7	14	6	6	6	3	6	2	4	20	12	6	4	184	87	54	26	4	39	7	41	9	4	8	5	1	7	13	9	11	16	4	6	10	6	8	4	5	1	1	7	14	6	6	6	3	6	2	4	20	12	6	4	184	87	54	26	4	39	7	41	9
GCF_012955605.1	2	5	3	1	1	12	6	6	8	7	6	9	6	11	2	5	1	1	4	6	3	4	5	1	13	2	3	10	8	1	5	131	72	28	15	4	30	5	39	9	2	5	3	1	1	12	6	6	8	7	6	9	6	11	2	5	1	1	4	6	3	4	5	1	13	2	3	10	8	1	5	131	72	28	15	4	30	5	39	9
GCF_012971725.1	4	8	2	2	11	17	8	13	9	12	8	12	9	8	9	6	1	3	8	21	9	5	5	4	8	4	5	19	8	12	4	236	103	74	32	5	49	9	59	13	4	8	2	2	11	17	8	13	9	12	8	12	9	8	9	6	1	3	8	21	9	5	5	4	8	4	5	19	8	12	4	236	103	74	32	5	49	9	59	13
GCF_012979535.1	5	4	2	2	2	13	8	6	8	6	7	10	6	10	6	5	1	2	8	5	7	8	7	5	5	2	3	9	7	1	4	142	70	38	21	5	36	8	38	12	5	4	2	2	2	13	8	6	8	6	7	10	6	10	6	5	1	2	8	5	7	8	7	5	5	2	3	9	7	1	4	142	70	38	21	5	36	8	38	12
GCF_013003965.1	4	3	3	2	5	14	6	7	9	11	7	11	5	10	12	5	1	2	8	15	6	6	6	4	6	2	4	8	8	2	5	179	83	50	30	5	42	6	43	18	4	3	3	2	5	14	6	7	9	11	7	11	5	10	12	5	1	2	8	15	6	6	6	4	6	2	4	8	8	2	5	179	83	50	30	5	42	6	43	18
GCF_013003985.1	4	4	3	3	4	15	7	7	9	9	7	10	5	9	13	5	1	2	9	12	6	6	6	4	7	2	5	9	8	6	5	181	82	51	26	5	39	7	45	18	4	4	3	3	4	15	7	7	9	9	7	10	5	9	13	5	1	2	9	12	6	6	6	4	7	2	5	9	8	6	5	181	82	51	26	5	39	7	45	18
GCF_013004065.1	4	3	2	2	3	12	7	6	8	7	6	11	6	8	9	5	1	2	9	10	7	6	8	4	5	2	3	7	7	6	4	154	74	46	27	7	39	7	35	14	4	3	2	2	3	12	7	6	8	7	6	11	6	8	9	5	1	2	9	10	7	6	8	4	5	2	3	7	7	6	4	154	74	46	27	7	39	7	35	14
GCF_013004105.1	5	5	1	4	3	11	6	7	7	6	5	14	6	9	6	5	2	1	4	4	4	8	3	2	6	1	3	11	6	2	5	134	71	28	14	4	34	4	35	12	5	5	1	4	3	11	6	7	7	6	5	14	6	9	6	5	2	1	4	4	4	8	3	2	6	1	3	11	6	2	5	134	71	28	14	4	34	4	35	12
GCF_013009555.1	6	5	9	4	3	10	6	8	9	10	6	8	6	10	15	5	2	1	8	7	11	7	6	5	7	1	3	8	6	3	5	163	74	38	18	5	39	7	31	20	6	5	9	4	3	10	6	8	9	10	6	8	6	10	15	5	2	1	8	7	11	7	6	5	7	1	3	8	6	3	5	163	74	38	18	5	39	7	31	20
GCF_013046785.1	6	5	4	2	6	16	8	9	12	9	8	12	6	12	3	6	2	1	13	12	12	10	13	5	10	4	4	17	11	7	4	217	88	68	28	5	40	10	54	12	6	5	4	2	6	16	8	9	12	9	8	12	6	12	3	6	2	1	13	12	12	10	13	5	10	4	4	17	11	7	4	217	88	68	28	5	40	10	54	12
GCF_013046825.1	3	5	5	2	1	10	6	6	5	9	7	5	6	14	5	5	2	1	0	2	3	5	1	5	1	2	3	6	8	1	5	99	54	20	9	4	22	4	29	12	3	5	5	2	1	10	6	6	5	9	7	5	6	14	5	5	2	1	0	2	3	5	1	5	1	2	3	6	8	1	5	99	54	20	9	4	22	4	29	12
GCF_013085545.1	6	7	3	3	4	10	7	11	6	4	4	12	7	6	8	7	1	1	10	8	7	8	5	5	6	1	3	10	6	6	5	150	72	47	21	4	39	6	34	12	6	7	3	3	4	10	7	11	6	4	4	12	7	6	8	7	1	1	10	8	7	8	5	5	6	1	3	10	6	6	5	150	72	47	21	4	39	6	34	12
GCF_013128195.2	4	7	2	4	4	14	7	7	5	7	4	9	2	8	8	2	3	0	5	2	8	7	5	1	5	2	2	10	8	6	4	140	71	42	23	5	36	8	30	14	4	7	2	4	4	14	7	7	5	7	4	9	2	8	8	2	3	0	5	2	8	7	5	1	5	2	2	10	8	6	4	140	71	42	23	5	36	8	30	14
GCF_013155125.1	4	6	4	1	7	18	5	10	11	13	6	16	7	11	6	6	3	2	10	16	12	7	13	5	10	5	3	17	7	10	4	217	91	64	30	4	44	8	58	13	4	6	4	1	7	18	5	10	11	13	6	16	7	11	6	6	3	2	10	16	12	7	13	5	10	5	3	17	7	10	4	217	91	64	30	4	44	8	58	13
GCF_013170725.1	6	10	6	6	9	17	8	14	17	8	6	10	8	13	14	9	5	2	8	16	10	9	9	3	9	3	5	19	7	12	4	239	98	75	34	4	46	8	54	23	6	10	6	6	9	17	8	14	17	8	6	10	8	13	14	9	5	2	8	16	10	9	9	3	9	3	5	19	7	12	4	239	98	75	34	4	46	8	54	23
GCF_013177295.1	4	3	1	1	3	14	6	7	10	10	5	13	6	7	2	6	3	2	3	5	7	4	4	3	3	3	3	6	7	2	4	121	68	28	15	4	38	7	28	7	4	3	1	1	3	14	6	7	10	10	5	13	6	7	2	6	3	2	3	5	7	4	4	3	3	3	3	6	7	2	4	121	68	28	15	4	38	7	28	7
GCF_013177435.1	4	4	2	2	2	12	5	6	5	8	5	9	4	8	8	5	1	2	6	2	6	5	5	4	3	3	3	8	7	1	5	126	64	28	14	3	30	6	36	13	4	4	2	2	2	12	5	6	5	8	5	9	4	8	8	5	1	2	6	2	6	5	5	4	3	3	3	8	7	1	5	126	64	28	14	3	30	6	36	13
GCF_013177455.1	4	6	2	4	4	14	7	8	7	5	6	15	8	9	6	6	2	1	7	6	6	5	7	2	7	4	3	10	7	5	4	149	78	42	19	4	40	8	37	12	4	6	2	4	4	14	7	8	7	5	6	15	8	9	6	6	2	1	7	6	6	5	7	2	7	4	3	10	7	5	4	149	78	42	19	4	40	8	37	12
GCF_013177635.1	3	3	2	0	2	13	7	7	8	6	5	15	5	8	12	5	0	2	3	3	7	4	3	3	7	1	3	11	7	1	4	135	78	29	13	4	39	6	36	16	3	3	2	0	2	13	7	7	8	6	5	15	5	8	12	5	0	2	3	3	7	4	3	3	7	1	3	11	7	1	4	135	78	29	13	4	39	6	36	16
GCF_013177675.1	3	7	3	0	2	11	6	6	8	6	6	15	6	8	9	5	0	2	3	5	9	4	3	5	7	1	3	11	7	2	4	141	79	36	20	5	39	4	38	14	3	7	3	0	2	11	6	6	8	6	6	15	6	8	9	5	0	2	3	5	9	4	3	5	7	1	3	11	7	2	4	141	79	36	20	5	39	4	38	14
GCF_013184985.2	5	4	4	4	3	12	5	7	10	9	6	13	7	10	4	6	4	1	3	6	6	5	4	3	2	3	3	6	6	2	4	130	69	32	17	4	40	5	27	10	5	4	4	4	3	12	5	7	10	9	6	13	7	10	4	6	4	1	3	6	6	5	4	3	2	3	3	6	6	2	4	130	69	32	17	4	40	5	27	10
GCF_013200955.2	4	5	3	1	12	15	8	13	7	11	7	10	7	8	9	5	1	2	9	14	7	5	5	4	8	2	5	18	7	13	4	202	93	56	25	5	45	9	56	13	4	5	3	1	12	15	8	13	7	11	7	10	7	8	9	5	1	2	9	14	7	5	5	4	8	2	5	18	7	13	4	202	93	56	25	5	45	9	56	13
GCF_013201605.1	3	3	2	0	1	11	5	7	5	4	5	9	5	7	4	5	0	3	2	3	4	4	2	6	5	2	3	7	7	1	4	102	58	22	10	2	27	4	34	9	3	3	2	0	1	11	5	7	5	4	5	9	5	7	4	5	0	3	2	3	4	4	2	6	5	2	3	7	7	1	4	102	58	22	10	2	27	4	34	9
GCF_013201625.1	3	3	2	0	2	11	5	6	7	7	4	15	4	7	10	5	0	2	4	2	7	4	3	3	7	2	3	9	7	1	4	123	75	27	14	4	37	4	34	14	3	3	2	0	2	11	5	6	7	7	4	15	4	7	10	5	0	2	4	2	7	4	3	3	7	2	3	9	7	1	4	123	75	27	14	4	37	4	34	14
GCF_013201645.1	3	3	2	0	2	10	6	6	6	5	4	12	4	6	5	5	0	2	3	3	4	4	2	6	4	2	3	8	7	1	4	106	62	20	10	4	32	4	33	9	3	3	2	0	2	10	6	6	6	5	4	12	4	6	5	5	0	2	3	3	4	4	2	6	4	2	3	8	7	1	4	106	62	20	10	4	32	4	33	9
GCF_013201685.1	3	3	2	0	2	11	6	7	8	6	5	12	5	7	7	5	0	3	3	5	7	4	3	7	5	2	3	7	7	2	4	118	68	27	13	4	33	5	34	11	3	3	2	0	2	11	6	7	8	6	5	12	5	7	7	5	0	3	3	5	7	4	3	7	5	2	3	7	7	2	4	118	68	27	13	4	33	5	34	11
GCF_013201705.1	1	3	2	0	2	11	5	6	7	7	4	14	4	8	10	5	0	2	4	2	6	3	3	4	8	2	3	7	7	2	4	125	75	29	13	4	36	4	35	14	1	3	2	0	2	11	5	6	7	7	4	14	4	8	10	5	0	2	4	2	6	3	3	4	8	2	3	7	7	2	4	125	75	29	13	4	36	4	35	14
GCF_013201825.1	3	5	2	0	3	12	6	6	11	9	7	15	5	8	6	5	0	3	4	6	8	4	3	4	7	2	3	10	8	2	4	144	76	40	19	6	40	7	36	11	3	5	2	0	3	12	6	6	11	9	7	15	5	8	6	5	0	3	4	6	8	4	3	4	7	2	3	10	8	2	4	144	76	40	19	6	40	7	36	11
GCF_013201895.1	3	3	2	0	1	10	6	6	7	5	5	12	5	6	4	5	0	2	3	4	6	4	3	6	4	2	3	8	7	1	4	110	64	24	12	3	32	4	35	8	3	3	2	0	1	10	6	6	7	5	5	12	5	6	4	5	0	2	3	4	6	4	3	6	4	2	3	8	7	1	4	110	64	24	12	3	32	4	35	8
GCF_013201935.1	3	3	2	0	2	12	7	6	9	7	6	15	5	8	13	6	0	2	3	4	7	4	3	3	7	1	3	11	7	5	4	141	82	35	14	5	40	5	35	17	3	3	2	0	2	12	7	6	9	7	6	15	5	8	13	6	0	2	3	4	7	4	3	3	7	1	3	11	7	5	4	141	82	35	14	5	40	5	35	17
GCF_013260645.1	4	4	2	2	4	13	7	8	7	5	6	8	5	7	8	5	1	2	9	8	7	7	7	4	6	2	2	9	7	7	4	144	70	39	20	4	35	8	38	12	4	4	2	2	4	13	7	8	7	5	6	8	5	7	8	5	1	2	9	8	7	7	7	4	6	2	2	9	7	7	4	144	70	39	20	4	35	8	38	12
GCF_013265555.1	3	4	1	2	2	9	6	7	7	7	5	7	7	6	6	5	1	3	7	4	6	5	4	3	5	1	3	1	7	3	5	111	55	23	11	5	28	7	19	11	3	4	1	2	2	9	6	7	7	7	5	7	7	6	6	5	1	3	7	4	6	5	4	3	5	1	3	1	7	3	5	111	55	23	11	5	28	7	19	11
GCF_013265585.1	5	5	1	1	2	14	7	5	11	10	6	13	6	8	4	7	1	2	8	6	4	9	5	8	6	2	3	12	8	1	5	152	83	39	19	5	37	6	41	10	5	5	1	1	2	14	7	5	11	10	6	13	6	8	4	7	1	2	8	6	4	9	5	8	6	2	3	12	8	1	5	152	83	39	19	5	37	6	41	10
GCF_013282625.1	4	4	2	1	7	16	7	8	8	7	4	10	6	7	3	5	1	2	8	9	9	6	7	3	5	3	3	11	3	5	4	141	72	34	20	5	38	10	43	8	4	4	2	1	7	16	7	8	8	7	4	10	6	7	3	5	1	2	8	9	9	6	7	3	5	3	3	11	3	5	4	141	72	34	20	5	38	10	43	8
GCF_013282725.1	6	10	7	3	2	13	7	6	10	13	7	15	7	14	12	6	2	3	11	11	7	8	7	5	6	4	4	17	7	4	5	228	99	59	31	5	42	8	56	20	6	10	7	3	2	13	7	6	10	13	7	15	7	14	12	6	2	3	11	11	7	8	7	5	6	4	4	17	7	4	5	228	99	59	31	5	42	8	56	20
GCF_013283835.1	3	3	2	0	2	11	7	6	8	6	5	15	6	7	6	5	0	2	3	7	7	4	3	1	7	1	3	13	7	6	4	142	75	38	18	4	38	5	36	10	3	3	2	0	2	11	7	6	8	6	5	15	6	7	6	5	0	2	3	7	7	4	3	1	7	1	3	13	7	6	4	142	75	38	18	4	38	5	36	10
GCF_013283875.1	5	7	7	2	3	13	6	7	7	8	5	8	6	10	9	5	2	1	8	3	4	8	3	2	8	2	3	9	6	8	5	143	71	35	14	4	32	8	34	16	5	7	7	2	3	13	6	7	7	8	5	8	6	10	9	5	2	1	8	3	4	8	3	2	8	2	3	9	6	8	5	143	71	35	14	4	32	8	34	16
GCF_013285385.1	7	10	8	3	5	16	7	7	11	10	7	14	6	10	6	6	1	3	11	11	8	10	6	7	5	5	4	13	8	4	5	221	101	61	32	5	46	10	54	13	7	10	8	3	5	16	7	7	11	10	7	14	6	10	6	6	1	3	11	11	8	10	6	7	5	5	4	13	8	4	5	221	101	61	32	5	46	10	54	13
GCF_013307225.1	4	3	2	2	3	13	6	6	7	7	6	10	6	8	12	5	1	1	6	13	7	4	6	4	4	2	4	9	7	1	4	144	75	35	20	6	38	6	37	16	4	3	2	2	3	13	6	6	7	7	6	10	6	8	12	5	1	1	6	13	7	4	6	4	4	2	4	9	7	1	4	144	75	35	20	6	38	6	37	16
GCF_013307245.1	4	3	2	1	3	13	6	6	7	6	6	10	6	8	10	5	1	1	7	12	7	5	7	4	5	2	4	11	8	1	4	142	77	36	20	6	37	6	37	14	4	3	2	1	3	13	6	6	7	6	6	10	6	8	10	5	1	1	7	12	7	5	7	4	5	2	4	11	8	1	4	142	77	36	20	6	37	6	37	14
GCF_013307435.2	5	5	8	2	3	13	7	7	10	7	6	11	7	12	8	6	3	2	10	10	7	10	7	2	8	2	3	20	8	6	5	195	87	61	26	4	39	6	45	16	5	5	8	2	3	13	7	7	10	7	6	11	7	12	8	6	3	2	10	10	7	10	7	2	8	2	3	20	8	6	5	195	87	61	26	4	39	6	45	16
GCF_013315815.1	4	4	2	1	3	10	7	8	7	7	4	13	6	9	1	6	1	1	5	2	5	7	3	4	5	1	3	0	7	3	5	102	55	22	12	4	37	7	20	8	4	4	2	1	3	10	7	8	7	7	4	13	6	9	1	6	1	1	5	2	5	7	3	4	5	1	3	0	7	3	5	102	55	22	12	4	37	7	20	8
GCF_013340845.1	3	4	2	2	6	16	6	7	8	7	5	10	6	8	7	5	1	2	7	4	7	6	5	2	6	2	3	13	3	6	4	143	72	39	15	6	37	9	43	12	3	4	2	2	6	16	6	7	8	7	5	10	6	8	7	5	1	2	7	4	7	6	5	2	6	2	3	13	3	6	4	143	72	39	15	6	37	9	43	12
GCF_013343195.2	4	4	1	2	1	9	7	5	5	4	3	9	5	5	7	6	1	2	3	2	3	6	3	5	4	1	3	12	4	1	5	110	56	23	12	2	25	6	38	11	4	4	1	2	1	9	7	5	5	4	3	9	5	5	7	6	1	2	3	2	3	6	3	5	4	1	3	12	4	1	5	110	56	23	12	2	25	6	38	11
GCF_013347325.1	4	8	3	2	3	16	8	5	9	7	7	10	6	10	10	6	1	1	8	13	7	5	8	3	8	3	4	12	13	4	4	205	92	63	35	6	40	10	46	16	4	8	3	2	3	16	8	5	9	7	7	10	6	10	10	6	1	1	8	13	7	5	8	3	8	3	4	12	13	4	4	205	92	63	35	6	40	10	46	16
GCF_013364315.1	3	5	3	3	4	17	8	9	13	9	9	18	7	12	6	5	3	1	9	11	9	4	7	5	12	4	3	16	12	7	4	203	98	55	19	5	46	10	49	14	3	5	3	3	4	17	8	9	13	9	9	18	7	12	6	5	3	1	9	11	9	4	7	5	12	4	3	16	12	7	4	203	98	55	19	5	46	10	49	14
GCF_013372105.1	3	3	2	0	1	13	5	7	5	4	5	10	5	7	4	5	0	3	2	3	4	4	2	5	5	2	3	7	7	1	4	103	59	22	10	2	28	6	33	9	3	3	2	0	1	13	5	7	5	4	5	10	5	7	4	5	0	3	2	3	4	4	2	5	5	2	3	7	7	1	4	103	59	22	10	2	28	6	33	9
GCF_013372205.1	3	3	2	1	2	10	6	6	7	5	5	12	5	6	5	5	0	3	3	6	5	4	2	4	5	0	3	7	7	1	4	109	63	25	13	4	33	4	29	9	3	3	2	1	2	10	6	6	7	5	5	12	5	6	5	5	0	3	3	6	5	4	2	4	5	0	3	7	7	1	4	109	63	25	13	4	33	4	29	9
GCF_013372225.1	1	3	2	0	2	14	5	7	6	5	5	11	5	6	3	5	0	1	2	3	4	3	1	4	4	2	3	8	8	1	4	98	58	20	8	4	29	7	31	7	1	3	2	0	2	14	5	7	6	5	5	11	5	6	3	5	0	1	2	3	4	3	1	4	4	2	3	8	8	1	4	98	58	20	8	4	29	7	31	7
GCF_013374215.1	1	3	2	1	1	7	6	6	7	5	5	12	6	6	5	4	0	2	3	4	2	3	3	2	5	1	3	7	6	2	4	94	51	23	13	2	25	4	27	9	1	3	2	1	1	7	6	6	7	5	5	12	6	6	5	4	0	2	3	4	2	3	3	2	5	1	3	7	6	2	4	94	51	23	13	2	25	4	27	9
GCF_013374995.1	5	7	3	2	8	18	8	11	9	11	8	17	10	7	7	8	5	4	14	18	10	7	6	5	8	4	4	18	7	6	4	245	105	78	33	5	52	9	59	11	5	7	3	2	8	18	8	11	9	11	8	17	10	7	7	8	5	4	14	18	10	7	6	5	8	4	4	18	7	6	4	245	105	78	33	5	52	9	59	11
GCF_013376455.1	6	3	2	2	3	8	8	8	6	5	5	11	6	7	10	5	1	2	4	6	6	4	5	3	6	1	3	10	7	3	5	130	66	37	15	5	35	6	33	14	6	3	2	2	3	8	8	8	6	5	5	11	6	7	10	5	1	2	4	6	6	4	5	3	6	1	3	10	7	3	5	130	66	37	15	5	35	6	33	14
GCF_013376475.1	6	3	2	1	4	8	7	9	6	5	4	11	6	6	8	5	1	2	4	8	6	4	5	3	6	1	3	9	7	5	5	126	66	37	16	5	35	5	31	12	6	3	2	1	4	8	7	9	6	5	4	11	6	6	8	5	1	2	4	8	6	4	5	3	6	1	3	9	7	5	5	126	66	37	16	5	35	5	31	12
GCF_013377995.1	3	6	5	2	2	14	6	5	8	7	7	14	6	8	6	4	3	3	5	7	5	6	4	4	7	2	3	7	7	1	5	145	81	38	19	5	41	7	38	10	3	6	5	2	2	14	6	5	8	7	7	14	6	8	6	4	3	3	5	7	5	6	4	4	7	2	3	7	7	1	5	145	81	38	19	5	41	7	38	10
GCF_013378075.1	6	4	3	1	2	13	8	6	8	6	6	10	8	9	8	7	1	2	9	5	6	8	8	5	7	2	3	15	7	1	4	158	79	43	24	4	34	8	44	14	6	4	3	1	2	13	8	6	8	6	6	10	8	9	8	7	1	2	9	5	6	8	8	5	7	2	3	15	7	1	4	158	79	43	24	4	34	8	44	14
GCF_013388295.1	4	4	2	1	3	10	9	7	3	3	6	6	6	6	3	4	1	2	4	2	3	6	4	4	4	2	3	3	6	2	4	89	43	20	11	3	23	7	28	7	4	4	2	1	3	10	9	7	3	3	6	6	6	6	3	4	1	2	4	2	3	6	4	4	4	2	3	3	6	2	4	89	43	20	11	3	23	7	28	7
GCF_013389455.1	2	4	1	1	2	9	6	5	8	8	6	7	6	5	5	5	1	2	4	2	5	5	3	3	6	1	3	9	3	2	5	109	57	29	11	4	28	6	33	9	2	4	1	1	2	9	6	5	8	8	6	7	6	5	5	5	1	2	4	2	5	5	3	3	6	1	3	9	3	2	5	109	57	29	11	4	28	6	33	9
GCF_013393365.1	5	5	2	1	0	10	6	5	6	10	4	11	5	6	4	5	1	1	8	2	5	7	6	4	5	1	3	19	6	0	4	129	64	26	16	3	28	5	44	8	5	5	2	1	0	10	6	5	6	10	4	11	5	6	4	5	1	1	8	2	5	7	6	4	5	1	3	19	6	0	4	129	64	26	16	3	28	5	44	8
GCF_013394595.1	3	3	7	2	2	10	6	6	9	10	6	8	6	9	8	5	1	2	8	4	6	6	5	2	5	1	3	8	4	2	5	132	66	34	16	5	35	7	29	15	3	3	7	2	2	10	6	6	9	10	6	8	6	9	8	5	1	2	8	4	6	6	5	2	5	1	3	8	4	2	5	132	66	34	16	5	35	7	29	15
GCF_013394655.1	3	4	4	2	2	10	6	6	9	8	6	8	6	8	7	5	1	2	10	8	6	7	6	2	6	1	3	8	3	3	4	134	69	37	19	5	34	7	30	14	3	4	4	2	2	10	6	6	9	8	6	8	6	8	7	5	1	2	10	8	6	7	6	2	6	1	3	8	3	3	4	134	69	37	19	5	34	7	30	14
GCF_013403565.1	4	5	2	2	3	15	10	7	6	9	6	12	6	11	13	5	1	2	10	7	9	7	8	6	6	2	3	14	8	1	4	174	86	44	24	6	42	10	47	19	4	5	2	2	3	15	10	7	6	9	6	12	6	11	13	5	1	2	10	7	9	7	8	6	6	2	3	14	8	1	4	174	86	44	24	6	42	10	47	19
GCF_013409125.2	4	6	4	1	13	17	8	13	9	8	7	13	7	9	10	5	1	3	11	18	9	5	5	4	9	3	5	18	8	13	4	225	103	61	27	5	49	9	60	14	4	6	4	1	13	17	8	13	9	8	7	13	7	9	10	5	1	3	11	18	9	5	5	4	9	3	5	18	8	13	4	225	103	61	27	5	49	9	60	14
GCF_013414345.1	4	5	2	3	3	14	6	7	7	7	7	13	6	11	7	6	2	1	5	6	4	4	4	2	6	4	3	5	7	2	4	130	76	31	18	4	39	8	30	14	4	5	2	3	3	14	6	7	7	7	7	13	6	11	7	6	2	1	5	6	4	4	4	2	6	4	3	5	7	2	4	130	76	31	18	4	39	8	30	14
GCF_013416015.1	3	3	2	1	2	10	5	6	6	5	5	12	5	7	8	5	0	2	3	3	6	4	3	3	5	3	3	7	7	1	4	113	64	28	13	4	33	3	31	12	3	3	2	1	2	10	5	6	6	5	5	12	5	7	8	5	0	2	3	3	6	4	3	3	5	3	3	7	7	1	4	113	64	28	13	4	33	3	31	12
GCF_013423785.1	5	6	2	2	3	15	10	6	7	9	6	12	6	9	7	5	2	2	10	8	9	7	8	6	8	3	3	14	8	1	4	171	88	46	27	6	45	9	51	12	5	6	2	2	3	15	10	6	7	9	6	12	6	9	7	5	2	2	10	8	9	7	8	6	8	3	3	14	8	1	4	171	88	46	27	6	45	9	51	12
GCF_013423865.1	4	7	8	1	2	13	7	6	4	6	5	7	6	11	7	6	1	1	6	3	3	7	2	4	3	5	3	1	8	1	5	117	61	22	13	3	31	5	24	15	4	7	8	1	2	13	7	6	4	6	5	7	6	11	7	6	1	1	6	3	3	7	2	4	3	5	3	1	8	1	5	117	61	22	13	3	31	5	24	15
GCF_013466985.1	4	7	2	4	4	16	6	9	10	7	6	12	7	9	7	5	2	1	7	10	9	6	6	2	9	5	3	10	6	7	4	165	77	47	22	4	39	8	43	13	4	7	2	4	4	16	6	9	10	7	6	12	7	9	7	5	2	1	7	10	9	6	6	2	9	5	3	10	6	7	4	165	77	47	22	4	39	8	43	13
GCF_013744875.1	5	5	4	1	8	18	7	12	11	13	8	16	7	12	7	6	2	2	11	15	9	7	11	5	14	5	4	15	11	9	4	233	108	69	30	6	49	7	62	14	5	5	4	1	8	18	7	12	11	13	8	16	7	12	7	6	2	2	11	15	9	7	11	5	14	5	4	15	11	9	4	233	108	69	30	6	49	7	62	14
GCF_013745115.1	4	5	1	1	2	5	5	6	2	1	0	5	4	4	1	1	1	1	3	5	3	8	2	1	1	1	2	1	7	3	5	70	29	18	14	0	15	8	10	4	4	5	1	1	2	5	5	6	2	1	0	5	4	4	1	1	1	1	3	5	3	8	2	1	1	1	2	1	7	3	5	70	29	18	14	0	15	8	10	4
GCF_014023125.1	5	4	5	2	1	6	3	5	6	4	2	6	1	5	2	1	1	1	5	4	3	8	2	1	2	1	2	1	7	2	5	75	32	22	14	2	22	8	8	6	5	4	5	2	1	6	3	5	6	4	2	6	1	5	2	1	1	1	5	4	3	8	2	1	2	1	2	1	7	2	5	75	32	22	14	2	22	8	8	6
GCF_014041995.1	5	3	6	3	3	14	5	7	8	8	7	14	7	9	5	6	3	1	7	4	5	6	6	3	3	3	3	1	7	2	4	126	68	24	16	4	42	7	24	11	5	3	6	3	3	14	5	7	8	8	7	14	7	9	5	6	3	1	7	4	5	6	6	3	3	3	3	1	7	2	4	126	68	24	16	4	42	7	24	11
GCF_014042035.1	4	6	11	2	3	13	5	6	11	19	7	11	7	13	3	6	2	3	8	7	5	8	3	7	6	5	4	12	8	7	6	197	93	50	22	7	43	4	52	10	4	6	11	2	3	13	5	6	11	19	7	11	7	13	3	6	2	3	8	7	5	8	3	7	6	5	4	12	8	7	6	197	93	50	22	7	43	4	52	10
GCF_014055005.1	3	5	3	1	3	14	9	6	9	6	7	12	6	8	8	5	1	1	10	10	6	7	7	6	7	3	3	10	8	1	4	161	86	47	31	7	41	9	45	13	3	5	3	1	3	14	9	6	9	6	7	12	6	8	8	5	1	1	10	10	6	7	7	6	7	3	3	10	8	1	4	161	86	47	31	7	41	9	45	13
GCF_014058425.1	4	7	2	1	2	13	6	6	7	9	6	1	6	9	2	6	1	1	3	3	7	5	4	2	9	3	3	2	7	1	5	106	54	23	15	4	26	5	25	8	4	7	2	1	2	13	6	6	7	9	6	1	6	9	2	6	1	1	3	3	7	5	4	2	9	3	3	2	7	1	5	106	54	23	15	4	26	5	25	8
GCF_014058705.1	5	9	6	2	3	15	7	7	11	10	6	11	6	9	9	5	1	1	7	10	8	6	7	4	5	3	3	12	8	2	4	166	81	42	25	4	40	8	38	14	5	9	6	2	3	15	7	7	11	10	6	11	6	9	9	5	1	1	7	10	8	6	7	4	5	3	3	12	8	2	4	166	81	42	25	4	40	8	38	14
GCF_014069315.1	2	7	10	1	1	5	6	5	5	7	5	4	7	8	3	5	1	2	4	2	3	3	2	4	7	4	4	1	7	1	6	93	38	17	10	2	17	5	27	9	2	7	10	1	1	5	6	5	5	7	5	4	7	8	3	5	1	2	4	2	3	3	2	4	7	4	4	1	7	1	6	93	38	17	10	2	17	5	27	9
GCF_014069875.1	5	4	4	3	3	14	6	7	10	8	5	12	7	9	6	6	3	1	4	5	4	6	4	3	2	3	3	0	12	2	4	130	74	23	16	4	36	8	24	11	5	4	4	3	3	14	6	7	10	8	5	12	7	9	6	6	3	1	4	5	4	6	4	3	2	3	3	0	12	2	4	130	74	23	16	4	36	8	24	11
GCF_014070455.1	4	5	3	2	9	14	8	11	9	9	7	15	6	10	6	6	2	2	11	12	8	6	9	6	11	4	3	14	8	13	4	198	96	61	23	5	46	8	52	13	4	5	3	2	9	14	8	11	9	9	7	15	6	10	6	6	2	2	11	12	8	6	9	6	11	4	3	14	8	13	4	198	96	61	23	5	46	8	52	13
GCF_014075995.1	1	6	10	2	1	10	7	5	9	7	6	10	5	10	10	4	2	2	5	4	6	5	4	2	12	2	2	9	7	5	5	149	69	35	12	5	31	6	41	17	1	6	10	2	1	10	7	5	9	7	6	10	5	10	10	4	2	2	5	4	6	5	4	2	12	2	2	9	7	5	5	149	69	35	12	5	31	6	41	17
GCF_014076555.1	4	7	6	3	1	11	6	6	5	11	3	11	5	12	10	5	3	1	5	1	5	7	5	5	6	1	3	9	7	1	4	147	71	33	17	4	35	6	32	17	4	7	6	3	1	11	6	6	5	11	3	11	5	12	10	5	3	1	5	1	5	7	5	5	6	1	3	9	7	1	4	147	71	33	17	4	35	6	32	17
GCF_014107495.1	1	8	11	3	4	15	7	8	9	12	7	12	7	16	13	8	1	2	5	4	5	5	3	5	10	4	3	14	8	13	4	177	90	43	12	7	42	8	44	23	1	8	11	3	4	15	7	8	9	12	7	12	7	16	13	8	1	2	5	4	5	5	3	5	10	4	3	14	8	13	4	177	90	43	12	7	42	8	44	23
GCF_014109845.1	4	4	2	2	3	12	6	7	9	11	6	12	6	8	8	5	1	5	12	7	9	10	11	4	4	3	4	13	7	2	5	173	80	45	26	3	36	7	43	13	4	4	2	2	3	12	6	7	9	11	6	12	6	8	8	5	1	5	12	7	9	10	11	4	4	3	4	13	7	2	5	173	80	45	26	3	36	7	43	13
GCF_014117325.1	4	5	11	4	4	13	8	7	10	8	6	12	6	11	10	6	2	2	6	7	9	4	6	6	8	2	3	11	5	7	5	169	78	42	16	6	40	8	47	16	4	5	11	4	4	13	8	7	10	8	6	12	6	11	10	6	2	2	6	7	9	4	6	6	8	2	3	11	5	7	5	169	78	42	16	6	40	8	47	16
GCF_014126615.1	6	10	8	2	7	17	8	11	10	7	6	10	6	11	8	5	3	2	12	13	11	9	10	3	6	3	3	18	7	11	4	209	91	72	35	4	43	8	48	15	6	10	8	2	7	17	8	11	10	7	6	10	6	11	8	5	3	2	12	13	11	9	10	3	6	3	3	18	7	11	4	209	91	72	35	4	43	8	48	15
GCF_014126825.1	3	6	3	1	3	14	7	7	8	9	7	14	6	8	5	4	2	2	12	9	8	6	9	3	7	4	3	15	7	7	4	185	93	52	29	5	45	9	49	10	3	6	3	1	3	14	7	7	8	9	7	14	6	8	5	4	2	2	12	9	8	6	9	3	7	4	3	15	7	7	4	185	93	52	29	5	45	9	49	10
GCF_014131755.1	5	7	10	3	3	10	7	8	8	9	6	8	6	9	13	5	1	1	8	6	9	7	5	5	5	2	3	2	6	3	5	150	72	34	16	5	38	7	28	18	5	7	10	3	3	10	7	8	8	9	6	8	6	9	13	5	1	1	8	6	9	7	5	5	5	2	3	2	6	3	5	150	72	34	16	5	38	7	28	18
GCF_014168535.1	3	5	7	2	3	12	6	7	8	9	6	8	6	9	6	5	2	2	7	3	3	7	3	2	7	2	3	10	6	8	5	135	66	34	11	6	31	8	30	14	3	5	7	2	3	12	6	7	8	9	6	8	6	9	6	5	2	2	7	3	3	7	3	2	7	2	3	10	6	8	5	135	66	34	11	6	31	8	30	14
GCF_014171495.1	5	8	10	4	7	16	6	8	13	10	8	16	7	12	18	5	3	1	12	24	8	6	9	5	10	3	8	16	9	10	4	271	121	85	42	7	51	7	63	23	5	8	10	4	7	16	6	8	13	10	8	16	7	12	18	5	3	1	12	24	8	6	9	5	10	3	8	16	9	10	4	271	121	85	42	7	51	7	63	23
GCF_014211955.1	7	4	4	2	4	14	7	6	8	5	6	9	5	10	10	4	1	3	10	7	10	9	10	5	7	2	3	13	7	5	4	164	77	49	27	4	35	7	45	14	7	4	4	2	4	14	7	6	8	5	6	9	5	10	10	4	1	3	10	7	10	9	10	5	7	2	3	13	7	5	4	164	77	49	27	4	35	7	45	14
GCF_014216335.1	4	7	6	2	4	16	7	9	11	12	7	12	6	14	5	5	3	1	10	10	8	7	8	4	6	4	4	16	9	3	4	190	82	51	20	5	39	9	44	14	4	7	6	2	4	16	7	9	11	12	7	12	6	14	5	5	3	1	10	10	8	7	8	4	6	4	4	16	9	3	4	190	82	51	20	5	39	9	44	14
GCF_014217805.1	1	6	10	2	1	10	8	5	9	8	6	9	5	9	7	4	2	2	5	4	6	5	4	2	9	2	2	9	7	5	5	143	68	34	12	5	31	6	38	14	1	6	10	2	1	10	8	5	9	8	6	9	5	9	7	4	2	2	5	4	6	5	4	2	9	2	2	9	7	5	5	143	68	34	12	5	31	6	38	14
GCF_014217835.1	2	10	11	3	6	14	6	7	11	16	7	12	6	17	12	7	2	1	6	8	6	9	6	8	10	5	4	13	8	8	6	204	106	58	24	7	50	5	54	21	2	10	11	3	6	14	6	7	11	16	7	12	6	17	12	7	2	1	6	8	6	9	6	8	10	5	4	13	8	8	6	204	106	58	24	7	50	5	54	21
GCF_014217995.1	1	3	2	0	1	12	5	6	6	3	5	12	5	6	4	5	0	3	2	3	4	3	2	4	5	1	3	7	7	1	4	97	59	20	8	2	28	5	29	8	1	3	2	0	1	12	5	6	6	3	5	12	5	6	4	5	0	3	2	3	4	3	2	4	5	1	3	7	7	1	4	97	59	20	8	2	28	5	29	8
GCF_014218275.1	4	3	2	2	3	9	7	8	8	6	7	13	7	7	7	6	1	2	12	4	3	8	5	5	8	2	3	10	8	3	5	137	71	31	16	6	38	6	38	12	4	3	2	2	3	9	7	8	8	6	7	13	7	7	7	6	1	2	12	4	3	8	5	5	8	2	3	10	8	3	5	137	71	31	16	6	38	6	38	12
GCF_014235185.1	4	6	4	1	5	18	6	8	10	11	6	14	7	11	5	6	2	2	8	16	10	6	9	6	9	5	3	17	8	9	4	205	86	59	28	4	40	9	53	12	4	6	4	1	5	18	6	8	10	11	6	14	7	11	5	6	2	2	8	16	10	6	9	6	9	5	3	17	8	9	4	205	86	59	28	4	40	9	53	12
GCF_014250515.1	5	4	5	3	1	11	6	5	6	5	5	12	6	10	11	6	1	2	8	4	6	7	5	2	6	2	2	10	7	1	5	139	69	33	17	3	31	9	35	17	5	4	5	3	1	11	6	5	6	5	5	12	6	10	11	6	1	2	8	4	6	7	5	2	6	2	2	10	7	1	5	139	69	33	17	3	31	9	35	17
GCF_014262665.1	3	5	3	1	4	14	7	7	7	7	6	13	6	10	5	5	2	1	4	4	8	4	4	3	6	4	3	8	7	2	4	136	77	35	17	5	40	7	37	12	3	5	3	1	4	14	7	7	7	7	6	13	6	10	5	5	2	1	4	4	8	4	4	3	6	4	3	8	7	2	4	136	77	35	17	5	40	7	37	12
GCF_014268275.3	4	9	4	3	9	18	8	12	11	12	8	14	8	7	8	6	2	4	11	19	12	6	8	4	7	4	5	19	8	11	4	245	105	81	36	7	54	9	60	12	4	9	4	3	9	18	8	12	11	12	8	14	8	7	8	6	2	4	11	19	12	6	8	4	7	4	5	19	8	11	4	245	105	81	36	7	54	9	60	12
GCF_014268375.2	4	8	3	1	8	19	10	12	10	12	7	16	7	8	9	6	2	4	11	17	11	6	7	4	7	3	5	19	7	10	4	240	107	75	35	7	54	12	62	13	4	8	3	1	8	19	10	12	10	12	7	16	7	8	9	6	2	4	11	17	11	6	7	4	7	3	5	19	7	10	4	240	107	75	35	7	54	12	62	13
GCF_014268445.2	4	7	4	2	12	18	7	13	10	12	7	13	6	9	11	6	1	4	11	22	8	5	7	4	7	3	5	19	7	12	4	242	105	81	35	7	51	8	58	15	4	7	4	2	12	18	7	13	10	12	7	13	6	9	11	6	1	4	11	22	8	5	7	4	7	3	5	19	7	12	4	242	105	81	35	7	51	8	58	15
GCF_014268455.2	4	8	3	1	8	19	7	12	10	12	7	14	8	8	8	6	2	4	10	16	8	6	7	4	7	3	5	20	7	11	4	241	107	78	35	7	53	9	59	12	4	8	3	1	8	19	7	12	10	12	7	14	8	8	8	6	2	4	10	16	8	6	7	4	7	3	5	20	7	11	4	241	107	78	35	7	53	9	59	12
GCF_014268485.2	4	7	4	2	12	18	7	13	10	12	8	13	7	9	11	6	1	4	11	22	8	5	7	4	8	3	5	19	7	12	4	241	108	80	35	7	52	8	60	15	4	7	4	2	12	18	7	13	10	12	8	13	7	9	11	6	1	4	11	22	8	5	7	4	8	3	5	19	7	12	4	241	108	80	35	7	52	8	60	15
GCF_014268495.2	4	7	4	2	12	18	7	13	10	12	7	13	6	9	10	6	1	4	10	22	8	5	6	4	7	3	5	19	7	12	4	240	106	78	34	7	51	8	59	14	4	7	4	2	12	18	7	13	10	12	7	13	6	9	10	6	1	4	10	22	8	5	6	4	7	3	5	19	7	12	4	240	106	78	34	7	51	8	59	14
GCF_014268585.2	4	7	4	2	11	18	7	12	10	12	7	13	6	9	11	6	1	4	11	21	8	5	7	4	7	3	5	19	7	11	4	236	105	76	35	7	50	8	59	15	4	7	4	2	11	18	7	12	10	12	7	13	6	9	11	6	1	4	11	21	8	5	7	4	7	3	5	19	7	11	4	236	105	76	35	7	50	8	59	15
GCF_014268595.2	3	7	4	2	11	18	7	12	7	8	7	13	6	9	11	6	1	4	8	14	8	5	5	4	7	3	5	19	7	11	4	218	96	66	26	5	46	8	58	15	3	7	4	2	11	18	7	12	7	8	7	13	6	9	11	6	1	4	8	14	8	5	5	4	7	3	5	19	7	11	4	218	96	66	26	5	46	8	58	15
GCF_014268695.2	4	6	3	1	10	17	7	11	12	10	9	13	7	8	9	5	2	3	10	21	11	5	7	4	8	3	5	20	7	18	4	245	102	83	33	9	51	8	62	13	4	6	3	1	10	17	7	11	12	10	9	13	7	8	9	5	2	3	10	21	11	5	7	4	8	3	5	20	7	18	4	245	102	83	33	9	51	8	62	13
GCF_014268755.2	4	8	3	1	10	17	7	13	11	9	9	15	9	8	9	6	1	3	13	25	9	5	8	6	8	4	6	19	9	12	4	252	111	84	37	7	56	8	63	13	4	8	3	1	10	17	7	13	11	9	9	15	9	8	9	6	1	3	13	25	9	5	8	6	8	4	6	19	9	12	4	252	111	84	37	7	56	8	63	13
GCF_014268885.2	4	7	3	1	10	18	7	13	11	9	8	13	7	8	11	5	1	2	11	23	8	5	7	4	11	4	5	18	7	12	4	240	109	80	36	7	53	9	61	15	4	7	3	1	10	18	7	13	11	9	8	13	7	8	11	5	1	2	11	23	8	5	7	4	11	4	5	18	7	12	4	240	109	80	36	7	53	9	61	15
GCF_014269225.2	4	8	2	1	10	18	7	13	10	10	9	14	10	8	9	5	1	3	11	22	8	5	6	4	8	4	5	18	7	12	4	235	108	77	36	6	56	8	60	13	4	8	2	1	10	18	7	13	10	10	9	14	10	8	9	5	1	3	11	22	8	5	6	4	8	4	5	18	7	12	4	235	108	77	36	6	56	8	60	13
GCF_014274465.1	4	7	6	3	2	12	6	6	9	7	4	12	6	13	11	5	3	2	7	6	5	8	3	5	6	2	3	12	8	1	5	159	78	39	20	4	30	4	37	21	4	7	6	3	2	12	6	6	9	7	4	12	6	13	11	5	3	2	7	6	5	8	3	5	6	2	3	12	8	1	5	159	78	39	20	4	30	4	37	21
GCF_014274685.1	2	6	8	2	3	12	6	7	7	6	4	9	6	12	11	5	1	1	5	4	4	5	1	4	5	2	3	9	8	2	5	132	63	27	9	4	27	5	30	19	2	6	8	2	3	12	6	7	7	6	4	9	6	12	11	5	1	1	5	4	4	5	1	4	5	2	3	9	8	2	5	132	63	27	9	4	27	5	30	19
GCF_014287515.2	3	2	7	3	4	9	5	9	5	6	5	11	7	10	5	6	1	1	3	3	3	5	2	4	5	2	3	5	7	3	5	116	63	23	8	3	33	4	27	11	3	2	7	3	4	9	5	9	5	6	5	11	7	10	5	6	1	1	3	3	3	5	2	4	5	2	3	5	7	3	5	116	63	23	8	3	33	4	27	11
GCF_014295035.1	3	5	3	1	6	16	7	10	12	11	7	12	6	9	3	6	2	1	7	9	9	4	7	6	9	4	4	16	13	4	4	182	85	48	17	6	41	9	47	10	3	5	3	1	6	16	7	10	12	11	7	12	6	9	3	6	2	1	7	9	9	4	7	6	9	4	4	16	13	4	4	182	85	48	17	6	41	9	47	10
GCF_014295415.1	2	3	1	1	1	9	5	5	5	3	4	6	6	5	5	5	1	1	4	2	6	5	3	2	5	1	3	8	3	2	5	104	50	23	9	2	21	5	33	9	2	3	1	1	1	9	5	5	5	3	4	6	6	5	5	5	1	1	4	2	6	5	3	2	5	1	3	8	3	2	5	104	50	23	9	2	21	5	33	9
GCF_014297575.1	4	5	3	1	2	13	9	6	6	9	5	11	6	7	7	5	1	3	10	9	8	6	6	4	7	3	5	17	9	5	5	189	81	51	26	2	33	10	50	11	4	5	3	1	2	13	9	6	6	9	5	11	6	7	7	5	1	3	10	9	8	6	6	4	7	3	5	17	9	5	5	189	81	51	26	2	33	10	50	11
GCF_014297595.2	3	6	2	1	3	14	7	6	9	6	7	12	6	8	8	5	1	1	8	7	6	6	6	3	7	2	3	8	8	2	4	146	84	41	26	7	41	8	38	13	3	6	2	1	3	14	7	6	9	6	7	12	6	8	8	5	1	1	8	7	6	6	6	3	7	2	3	8	8	2	4	146	84	41	26	7	41	8	38	13
GCF_014334095.1	5	5	2	1	2	13	7	6	7	5	6	9	6	7	6	5	1	2	10	6	7	9	8	5	7	2	3	14	7	1	4	148	73	40	24	4	35	7	44	10	5	5	2	1	2	13	7	6	7	5	6	9	6	7	6	5	1	2	10	6	7	9	8	5	7	2	3	14	7	1	4	148	73	40	24	4	35	7	44	10
GCF_014334735.1	3	6	1	2	4	15	7	8	8	7	6	13	6	7	4	4	2	0	6	7	8	6	6	4	5	4	3	10	7	3	4	143	77	36	18	4	39	9	38	8	3	6	1	2	4	15	7	8	8	7	6	13	6	7	4	4	2	0	6	7	8	6	6	4	5	4	3	10	7	3	4	143	77	36	18	4	39	9	38	8
GCF_014337155.1	3	3	2	1	4	10	7	10	5	6	5	9	8	8	6	5	1	1	4	3	5	6	3	4	6	2	3	8	8	3	4	115	66	24	10	5	34	6	30	11	3	3	2	1	4	10	7	10	5	6	5	9	8	8	6	5	1	1	4	3	5	6	3	4	6	2	3	8	8	3	4	115	66	24	10	5	34	6	30	11
GCF_014337175.1	3	3	6	2	4	9	6	10	4	6	5	9	6	11	6	6	1	1	2	4	5	5	3	3	2	1	2	3	7	4	5	105	54	21	9	3	32	4	16	13	3	3	6	2	4	9	6	10	4	6	5	9	6	11	6	6	1	1	2	4	5	5	3	3	2	1	2	3	7	4	5	105	54	21	9	3	32	4	16	13
GCF_014337195.1	3	5	5	3	4	10	6	10	6	7	5	13	7	8	8	6	1	1	5	3	2	6	1	4	1	1	3	9	7	4	5	120	64	25	8	4	37	4	25	13	3	5	5	3	4	10	6	10	6	7	5	13	7	8	8	6	1	1	5	3	2	6	1	4	1	1	3	9	7	4	5	120	64	25	8	4	37	4	25	13
GCF_014337215.1	4	6	11	3	4	11	6	10	6	7	6	12	6	10	7	8	2	1	6	4	2	8	1	3	5	2	3	8	7	4	5	147	68	34	12	4	38	5	28	14	4	6	11	3	4	11	6	10	6	7	6	12	6	10	7	8	2	1	6	4	2	8	1	3	5	2	3	8	7	4	5	147	68	34	12	4	38	5	28	14
GCF_014337255.1	4	4	4	1	1	11	8	7	1	1	2	7	7	12	7	5	1	1	4	4	3	7	2	5	6	1	3	9	7	2	5	116	51	24	12	0	20	8	35	14	4	4	4	1	1	11	8	7	1	1	2	7	7	12	7	5	1	1	4	4	3	7	2	5	6	1	3	9	7	2	5	116	51	24	12	0	20	8	35	14
GCF_014352855.1	4	5	2	2	1	12	7	6	6	4	5	4	5	9	8	5	1	2	5	5	6	6	5	4	6	2	4	9	7	1	4	120	57	33	20	2	18	7	37	13	4	5	2	2	1	12	7	6	6	4	5	4	5	9	8	5	1	2	5	5	6	6	5	4	6	2	4	9	7	1	4	120	57	33	20	2	18	7	37	13
GCF_014352875.1	5	4	1	3	2	9	7	6	8	7	6	11	6	8	6	6	1	2	9	6	8	8	6	3	5	1	3	11	3	2	5	132	73	34	17	6	37	6	37	12	5	4	1	3	2	9	7	6	8	7	6	11	6	8	6	6	1	2	9	6	8	8	6	3	5	1	3	11	3	2	5	132	73	34	17	6	37	6	37	12
GCF_014395425.1	4	5	2	1	2	13	6	6	7	9	6	10	5	7	7	5	1	2	7	4	6	6	6	4	4	3	3	11	7	1	5	149	72	37	21	3	33	8	40	11	4	5	2	1	2	13	6	6	7	9	6	10	5	7	7	5	1	2	7	4	6	6	6	4	4	3	3	11	7	1	5	149	72	37	21	3	33	8	40	11
GCF_014395785.1	4	7	2	2	4	15	7	9	9	6	6	15	7	9	4	6	3	1	10	9	7	6	7	3	5	4	3	11	8	3	4	166	85	46	26	4	42	8	35	11	4	7	2	2	4	15	7	9	9	6	6	15	7	9	4	6	3	1	10	9	7	6	7	3	5	4	3	11	8	3	4	166	85	46	26	4	42	8	35	11
GCF_014395975.1	4	5	2	2	3	19	7	6	11	10	7	10	6	8	8	6	1	2	9	13	7	6	7	4	5	4	3	16	9	5	4	194	82	61	32	6	41	9	45	13	4	5	2	2	3	19	7	6	11	10	7	10	6	8	8	6	1	2	9	13	7	6	7	4	5	4	3	16	9	5	4	194	82	61	32	6	41	9	45	13
GCF_014396165.1	6	4	2	1	0	11	6	4	0	3	0	0	4	8	1	4	1	1	5	0	3	8	3	1	5	2	2	0	8	0	5	74	26	14	14	0	8	8	16	8	6	4	2	1	0	11	6	4	0	3	0	0	4	8	1	4	1	1	5	0	3	8	3	1	5	2	2	0	8	0	5	74	26	14	14	0	8	8	16	8
GCF_014396585.1	4	5	2	2	2	13	7	6	8	5	6	10	6	8	3	5	1	2	6	5	6	7	6	5	7	2	3	11	7	1	4	132	63	36	21	3	29	8	42	8	4	5	2	2	2	13	7	6	8	5	6	10	6	8	3	5	1	2	6	5	6	7	6	5	7	2	3	11	7	1	4	132	63	36	21	3	29	8	42	8
GCF_014397115.1	8	5	3	3	1	14	7	6	7	8	2	8	8	11	3	8	3	2	6	3	5	10	5	4	5	3	4	15	7	1	5	136	58	30	21	2	21	5	38	11	8	5	3	3	1	14	7	6	7	8	2	8	8	11	3	8	3	2	6	3	5	10	5	4	5	3	4	15	7	1	5	136	58	30	21	2	21	5	38	11
GCF_014466955.1	4	5	4	1	5	18	6	7	11	13	7	16	8	13	8	7	2	2	10	9	7	6	10	4	12	4	4	16	9	6	4	203	99	54	25	5	45	9	57	16	4	5	4	1	5	18	6	7	11	13	7	16	8	13	8	7	2	2	10	9	7	6	10	4	12	4	4	16	9	6	4	203	99	54	25	5	45	9	57	16
GCF_014467015.1	4	6	3	1	1	14	6	7	7	9	10	7	8	12	3	9	1	1	7	7	4	8	4	4	1	1	3	3	7	2	5	125	57	29	20	4	27	6	21	11	4	6	3	1	1	14	6	7	7	9	10	7	8	12	3	9	1	1	7	7	4	8	4	4	1	1	3	3	7	2	5	125	57	29	20	4	27	6	21	11
GCF_014467055.1	4	4	7	2	4	9	7	9	6	8	4	12	6	11	2	6	1	1	4	4	8	7	4	5	5	2	3	0	8	4	5	113	61	26	13	4	39	5	21	10	4	4	7	2	4	9	7	9	6	8	4	12	6	11	2	6	1	1	4	4	8	7	4	5	5	2	3	0	8	4	5	113	61	26	13	4	39	5	21	10
GCF_014489415.1	2	4	1	3	3	12	3	6	4	6	3	11	6	8	11	4	1	1	4	1	5	4	4	2	5	1	3	18	9	1	5	132	76	21	10	4	30	5	36	16	2	4	1	3	3	12	3	6	4	6	3	11	6	8	11	4	1	1	4	1	5	4	4	2	5	1	3	18	9	1	5	132	76	21	10	4	30	5	36	16
GCF_014489515.1	5	4	2	4	2	13	6	6	7	4	5	5	5	10	8	6	1	2	5	5	6	6	6	4	6	2	3	10	8	1	4	127	57	34	20	3	22	7	38	13	5	4	2	4	2	13	6	6	7	4	5	5	5	10	8	6	1	2	5	5	6	6	6	4	6	2	3	10	8	1	4	127	57	34	20	3	22	7	38	13
GCF_014489595.1	4	5	2	3	3	18	7	6	8	10	7	10	6	9	7	6	1	2	8	13	7	5	7	4	7	4	4	13	8	7	4	187	80	57	29	7	41	9	48	13	4	5	2	3	3	18	7	6	8	10	7	10	6	9	7	6	1	2	8	13	7	5	7	4	7	4	4	13	8	7	4	187	80	57	29	7	41	9	48	13
GCF_014489615.1	4	5	3	2	4	16	6	9	13	13	7	12	6	14	8	5	3	1	11	12	10	7	10	5	7	4	3	17	12	7	4	207	93	58	25	5	40	8	47	17	4	5	3	2	4	16	6	9	13	13	7	12	6	14	8	5	3	1	11	12	10	7	10	5	7	4	3	17	12	7	4	207	93	58	25	5	40	8	47	17
GCF_014489635.1	6	6	6	2	9	17	7	13	16	18	8	17	7	17	10	7	3	1	12	15	14	9	14	6	15	4	3	18	19	11	4	258	127	76	29	6	53	9	63	20	6	6	6	2	9	17	7	13	16	18	8	17	7	17	10	7	3	1	12	15	14	9	14	6	15	4	3	18	19	11	4	258	127	76	29	6	53	9	63	20
GCF_014495845.1	6	7	5	2	9	15	7	12	16	9	6	13	9	10	8	6	1	2	10	14	9	7	9	2	8	2	4	17	9	11	4	209	95	65	27	4	46	8	41	15	6	7	5	2	9	15	7	12	16	9	6	13	9	10	8	6	1	2	10	14	9	7	9	2	8	2	4	17	9	11	4	209	95	65	27	4	46	8	41	15
GCF_014522205.1	2	5	5	1	3	14	7	7	6	5	6	15	6	11	5	5	2	1	5	3	4	3	4	4	6	4	3	8	8	2	4	145	75	33	15	4	40	9	39	12	2	5	5	1	3	14	7	7	6	5	6	15	6	11	5	5	2	1	5	3	4	3	4	4	6	4	3	8	8	2	4	145	75	33	15	4	40	9	39	12
GCF_014524565.1	2	3	1	2	1	13	6	5	3	3	4	3	7	6	6	4	1	2	6	4	5	5	4	2	6	2	3	10	3	2	5	101	48	26	12	2	16	8	33	10	2	3	1	2	1	13	6	5	3	3	4	3	7	6	6	4	1	2	6	4	5	5	4	2	6	2	3	10	3	2	5	101	48	26	12	2	16	8	33	10
GCF_014541205.1	3	6	5	2	2	14	5	5	8	8	7	14	6	11	7	5	1	3	8	7	3	7	3	5	7	2	3	7	7	1	5	152	82	36	19	5	42	7	38	14	3	6	5	2	2	14	5	5	8	8	7	14	6	11	7	5	1	3	8	7	3	7	3	5	7	2	3	7	7	1	5	152	82	36	19	5	42	7	38	14
GCF_014621655.1	2	4	1	1	2	13	4	5	5	5	4	7	7	4	5	5	1	1	6	4	5	5	3	2	6	2	3	11	3	1	6	103	53	25	12	3	21	8	29	8	2	4	1	1	2	13	4	5	5	5	4	7	7	4	5	5	1	1	6	4	5	5	3	2	6	2	3	11	3	1	6	103	53	25	12	3	21	8	29	8
GCF_014656585.1	5	7	2	1	1	13	6	6	6	8	6	0	6	12	6	4	1	2	4	4	5	7	3	2	4	4	4	1	7	1	5	91	47	21	14	3	17	5	20	14	5	7	2	1	1	13	6	6	6	8	6	0	6	12	6	4	1	2	4	4	5	7	3	2	4	4	4	1	7	1	5	91	47	21	14	3	17	5	20	14
GCF_014672715.2	4	4	2	1	4	11	5	11	5	4	5	15	5	8	2	3	1	0	3	6	3	5	3	3	6	1	3	5	7	4	4	98	59	23	12	5	37	4	22	8	4	4	2	1	4	11	5	11	5	4	5	15	5	8	2	3	1	0	3	6	3	5	3	3	6	1	3	5	7	4	4	98	59	23	12	5	37	4	22	8
GCF_014680085.1	4	6	4	1	3	15	6	8	8	9	8	14	6	10	3	7	2	2	8	5	6	5	7	3	7	4	3	15	12	6	5	167	80	38	14	6	38	9	43	11	4	6	4	1	3	15	6	8	8	9	8	14	6	10	3	7	2	2	8	5	6	5	7	3	7	4	3	15	12	6	5	167	80	38	14	6	38	9	43	11
GCF_014692875.1	4	7	7	2	2	11	7	6	8	9	6	7	6	10	6	5	2	1	6	3	6	8	3	4	8	2	3	7	7	6	5	143	67	36	15	5	33	7	34	15	4	7	7	2	2	11	7	6	8	9	6	7	6	10	6	5	2	1	6	3	6	8	3	4	8	2	3	7	7	6	5	143	67	36	15	5	33	7	34	15
GCF_014697095.1	4	7	5	1	3	16	7	6	14	19	7	12	7	10	10	5	3	3	12	10	11	7	6	7	8	3	3	17	8	7	4	237	92	64	32	6	42	9	53	16	4	7	5	1	3	16	7	6	14	19	7	12	7	10	10	5	3	3	12	10	11	7	6	7	8	3	3	17	8	7	4	237	92	64	32	6	42	9	53	16
GCF_014701095.1	3	5	3	2	4	16	6	9	15	10	7	15	5	12	6	6	4	1	8	10	10	5	7	5	9	4	4	17	11	7	4	199	89	52	16	5	41	8	51	14	3	5	3	2	4	16	6	9	15	10	7	15	5	12	6	6	4	1	8	10	10	5	7	5	9	4	4	17	11	7	4	199	89	52	16	5	41	8	51	14
GCF_014770185.1	2	7	4	3	3	13	6	7	6	5	7	14	7	10	9	7	1	1	2	3	6	3	3	4	5	3	3	5	7	2	4	124	72	26	11	4	39	6	30	16	2	7	4	3	3	13	6	7	6	5	7	14	7	10	9	7	1	1	2	3	6	3	3	4	5	3	3	5	7	2	4	124	72	26	11	4	39	6	30	16
GCF_014779555.2	4	5	3	2	2	14	6	7	8	9	5	11	4	7	8	5	3	2	8	4	6	6	6	4	5	3	3	14	7	1	5	168	75	44	22	3	33	9	46	12	4	5	3	2	2	14	6	7	8	9	5	11	4	7	8	5	3	2	8	4	6	6	6	4	5	3	3	14	7	1	5	168	75	44	22	3	33	9	46	12
GCF_014789145.1	4	6	2	1	1	13	6	6	2	4	5	5	6	6	2	6	1	2	4	1	5	7	3	2	2	3	3	0	7	1	5	85	40	18	13	2	18	5	23	6	4	6	2	1	1	13	6	6	2	4	5	5	6	6	2	6	1	2	4	1	5	7	3	2	2	3	3	0	7	1	5	85	40	18	13	2	18	5	23	6
GCF_014805825.1	4	6	5	4	4	17	9	8	13	11	8	13	7	10	10	5	3	2	8	12	10	5	5	3	9	2	4	14	7	6	4	208	88	59	27	5	44	8	49	16	4	6	5	4	4	17	9	8	13	11	8	13	7	10	10	5	3	2	8	12	10	5	5	3	9	2	4	14	7	6	4	208	88	59	27	5	44	8	49	16
GCF_014844295.1	2	4	1	1	2	10	6	5	6	4	5	6	6	5	5	4	1	2	4	2	5	4	3	3	4	2	3	15	3	2	5	105	47	24	9	3	18	6	36	9	2	4	1	1	2	10	6	5	6	4	5	6	6	5	5	4	1	2	4	2	5	4	3	3	4	2	3	15	3	2	5	105	47	24	9	3	18	6	36	9
GCF_014852565.2	5	6	4	2	7	17	6	11	17	17	8	16	6	15	5	6	3	1	12	20	12	8	13	6	8	4	4	16	12	9	4	230	101	76	32	6	48	8	52	15	5	6	4	2	7	17	6	11	17	17	8	16	6	15	5	6	3	1	12	20	12	8	13	6	8	4	4	16	12	9	4	230	101	76	32	6	48	8	52	15
GCF_014863585.1	4	7	4	2	11	19	7	13	9	13	7	13	6	10	13	6	1	4	10	19	8	5	6	4	7	3	5	19	9	11	4	243	109	76	32	5	49	9	60	17	4	7	4	2	11	19	7	13	9	13	7	13	6	10	13	6	1	4	10	19	8	5	6	4	7	3	5	19	9	11	4	243	109	76	32	5	49	9	60	17
GCF_014863605.1	4	7	4	2	9	17	7	12	9	12	7	13	6	10	13	6	1	4	10	19	8	5	6	4	8	3	5	19	7	11	4	237	105	73	32	5	48	8	60	17	4	7	4	2	9	17	7	12	9	12	7	13	6	10	13	6	1	4	10	19	8	5	6	4	8	3	5	19	7	11	4	237	105	73	32	5	48	8	60	17
GCF_014879975.1	5	9	4	1	2	16	7	8	11	10	9	13	6	12	4	6	1	3	12	9	7	10	5	6	9	2	4	11	7	8	5	210	92	63	31	6	45	6	57	13	5	9	4	1	2	16	7	8	11	10	9	13	6	12	4	6	1	3	12	9	7	10	5	6	9	2	4	11	7	8	5	210	92	63	31	6	45	6	57	13
GCF_014896945.1	3	2	1	1	0	0	2	0	1	1	4	0	4	1	0	5	1	1	3	0	2	5	3	0	0	1	0	0	0	0	4	24	8	12	8	1	8	2	2	1	3	2	1	1	0	0	2	0	1	1	4	0	4	1	0	5	1	1	3	0	2	5	3	0	0	1	0	0	0	0	4	24	8	12	8	1	8	2	2	1
GCF_014898075.1	3	5	2	1	3	14	9	6	8	9	7	12	6	8	8	5	1	1	7	8	5	5	7	5	6	2	3	10	8	2	4	155	85	45	28	7	43	9	40	13	3	5	2	1	3	14	9	6	8	9	7	12	6	8	8	5	1	1	7	8	5	5	7	5	6	2	3	10	8	2	4	155	85	45	28	7	43	9	40	13
GCF_014898155.1	2	6	5	1	3	12	9	7	5	6	5	7	5	10	3	5	1	1	2	2	4	4	3	3	0	3	2	0	7	2	3	96	48	23	11	4	32	6	16	10	2	6	5	1	3	12	9	7	5	6	5	7	5	10	3	5	1	1	2	2	4	4	3	3	0	3	2	0	7	2	3	96	48	23	11	4	32	6	16	10
GCF_014898175.1	3	6	6	1	3	12	9	7	5	8	5	7	5	10	3	5	1	1	2	2	5	5	3	5	3	3	2	0	8	2	3	107	54	26	13	4	34	6	22	10	3	6	6	1	3	12	9	7	5	8	5	7	5	10	3	5	1	1	2	2	5	5	3	5	3	3	2	0	8	2	3	107	54	26	13	4	34	6	22	10
GCF_014905115.1	5	3	2	0	2	14	4	6	6	6	5	13	4	7	8	5	0	3	4	4	6	4	4	3	5	1	3	12	7	2	4	121	76	28	13	4	35	4	33	12	5	3	2	0	2	14	4	6	6	6	5	13	4	7	8	5	0	3	4	4	6	4	4	3	5	1	3	12	7	2	4	121	76	28	13	4	35	4	33	12
GCF_014905135.1	5	3	2	0	2	12	4	6	6	6	5	13	4	7	6	5	0	3	4	5	6	4	4	3	5	1	3	12	7	2	4	118	73	28	14	4	35	4	33	10	5	3	2	0	2	12	4	6	6	6	5	13	4	7	6	5	0	3	4	5	6	4	4	3	5	1	3	12	7	2	4	118	73	28	14	4	35	4	33	10
GCF_014926385.1	4	3	2	2	3	13	7	7	7	7	4	12	6	7	4	6	2	1	4	3	4	4	4	4	2	3	3	2	7	2	4	111	61	19	11	4	33	8	26	9	4	3	2	2	3	13	7	7	7	7	4	12	6	7	4	6	2	1	4	3	4	4	4	4	2	3	3	2	7	2	4	111	61	19	11	4	33	8	26	9
GCF_014931715.1	2	3	2	1	2	13	5	6	7	7	5	12	5	7	7	5	0	2	4	3	6	3	4	3	5	1	3	8	7	2	4	114	67	27	12	4	34	5	29	11	2	3	2	1	2	13	5	6	7	7	5	12	5	7	7	5	0	2	4	3	6	3	4	3	5	1	3	8	7	2	4	114	67	27	12	4	34	5	29	11
GCF_014946775.2	5	7	8	2	5	14	7	7	11	15	7	14	6	11	8	5	3	3	10	8	8	8	6	6	5	4	4	13	8	6	5	213	104	60	25	5	42	9	54	16	5	7	8	2	5	14	7	7	11	15	7	14	6	11	8	5	3	3	10	8	8	8	6	6	5	4	4	13	8	6	5	213	104	60	25	5	42	9	54	16
GCF_014960965.1	4	6	6	3	3	15	7	7	12	9	6	13	7	12	3	6	2	1	5	7	7	5	5	3	4	4	3	8	8	6	4	166	75	44	21	4	40	8	33	11	4	6	6	3	3	15	7	7	12	9	6	13	7	12	3	6	2	1	5	7	7	5	5	3	4	4	3	8	8	6	4	166	75	44	21	4	40	8	33	11
GCF_014961145.1	2	3	1	1	1	13	4	6	3	4	3	3	5	5	5	5	1	1	4	3	6	3	3	0	6	2	3	8	2	1	5	85	45	20	10	2	12	7	27	9	2	3	1	1	1	13	4	6	3	4	3	3	5	5	5	5	1	1	4	3	6	3	3	0	6	2	3	8	2	1	5	85	45	20	10	2	12	7	27	9
GCF_015097275.1	8	5	3	4	3	10	6	8	8	6	6	9	6	7	8	5	2	1	9	6	6	8	5	4	5	1	3	2	5	3	5	133	65	34	17	5	36	7	25	12	8	5	3	4	3	10	6	8	8	6	6	9	6	7	8	5	2	1	9	6	6	8	5	4	5	1	3	2	5	3	5	133	65	34	17	5	36	7	25	12
GCF_015097455.1	3	7	5	1	3	12	6	8	6	8	5	10	6	11	8	4	1	4	3	2	5	8	3	5	2	2	3	0	7	2	5	105	68	21	13	5	42	6	20	14	3	7	5	1	3	12	6	8	6	8	5	10	6	11	8	4	1	4	3	2	5	8	3	5	2	2	3	0	7	2	5	105	68	21	13	5	42	6	20	14
GCF_015101885.1	4	6	3	2	5	15	7	8	7	7	7	11	6	11	11	5	1	2	8	12	7	5	7	3	8	3	4	8	11	7	4	189	86	61	30	6	42	7	44	17	4	6	3	2	5	15	7	8	7	7	7	11	6	11	11	5	1	2	8	12	7	5	7	3	8	3	4	8	11	7	4	189	86	61	30	6	42	7	44	17
GCF_015139575.1	7	9	11	5	4	17	7	7	13	15	9	16	8	13	8	7	2	3	15	19	8	10	6	6	6	5	4	18	8	4	5	274	108	86	39	8	49	9	61	16	7	9	11	5	4	17	7	7	13	15	9	16	8	13	8	7	2	3	15	19	8	10	6	6	6	5	4	18	8	4	5	274	108	86	39	8	49	9	61	16
GCF_015140235.1	5	3	2	1	6	11	7	9	5	8	5	10	6	9	2	7	1	1	3	3	5	5	4	5	3	2	3	0	8	4	4	108	58	24	10	6	38	7	23	9	5	3	2	1	6	11	7	9	5	8	5	10	6	9	2	7	1	1	3	3	5	5	4	5	3	2	3	0	8	4	4	108	58	24	10	6	38	7	23	9
GCF_015159595.1	4	3	7	2	3	2	6	7	8	5	5	10	6	10	5	6	3	2	7	5	2	5	2	1	2	1	3	7	7	3	5	117	60	28	10	4	33	4	22	12	4	3	7	2	3	2	6	7	8	5	5	10	6	10	5	6	3	2	7	5	2	5	2	1	2	1	3	7	7	3	5	117	60	28	10	4	33	4	22	12
GCF_015167415.1	6	7	8	4	3	14	7	7	13	13	9	14	8	12	9	7	1	3	12	15	8	7	7	6	6	5	4	16	8	7	5	233	101	63	32	8	45	8	60	17	6	7	8	4	3	14	7	7	13	13	9	14	8	12	9	7	1	3	12	15	8	7	7	6	6	5	4	16	8	7	5	233	101	63	32	8	45	8	60	17
GCF_015209725.1	3	3	2	1	2	12	6	6	7	8	5	10	4	7	8	5	1	2	6	6	6	6	5	2	6	2	3	9	7	2	5	142	69	35	20	3	32	7	35	12	3	3	2	1	2	12	6	6	7	8	5	10	4	7	8	5	1	2	6	6	6	6	5	2	6	2	3	9	7	2	5	142	69	35	20	3	32	7	35	12
GCF_015209745.1	3	3	2	1	2	12	6	6	7	7	5	10	4	7	7	5	1	3	6	6	6	6	5	4	6	2	3	10	7	2	5	142	68	34	19	3	31	7	38	11	3	3	2	1	2	12	6	6	7	7	5	10	4	7	7	5	1	3	6	6	6	6	5	4	6	2	3	10	7	2	5	142	68	34	19	3	31	7	38	11
GCF_015240255.1	3	6	2	2	7	12	8	12	11	7	6	10	4	8	10	4	3	2	9	12	8	7	8	4	6	2	3	13	8	6	4	165	84	51	24	4	40	7	43	14	3	6	2	2	7	12	8	12	11	7	6	10	4	8	10	4	3	2	9	12	8	7	8	4	6	2	3	13	8	6	4	165	84	51	24	4	40	7	43	14
GCF_015244315.1	3	5	7	2	6	14	6	9	11	9	8	16	6	13	5	6	3	1	9	8	8	4	7	6	6	4	5	17	15	7	4	208	101	58	17	5	44	6	53	13	3	5	7	2	6	14	6	9	11	9	8	16	6	13	5	6	3	1	9	8	8	4	7	6	6	4	5	17	15	7	4	208	101	58	17	5	44	6	53	13
GCF_015265455.1	4	3	2	0	2	14	4	6	7	7	6	14	5	8	8	5	0	3	5	6	6	4	4	3	4	1	3	9	7	1	4	124	74	29	15	5	38	5	31	13	4	3	2	0	2	14	4	6	7	7	6	14	5	8	8	5	0	3	5	6	6	4	4	3	4	1	3	9	7	1	4	124	74	29	15	5	38	5	31	13
GCF_015265475.1	4	3	2	0	2	14	5	6	7	7	6	14	5	8	7	5	0	3	5	5	6	4	4	3	4	1	3	10	8	1	4	127	77	29	14	5	39	6	32	12	4	3	2	0	2	14	5	6	7	7	6	14	5	8	7	5	0	3	5	5	6	4	4	3	4	1	3	10	8	1	4	127	77	29	14	5	39	6	32	12
GCF_015277515.1	4	8	5	1	3	11	7	8	4	7	4	5	4	10	4	6	1	1	6	3	3	8	3	4	2	2	3	2	7	3	5	98	48	19	12	4	28	7	21	10	4	8	5	1	3	11	7	8	4	7	4	5	4	10	4	6	1	1	6	3	3	8	3	4	2	2	3	2	7	3	5	98	48	19	12	4	28	7	21	10
GCF_015277815.1	6	7	6	6	4	16	6	8	7	10	7	11	7	13	6	6	3	1	6	8	10	6	7	2	8	4	3	7	7	7	4	171	82	56	25	4	42	8	37	15	6	7	6	6	4	16	6	8	7	10	7	11	7	13	6	6	3	1	6	8	10	6	7	2	8	4	3	7	7	7	4	171	82	56	25	4	42	8	37	15
GCF_015277855.1	6	5	6	6	4	15	6	8	8	10	7	11	10	11	6	7	3	1	6	8	11	5	7	2	7	4	3	7	8	7	4	166	82	49	22	4	41	8	36	14	6	5	6	6	4	15	6	8	8	10	7	11	10	11	6	7	3	1	6	8	11	5	7	2	7	4	3	7	8	7	4	166	82	49	22	4	41	8	36	14
GCF_015277875.1	6	5	6	5	3	15	6	7	7	9	7	13	7	12	7	6	3	1	7	6	4	5	5	2	6	4	3	6	11	2	4	148	82	36	21	4	40	8	32	15	6	5	6	5	3	15	6	7	7	9	7	13	7	12	7	6	3	1	7	6	4	5	5	2	6	4	3	6	11	2	4	148	82	36	21	4	40	8	32	15
GCF_015277895.1	3	5	5	4	3	15	6	7	8	8	7	12	7	12	4	6	1	1	7	6	6	4	6	3	6	4	4	9	8	6	4	158	75	45	19	4	37	8	40	12	3	5	5	4	3	15	6	7	8	8	7	12	7	12	4	6	1	1	7	6	6	4	6	3	6	4	4	9	8	6	4	158	75	45	19	4	37	8	40	12
GCF_015291705.1	5	8	6	4	5	15	8	10	10	17	9	14	6	10	11	5	1	3	13	18	8	12	11	5	9	3	7	19	10	5	4	253	112	81	46	7	53	9	60	18	5	8	6	4	5	15	8	10	10	17	9	14	6	10	11	5	1	3	13	18	8	12	11	5	9	3	7	19	10	5	4	253	112	81	46	7	53	9	60	18
GCF_015326295.1	6	8	4	4	5	16	8	9	11	11	6	11	7	9	9	6	4	2	9	16	8	8	8	4	6	3	3	16	7	5	4	201	84	57	31	5	43	9	45	15	6	8	4	4	5	16	8	9	11	11	6	11	7	9	9	6	4	2	9	16	8	8	8	4	6	3	3	16	7	5	4	201	84	57	31	5	43	9	45	15
GCF_015326725.1	2	6	7	1	4	11	8	7	8	15	7	11	6	15	6	7	1	2	4	8	6	4	4	5	6	4	5	13	8	2	5	168	89	36	15	7	40	5	48	14	2	6	7	1	4	11	8	7	8	15	7	11	6	15	6	7	1	2	4	8	6	4	4	5	6	4	5	13	8	2	5	168	89	36	15	7	40	5	48	14
GCF_015356115.1	2	7	6	3	1	14	5	5	7	7	7	15	6	12	10	4	3	3	7	6	6	6	4	1	5	2	3	7	7	1	5	155	83	39	18	4	40	7	33	17	2	7	6	3	1	14	5	5	7	7	7	15	6	12	10	4	3	3	7	6	6	6	4	1	5	2	3	7	7	1	5	155	83	39	18	4	40	7	33	17
GCF_015377145.2	4	7	2	2	7	18	7	10	9	12	7	11	6	8	10	5	2	3	10	16	8	5	6	4	11	3	4	18	8	5	4	214	95	63	31	5	44	8	59	14	4	7	2	2	7	18	7	10	9	12	7	11	6	8	10	5	2	3	10	16	8	5	6	4	11	3	4	18	8	5	4	214	95	63	31	5	44	8	59	14
GCF_015476115.1	4	5	6	2	2	10	6	6	8	7	6	8	6	9	6	5	1	2	9	5	7	8	6	2	5	2	3	8	3	3	5	133	65	35	16	5	31	7	33	13	4	5	6	2	2	10	6	6	8	7	6	8	6	9	6	5	1	2	9	5	7	8	6	2	5	2	3	8	3	3	5	133	65	35	16	5	31	7	33	13
GCF_015476235.1	4	5	3	2	3	16	8	6	7	8	7	9	6	9	7	6	1	2	9	13	7	5	7	5	7	3	4	12	9	5	4	181	80	60	32	6	39	10	43	13	4	5	3	2	3	16	8	6	7	8	7	9	6	9	7	6	1	2	9	13	7	5	7	5	7	3	4	12	9	5	4	181	80	60	32	6	39	10	43	13
GCF_015500095.1	4	7	7	5	3	11	5	7	9	8	5	13	6	10	12	6	3	0	9	5	5	7	5	0	2	0	3	11	4	2	5	132	77	37	17	5	37	6	27	16	4	7	7	5	3	11	5	7	9	8	5	13	6	10	12	6	3	0	9	5	5	7	5	0	2	0	3	11	4	2	5	132	77	37	17	5	37	6	27	16
GCF_015624505.1	5	8	5	2	6	15	9	8	10	13	7	13	6	9	7	5	1	3	11	17	9	11	9	4	9	3	7	19	9	5	4	230	97	69	36	6	48	9	54	13	5	8	5	2	6	15	9	8	10	13	7	13	6	9	7	5	1	3	11	17	9	11	9	4	9	3	7	19	9	5	4	230	97	69	36	6	48	9	54	13
GCF_015644725.1	4	6	2	3	2	15	8	5	11	9	8	13	5	10	9	5	1	2	9	4	9	7	5	2	7	2	3	10	8	1	5	177	85	49	26	6	43	9	40	16	4	6	2	3	2	15	8	5	11	9	8	13	5	10	9	5	1	2	9	4	9	7	5	2	7	2	3	10	8	1	5	177	85	49	26	6	43	9	40	16
GCF_015679185.1	2	6	6	3	2	10	6	6	8	10	6	8	6	12	8	5	1	1	5	3	4	7	2	2	7	1	3	8	7	2	4	130	69	29	13	5	34	7	30	17	2	6	6	3	2	10	6	6	8	10	6	8	6	12	8	5	1	1	5	3	4	7	2	2	7	1	3	8	7	2	4	130	69	29	13	5	34	7	30	17
GCF_015679265.1	5	8	3	1	4	15	8	8	14	6	6	10	6	9	7	6	2	1	9	8	5	7	7	4	6	2	4	23	10	7	4	188	87	57	24	4	37	8	46	13	5	8	3	1	4	15	8	8	14	6	6	10	6	9	7	6	2	1	9	8	5	7	7	4	6	2	4	23	10	7	4	188	87	57	24	4	37	8	46	13
GCF_015689195.1	5	7	8	3	5	14	7	7	12	17	7	14	6	12	11	5	3	3	10	8	9	7	6	6	5	4	4	13	8	6	6	224	108	60	24	6	43	9	54	19	5	7	8	3	5	14	7	7	12	17	7	14	6	12	11	5	3	3	10	8	9	7	6	6	5	4	4	13	8	6	6	224	108	60	24	6	43	9	54	19
GCF_015689335.1	4	6	2	2	5	15	8	9	8	10	7	10	6	12	13	5	1	2	11	12	7	6	8	5	8	3	5	14	8	8	4	207	91	62	31	7	44	9	53	20	4	6	2	2	5	15	8	9	8	10	7	10	6	12	13	5	1	2	11	12	7	6	8	5	8	3	5	14	8	8	4	207	91	62	31	7	44	9	53	20
GCF_015689395.1	2	4	4	1	1	11	6	6	3	4	2	6	3	16	7	5	1	1	1	1	2	5	2	0	2	3	4	0	7	1	5	82	41	12	8	2	18	4	22	16	2	4	4	1	1	11	6	6	3	4	2	6	3	16	7	5	1	1	1	1	2	5	2	0	2	3	4	0	7	1	5	82	41	12	8	2	18	4	22	16
GCF_015689495.1	4	8	5	1	4	17	7	7	15	15	7	11	8	9	10	5	3	4	14	15	9	7	6	7	7	3	3	16	8	7	5	232	92	66	35	6	43	8	52	15	4	8	5	1	4	17	7	7	15	15	7	11	8	9	10	5	3	4	14	15	9	7	6	7	7	3	3	16	8	7	5	232	92	66	35	6	43	8	52	15
GCF_015708635.1	4	3	5	4	2	8	7	9	5	6	6	8	7	16	9	7	1	1	7	6	5	10	4	6	5	1	3	6	8	3	5	125	61	34	18	3	26	5	32	18	4	3	5	4	2	8	7	9	5	6	6	8	7	16	9	7	1	1	7	6	5	10	4	6	5	1	3	6	8	3	5	125	61	34	18	3	26	5	32	18
GCF_015775975.1	5	5	8	1	4	12	5	7	10	10	4	9	6	10	3	6	1	2	8	7	5	8	3	6	8	3	4	8	7	2	5	144	70	30	18	5	32	5	40	8	5	5	8	1	4	12	5	7	10	10	4	9	6	10	3	6	1	2	8	7	5	8	3	6	8	3	4	8	7	2	5	144	70	30	18	5	32	5	40	8
GCF_015999465.1	6	7	2	3	4	13	7	6	8	12	8	14	8	10	9	6	1	3	9	5	6	7	6	5	5	3	4	10	8	3	5	190	96	50	22	5	41	8	50	16	6	7	2	3	4	13	7	6	8	12	8	14	8	10	9	6	1	3	9	5	6	7	6	5	5	3	4	10	8	3	5	190	96	50	22	5	41	8	50	16
GCF_016026575.1	3	4	2	1	2	13	7	8	2	2	1	7	4	10	6	6	1	1	3	2	2	5	2	0	1	1	4	0	6	3	5	77	39	13	9	0	18	7	14	12	3	4	2	1	2	13	7	8	2	2	1	7	4	10	6	6	1	1	3	2	2	5	2	0	1	1	4	0	6	3	5	77	39	13	9	0	18	7	14	12
GCF_016026755.1	4	5	3	1	3	13	6	8	9	9	5	11	6	8	1	7	1	2	7	8	4	7	5	6	8	5	3	18	7	2	5	157	81	36	19	5	38	6	53	7	4	5	3	1	3	13	6	8	9	9	5	11	6	8	1	7	1	2	7	8	4	7	5	6	8	5	3	18	7	2	5	157	81	36	19	5	38	6	53	7
GCF_016027375.1	2	4	6	1	0	9	6	6	2	4	5	6	7	14	8	7	3	1	3	0	2	5	2	5	5	2	4	7	6	1	5	112	54	21	8	2	21	4	33	15	2	4	6	1	0	9	6	6	2	4	5	6	7	14	8	7	3	1	3	0	2	5	2	5	5	2	4	7	6	1	5	112	54	21	8	2	21	4	33	15
GCF_016027855.1	7	7	7	6	5	14	8	6	13	11	7	14	8	11	9	7	2	3	10	15	7	8	6	6	6	5	4	16	9	6	5	236	106	65	35	5	44	9	58	16	7	7	7	6	5	14	8	6	13	11	7	14	8	11	9	7	2	3	10	15	7	8	6	6	6	5	4	16	9	6	5	236	106	65	35	5	44	9	58	16
GCF_016028275.1	3	5	5	1	2	12	6	7	8	7	4	8	5	12	4	6	1	3	5	7	3	5	3	6	5	4	3	7	7	7	5	137	62	32	16	3	28	5	40	9	3	5	5	1	2	12	6	7	8	7	4	8	5	12	4	6	1	3	5	7	3	5	3	6	5	4	3	7	7	7	5	137	62	32	16	3	28	5	40	9
GCF_016028295.1	2	5	4	1	1	12	5	6	7	6	4	6	6	10	2	6	1	2	4	4	3	4	2	5	7	3	3	7	7	1	5	113	55	22	13	3	21	5	37	8	2	5	4	1	1	12	5	6	7	6	4	6	6	10	2	6	1	2	4	4	3	4	2	5	7	3	3	7	7	1	5	113	55	22	13	3	21	5	37	8
GCF_016028515.1	4	8	3	1	8	19	9	9	11	11	7	11	6	7	8	6	1	2	11	23	8	5	5	4	6	3	5	16	8	13	4	217	98	72	38	8	46	11	53	12	4	8	3	1	8	19	9	9	11	11	7	11	6	7	8	6	1	2	11	23	8	5	5	4	6	3	5	16	8	13	4	217	98	72	38	8	46	11	53	12
GCF_016028635.1	4	9	2	1	5	19	9	8	10	10	7	11	6	7	8	5	1	2	11	18	7	5	6	3	7	3	5	16	8	13	4	210	98	71	35	8	44	11	54	12	4	9	2	1	5	19	9	8	10	10	7	11	6	7	8	5	1	2	11	18	7	5	6	3	7	3	5	16	8	13	4	210	98	71	35	8	44	11	54	12
GCF_016117655.1	2	4	4	1	4	8	6	7	5	6	3	7	4	6	4	4	1	1	5	2	5	4	4	4	4	1	3	0	6	3	5	87	48	18	9	6	28	3	17	8	2	4	4	1	4	8	6	7	5	6	3	7	4	6	4	4	1	1	5	2	5	4	4	4	4	1	3	0	6	3	5	87	48	18	9	6	28	3	17	8
GCF_016126655.1	6	4	8	3	1	4	5	4	6	6	4	2	5	13	3	6	2	2	3	2	3	6	1	0	3	2	3	0	6	1	5	78	29	17	10	2	17	6	15	11	6	4	8	3	1	4	5	4	6	6	4	2	5	13	3	6	2	2	3	2	3	6	1	0	3	2	3	0	6	1	5	78	29	17	10	2	17	6	15	11
GCF_016127195.1	6	6	3	2	3	16	7	7	11	10	9	13	7	13	8	5	2	3	11	9	7	11	5	3	7	3	3	15	7	4	6	202	97	60	30	7	45	9	51	17	6	6	3	2	3	16	7	7	11	10	9	13	7	13	8	5	2	3	11	9	7	11	5	3	7	3	3	15	7	4	6	202	97	60	30	7	45	9	51	17
GCF_016127275.1	2	4	2	1	3	11	7	6	7	7	4	8	4	11	5	5	1	1	3	1	3	5	2	5	5	3	3	0	8	1	5	99	54	15	9	5	31	4	29	11	2	4	2	1	3	11	7	6	7	7	4	8	4	11	5	5	1	1	3	1	3	5	2	5	5	3	3	0	8	1	5	99	54	15	9	5	31	4	29	11
GCF_016127355.1	3	5	2	2	3	14	7	6	6	7	7	11	6	7	9	5	1	2	5	2	5	5	4	1	6	2	3	7	8	2	4	121	69	30	15	5	34	8	31	13	3	5	2	2	3	14	7	6	6	7	7	11	6	7	9	5	1	2	5	2	5	5	4	1	6	2	3	7	8	2	4	121	69	30	15	5	34	8	31	13
GCF_016127455.1	3	5	10	1	3	12	5	7	10	9	4	8	5	11	4	6	1	2	6	7	5	5	3	5	6	3	4	8	7	7	5	142	66	29	15	4	29	5	38	9	3	5	10	1	3	12	5	7	10	9	4	8	5	11	4	6	1	2	6	7	5	5	3	5	6	3	4	8	7	7	5	142	66	29	15	4	29	5	38	9
GCF_016127475.1	3	4	3	1	1	8	7	5	1	2	0	5	4	8	1	5	1	1	2	3	3	4	2	3	4	1	3	0	6	2	5	75	33	12	10	0	15	5	17	7	3	4	3	1	1	8	7	5	1	2	0	5	4	8	1	5	1	1	2	3	3	4	2	3	4	1	3	0	6	2	5	75	33	12	10	0	15	5	17	7
GCF_016127855.1	3	5	1	2	3	13	5	7	9	9	6	11	6	7	2	4	3	3	4	5	5	4	3	6	6	3	3	6	10	2	4	124	71	29	15	4	35	7	32	7	3	5	1	2	3	13	5	7	9	9	6	11	6	7	2	4	3	3	4	5	5	4	3	6	6	3	3	6	10	2	4	124	71	29	15	4	35	7	32	7
GCF_016127955.1	3	5	1	1	3	13	5	7	9	10	6	11	6	7	2	5	3	3	3	5	5	3	3	6	6	3	3	6	10	2	4	125	73	28	15	4	37	7	32	7	3	5	1	1	3	13	5	7	9	10	6	11	6	7	2	5	3	3	3	5	5	3	3	6	6	3	3	6	10	2	4	125	73	28	15	4	37	7	32	7
GCF_016127995.1	3	4	4	1	3	6	2	6	5	7	7	7	7	8	3	6	1	1	3	5	3	3	3	2	2	3	3	6	7	3	4	92	45	28	14	3	25	7	22	8	3	4	4	1	3	6	2	6	5	7	7	7	7	8	3	6	1	1	3	5	3	3	3	2	2	3	3	6	7	3	4	92	45	28	14	3	25	7	22	8
GCF_016128095.1	3	4	2	1	1	11	6	6	4	6	2	6	3	10	4	5	1	1	4	1	3	8	3	0	4	2	4	0	7	1	5	91	40	18	14	2	19	4	22	11	3	4	2	1	1	11	6	6	4	6	2	6	3	10	4	5	1	1	4	1	3	8	3	0	4	2	4	0	7	1	5	91	40	18	14	2	19	4	22	11
GCF_016132445.1	4	5	2	2	3	14	8	6	8	13	7	10	6	6	7	5	1	2	8	6	7	5	5	2	6	2	3	13	7	6	4	160	79	46	23	6	40	8	41	11	4	5	2	2	3	14	8	6	8	13	7	10	6	6	7	5	1	2	8	6	7	5	5	2	6	2	3	13	7	6	4	160	79	46	23	6	40	8	41	11
GCF_016132545.1	5	4	2	1	5	12	4	5	6	10	8	10	7	7	7	5	1	2	9	8	6	6	5	3	7	2	3	14	7	7	5	167	82	49	23	5	38	5	44	11	5	4	2	1	5	12	4	5	6	10	8	10	7	7	7	5	1	2	9	8	6	6	5	3	7	2	3	14	7	7	5	167	82	49	23	5	38	5	44	11
GCF_016134045.1	3	8	6	3	4	15	8	8	12	6	7	10	6	8	3	5	4	1	7	9	8	6	6	1	8	2	3	18	7	3	4	168	75	49	23	4	40	8	40	8	3	8	6	3	4	15	8	8	12	6	7	10	6	8	3	5	4	1	7	9	8	6	6	1	8	2	3	18	7	3	4	168	75	49	23	4	40	8	40	8
GCF_016250455.1	3	5	3	3	6	13	6	6	6	8	8	10	6	10	14	4	1	1	8	2	5	6	5	4	4	3	3	9	8	5	4	150	80	39	18	7	40	6	41	19	3	5	3	3	6	13	6	6	6	8	8	10	6	10	14	4	1	1	8	2	5	6	5	4	4	3	3	9	8	5	4	150	80	39	18	7	40	6	41	19
GCF_016406105.1	2	4	1	1	2	11	8	7	9	14	10	9	7	9	3	7	1	2	6	6	5	4	3	6	7	5	4	13	8	2	5	152	78	35	13	6	38	5	40	9	2	4	1	1	2	11	8	7	9	14	10	9	7	9	3	7	1	2	6	6	5	4	3	6	7	5	4	13	8	2	5	152	78	35	13	6	38	5	40	9
GCF_016406325.1	4	7	4	1	3	16	7	7	10	10	8	14	7	12	9	5	1	3	10	9	7	7	6	2	8	3	3	13	7	2	5	194	98	51	29	6	48	9	50	16	4	7	4	1	3	16	7	7	10	10	8	14	7	12	9	5	1	3	10	9	7	7	6	2	8	3	3	13	7	2	5	194	98	51	29	6	48	9	50	16
GCF_016458825.1	5	4	2	2	1	7	8	2	7	9	5	9	5	8	2	5	1	1	6	3	6	7	5	1	8	3	3	0	6	1	5	114	51	23	16	5	33	5	22	8	5	4	2	2	1	7	8	2	7	9	5	9	5	8	2	5	1	1	6	3	6	7	5	1	8	3	3	0	6	1	5	114	51	23	16	5	33	5	22	8
GCF_016469335.1	4	6	2	1	1	13	8	5	10	9	8	13	6	6	3	5	1	2	8	4	7	6	4	3	7	2	3	11	7	1	5	160	77	45	23	5	41	7	44	7	4	6	2	1	1	13	8	5	10	9	8	13	6	6	3	5	1	2	8	4	7	6	4	3	7	2	3	11	7	1	5	160	77	45	23	5	41	7	44	7
GCF_016593255.1	5	4	2	1	2	12	6	6	7	7	5	14	4	8	7	4	0	2	4	7	7	4	3	3	5	2	3	9	8	2	4	127	72	30	15	4	37	6	33	12	5	4	2	1	2	12	6	6	7	7	5	14	4	8	7	4	0	2	4	7	7	4	3	3	5	2	3	9	8	2	4	127	72	30	15	4	37	6	33	12
GCF_016598615.1	3	6	5	2	7	16	6	10	14	12	9	13	6	12	5	6	3	1	10	15	8	5	9	5	9	4	4	18	11	8	4	213	97	65	23	6	45	8	52	13	3	6	5	2	7	16	6	10	14	12	9	13	6	12	5	6	3	1	10	15	8	5	9	5	9	4	4	18	11	8	4	213	97	65	23	6	45	8	52	13
GCF_016598775.1	3	3	1	1	2	6	5	6	6	8	5	9	6	7	2	6	3	1	3	4	4	3	3	3	2	3	3	6	8	2	4	98	52	24	11	3	31	7	24	7	3	3	1	1	2	6	5	6	6	8	5	9	6	7	2	6	3	1	3	4	4	3	3	3	2	3	3	6	8	2	4	98	52	24	11	3	31	7	24	7
GCF_016599635.1	3	8	3	2	8	17	7	9	8	9	7	12	7	7	9	6	2	4	10	13	9	6	5	4	7	3	5	17	8	9	4	208	91	61	28	5	42	8	54	13	3	8	3	2	8	17	7	9	8	9	7	12	7	7	9	6	2	4	10	13	9	6	5	4	7	3	5	17	8	9	4	208	91	61	28	5	42	8	54	13
GCF_016599755.1	3	5	2	1	4	15	7	7	8	7	6	14	6	10	4	5	2	1	3	5	7	3	4	4	7	5	3	8	8	3	4	149	76	34	20	5	42	10	39	11	3	5	2	1	4	15	7	7	8	7	6	14	6	10	4	5	2	1	3	5	7	3	4	4	7	5	3	8	8	3	4	149	76	34	20	5	42	10	39	11
GCF_016599795.1	5	4	5	1	2	12	5	6	9	8	4	9	6	9	3	6	1	2	8	5	3	7	3	5	6	3	4	8	7	5	5	135	65	30	17	4	28	5	38	8	5	4	5	1	2	12	5	6	9	8	4	9	6	9	3	6	1	2	8	5	3	7	3	5	6	3	4	8	7	5	5	135	65	30	17	4	28	5	38	8
GCF_016613535.2	3	3	2	1	2	13	6	6	7	8	5	10	4	8	8	5	1	2	6	4	6	6	5	4	4	2	3	11	8	1	5	142	68	35	19	3	31	8	39	13	3	3	2	1	2	13	6	6	7	8	5	10	4	8	8	5	1	2	6	4	6	6	5	4	4	2	3	11	8	1	5	142	68	35	19	3	31	8	39	13
GCF_016618195.1	5	6	5	1	2	12	6	6	12	8	8	15	9	14	11	6	3	3	11	13	7	7	7	5	7	5	4	11	8	1	5	221	101	59	31	5	42	6	55	20	5	6	5	1	2	12	6	6	12	8	8	15	9	14	11	6	3	3	11	13	7	7	7	5	7	5	4	11	8	1	5	221	101	59	31	5	42	6	55	20
GCF_016638705.1	1	4	3	0	4	12	6	7	8	12	5	12	6	12	4	7	0	2	8	7	4	5	5	5	13	5	3	15	7	2	6	165	78	33	17	7	36	5	52	13	1	4	3	0	4	12	6	7	8	12	5	12	6	12	4	7	0	2	8	7	4	5	5	5	13	5	3	15	7	2	6	165	78	33	17	7	36	5	52	13
GCF_016653635.2	5	6	8	2	8	16	8	9	11	11	8	10	6	12	11	6	4	2	14	20	9	11	9	5	7	4	4	21	9	13	4	230	103	73	36	6	43	8	52	19	5	6	8	2	8	16	8	9	11	11	8	10	6	12	11	6	4	2	14	20	9	11	9	5	7	4	4	21	9	13	4	230	103	73	36	6	43	8	52	19
GCF_016656965.1	3	5	2	1	2	13	6	6	8	5	6	9	5	6	4	5	1	1	7	4	5	6	6	4	4	2	3	12	7	1	4	131	63	34	18	4	32	7	36	8	3	5	2	1	2	13	6	6	8	5	6	9	5	6	4	5	1	1	7	4	5	6	6	4	4	2	3	12	7	1	4	131	63	34	18	4	32	7	36	8
GCF_016698705.1	4	8	9	3	6	19	6	7	11	9	7	13	7	10	13	6	3	2	10	14	8	7	6	4	10	4	5	16	10	8	4	247	100	76	35	6	47	7	57	18	4	8	9	3	6	19	6	7	11	9	7	13	7	10	13	6	3	2	10	14	8	7	6	4	10	4	5	16	10	8	4	247	100	76	35	6	47	7	57	18
GCF_016724785.1	4	3	2	1	1	9	7	6	4	7	2	7	4	10	8	5	1	1	4	3	6	5	2	2	7	2	3	9	8	1	5	114	49	22	11	2	19	5	30	14	4	3	2	1	1	9	7	6	4	7	2	7	4	10	8	5	1	1	4	3	6	5	2	2	7	2	3	9	8	1	5	114	49	22	11	2	19	5	30	14
GCF_016724805.1	3	3	2	1	1	14	6	6	8	8	6	13	7	6	7	5	1	1	7	4	4	6	4	5	5	3	3	7	5	1	4	123	71	30	15	3	39	8	31	11	3	3	2	1	1	14	6	6	8	8	6	13	7	6	7	5	1	1	7	4	4	6	4	5	5	3	3	7	5	1	4	123	71	30	15	3	39	8	31	11
GCF_016725005.1	4	4	2	2	1	11	7	6	4	5	2	5	3	12	5	5	2	1	4	1	2	7	3	0	2	2	4	0	6	1	5	83	39	18	14	2	17	4	19	13	4	4	2	2	1	11	7	6	4	5	2	5	3	12	5	5	2	1	4	1	2	7	3	0	2	2	4	0	6	1	5	83	39	18	14	2	17	4	19	13
GCF_016725245.1	2	6	3	1	2	12	6	6	11	8	4	8	5	8	3	7	1	2	4	6	5	5	2	6	5	4	3	8	13	1	5	130	71	25	15	4	29	5	38	7	2	6	3	1	2	12	6	6	11	8	4	8	5	8	3	7	1	2	4	6	5	5	2	6	5	4	3	8	13	1	5	130	71	25	15	4	29	5	38	7
GCF_016725645.1	2	3	4	2	1	11	5	5	8	9	6	9	6	9	6	5	2	1	5	2	3	6	2	6	10	2	3	7	7	1	5	133	65	28	12	5	31	7	38	13	2	3	4	2	1	11	5	5	8	9	6	9	6	9	6	5	2	1	5	2	3	6	2	6	10	2	3	7	7	1	5	133	65	28	12	5	31	7	38	13
GCF_016726365.1	2	2	2	1	2	12	6	7	5	7	6	11	6	7	5	5	1	1	4	2	3	2	3	1	5	3	2	7	6	6	4	97	57	25	7	3	27	6	27	9	2	2	2	1	2	12	6	7	5	7	6	11	6	7	5	5	1	1	4	2	3	2	3	1	5	3	2	7	6	6	4	97	57	25	7	3	27	6	27	9
GCF_016726485.1	2	4	1	1	1	8	7	4	3	6	3	4	4	5	1	6	1	1	3	1	3	3	2	0	6	2	3	0	6	1	5	77	35	15	7	2	18	5	20	5	2	4	1	1	1	8	7	4	3	6	3	4	4	5	1	6	1	1	3	1	3	3	2	0	6	2	3	0	6	1	5	77	35	15	7	2	18	5	20	5
GCF_016728105.1	2	5	2	1	3	14	7	7	10	8	6	14	6	11	5	5	1	1	5	5	6	3	4	3	8	4	3	8	8	2	4	146	75	33	18	4	40	10	38	12	2	5	2	1	3	14	7	7	10	8	6	14	6	11	5	5	1	1	5	5	6	3	4	3	8	4	3	8	8	2	4	146	75	33	18	4	40	10	38	12
GCF_016728365.1	2	6	3	1	2	16	7	7	7	6	6	14	6	11	6	5	2	1	4	4	5	2	3	4	7	3	3	8	8	3	4	135	76	28	14	3	39	10	36	13	2	6	3	1	2	16	7	7	7	6	6	14	6	11	6	5	2	1	4	4	5	2	3	4	7	3	3	8	8	3	4	135	76	28	14	3	39	10	36	13
GCF_016728785.1	5	11	7	2	3	13	7	8	7	10	7	12	7	15	8	7	1	3	2	2	5	10	3	5	2	3	3	5	8	2	5	140	85	31	15	6	47	7	30	16	5	11	7	2	3	13	7	8	7	10	7	12	7	15	8	7	1	3	2	2	5	10	3	5	2	3	3	5	8	2	5	140	85	31	15	6	47	7	30	16
GCF_016728825.1	4	5	4	2	6	17	4	6	10	13	9	13	8	11	14	6	1	2	9	12	8	6	7	6	6	4	4	11	9	8	4	219	94	68	32	5	48	6	49	20	4	5	4	2	6	17	4	6	10	13	9	13	8	11	14	6	1	2	9	12	8	6	7	6	6	4	4	11	9	8	4	219	94	68	32	5	48	6	49	20
GCF_016743815.1	4	6	6	2	2	15	5	6	7	8	6	9	6	9	9	5	1	3	9	4	6	9	7	4	6	3	3	11	9	5	4	157	77	51	27	4	37	7	37	14	4	6	6	2	2	15	5	6	7	8	6	9	6	9	9	5	1	3	9	4	6	9	7	4	6	3	3	11	9	5	4	157	77	51	27	4	37	7	37	14
GCF_016747875.1	4	6	8	1	4	14	6	7	10	10	9	13	7	12	11	5	1	3	3	4	5	5	1	5	6	2	3	1	7	2	5	138	75	28	13	5	41	8	27	19	4	6	8	1	4	14	6	7	10	10	9	13	7	12	11	5	1	3	3	4	5	5	1	5	6	2	3	1	7	2	5	138	75	28	13	5	41	8	27	19
GCF_016757795.1	2	6	2	3	2	13	6	6	7	11	6	11	6	8	10	4	2	2	5	3	6	6	3	3	4	1	3	10	8	1	4	141	72	33	18	4	37	7	33	14	2	6	2	3	2	13	6	6	7	11	6	11	6	8	10	4	2	2	5	3	6	6	3	3	4	1	3	10	8	1	4	141	72	33	18	4	37	7	33	14
GCF_016767175.1	4	4	1	1	0	8	7	3	5	7	5	8	7	6	1	8	1	1	2	1	6	4	4	4	7	2	3	11	7	1	5	112	54	23	12	3	27	5	29	5	4	4	1	1	0	8	7	3	5	7	5	8	7	6	1	8	1	1	2	1	6	4	4	4	7	2	3	11	7	1	5	112	54	23	12	3	27	5	29	5
GCF_016772275.1	4	6	2	1	3	12	7	7	9	13	7	11	7	10	2	6	1	3	8	9	3	7	5	4	7	5	4	9	8	2	5	158	82	40	24	7	38	6	41	8	4	6	2	1	3	12	7	7	9	13	7	11	7	10	2	6	1	3	8	9	3	7	5	4	7	5	4	9	8	2	5	158	82	40	24	7	38	6	41	8
GCF_016772315.1	5	5	2	2	4	15	6	7	7	14	9	11	6	10	10	5	1	2	11	10	7	8	6	4	5	4	3	14	7	6	4	180	91	52	29	9	45	7	45	16	5	5	2	2	4	15	6	7	7	14	9	11	6	10	10	5	1	2	11	10	7	8	6	4	5	4	3	14	7	6	4	180	91	52	29	9	45	7	45	16
GCF_016801025.1	5	10	8	2	3	15	9	7	10	7	6	10	5	10	7	5	3	1	8	9	7	9	6	1	7	3	3	16	6	2	4	170	77	52	29	4	41	6	41	13	5	10	8	2	3	15	9	7	10	7	6	10	5	10	7	5	3	1	8	9	7	9	6	1	7	3	3	16	6	2	4	170	77	52	29	4	41	6	41	13
GCF_016801755.1	4	7	3	1	6	15	9	10	16	4	6	10	6	7	7	5	1	1	7	12	7	7	7	1	6	2	4	17	9	6	4	183	81	56	26	4	39	9	39	11	4	7	3	1	6	15	9	10	16	4	6	10	6	7	7	5	1	1	7	12	7	7	7	1	6	2	4	17	9	6	4	183	81	56	26	4	39	9	39	11
GCF_016807805.1	4	6	4	3	9	14	7	12	11	8	7	11	6	7	10	5	1	1	10	20	7	9	7	4	7	5	4	16	10	7	4	200	87	62	31	5	45	7	52	14	4	6	4	3	9	14	7	12	11	8	7	11	6	7	10	5	1	1	10	20	7	9	7	4	7	5	4	16	10	7	4	200	87	62	31	5	45	7	52	14
GCF_016858125.1	4	2	2	2	3	13	6	6	8	8	8	11	7	8	9	5	1	2	11	11	7	7	9	4	5	3	3	13	8	8	4	175	79	55	25	7	41	6	47	14	4	2	2	2	3	13	6	6	8	8	8	11	7	8	9	5	1	2	11	11	7	7	9	4	5	3	3	13	8	8	4	175	79	55	25	7	41	6	47	14
GCF_016861545.1	4	5	3	1	4	14	7	7	8	11	6	13	6	9	6	5	2	2	6	8	6	5	5	5	6	4	3	17	12	6	4	171	89	43	20	5	39	9	49	12	4	5	3	1	4	14	7	7	8	11	6	13	6	9	6	5	2	2	6	8	6	5	5	5	6	4	3	17	12	6	4	171	89	43	20	5	39	9	49	12
GCF_016865215.1	3	5	2	1	1	12	6	6	5	9	4	4	5	11	2	6	1	1	4	3	2	5	3	7	4	4	3	8	8	3	5	115	56	27	14	2	18	5	36	10	3	5	2	1	1	12	6	6	5	9	4	4	5	11	2	6	1	1	4	3	2	5	3	7	4	4	3	8	8	3	5	115	56	27	14	2	18	5	36	10
GCF_016888945.1	3	4	2	2	2	11	7	6	9	8	6	8	6	5	6	4	1	1	7	5	6	6	5	4	5	3	3	6	5	2	5	123	60	25	14	5	35	7	32	9	3	4	2	2	2	11	7	6	9	8	6	8	6	5	6	4	1	1	7	5	6	6	5	4	5	3	3	6	5	2	5	123	60	25	14	5	35	7	32	9
GCF_016889425.1	3	4	2	1	5	12	7	8	8	7	7	14	5	10	5	5	2	1	6	7	9	6	5	2	7	4	3	14	5	3	4	143	77	34	17	5	43	8	42	11	3	4	2	1	5	12	7	8	8	7	7	14	5	10	5	5	2	1	6	7	9	6	5	2	7	4	3	14	5	3	4	143	77	34	17	5	43	8	42	11
GCF_016889465.1	3	5	2	1	4	15	7	7	8	7	6	14	6	10	5	5	1	1	3	5	7	3	4	4	7	4	3	8	8	3	4	141	75	30	16	5	42	10	38	11	3	5	2	1	4	15	7	7	8	7	6	14	6	10	5	5	1	1	3	5	7	3	4	4	7	4	3	8	8	3	4	141	75	30	16	5	42	10	38	11
GCF_016894345.1	3	6	2	1	6	14	8	9	8	6	7	12	7	9	7	5	1	1	7	11	7	6	5	4	7	2	3	8	8	4	4	153	80	45	27	5	41	8	39	13	3	6	2	1	6	14	8	9	8	6	7	12	7	9	7	5	1	1	7	11	7	6	5	4	7	2	3	8	8	4	4	153	80	45	27	5	41	8	39	13
GCF_016894385.1	6	10	6	1	4	18	9	7	9	7	7	12	6	9	9	7	1	1	11	29	7	8	10	3	8	5	4	12	8	8	4	247	97	92	49	8	47	10	50	14	6	10	6	1	4	18	9	7	9	7	7	12	6	9	9	7	1	1	11	29	7	8	10	3	8	5	4	12	8	8	4	247	97	92	49	8	47	10	50	14
GCF_016904675.1	4	3	1	1	2	11	6	6	3	4	0	5	4	6	3	5	2	1	3	3	4	4	3	2	1	3	3	1	8	2	4	79	35	12	9	0	13	7	19	8	4	3	1	1	2	11	6	6	3	4	0	5	4	6	3	5	2	1	3	3	4	4	3	2	1	3	3	1	8	2	4	79	35	12	9	0	13	7	19	8
GCF_016917755.1	6	5	5	4	6	17	6	10	14	12	10	15	9	15	9	6	3	1	12	12	9	8	10	5	9	5	3	16	11	8	4	222	97	67	26	9	49	8	50	18	6	5	5	4	6	17	6	10	14	12	10	15	9	15	9	6	3	1	12	12	9	8	10	5	9	5	3	16	11	8	4	222	97	67	26	9	49	8	50	18
GCF_016918765.2	4	2	2	1	6	12	8	6	6	12	7	10	6	7	7	5	1	2	8	6	8	5	8	4	6	2	3	10	7	6	4	161	79	48	22	7	38	7	42	11	4	2	2	1	6	12	8	6	6	12	7	10	6	7	7	5	1	2	8	6	8	5	8	4	6	2	3	10	7	6	4	161	79	48	22	7	38	7	42	11
GCF_016919705.1	2	8	3	1	5	15	9	9	9	7	6	11	5	9	11	5	3	2	8	19	9	6	6	4	9	3	3	15	7	9	4	200	85	67	35	4	42	9	47	16	2	8	3	1	5	15	9	9	9	7	6	11	5	9	11	5	3	2	8	19	9	6	6	4	9	3	3	15	7	9	4	200	85	67	35	4	42	9	47	16
GCF_016925535.1	4	5	2	2	3	15	7	7	8	8	6	11	7	7	3	6	2	2	6	6	8	5	5	6	7	4	3	9	8	2	4	147	70	38	18	5	36	8	40	8	4	5	2	2	3	15	7	7	8	8	6	11	7	7	3	6	2	2	6	6	8	5	5	6	7	4	3	9	8	2	4	147	70	38	18	5	36	8	40	8
GCF_016925615.1	4	4	4	3	4	14	6	8	8	10	6	14	8	12	6	9	2	2	10	7	7	7	7	4	9	4	4	15	8	7	5	191	83	51	20	4	40	8	47	14	4	4	4	3	4	14	6	8	8	10	6	14	8	12	6	9	2	2	10	7	7	7	7	4	9	4	4	15	8	7	5	191	83	51	20	4	40	8	47	14
GCF_017068375.1	4	8	6	3	13	19	8	15	13	11	7	19	7	11	5	6	3	2	17	23	15	13	12	4	24	4	4	16	8	16	4	295	130	92	42	5	57	11	78	12	4	8	6	3	13	19	8	15	13	11	7	19	7	11	5	6	3	2	17	23	15	13	12	4	24	4	4	16	8	16	4	295	130	92	42	5	57	11	78	12
GCF_017068395.1	4	8	3	3	10	19	8	11	15	11	6	17	6	12	7	5	3	2	17	23	14	11	14	4	25	5	4	16	9	13	4	290	131	92	46	5	51	10	76	14	4	8	3	3	10	19	8	11	15	11	6	17	6	12	7	5	3	2	17	23	14	11	14	4	25	5	4	16	9	13	4	290	131	92	46	5	51	10	76	14
GCF_017068455.1	2	4	1	1	1	10	5	5	6	6	5	7	7	5	5	5	1	3	6	4	5	5	4	2	7	1	3	8	6	1	5	116	61	30	13	3	25	6	33	9	2	4	1	1	1	10	5	5	6	6	5	7	7	5	5	5	1	3	6	4	5	5	4	2	7	1	3	8	6	1	5	116	61	30	13	3	25	6	33	9
GCF_017086445.1	4	5	3	3	2	13	6	6	10	8	7	10	6	7	5	6	1	1	8	6	5	8	6	5	4	3	3	12	8	1	4	148	68	38	21	5	36	7	38	10	4	5	3	3	2	13	6	6	10	8	7	10	6	7	5	6	1	1	8	6	5	8	6	5	4	3	3	12	8	1	4	148	68	38	21	5	36	7	38	10
GCF_017161425.1	5	5	2	1	2	13	6	6	9	8	5	11	4	7	10	5	1	0	8	4	6	8	6	4	4	2	3	12	7	1	3	145	73	37	19	3	35	7	36	14	5	5	2	1	2	13	6	6	9	8	5	11	4	7	10	5	1	0	8	4	6	8	6	4	4	2	3	12	7	1	3	145	73	37	19	3	35	7	36	14
GCF_017167965.1	4	7	4	2	11	18	7	12	9	12	7	13	6	9	11	6	1	4	9	19	8	5	6	4	7	3	5	19	7	11	4	232	102	73	32	5	48	8	59	15	4	7	4	2	11	18	7	12	9	12	7	13	6	9	11	6	1	4	9	19	8	5	6	4	7	3	5	19	7	11	4	232	102	73	32	5	48	8	59	15
GCF_017301335.1	4	5	2	1	8	15	8	9	7	6	7	9	6	6	3	5	1	2	11	11	8	6	5	3	6	2	4	9	7	9	4	168	76	50	26	6	38	7	41	7	4	5	2	1	8	15	8	9	7	6	7	9	6	6	3	5	1	2	11	11	8	6	5	3	6	2	4	9	7	9	4	168	76	50	26	6	38	7	41	7
GCF_017309675.2	5	6	9	2	3	10	6	8	10	9	7	8	6	7	6	5	1	1	8	7	8	7	5	5	6	2	3	7	6	3	5	143	64	32	16	6	38	7	28	11	5	6	9	2	3	10	6	8	10	9	7	8	6	7	6	5	1	1	8	7	8	7	5	5	6	2	3	7	6	3	5	143	64	32	16	6	38	7	28	11
GCF_017310015.1	4	3	2	2	4	12	8	7	8	15	7	13	6	7	8	5	1	2	10	6	7	5	6	5	6	3	3	12	5	6	4	184	81	53	21	6	45	6	48	12	4	3	2	2	4	12	8	7	8	15	7	13	6	7	8	5	1	2	10	6	7	5	6	5	6	3	3	12	5	6	4	184	81	53	21	6	45	6	48	12
GCF_017310505.1	5	6	2	1	3	10	6	6	5	5	4	6	5	6	5	5	1	2	6	4	2	7	4	4	6	2	3	4	7	4	4	113	64	31	17	5	29	4	28	10	5	6	2	1	3	10	6	6	5	5	4	6	5	6	5	5	1	2	6	4	2	7	4	4	6	2	3	4	7	4	4	113	64	31	17	5	29	4	28	10
GCF_017338855.1	6	3	2	3	2	8	6	7	6	7	6	12	6	10	12	5	1	2	9	3	5	7	6	5	5	2	4	13	8	2	5	142	73	36	18	6	35	4	41	18	6	3	2	3	2	8	6	7	6	7	6	12	6	10	12	5	1	2	9	3	5	7	6	5	5	2	4	13	8	2	5	142	73	36	18	6	35	4	41	18
GCF_017347585.1	2	4	6	3	1	12	7	7	5	7	4	10	6	12	3	7	1	2	2	1	3	4	2	3	4	1	3	4	7	2	4	107	60	20	7	3	31	5	24	13	2	4	6	3	1	12	7	7	5	7	4	10	6	12	3	7	1	2	2	1	3	4	2	3	4	1	3	4	7	2	4	107	60	20	7	3	31	5	24	13
GCF_017347605.1	3	4	6	2	2	8	6	6	8	8	6	7	6	6	8	5	0	1	6	4	5	5	2	5	5	1	4	5	6	2	5	111	62	19	10	5	33	6	24	12	3	4	6	2	2	8	6	6	8	8	6	7	6	6	8	5	0	1	6	4	5	5	2	5	5	1	4	5	6	2	5	111	62	19	10	5	33	6	24	12
GCF_017348895.1	5	6	5	4	2	12	6	7	5	7	5	9	7	20	16	7	2	1	7	2	5	10	3	6	5	2	4	8	7	2	5	156	78	34	17	5	34	7	43	27	5	6	5	4	2	12	6	7	5	7	5	9	7	20	16	7	2	1	7	2	5	10	3	6	5	2	4	8	7	2	5	156	78	34	17	5	34	7	43	27
GCF_017348915.1	6	6	8	4	2	14	7	6	14	15	7	14	8	13	8	7	1	3	11	12	8	7	5	6	6	4	4	15	9	6	5	234	98	61	28	6	42	8	58	16	6	6	8	4	2	14	7	6	14	15	7	14	8	13	8	7	1	3	11	12	8	7	5	6	6	4	4	15	9	6	5	234	98	61	28	6	42	8	58	16
GCF_017352135.1	6	10	7	4	9	16	9	12	16	11	7	12	8	13	12	6	5	2	12	16	14	8	12	6	6	3	3	18	7	10	5	235	94	73	36	5	46	8	49	21	6	10	7	4	9	16	9	12	16	11	7	12	8	13	12	6	5	2	12	16	14	8	12	6	6	3	3	18	7	10	5	235	94	73	36	5	46	8	49	21
GCF_017352215.1	4	6	3	1	4	12	7	8	6	8	7	8	6	9	5	5	1	2	5	3	5	8	4	0	6	2	2	9	6	3	5	126	69	33	14	7	37	8	30	11	4	6	3	1	4	12	7	8	6	8	7	8	6	9	5	5	1	2	5	3	5	8	4	0	6	2	2	9	6	3	5	126	69	33	14	7	37	8	30	11
GCF_017355405.1	5	4	3	2	2	16	9	6	9	12	7	13	5	8	9	5	2	3	13	5	6	9	7	7	6	2	3	13	9	1	4	187	83	45	24	5	39	8	42	14	5	4	3	2	2	16	9	6	9	12	7	13	5	8	9	5	2	3	13	5	6	9	7	7	6	2	3	13	9	1	4	187	83	45	24	5	39	8	42	14
GCF_017357245.1	7	8	6	6	10	16	9	13	17	8	7	11	9	14	14	7	6	2	11	16	10	9	9	6	6	3	3	18	7	12	4	232	95	74	35	5	47	8	47	23	7	8	6	6	10	16	9	13	17	8	7	11	9	14	14	7	6	2	11	16	10	9	9	6	6	3	3	18	7	12	4	232	95	74	35	5	47	8	47	23
GCF_017357285.1	6	12	7	6	9	16	9	12	16	12	7	12	9	14	13	7	6	2	11	15	9	10	8	5	10	3	3	19	8	12	6	254	102	76	37	5	50	8	49	23	6	12	7	6	9	16	9	12	16	12	7	12	9	14	13	7	6	2	11	15	9	10	8	5	10	3	3	19	8	12	6	254	102	76	37	5	50	8	49	23
GCF_017357825.1	5	5	2	1	4	14	4	6	8	5	5	14	4	9	12	5	0	3	4	7	6	5	4	6	5	1	3	9	8	1	4	135	82	32	18	4	37	4	36	17	5	5	2	1	4	14	4	6	8	5	5	14	4	9	12	5	0	3	4	7	6	5	4	6	5	1	3	9	8	1	4	135	82	32	18	4	37	4	36	17
GCF_017377355.1	4	3	2	2	2	8	6	5	5	5	4	14	8	7	10	7	1	2	5	5	11	6	8	3	5	3	3	11	7	1	5	131	62	34	17	4	32	5	29	13	4	3	2	2	2	8	6	5	5	5	4	14	8	7	10	7	1	2	5	5	11	6	8	3	5	3	3	11	7	1	5	131	62	34	17	4	32	5	29	13
GCF_017487345.1	4	5	2	1	2	13	6	6	8	7	6	11	5	8	8	5	1	1	9	4	6	6	8	4	4	3	3	11	8	1	4	145	69	37	20	4	35	7	37	13	4	5	2	1	2	13	6	6	8	7	6	11	5	8	8	5	1	1	9	4	6	6	8	4	4	3	3	11	8	1	4	145	69	37	20	4	35	7	37	13
GCF_017487405.1	3	5	4	2	2	13	6	6	8	6	6	10	5	7	9	5	1	1	7	6	7	6	7	4	3	2	3	16	8	1	4	149	67	35	19	4	33	7	37	13	3	5	4	2	2	13	6	6	8	6	6	10	5	7	9	5	1	1	7	6	7	6	7	4	3	2	3	16	8	1	4	149	67	35	19	4	33	7	37	13
GCF_017493175.3	5	7	2	3	7	17	7	13	11	12	9	12	8	10	11	7	3	3	11	18	8	10	9	4	8	3	6	20	11	10	4	244	104	75	36	6	47	11	57	18	5	7	2	3	7	17	7	13	11	12	9	12	8	10	11	7	3	3	11	18	8	10	9	4	8	3	6	20	11	10	4	244	104	75	36	6	47	11	57	18
GCF_017498525.1	4	5	2	1	3	16	7	6	8	9	8	11	6	7	6	5	1	2	7	13	6	5	6	5	5	2	3	14	8	1	4	176	79	52	26	5	40	9	43	10	4	5	2	1	3	16	7	6	8	9	8	11	6	7	6	5	1	2	7	13	6	5	6	5	5	2	3	14	8	1	4	176	79	52	26	5	40	9	43	10
GCF_017569225.1	4	5	8	4	3	14	7	7	8	11	6	11	7	11	7	5	3	1	8	6	5	5	5	5	5	4	3	7	7	6	4	157	75	44	21	4	38	8	35	14	4	5	8	4	3	14	7	7	8	11	6	11	7	11	7	5	3	1	8	6	5	5	5	5	5	4	3	7	7	6	4	157	75	44	21	4	38	8	35	14
GCF_017569925.1	5	8	6	4	2	15	9	6	10	18	9	16	7	11	9	5	4	3	11	8	8	7	6	6	6	5	4	16	8	4	5	228	109	58	25	6	45	10	61	17	5	8	6	4	2	15	9	6	10	18	9	16	7	11	9	5	4	3	11	8	8	7	6	6	6	5	4	16	8	4	5	228	109	58	25	6	45	10	61	17
GCF_017607425.1	4	6	3	1	3	13	6	7	9	10	7	10	8	8	9	5	1	2	8	9	10	7	9	4	8	2	3	9	7	6	4	176	77	59	29	4	39	8	42	13	4	6	3	1	3	13	6	7	9	10	7	10	8	8	9	5	1	2	8	9	10	7	9	4	8	2	3	9	7	6	4	176	77	59	29	4	39	8	42	13
GCF_017639205.1	4	5	3	2	4	16	7	9	12	10	9	12	7	13	8	6	2	2	12	12	9	8	10	4	9	4	3	17	9	7	4	203	89	61	25	6	41	8	57	16	4	5	3	2	4	16	7	9	12	10	9	12	7	13	8	6	2	2	12	12	9	8	10	4	9	4	3	17	9	7	4	203	89	61	25	6	41	8	57	16
GCF_017639855.1	1	4	3	1	1	11	7	6	6	8	4	6	4	12	5	5	1	2	3	2	5	5	3	0	3	2	3	0	7	1	5	97	45	20	13	3	23	4	19	13	1	4	3	1	1	11	7	6	6	8	4	6	4	12	5	5	1	2	3	2	5	5	3	0	3	2	3	0	7	1	5	97	45	20	13	3	23	4	19	13
GCF_017654485.1	6	4	4	2	2	14	9	6	9	13	7	12	5	11	7	5	1	2	14	8	8	9	8	8	6	2	3	16	11	1	4	193	86	52	29	5	38	8	43	14	6	4	4	2	2	14	9	6	9	13	7	12	5	11	7	5	1	2	14	8	8	9	8	8	6	2	3	16	11	1	4	193	86	52	29	5	38	8	43	14
GCF_017742995.1	4	7	2	1	1	12	6	5	12	18	11	15	6	10	4	5	1	3	11	4	8	7	6	3	7	2	3	12	7	1	5	189	90	51	24	6	47	5	46	10	4	7	2	1	1	12	6	5	12	18	11	15	6	10	4	5	1	3	11	4	8	7	6	3	7	2	3	12	7	1	5	189	90	51	24	6	47	5	46	10
GCF_017815515.1	5	8	3	1	4	15	7	8	11	9	6	10	6	8	7	5	1	2	7	16	8	7	7	3	5	2	3	17	7	3	4	178	80	52	31	4	40	8	38	12	5	8	3	1	4	15	7	8	11	9	6	10	6	8	7	5	1	2	7	16	8	7	7	3	5	2	3	17	7	3	4	178	80	52	31	4	40	8	38	12
GCF_017815575.1	4	4	3	3	3	11	6	8	6	5	4	10	6	7	9	5	2	2	6	5	4	7	4	5	7	2	3	10	6	3	5	133	66	33	17	4	32	7	35	13	4	4	3	3	3	11	6	8	6	5	4	10	6	7	9	5	2	2	6	5	4	7	4	5	7	2	3	10	6	3	5	133	66	33	17	4	32	7	35	13
GCF_017868935.1	5	7	5	3	6	16	6	9	16	10	8	12	6	7	5	5	2	2	9	15	9	8	6	6	8	3	3	17	10	9	4	218	88	66	36	6	45	8	52	10	5	7	5	3	6	16	6	9	16	10	8	12	6	7	5	5	2	2	9	15	9	8	6	6	8	3	3	17	10	9	4	218	88	66	36	6	45	8	52	10
GCF_017893965.1	4	4	7	2	2	8	6	5	7	5	4	11	5	7	6	5	1	1	8	2	3	7	3	2	0	1	2	0	7	2	5	98	51	22	12	5	30	3	9	10	4	4	7	2	2	8	6	5	7	5	4	11	5	7	6	5	1	1	8	2	3	7	3	2	0	1	2	0	7	2	5	98	51	22	12	5	30	3	9	10
GCF_017894325.1	3	5	2	1	3	12	8	6	6	6	5	7	5	10	5	5	1	1	2	3	5	5	3	2	2	4	2	0	7	2	3	94	52	21	12	4	32	6	20	11	3	5	2	1	3	12	8	6	6	6	5	7	5	10	5	5	1	1	2	3	5	5	3	2	2	4	2	0	7	2	3	94	52	21	12	4	32	6	20	11
GCF_017894365.1	4	5	2	2	3	14	6	6	8	8	7	13	6	8	9	5	1	1	9	10	7	7	9	5	7	3	3	14	9	8	4	204	84	61	25	5	41	6	46	14	4	5	2	2	3	14	6	6	8	8	7	13	6	8	9	5	1	1	9	10	7	7	9	5	7	3	3	14	9	8	4	204	84	61	25	5	41	6	46	14
GCF_017894385.1	6	6	2	3	3	17	7	6	14	7	7	11	6	7	10	5	1	1	12	14	14	10	13	5	7	3	3	14	8	7	5	227	81	76	36	6	42	7	53	14	6	6	2	3	3	17	7	6	14	7	7	11	6	7	10	5	1	1	12	14	14	10	13	5	7	3	3	14	8	7	5	227	81	76	36	6	42	7	53	14
GCF_017901155.1	4	4	2	1	5	13	6	7	7	11	8	13	6	8	7	5	1	2	10	6	7	8	6	3	6	3	3	11	7	2	5	153	82	38	22	7	43	6	40	12	4	4	2	1	5	13	6	7	7	11	8	13	6	8	7	5	1	2	10	6	7	8	6	3	6	3	3	11	7	2	5	153	82	38	22	7	43	6	40	12
GCF_017901175.1	5	4	2	2	4	13	5	8	8	14	9	12	6	9	9	5	1	2	10	8	7	9	6	4	6	3	3	12	7	10	4	172	84	54	28	7	43	6	45	15	5	4	2	2	4	13	5	8	8	14	9	12	6	9	9	5	1	2	10	8	7	9	6	4	6	3	3	12	7	10	4	172	84	54	28	7	43	6	45	15
GCF_017915135.1	5	8	4	1	12	17	8	13	11	8	7	10	7	9	10	5	1	3	13	23	10	5	5	4	9	3	5	20	7	14	4	237	104	68	33	6	47	9	61	14	5	8	4	1	12	17	8	13	11	8	7	10	7	9	10	5	1	3	13	23	10	5	5	4	9	3	5	20	7	14	4	237	104	68	33	6	47	9	61	14
GCF_017945865.1	3	3	2	1	3	11	6	7	5	6	4	11	6	8	2	5	1	1	3	2	2	5	1	1	1	1	3	1	8	2	4	85	51	14	7	4	32	6	16	7	3	3	2	1	3	11	6	7	5	6	4	11	6	8	2	5	1	1	3	2	2	5	1	1	1	1	3	1	8	2	4	85	51	14	7	4	32	6	16	7
GCF_017948305.1	2	4	1	1	2	13	4	5	5	6	4	7	6	4	5	5	1	1	4	2	5	4	4	2	6	2	3	10	3	1	5	103	55	23	11	2	27	8	29	8	2	4	1	1	2	13	4	5	5	6	4	7	6	4	5	5	1	1	4	2	5	4	4	2	6	2	3	10	3	1	5	103	55	23	11	2	27	8	29	8
GCF_017948405.1	5	6	2	1	1	13	4	5	8	5	8	14	6	7	7	5	1	3	8	3	2	7	3	2	6	2	3	10	7	1	5	148	76	38	22	3	37	4	39	11	5	6	2	1	1	13	4	5	8	5	8	14	6	7	7	5	1	3	8	3	2	7	3	2	6	2	3	10	7	1	5	148	76	38	22	3	37	4	39	11
GCF_018069625.1	4	5	5	2	5	16	6	10	12	11	7	17	6	14	8	7	3	1	12	13	8	7	13	6	12	4	4	16	14	8	5	230	103	67	28	5	46	8	52	17	4	5	5	2	5	16	6	10	12	11	7	17	6	14	8	7	3	1	12	13	8	7	13	6	12	4	4	16	14	8	5	230	103	67	28	5	46	8	52	17
GCF_018075365.1	4	7	3	2	1	12	9	6	9	13	6	10	6	14	6	6	1	3	7	6	5	8	3	6	9	4	3	12	7	1	6	176	81	43	22	4	35	7	50	13	4	7	3	2	1	12	9	6	9	13	6	10	6	14	6	6	1	3	7	6	5	8	3	6	9	4	3	12	7	1	6	176	81	43	22	4	35	7	50	13
GCF_018118585.1	6	4	6	3	3	11	8	10	6	8	5	11	6	8	5	5	1	2	8	3	6	9	4	4	1	1	3	2	6	3	5	120	64	30	15	4	36	7	18	11	6	4	6	3	3	11	8	10	6	8	5	11	6	8	5	5	1	2	8	3	6	9	4	4	1	1	3	2	6	3	5	120	64	30	15	4	36	7	18	11
GCF_018127725.1	2	4	2	1	1	11	7	6	6	6	4	6	4	14	5	5	1	1	4	2	4	5	3	0	2	2	3	0	6	1	5	90	46	16	11	3	23	4	20	15	2	4	2	1	1	11	7	6	6	6	4	6	4	14	5	5	1	1	4	2	4	5	3	0	2	2	3	0	6	1	5	90	46	16	11	3	23	4	20	15
GCF_018127765.1	4	3	1	3	2	8	6	6	4	4	4	5	5	8	8	5	1	1	5	2	2	5	2	2	6	1	3	2	5	2	5	86	45	16	9	2	17	6	22	12	4	3	1	3	2	8	6	6	4	4	4	5	5	8	8	5	1	1	5	2	2	5	2	2	6	1	3	2	5	2	5	86	45	16	9	2	17	6	22	12
GCF_018127785.1	4	4	1	3	2	8	6	6	6	9	6	6	6	8	8	5	1	1	5	3	7	6	3	5	5	2	3	4	5	2	5	104	53	21	11	3	23	6	27	12	4	4	1	3	2	8	6	6	6	9	6	6	6	8	8	5	1	1	5	3	7	6	3	5	5	2	3	4	5	2	5	104	53	21	11	3	23	6	27	12
GCF_018128125.1	3	4	1	1	2	8	6	6	7	9	6	6	6	6	6	5	1	1	7	3	7	6	3	3	5	2	3	4	6	3	5	104	56	23	12	5	27	6	22	10	3	4	1	1	2	8	6	6	7	9	6	6	6	6	6	5	1	1	7	3	7	6	3	3	5	2	3	4	6	3	5	104	56	23	12	5	27	6	22	10
GCF_018135625.1	5	6	4	2	6	14	7	10	14	9	6	11	6	8	11	5	1	1	9	15	10	8	8	5	6	2	3	11	8	9	4	188	77	57	27	5	41	8	41	15	5	6	4	2	6	14	7	10	14	9	6	11	6	8	11	5	1	1	9	15	10	8	8	5	6	2	3	11	8	9	4	188	77	57	27	5	41	8	41	15
GCF_018135955.1	4	4	2	2	2	13	5	6	9	7	5	13	7	10	11	4	1	2	6	2	4	7	5	1	4	2	3	6	7	1	4	126	67	24	13	5	34	8	30	18	4	4	2	2	2	13	5	6	9	7	5	13	7	10	11	4	1	2	6	2	4	7	5	1	4	2	3	6	7	1	4	126	67	24	13	5	34	8	30	18
GCF_018137985.1	3	4	2	2	1	11	7	6	7	8	4	8	4	12	5	5	1	2	3	2	5	6	4	0	4	2	4	0	6	1	5	100	54	18	12	3	30	4	22	13	3	4	2	2	1	11	7	6	7	8	4	8	4	12	5	5	1	2	3	2	5	6	4	0	4	2	4	0	6	1	5	100	54	18	12	3	30	4	22	13
GCF_018138125.1	4	5	3	1	3	12	6	7	6	10	3	10	6	13	5	6	1	2	6	5	3	7	3	5	7	5	3	10	7	2	5	142	72	28	17	2	28	5	41	13	4	5	3	1	3	12	6	7	6	10	3	10	6	13	5	6	1	2	6	5	3	7	3	5	7	5	3	10	7	2	5	142	72	28	17	2	28	5	41	13
GCF_018139045.1	7	8	11	5	4	16	7	6	15	15	8	18	8	14	9	7	2	3	15	23	8	9	6	6	6	5	4	18	8	4	5	278	111	83	41	7	48	8	61	17	7	8	11	5	4	16	7	6	15	15	8	18	8	14	9	7	2	3	15	23	8	9	6	6	6	5	4	18	8	4	5	278	111	83	41	7	48	8	61	17
GCF_018141425.1	4	7	9	2	5	11	9	11	10	10	6	16	7	15	9	7	6	2	5	7	4	7	2	4	5	3	3	6	7	5	6	178	88	35	17	6	47	5	36	18	4	7	9	2	5	11	9	11	10	10	6	16	7	15	9	7	6	2	5	7	4	7	2	4	5	3	3	6	7	5	6	178	88	35	17	6	47	5	36	18
GCF_018141445.1	4	8	10	3	5	12	8	11	9	7	6	14	9	13	7	7	6	2	7	8	4	8	2	4	6	2	3	4	8	4	7	174	87	39	19	6	46	6	33	15	4	8	10	3	5	12	8	11	9	7	6	14	9	13	7	7	6	2	7	8	4	8	2	4	6	2	3	4	8	4	7	174	87	39	19	6	46	6	33	15
GCF_018141485.1	4	5	4	1	4	16	7	8	15	10	8	14	6	14	9	5	3	1	11	10	9	7	8	5	5	4	3	15	11	7	4	197	96	55	22	7	42	9	44	17	4	5	4	1	4	16	7	8	15	10	8	14	6	14	9	5	3	1	11	10	9	7	8	5	5	4	3	15	11	7	4	197	96	55	22	7	42	9	44	17
GCF_018141525.1	5	5	1	2	2	13	7	6	7	7	4	14	6	7	6	6	1	1	7	5	6	6	6	3	7	1	3	7	8	1	4	125	72	32	20	4	37	7	29	11	5	5	1	2	2	13	7	6	7	7	4	14	6	7	6	6	1	1	7	5	6	6	6	3	7	1	3	7	8	1	4	125	72	32	20	4	37	7	29	11
GCF_018141545.1	5	6	1	2	2	14	8	6	7	7	4	14	7	7	6	7	1	2	7	4	6	7	7	3	7	1	3	6	8	1	5	131	69	32	19	4	36	8	27	11	5	6	1	2	2	14	8	6	7	7	4	14	7	7	6	7	1	2	7	4	6	7	7	3	7	1	3	6	8	1	5	131	69	32	19	4	36	8	27	11
GCF_018207515.1	4	7	12	3	5	12	8	7	7	13	6	12	8	20	12	11	3	3	5	4	5	7	2	5	8	4	3	15	8	10	5	187	92	45	14	7	42	5	44	25	4	7	12	3	5	12	8	7	7	13	6	12	8	20	12	11	3	3	5	4	5	7	2	5	8	4	3	15	8	10	5	187	92	45	14	7	42	5	44	25
GCF_018223345.1	4	6	2	1	2	15	7	5	9	9	8	13	6	12	7	5	1	3	12	9	7	7	6	2	8	3	3	10	7	6	5	187	91	53	29	6	45	9	47	16	4	6	2	1	2	15	7	5	9	9	8	13	6	12	7	5	1	3	12	9	7	7	6	2	8	3	3	10	7	6	5	187	91	53	29	6	45	9	47	16
GCF_018223745.1	5	11	15	1	4	10	7	11	8	12	8	12	8	18	13	6	3	1	9	4	2	14	2	6	6	3	3	6	8	5	6	177	92	44	20	7	52	5	39	22	5	11	15	1	4	10	7	11	8	12	8	12	8	18	13	6	3	1	9	4	2	14	2	6	6	3	3	6	8	5	6	177	92	44	20	7	52	5	39	22
GCF_018278905.1	4	4	3	1	5	15	7	8	9	10	6	14	6	8	6	5	2	2	8	11	7	5	8	4	5	4	3	16	16	7	4	175	95	46	23	5	43	9	45	11	4	4	3	1	5	15	7	8	9	10	6	14	6	8	6	5	2	2	8	11	7	5	8	4	5	4	3	16	16	7	4	175	95	46	23	5	43	9	45	11
GCF_018279165.1	3	7	5	1	5	16	10	9	9	5	6	10	6	9	7	5	1	1	6	7	5	5	4	6	6	2	3	9	8	4	4	147	72	36	19	4	37	9	37	12	3	7	5	1	5	16	10	9	9	5	6	10	6	9	7	5	1	1	6	7	5	5	4	6	6	2	3	9	8	4	4	147	72	36	19	4	37	9	37	12
GCF_018279705.1	4	6	2	1	5	14	6	9	7	6	6	10	6	6	4	4	1	2	10	12	7	7	8	4	7	2	6	16	10	4	4	170	81	50	27	4	38	7	45	8	4	6	2	1	5	14	6	9	7	6	6	10	6	6	4	4	1	2	10	12	7	7	8	4	7	2	6	16	10	4	4	170	81	50	27	4	38	7	45	8
GCF_018279895.1	7	6	3	8	4	10	6	8	10	10	7	9	6	9	11	5	1	1	9	6	6	8	6	5	6	1	3	7	5	4	5	156	71	41	21	6	41	7	35	16	7	6	3	8	4	10	6	8	10	10	7	9	6	9	11	5	1	1	9	6	6	8	6	5	6	1	3	7	5	4	5	156	71	41	21	6	41	7	35	16
GCF_018286635.1	8	4	2	1	4	13	6	6	8	7	6	10	6	11	9	5	1	2	11	6	7	10	8	5	10	2	3	17	7	9	4	179	79	53	25	4	35	7	49	16	8	4	2	1	4	13	6	6	8	7	6	10	6	11	9	5	1	2	11	6	7	10	8	5	10	2	3	17	7	9	4	179	79	53	25	4	35	7	49	16
GCF_018289135.1	6	6	9	5	3	10	6	8	9	8	6	9	6	8	12	5	2	1	8	7	9	8	5	6	5	2	3	2	6	3	5	148	73	32	17	5	39	7	28	17	6	6	9	5	3	10	6	8	9	8	6	9	6	8	12	5	2	1	8	7	9	8	5	6	5	2	3	2	6	3	5	148	73	32	17	5	39	7	28	17
GCF_018292205.1	7	6	8	3	3	10	6	7	8	7	6	9	6	8	11	5	2	1	8	6	7	8	5	6	5	2	3	3	6	3	4	146	71	34	16	5	37	7	29	16	7	6	8	3	3	10	6	7	8	7	6	9	6	8	11	5	2	1	8	6	7	8	5	6	5	2	3	3	6	3	4	146	71	34	16	5	37	7	29	16
GCF_018304805.1	3	6	2	2	2	11	5	6	6	7	5	7	6	11	9	5	1	1	3	2	3	6	1	3	5	2	2	16	6	1	5	129	65	23	10	3	27	3	36	17	3	6	2	2	2	11	5	6	6	7	5	7	6	11	9	5	1	1	3	2	3	6	1	3	5	2	2	16	6	1	5	129	65	23	10	3	27	3	36	17
GCF_018304825.1	2	6	2	2	2	13	5	6	6	6	4	7	6	11	9	5	1	1	2	3	3	5	1	3	5	2	3	16	6	1	5	130	64	21	10	2	26	5	37	17	2	6	2	2	2	13	5	6	6	6	4	7	6	11	9	5	1	1	2	3	3	5	1	3	5	2	3	16	6	1	5	130	64	21	10	2	26	5	37	17
GCF_018316655.1	5	7	3	2	7	18	8	9	10	10	5	15	7	11	4	8	2	1	7	13	9	6	6	6	12	3	4	16	12	7	4	205	93	54	24	5	43	10	55	12	5	7	3	2	7	18	8	9	10	10	5	15	7	11	4	8	2	1	7	13	9	6	6	6	12	3	4	16	12	7	4	205	93	54	24	5	43	10	55	12
GCF_018316795.1	3	6	5	2	4	18	8	8	9	8	5	17	9	10	4	8	3	1	5	8	9	3	5	5	8	3	4	15	8	6	4	185	83	46	18	5	42	10	52	11	3	6	5	2	4	18	8	8	9	8	5	17	9	10	4	8	3	1	5	8	9	3	5	5	8	3	4	15	8	6	4	185	83	46	18	5	42	10	52	11
GCF_018324255.1	4	6	6	4	4	16	8	10	8	9	7	16	5	13	6	6	3	2	8	8	9	7	9	5	9	4	4	13	8	7	5	194	85	54	22	5	43	10	50	15	4	6	6	4	4	16	8	10	8	9	7	16	5	13	6	6	3	2	8	8	9	7	9	5	9	4	4	13	8	7	5	194	85	54	22	5	43	10	50	15
GCF_018324385.1	6	3	2	1	3	11	6	6	6	8	8	9	6	9	10	5	1	1	10	3	7	8	8	4	4	3	3	14	8	1	4	141	74	37	19	6	37	6	43	15	6	3	2	1	3	11	6	6	6	8	8	9	6	9	10	5	1	1	10	3	7	8	8	4	4	3	3	14	8	1	4	141	74	37	19	6	37	6	43	15
GCF_018326305.1	3	4	1	1	3	5	3	7	4	5	3	5	4	6	0	6	1	1	5	4	3	5	3	5	1	1	1	1	7	4	5	71	32	17	10	2	22	7	11	6	3	4	1	1	3	5	3	7	4	5	3	5	4	6	0	6	1	1	5	4	3	5	3	5	1	1	1	1	7	4	5	71	32	17	10	2	22	7	11	6
GCF_018343775.1	3	8	3	2	9	17	7	10	8	12	7	11	7	8	9	6	2	4	10	13	9	6	5	4	7	3	5	18	7	9	4	211	95	63	28	5	44	8	54	13	3	8	3	2	9	17	7	10	8	12	7	11	7	8	9	6	2	4	10	13	9	6	5	4	7	3	5	18	7	9	4	211	95	63	28	5	44	8	54	13
GCF_018363075.1	5	5	4	2	2	13	8	7	4	7	6	0	6	11	6	5	1	1	9	2	4	8	4	4	1	4	3	2	7	2	5	107	48	25	14	3	23	5	22	13	5	5	4	2	2	13	8	7	4	7	6	0	6	11	6	5	1	1	9	2	4	8	4	4	1	4	3	2	7	2	5	107	48	25	14	3	23	5	22	13
GCF_018388425.1	3	5	1	3	4	15	7	8	7	6	6	13	6	7	5	4	2	1	6	6	8	5	8	2	6	4	3	10	7	5	4	148	76	44	18	4	38	8	39	9	3	5	1	3	4	15	7	8	7	6	6	13	6	7	5	4	2	1	6	6	8	5	8	2	6	4	3	10	7	5	4	148	76	44	18	4	38	8	39	9
GCF_018389385.1	2	5	1	3	2	12	7	6	6	6	3	11	6	8	10	4	1	1	4	4	7	4	4	3	6	1	5	14	8	2	4	138	80	23	14	3	30	7	37	14	2	5	1	3	2	12	7	6	6	6	3	11	6	8	10	4	1	1	4	4	7	4	4	3	6	1	5	14	8	2	4	138	80	23	14	3	30	7	37	14
GCF_018398475.1	4	8	3	2	9	17	8	12	10	12	7	13	6	7	9	5	1	2	11	22	8	6	6	4	8	3	4	18	7	7	4	225	101	73	37	6	52	8	56	13	4	8	3	2	9	17	8	12	10	12	7	13	6	7	9	5	1	2	11	22	8	6	6	4	8	3	4	18	7	7	4	225	101	73	37	6	52	8	56	13
GCF_018406465.1	4	11	1	1	2	12	6	6	6	9	5	6	6	8	4	6	1	1	6	3	3	10	3	1	1	2	3	6	7	2	5	108	62	30	16	5	35	7	19	9	4	11	1	1	2	12	6	6	6	9	5	6	6	8	4	6	1	1	6	3	3	10	3	1	1	2	3	6	7	2	5	108	62	30	16	5	35	7	19	9
GCF_018406605.1	3	4	2	2	2	13	5	6	6	5	4	10	4	7	8	5	1	2	4	4	6	5	4	4	5	2	3	10	8	1	5	133	62	31	18	1	26	7	38	12	3	4	2	2	2	13	5	6	6	5	4	10	4	7	8	5	1	2	4	4	6	5	4	4	5	2	3	10	8	1	5	133	62	31	18	1	26	7	38	12
GCF_018406645.1	4	4	2	2	2	13	5	6	6	7	4	10	4	7	8	5	1	2	5	4	6	5	5	4	5	2	3	10	8	1	5	137	63	32	19	1	26	7	38	12	4	4	2	2	2	13	5	6	6	7	4	10	4	7	8	5	1	2	5	4	6	5	5	4	5	2	3	10	8	1	5	137	63	32	19	1	26	7	38	12
GCF_018408575.1	3	4	2	1	1	5	7	6	2	3	2	5	4	6	0	5	1	1	4	1	2	5	3	1	1	1	1	1	7	2	5	63	28	14	9	2	18	7	11	6	3	4	2	1	1	5	7	6	2	3	2	5	4	6	0	5	1	1	4	1	2	5	3	1	1	1	1	1	7	2	5	63	28	14	9	2	18	7	11	6
GCF_018408705.1	5	4	1	1	4	10	9	10	3	5	5	7	8	11	0	7	1	1	12	3	3	8	4	5	7	1	2	0	7	4	5	117	62	22	13	4	35	5	25	10	5	4	1	1	4	10	9	10	3	5	5	7	8	11	0	7	1	1	12	3	3	8	4	5	7	1	2	0	7	4	5	117	62	22	13	4	35	5	25	10
GCF_018436245.1	5	8	4	1	4	15	8	8	13	9	7	10	9	8	7	6	1	2	9	11	8	7	7	4	6	3	3	13	6	5	4	177	80	51	30	4	41	8	44	12	5	8	4	1	4	15	8	8	13	9	7	10	9	8	7	6	1	2	9	11	8	7	7	4	6	3	3	13	6	5	4	177	80	51	30	4	41	8	44	12
GCF_018437505.1	3	6	4	2	3	17	8	7	10	12	5	15	6	9	4	6	3	1	4	8	13	3	6	6	9	3	3	14	7	7	4	180	79	50	17	4	39	9	42	10	3	6	4	2	3	17	8	7	10	12	5	15	6	9	4	6	3	1	4	8	13	3	6	6	9	3	3	14	7	7	4	180	79	50	17	4	39	9	42	10
GCF_018459925.1	4	6	1	3	5	12	6	9	7	5	6	15	7	6	2	5	2	1	8	12	8	6	8	4	6	4	3	23	7	10	4	176	76	55	26	4	41	6	45	7	4	6	1	3	5	12	6	9	7	5	6	15	7	6	2	5	2	1	8	12	8	6	8	4	6	4	3	23	7	10	4	176	76	55	26	4	41	6	45	7
GCF_018595675.2	5	7	5	3	2	14	8	6	12	7	6	11	6	9	8	6	3	2	8	5	8	8	5	2	9	2	3	12	6	7	5	169	81	51	19	7	38	9	41	14	5	7	5	3	2	14	8	6	12	7	6	11	6	9	8	6	3	2	8	5	8	8	5	2	9	2	3	12	6	7	5	169	81	51	19	7	38	9	41	14
GCF_018595685.2	5	6	3	3	1	14	8	5	9	7	6	11	7	9	8	6	1	2	8	4	7	7	5	2	8	2	3	14	6	2	5	152	77	38	17	7	36	10	41	14	5	6	3	3	1	14	8	5	9	7	6	11	7	9	8	6	1	2	8	4	7	7	5	2	8	2	3	14	6	2	5	152	77	38	17	7	36	10	41	14
GCF_018604145.1	4	6	13	2	4	15	8	8	10	11	6	14	10	20	10	9	1	2	6	4	8	6	6	4	11	4	4	14	8	8	4	193	92	47	18	7	44	8	49	22	4	6	13	2	4	15	8	8	10	11	6	14	10	20	10	9	1	2	6	4	8	6	6	4	11	4	4	14	8	8	4	193	92	47	18	7	44	8	49	22
GCF_018604545.1	3	5	4	2	5	16	6	10	14	10	9	13	6	14	10	6	3	1	10	14	9	5	7	5	8	4	4	16	11	8	4	207	97	60	20	6	43	8	49	18	3	5	4	2	5	16	6	10	14	10	9	13	6	14	10	6	3	1	10	14	9	5	7	5	8	4	4	16	11	8	4	207	97	60	20	6	43	8	49	18
GCF_018604565.1	4	6	3	1	2	12	6	6	7	11	3	9	6	12	3	6	1	4	3	3	4	6	3	5	5	5	3	9	7	1	6	139	69	28	15	2	28	5	38	11	4	6	3	1	2	12	6	6	7	11	3	9	6	12	3	6	1	4	3	3	4	6	3	5	5	5	3	9	7	1	6	139	69	28	15	2	28	5	38	11
GCF_018685455.1	4	3	2	2	3	13	6	6	7	6	6	10	6	9	9	5	1	1	5	10	7	4	5	4	4	2	4	8	7	1	4	134	70	31	16	5	36	6	35	15	4	3	2	2	3	13	6	6	7	6	6	10	6	9	9	5	1	1	5	10	7	4	5	4	4	2	4	8	7	1	4	134	70	31	16	5	36	6	35	15
GCF_018687595.1	4	3	2	2	3	13	7	6	7	6	6	10	6	9	11	5	1	1	6	11	7	4	6	3	4	2	4	8	7	1	4	137	72	33	18	6	37	7	36	16	4	3	2	2	3	13	7	6	7	6	6	10	6	9	11	5	1	1	6	11	7	4	6	3	4	2	4	8	7	1	4	137	72	33	18	6	37	7	36	16
GCF_018688255.1	4	3	2	2	3	13	6	6	7	6	6	10	6	7	9	5	1	1	5	11	7	4	5	4	4	2	4	11	9	1	4	137	75	33	17	5	36	6	38	13	4	3	2	2	3	13	6	6	7	6	6	10	6	7	9	5	1	1	5	11	7	4	5	4	4	2	4	11	9	1	4	137	75	33	17	5	36	6	38	13
GCF_018734325.1	4	5	2	3	4	13	6	7	5	11	8	10	6	8	9	5	1	2	8	5	6	8	5	4	8	2	3	10	7	7	4	159	80	46	23	7	41	6	44	14	4	5	2	3	4	13	6	7	5	11	8	10	6	8	9	5	1	2	8	5	6	8	5	4	8	2	3	10	7	7	4	159	80	46	23	7	41	6	44	14
GCF_018736085.1	6	7	4	2	5	15	7	9	10	11	8	12	6	9	7	6	1	3	12	15	7	11	9	5	7	5	5	14	9	4	4	195	94	63	33	7	48	8	49	13	6	7	4	2	5	15	7	9	10	11	8	12	6	9	7	6	1	3	12	15	7	11	9	5	7	5	5	14	9	4	4	195	94	63	33	7	48	8	49	13
GCF_018739485.1	4	7	4	1	2	10	2	5	8	18	6	9	8	6	13	5	3	2	8	6	4	9	3	6	4	5	4	5	7	3	5	161	79	43	27	4	32	5	36	15	4	7	4	1	2	10	2	5	8	18	6	9	8	6	13	5	3	2	8	6	4	9	3	6	4	5	4	5	7	3	5	161	79	43	27	4	32	5	36	15
GCF_018802645.1	4	6	8	5	5	17	9	9	17	14	9	12	7	9	13	4	1	2	14	13	10	10	7	6	6	4	3	17	8	7	5	219	91	63	34	7	46	9	54	18	4	6	8	5	5	17	9	9	17	14	9	12	7	9	13	4	1	2	14	13	10	10	7	6	6	4	3	17	8	7	5	219	91	63	34	7	46	9	54	18
GCF_018853465.2	5	4	2	1	3	13	7	6	6	10	7	11	6	9	11	4	1	1	6	2	5	6	5	4	3	1	3	9	7	5	4	148	79	37	18	6	40	6	37	16	5	4	2	1	3	13	7	6	6	10	7	11	6	9	11	4	1	1	6	2	5	6	5	4	3	1	3	9	7	5	4	148	79	37	18	6	40	6	37	16
GCF_018885085.1	2	7	7	1	1	9	7	6	5	9	7	8	6	12	8	6	1	1	6	1	5	7	3	4	5	2	3	4	6	1	5	122	65	26	12	6	37	5	28	14	2	7	7	1	1	9	7	6	5	9	7	8	6	12	8	6	1	1	6	1	5	7	3	4	5	2	3	4	6	1	5	122	65	26	12	6	37	5	28	14
GCF_018885265.1	3	7	4	3	4	16	6	9	11	10	6	14	8	12	9	7	3	2	9	11	8	2	9	7	10	4	4	17	13	7	4	214	97	58	22	4	39	8	56	17	3	7	4	3	4	16	6	9	11	10	6	14	8	12	9	7	3	2	9	11	8	2	9	7	10	4	4	17	13	7	4	214	97	58	22	4	39	8	56	17
GCF_018905915.1	3	3	2	1	4	15	7	7	7	7	8	11	6	7	8	5	1	1	9	9	10	6	8	4	6	3	3	12	8	6	4	153	75	43	20	7	41	7	43	12	3	3	2	1	4	15	7	7	7	7	8	11	6	7	8	5	1	1	9	9	10	6	8	4	6	3	3	12	8	6	4	153	75	43	20	7	41	7	43	12
GCF_018968685.1	3	3	2	0	1	14	6	7	3	3	5	8	5	8	4	5	0	3	2	3	4	4	2	4	5	1	3	7	7	1	4	96	52	21	8	2	21	7	30	10	3	3	2	0	1	14	6	7	3	3	5	8	5	8	4	5	0	3	2	3	4	4	2	4	5	1	3	7	7	1	4	96	52	21	8	2	21	7	30	10
GCF_018968705.1	3	8	3	2	9	17	7	10	8	11	7	11	7	8	9	6	2	4	10	13	9	6	5	4	7	3	5	18	7	9	4	210	94	63	28	5	44	8	54	13	3	8	3	2	9	17	7	10	8	11	7	11	7	8	9	6	2	4	10	13	9	6	5	4	7	3	5	18	7	9	4	210	94	63	28	5	44	8	54	13
GCF_018972105.1	4	4	3	2	2	13	5	6	9	6	5	12	6	11	11	4	2	2	6	2	4	7	5	2	5	2	3	6	7	1	4	126	65	24	13	5	33	8	31	19	4	4	3	2	2	13	5	6	9	6	5	12	6	11	11	4	2	2	6	2	4	7	5	2	5	2	3	6	7	1	4	126	65	24	13	5	33	8	31	19
GCF_018986915.1	6	3	2	3	3	9	7	8	9	6	7	14	7	8	9	5	1	2	12	5	6	10	9	5	6	2	3	12	8	3	5	150	77	41	21	6	40	6	40	14	6	3	2	3	3	9	7	8	9	6	7	14	7	8	9	5	1	2	12	5	6	10	9	5	6	2	3	12	8	3	5	150	77	41	21	6	40	6	40	14
GCF_019039255.1	6	8	2	3	4	15	6	8	9	7	7	17	8	10	6	6	3	1	11	10	10	6	9	2	9	4	3	15	7	6	4	184	91	51	28	4	46	8	41	14	6	8	2	3	4	15	6	8	9	7	7	17	8	10	6	6	3	1	11	10	10	6	9	2	9	4	3	15	7	6	4	184	91	51	28	4	46	8	41	14
GCF_019046945.1	4	4	2	1	2	11	7	6	8	7	4	9	4	13	5	5	1	2	5	2	5	7	4	0	3	2	3	1	7	1	5	109	56	18	13	4	32	4	24	13	4	4	2	1	2	11	7	6	8	7	4	9	4	13	5	5	1	2	5	2	5	7	4	0	3	2	3	1	7	1	5	109	56	18	13	4	32	4	24	13
GCF_019047765.1	6	6	9	6	2	13	7	6	14	9	7	15	9	12	10	7	1	3	9	18	7	6	6	6	6	5	4	17	8	2	5	239	94	64	37	5	42	8	57	17	6	6	9	6	2	13	7	6	14	9	7	15	9	12	10	7	1	3	9	18	7	6	6	6	6	5	4	17	8	2	5	239	94	64	37	5	42	8	57	17
GCF_019048065.1	6	9	9	7	2	13	7	6	15	11	7	17	8	12	9	7	1	3	9	16	7	7	5	6	6	4	4	16	8	2	5	250	97	66	34	5	44	8	56	16	6	9	9	7	2	13	7	6	15	11	7	17	8	12	9	7	1	3	9	16	7	7	5	6	6	4	4	16	8	2	5	250	97	66	34	5	44	8	56	16
GCF_019048125.1	6	6	10	2	3	14	7	7	14	15	7	16	8	14	11	7	2	3	12	16	8	7	5	7	6	4	4	15	8	7	5	259	104	70	31	6	45	8	59	18	6	6	10	2	3	14	7	7	14	15	7	16	8	14	11	7	2	3	12	16	8	7	5	7	6	4	4	15	8	7	5	259	104	70	31	6	45	8	59	18
GCF_019048165.1	3	3	2	1	3	15	7	7	6	7	6	13	6	9	4	5	1	1	4	4	6	4	5	3	7	3	3	8	7	2	4	126	66	32	17	5	35	10	36	9	3	3	2	1	3	15	7	7	6	7	6	13	6	9	4	5	1	1	4	4	6	4	5	3	7	3	3	8	7	2	4	126	66	32	17	5	35	10	36	9
GCF_019048245.1	7	7	7	7	2	14	8	6	14	15	7	14	8	12	8	7	2	3	10	12	9	9	5	6	6	4	4	13	8	6	5	236	100	64	30	6	44	9	57	16	7	7	7	7	2	14	8	6	14	15	7	14	8	12	8	7	2	3	10	12	9	9	5	6	6	4	4	13	8	6	5	236	100	64	30	6	44	9	57	16
GCF_019048385.1	5	5	8	4	6	16	7	7	12	15	7	14	7	10	7	7	2	4	12	10	9	7	6	6	6	4	4	14	9	4	5	220	100	57	24	6	43	8	51	14	5	5	8	4	6	16	7	7	12	15	7	14	7	10	7	7	2	4	12	10	9	7	6	6	6	4	4	14	9	4	5	220	100	57	24	6	43	8	51	14
GCF_019048645.1	4	5	2	1	3	10	7	6	8	7	3	8	3	13	5	5	1	1	3	2	3	6	2	0	4	3	3	1	7	1	5	102	54	17	14	5	30	3	24	13	4	5	2	1	3	10	7	6	8	7	3	8	3	13	5	5	1	1	3	2	3	6	2	0	4	3	3	1	7	1	5	102	54	17	14	5	30	3	24	13
GCF_019056575.1	5	5	1	3	4	12	3	7	4	8	4	12	6	9	8	4	2	1	6	4	6	5	6	3	6	3	4	20	9	2	5	160	89	32	18	5	35	5	49	15	5	5	1	3	4	12	3	7	4	8	4	12	6	9	8	4	2	1	6	4	6	5	6	3	6	3	4	20	9	2	5	160	89	32	18	5	35	5	49	15
GCF_019063885.1	6	3	2	3	3	9	7	8	9	7	7	13	7	8	8	5	1	2	11	5	6	10	8	5	6	2	3	12	8	3	5	146	75	40	21	6	40	6	40	13	6	3	2	3	3	9	7	8	9	7	7	13	7	8	8	5	1	2	11	5	6	10	8	5	6	2	3	12	8	3	5	146	75	40	21	6	40	6	40	13
GCF_019139535.1	4	7	2	2	10	18	7	13	11	9	8	13	7	7	9	5	1	2	10	23	8	5	6	4	11	4	5	17	7	12	4	238	106	80	35	7	53	9	60	13	4	7	2	2	10	18	7	13	11	9	8	13	7	7	9	5	1	2	10	23	8	5	6	4	11	4	5	17	7	12	4	238	106	80	35	7	53	9	60	13
GCF_019139675.1	4	7	3	1	10	17	7	13	11	10	9	13	8	7	7	5	1	2	11	23	8	5	7	4	10	4	5	18	7	12	4	240	110	81	36	7	55	8	61	11	4	7	3	1	10	17	7	13	11	10	9	13	8	7	7	5	1	2	11	23	8	5	7	4	10	4	5	18	7	12	4	240	110	81	36	7	55	8	61	11
GCF_019139795.1	4	7	3	3	13	18	7	14	11	12	7	13	7	9	12	7	1	4	9	24	9	5	6	4	8	3	5	18	7	13	4	247	108	83	35	7	52	8	58	16	4	7	3	3	13	18	7	14	11	12	7	13	7	9	12	7	1	4	9	24	9	5	6	4	8	3	5	18	7	13	4	247	108	83	35	7	52	8	58	16
GCF_019139815.1	4	9	4	2	7	18	9	10	10	10	8	14	8	8	13	6	2	4	12	15	9	6	7	4	7	4	5	19	7	9	4	241	107	77	35	7	53	10	59	17	4	9	4	2	7	18	9	10	10	10	8	14	8	8	13	6	2	4	12	15	9	6	7	4	7	4	5	19	7	9	4	241	107	77	35	7	53	10	59	17
GCF_019139835.1	4	7	3	1	10	17	7	13	12	10	8	13	7	8	9	5	1	2	10	25	9	5	6	4	8	4	5	18	7	12	4	231	103	74	35	7	54	8	58	13	4	7	3	1	10	17	7	13	12	10	8	13	7	8	9	5	1	2	10	25	9	5	6	4	8	4	5	18	7	12	4	231	103	74	35	7	54	8	58	13
GCF_019139895.1	5	7	3	1	10	17	7	13	12	10	8	13	7	8	11	5	1	2	13	26	9	5	8	4	8	4	5	18	7	12	4	240	107	79	38	7	54	8	58	15	5	7	3	1	10	17	7	13	12	10	8	13	7	8	11	5	1	2	13	26	9	5	8	4	8	4	5	18	7	12	4	240	107	79	38	7	54	8	58	15
GCF_019141525.1	4	6	5	2	9	17	7	10	12	12	8	13	6	8	11	5	3	3	8	18	8	5	5	4	8	4	5	20	7	14	4	245	103	76	30	8	48	8	61	15	4	6	5	2	9	17	7	10	12	12	8	13	6	8	11	5	3	3	8	18	8	5	5	4	8	4	5	20	7	14	4	245	103	76	30	8	48	8	61	15
GCF_019175365.1	4	7	2	2	4	19	7	10	10	9	6	13	9	13	9	8	2	1	9	12	7	6	8	5	9	4	3	15	10	6	5	214	89	57	26	5	40	10	56	18	4	7	2	2	4	19	7	10	10	9	6	13	9	13	9	8	2	1	9	12	7	6	8	5	9	4	3	15	10	6	5	214	89	57	26	5	40	10	56	18
GCF_019175485.1	6	11	9	2	4	13	8	7	7	13	6	12	6	14	6	6	1	1	8	2	5	10	5	5	3	3	4	7	7	2	5	164	76	38	21	4	44	5	30	14	6	11	9	2	4	13	8	7	7	13	6	12	6	14	6	6	1	1	8	2	5	10	5	5	3	3	4	7	7	2	5	164	76	38	21	4	44	5	30	14
GCF_019186805.1	4	5	2	1	3	14	7	6	9	9	5	10	6	7	6	5	1	2	10	14	7	6	6	5	5	4	4	16	8	1	4	177	81	52	31	7	39	7	46	10	4	5	2	1	3	14	7	6	9	9	5	10	6	7	6	5	1	2	10	14	7	6	6	5	5	4	4	16	8	1	4	177	81	52	31	7	39	7	46	10
GCF_019203185.1	5	4	2	1	1	9	7	6	6	6	6	7	7	9	5	7	1	1	8	2	4	10	3	4	7	1	3	10	7	1	5	116	55	27	15	4	23	5	34	11	5	4	2	1	1	9	7	6	6	6	6	7	7	9	5	7	1	1	8	2	4	10	3	4	7	1	3	10	7	1	5	116	55	27	15	4	23	5	34	11
GCF_019203205.1	6	3	2	4	3	9	7	8	9	6	6	14	6	12	11	5	1	2	13	5	6	11	8	5	8	2	3	12	8	3	5	155	76	38	21	6	39	6	42	19	6	3	2	4	3	9	7	8	9	6	6	14	6	12	11	5	1	2	13	5	6	11	8	5	8	2	3	12	8	3	5	155	76	38	21	6	39	6	42	19
GCF_019203965.1	3	3	2	1	3	11	7	6	7	8	6	10	5	8	6	5	3	2	11	6	6	7	7	6	5	2	4	13	9	1	4	145	77	42	20	4	34	5	37	11	3	3	2	1	3	11	7	6	7	8	6	10	5	8	6	5	3	2	11	6	6	7	7	6	5	2	4	13	9	1	4	145	77	42	20	4	34	5	37	11
GCF_019222765.1	3	5	4	1	7	20	7	10	12	18	10	14	9	11	9	5	3	2	9	14	7	7	9	4	11	4	4	21	14	9	4	237	119	66	28	6	48	10	67	16	3	5	4	1	7	20	7	10	12	18	10	14	9	11	9	5	3	2	9	14	7	7	9	4	11	4	4	21	14	9	4	237	119	66	28	6	48	10	67	16
GCF_019263705.2	5	6	3	1	5	16	6	8	9	11	7	14	8	11	5	9	2	2	10	13	15	8	15	5	12	4	3	17	7	8	4	210	90	63	30	4	40	9	58	12	5	6	3	1	5	16	6	8	9	11	7	14	8	11	5	9	2	2	10	13	15	8	15	5	12	4	3	17	7	8	4	210	90	63	30	4	40	9	58	12
GCF_019285775.1	3	4	2	2	4	14	6	7	8	7	6	14	6	8	7	5	2	2	9	9	7	7	8	4	6	2	4	15	8	10	4	177	88	52	21	6	42	8	46	12	3	4	2	2	4	14	6	7	8	7	6	14	6	8	7	5	2	2	9	9	7	7	8	4	6	2	4	15	8	10	4	177	88	52	21	6	42	8	46	12
GCF_019334125.1	3	6	4	1	6	17	7	11	9	11	7	17	7	15	9	5	2	2	14	11	8	9	10	6	9	4	3	15	9	9	4	220	105	66	31	5	50	10	58	17	3	6	4	1	6	17	7	11	9	11	7	17	7	15	9	5	2	2	14	11	8	9	10	6	9	4	3	15	9	9	4	220	105	66	31	5	50	10	58	17
GCF_019343125.1	5	5	9	2	1	12	8	6	4	6	5	7	5	12	7	5	1	1	3	2	3	5	2	3	2	3	5	0	8	1	5	111	51	22	12	2	25	5	24	13	5	5	9	2	1	12	8	6	4	6	5	7	5	12	7	5	1	1	3	2	3	5	2	3	2	3	5	0	8	1	5	111	51	22	12	2	25	5	24	13
GCF_019343455.1	4	3	2	1	3	16	6	5	7	10	7	10	6	7	8	5	1	2	10	13	7	6	6	4	5	4	3	11	8	3	4	170	81	51	28	5	40	8	39	12	4	3	2	1	3	16	6	5	7	10	7	10	6	7	8	5	1	2	10	13	7	6	6	4	5	4	3	11	8	3	4	170	81	51	28	5	40	8	39	12
GCF_019355395.1	3	5	5	2	4	11	8	9	5	6	5	8	6	11	7	5	1	1	5	3	5	6	3	2	1	1	3	4	6	4	5	109	56	22	9	5	33	8	17	16	3	5	5	2	4	11	8	9	5	6	5	8	6	11	7	5	1	1	5	3	5	6	3	2	1	1	3	4	6	4	5	109	56	22	9	5	33	8	17	16
GCF_019396925.1	3	5	8	1	3	13	7	6	11	17	7	11	7	15	8	6	2	3	7	5	5	8	3	6	7	5	4	12	8	5	5	185	90	42	19	7	40	6	51	15	3	5	8	1	3	13	7	6	11	17	7	11	7	15	8	6	2	3	7	5	5	8	3	6	7	5	4	12	8	5	5	185	90	42	19	7	40	6	51	15
GCF_019397265.1	4	7	4	3	5	18	9	9	15	9	7	21	9	15	7	8	2	1	8	15	9	7	9	4	10	3	3	12	9	8	5	224	97	61	28	4	51	8	50	18	4	7	4	3	5	18	9	9	15	9	7	21	9	15	7	8	2	1	8	15	9	7	9	4	10	3	3	12	9	8	5	224	97	61	28	4	51	8	50	18
GCF_019443285.1	5	5	3	2	4	13	7	8	13	7	6	9	6	9	2	5	1	2	8	9	10	8	8	5	11	2	3	13	7	3	4	163	77	46	26	4	38	7	45	9	5	5	3	2	4	13	7	8	13	7	6	9	6	9	2	5	1	2	8	9	10	8	8	5	11	2	3	13	7	3	4	163	77	46	26	4	38	7	45	9
GCF_019456655.1	4	5	4	1	12	15	7	14	11	7	6	15	5	12	7	5	2	2	11	17	5	6	9	5	11	4	3	16	11	13	4	194	106	52	24	5	48	9	52	14	4	5	4	1	12	15	7	14	11	7	6	15	5	12	7	5	2	2	11	17	5	6	9	5	11	4	3	16	11	13	4	194	106	52	24	5	48	9	52	14
GCF_019456675.1	4	6	3	1	9	14	8	12	7	9	7	15	7	12	9	5	2	2	10	12	5	8	8	4	9	4	3	16	12	13	4	196	106	56	24	5	49	10	50	15	4	6	3	1	9	14	8	12	7	9	7	15	7	12	9	5	2	2	10	12	5	8	8	4	9	4	3	16	12	13	4	196	106	56	24	5	49	10	50	15
GCF_019464535.1	4	4	5	4	3	12	6	5	8	5	5	9	5	11	8	5	1	2	6	3	4	6	6	2	5	1	4	10	7	2	5	134	68	28	16	5	33	8	31	15	4	4	5	4	3	12	6	5	8	5	5	9	5	11	8	5	1	2	6	3	4	6	6	2	5	1	4	10	7	2	5	134	68	28	16	5	33	8	31	15
GCF_019504385.1	4	11	6	2	4	15	8	8	8	9	6	11	5	9	3	5	3	1	8	8	7	7	6	3	10	3	3	20	6	7	4	173	81	56	26	4	41	7	49	9	4	11	6	2	4	15	8	8	8	9	6	11	5	9	3	5	3	1	8	8	7	7	6	3	10	3	3	20	6	7	4	173	81	56	26	4	41	7	49	9
GCF_019575955.1	2	3	3	2	2	13	7	6	3	3	5	9	4	7	4	4	1	1	3	5	6	3	2	2	2	3	3	5	10	5	3	108	56	28	9	4	28	6	22	8	2	3	3	2	2	13	7	6	3	3	5	9	4	7	4	4	1	1	3	5	6	3	2	2	2	3	3	5	10	5	3	108	56	28	9	4	28	6	22	8
GCF_019599145.1	4	6	4	3	6	17	7	10	13	9	7	14	5	14	6	6	3	1	9	13	12	5	11	6	8	4	4	16	12	8	4	207	90	64	21	5	42	9	53	15	4	6	4	3	6	17	7	10	13	9	7	14	5	14	6	6	3	1	9	13	12	5	11	6	8	4	4	16	12	8	4	207	90	64	21	5	42	9	53	15
GCF_019603355.1	3	4	1	2	1	11	7	7	8	11	7	10	6	10	3	8	1	2	7	6	5	5	5	6	7	4	3	12	8	1	4	149	72	35	14	5	33	5	42	10	3	4	1	2	1	11	7	7	8	11	7	10	6	10	3	8	1	2	7	6	5	5	5	6	7	4	3	12	8	1	4	149	72	35	14	5	33	5	42	10
GCF_019613795.1	5	4	1	2	1	9	9	5	3	3	4	5	7	7	6	7	1	1	4	2	4	6	4	2	5	1	3	10	3	1	5	101	48	25	12	2	16	8	35	11	5	4	1	2	1	9	9	5	3	3	4	5	7	7	6	7	1	1	4	2	4	6	4	2	5	1	3	10	3	1	5	101	48	25	12	2	16	8	35	11
GCF_019645835.1	4	5	4	1	5	14	7	8	8	9	6	13	6	12	10	5	2	2	11	10	5	7	8	4	9	4	3	16	11	8	4	186	94	48	24	5	42	9	51	17	4	5	4	1	5	14	7	8	8	9	6	13	6	12	10	5	2	2	11	10	5	7	8	4	9	4	3	16	11	8	4	186	94	48	24	5	42	9	51	17
GCF_019645855.1	4	6	3	1	6	13	7	9	8	12	7	13	7	9	6	4	2	2	10	12	6	7	8	4	6	4	3	16	11	8	4	181	94	54	28	5	45	7	47	12	4	6	3	1	6	13	7	9	8	12	7	13	7	9	6	4	2	2	10	12	6	7	8	4	6	4	3	16	11	8	4	181	94	54	28	5	45	7	47	12
GCF_019645875.1	3	6	3	1	8	15	7	10	9	7	7	15	7	10	6	5	2	3	13	14	10	8	10	6	8	4	3	17	11	10	4	200	100	60	29	6	47	9	56	11	3	6	3	1	8	15	7	10	9	7	7	15	7	10	6	5	2	3	13	14	10	8	10	6	8	4	3	17	11	10	4	200	100	60	29	6	47	9	56	11
GCF_019670705.1	4	7	2	1	3	17	7	7	11	9	8	14	6	10	6	5	1	3	12	14	8	7	6	3	8	3	3	15	8	2	5	201	100	56	34	6	47	11	52	12	4	7	2	1	3	17	7	7	11	9	8	14	6	10	6	5	1	3	12	14	8	7	6	3	8	3	3	15	8	2	5	201	100	56	34	6	47	11	52	12
GCF_019679435.2	4	6	7	6	3	9	6	5	9	6	4	11	6	10	6	6	2	2	7	5	6	6	8	2	4	2	2	12	8	1	5	144	70	33	18	5	34	5	31	13	4	6	7	6	3	9	6	5	9	6	4	11	6	10	6	6	2	2	7	5	6	6	8	2	4	2	2	12	8	1	5	144	70	33	18	5	34	5	31	13
GCF_019703305.1	4	6	2	2	1	7	6	6	6	5	5	13	6	6	5	4	1	2	3	3	3	5	4	3	5	1	3	7	6	2	4	104	53	28	17	2	28	5	30	9	4	6	2	2	1	7	6	6	6	5	5	13	6	6	5	4	1	2	3	3	3	5	4	3	5	1	3	7	6	2	4	104	53	28	17	2	28	5	30	9
GCF_019704535.1	4	9	3	1	8	21	8	9	12	11	7	11	6	7	9	6	1	2	11	20	8	5	5	4	6	3	5	17	8	14	4	223	99	72	36	6	45	10	54	13	4	9	3	1	8	21	8	9	12	11	7	11	6	7	9	6	1	2	11	20	8	5	5	4	6	3	5	17	8	14	4	223	99	72	36	6	45	10	54	13
GCF_019722725.1	4	8	6	1	3	16	6	6	12	16	7	11	6	9	6	6	1	3	10	7	9	7	6	7	6	3	3	15	8	5	4	199	81	54	29	5	40	8	50	12	4	8	6	1	3	16	6	6	12	16	7	11	6	9	6	6	1	3	10	7	9	7	6	7	6	3	3	15	8	5	4	199	81	54	29	5	40	8	50	12
GCF_019797805.1	5	4	2	1	1	14	4	5	8	3	6	13	6	6	3	5	1	2	8	4	3	7	4	3	7	2	3	9	7	1	5	150	70	35	23	2	34	7	40	7	5	4	2	1	1	14	4	5	8	3	6	13	6	6	3	5	1	2	8	4	3	7	4	3	7	2	3	9	7	1	5	150	70	35	23	2	34	7	40	7
GCF_019797845.1	5	8	9	2	2	16	9	7	12	19	7	16	7	11	8	6	1	3	10	13	8	8	6	5	6	4	4	11	7	2	5	229	103	60	32	5	46	12	54	16	5	8	9	2	2	16	9	7	12	19	7	16	7	11	8	6	1	3	10	13	8	8	6	5	6	4	4	11	7	2	5	229	103	60	32	5	46	12	54	16
GCF_019797925.1	4	7	3	1	1	14	6	5	12	17	11	13	6	12	8	5	1	3	9	5	8	7	6	3	7	3	3	12	7	1	5	194	93	53	26	6	46	6	48	14	4	7	3	1	1	14	6	5	12	17	11	13	6	12	8	5	1	3	9	5	8	7	6	3	7	3	3	12	7	1	5	194	93	53	26	6	46	6	48	14
GCF_019856495.1	4	4	2	1	4	11	6	7	12	13	7	11	6	7	1	6	3	2	6	7	5	7	2	6	6	5	4	15	7	3	5	158	81	37	15	7	39	4	50	6	4	4	2	1	4	11	6	7	12	13	7	11	6	7	1	6	3	2	6	7	5	7	2	6	6	5	4	15	7	3	5	158	81	37	15	7	39	4	50	6
GCF_019880385.1	5	5	1	4	4	16	6	8	9	4	6	15	6	10	7	4	2	1	10	8	7	7	8	2	7	4	3	10	7	5	4	155	81	43	21	4	41	8	35	14	5	5	1	4	4	16	6	8	9	4	6	15	6	10	7	4	2	1	10	8	7	7	8	2	7	4	3	10	7	5	4	155	81	43	21	4	41	8	35	14
GCF_019884785.1	4	4	5	1	2	9	7	6	10	9	7	14	7	15	10	7	6	1	11	2	7	9	4	8	6	1	3	11	7	1	5	172	76	37	16	6	39	5	39	17	4	4	5	1	2	9	7	6	10	9	7	14	7	15	10	7	6	1	11	2	7	9	4	8	6	1	3	11	7	1	5	172	76	37	16	6	39	5	39	17
GCF_019890955.1	7	5	7	5	6	15	8	7	12	11	7	15	7	11	10	7	3	3	11	10	9	8	6	6	5	4	4	13	9	4	5	219	103	57	25	6	45	8	50	17	7	5	7	5	6	15	8	7	12	11	7	15	7	11	10	7	3	3	11	10	9	8	6	6	5	4	4	13	9	4	5	219	103	57	25	6	45	8	50	17
GCF_019891175.1	3	5	1	3	3	13	7	6	5	6	4	15	7	8	7	4	1	1	9	3	7	5	5	3	9	2	3	19	9	2	5	161	89	31	14	6	37	8	44	14	3	5	1	3	3	13	7	6	5	6	4	15	7	8	7	4	1	1	9	3	7	5	5	3	9	2	3	19	9	2	5	161	89	31	14	6	37	8	44	14
GCF_019891395.1	5	7	4	1	6	15	9	10	16	11	6	12	6	7	3	6	3	2	9	14	11	7	8	3	6	2	3	17	7	6	4	187	77	56	27	4	42	8	41	8	5	7	4	1	6	15	9	10	16	11	6	12	6	7	3	6	3	2	9	14	11	7	8	3	6	2	3	17	7	6	4	187	77	56	27	4	42	8	41	8
GCF_019900845.1	4	5	2	1	1	14	8	5	10	10	10	13	5	8	3	5	1	3	9	6	7	7	5	2	8	2	4	11	8	1	5	179	87	50	25	5	45	8	45	9	4	5	2	1	1	14	8	5	10	10	10	13	5	8	3	5	1	3	9	6	7	7	5	2	8	2	4	11	8	1	5	179	87	50	25	5	45	8	45	9
GCF_019904175.1	5	7	7	3	5	18	6	9	10	10	6	16	5	15	12	6	3	2	10	8	7	8	9	6	10	4	3	15	10	9	6	216	96	55	23	5	43	9	54	22	5	7	7	3	5	18	6	9	10	10	6	16	5	15	12	6	3	2	10	8	7	8	9	6	10	4	3	15	10	9	6	216	96	55	23	5	43	9	54	22
GCF_019915265.1	2	4	1	1	3	10	6	5	8	9	5	10	5	6	1	6	1	2	5	6	4	4	5	6	5	4	4	11	8	1	5	138	70	31	15	6	34	4	42	5	2	4	1	1	3	10	6	5	8	9	5	10	5	6	1	6	1	2	5	6	4	4	5	6	5	4	4	11	8	1	5	138	70	31	15	6	34	4	42	5
GCF_019916085.1	1	3	5	3	3	12	5	6	6	7	5	8	5	6	8	4	1	1	6	2	5	4	3	2	5	1	2	8	5	2	5	112	60	23	9	5	33	6	28	12	1	3	5	3	3	12	5	6	6	7	5	8	5	6	8	4	1	1	6	2	5	4	3	2	5	1	2	8	5	2	5	112	60	23	9	5	33	6	28	12
GCF_019930585.1	3	7	4	3	2	13	5	6	7	9	6	11	5	8	8	5	1	3	8	3	6	7	6	4	6	2	2	10	9	5	4	149	80	42	24	4	40	7	37	13	3	7	4	3	2	13	5	6	7	9	6	11	5	8	8	5	1	3	8	3	6	7	6	4	6	2	2	10	9	5	4	149	80	42	24	4	40	7	37	13
GCF_019930665.1	4	6	4	3	3	10	6	8	9	7	6	8	6	9	13	5	1	1	8	7	8	7	5	4	6	2	3	1	5	3	5	137	71	30	18	5	36	7	27	18	4	6	4	3	3	10	6	8	9	7	6	8	6	9	13	5	1	1	8	7	8	7	5	4	6	2	3	1	5	3	5	137	71	30	18	5	36	7	27	18
GCF_019930925.1	3	5	2	1	3	12	8	7	3	3	6	6	6	6	3	4	1	2	4	2	3	5	4	3	5	2	3	3	6	2	4	89	42	20	11	3	22	8	28	7	3	5	2	1	3	12	8	7	3	3	6	6	6	6	3	4	1	2	4	2	3	5	4	3	5	2	3	3	6	2	4	89	42	20	11	3	22	8	28	7
GCF_019931005.1	5	4	5	1	1	5	3	4	3	7	2	0	4	12	2	6	1	1	2	1	3	5	1	0	3	2	5	0	6	1	5	67	26	13	8	2	13	7	14	11	5	4	5	1	1	5	3	4	3	7	2	0	4	12	2	6	1	1	2	1	3	5	1	0	3	2	5	0	6	1	5	67	26	13	8	2	13	7	14	11
GCF_019931045.1	4	9	3	4	2	15	8	6	7	7	7	12	6	9	14	5	1	1	8	13	7	5	7	3	8	4	5	13	8	4	4	205	85	62	34	6	39	9	48	19	4	9	3	4	2	15	8	6	7	7	7	12	6	9	14	5	1	1	8	13	7	5	7	3	8	4	5	13	8	4	4	205	85	62	34	6	39	9	48	19
GCF_019933155.2	5	7	9	1	3	12	6	6	11	18	7	11	6	15	5	8	3	2	15	8	6	16	6	7	8	5	4	15	8	7	5	205	95	57	28	8	44	5	54	12	5	7	9	1	3	12	6	6	11	18	7	11	6	15	5	8	3	2	15	8	6	16	6	7	8	5	4	15	8	7	5	205	95	57	28	8	44	5	54	12
GCF_019977655.1	4	9	9	1	3	9	7	9	8	11	7	11	7	16	9	6	1	1	7	2	2	8	2	5	6	4	3	6	7	4	6	156	82	34	12	6	48	4	35	19	4	9	9	1	3	9	7	9	8	11	7	11	7	16	9	6	1	1	7	2	2	8	2	5	6	4	3	6	7	4	6	156	82	34	12	6	48	4	35	19
GCF_020025155.1	4	5	2	3	9	15	8	10	12	10	8	12	6	7	7	5	1	2	11	12	8	5	6	4	7	2	5	15	8	14	4	195	91	58	26	7	45	9	52	11	4	5	2	3	9	15	8	10	12	10	8	12	6	7	7	5	1	2	11	12	8	5	6	4	7	2	5	15	8	14	4	195	91	58	26	7	45	9	52	11
GCF_020042285.1	2	6	3	2	4	12	6	7	7	9	6	7	6	7	7	5	1	2	6	3	5	7	3	2	8	1	3	7	6	3	5	118	65	29	12	6	33	8	30	13	2	6	3	2	4	12	6	7	7	9	6	7	6	7	7	5	1	2	6	3	5	7	3	2	8	1	3	7	6	3	5	118	65	29	12	6	33	8	30	13
GCF_020042345.1	3	6	5	1	1	12	7	5	8	8	6	7	7	8	7	5	1	2	6	1	3	6	3	2	9	2	3	8	5	5	5	130	65	35	14	5	27	8	32	12	3	6	5	1	1	12	7	5	8	8	6	7	7	8	7	5	1	2	6	1	3	6	3	2	9	2	3	8	5	5	5	130	65	35	14	5	27	8	32	12
GCF_020079945.1	6	4	5	3	3	17	7	7	13	8	7	15	7	11	9	7	3	3	11	9	7	8	5	5	5	3	4	11	9	2	5	197	93	48	23	6	43	10	44	16	6	4	5	3	3	17	7	7	13	8	7	15	7	11	9	7	3	3	11	9	7	8	5	5	5	3	4	11	9	2	5	197	93	48	23	6	43	10	44	16
GCF_020084865.1	3	4	2	2	1	15	5	6	7	5	5	8	6	5	6	5	1	1	8	4	5	7	6	1	7	2	3	8	2	2	5	113	60	31	14	3	25	8	29	10	3	4	2	2	1	15	5	6	7	5	5	8	6	5	6	5	1	1	8	4	5	7	6	1	7	2	3	8	2	2	5	113	60	31	14	3	25	8	29	10
GCF_020091505.1	6	8	10	3	3	10	7	8	9	8	6	9	6	9	10	5	2	1	8	7	9	8	5	6	6	2	3	4	6	3	5	155	71	33	17	5	38	7	31	15	6	8	10	3	3	10	7	8	9	8	6	9	6	9	10	5	2	1	8	7	9	8	5	6	6	2	3	4	6	3	5	155	71	33	17	5	38	7	31	15
GCF_020091585.1	2	5	2	2	7	13	7	10	5	6	3	11	7	9	7	4	1	1	9	8	9	5	6	3	9	2	3	16	9	8	5	163	84	37	18	5	35	8	42	13	2	5	2	2	7	13	7	10	5	6	3	11	7	9	7	4	1	1	9	8	9	5	6	3	9	2	3	16	9	8	5	163	84	37	18	5	35	8	42	13
GCF_020097135.1	5	4	2	1	1	12	6	6	6	6	2	6	5	9	2	7	1	2	4	4	2	6	3	6	5	5	4	10	9	5	5	120	61	27	14	2	18	5	42	9	5	4	2	1	1	12	6	6	6	6	2	6	5	9	2	7	1	2	4	4	2	6	3	6	5	5	4	10	9	5	5	120	61	27	14	2	18	5	42	9
GCF_020097155.1	4	4	2	2	3	13	6	7	8	7	7	13	6	10	5	6	2	1	6	7	4	3	4	5	4	4	4	6	7	2	4	138	75	34	17	4	39	8	35	11	4	4	2	2	3	13	6	7	8	7	7	13	6	10	5	6	2	1	6	7	4	3	4	5	4	4	4	6	7	2	4	138	75	34	17	4	39	8	35	11
GCF_020097295.1	6	6	2	3	3	15	7	7	12	10	9	13	8	13	8	5	2	3	11	9	7	10	5	3	7	3	3	13	7	4	6	205	97	60	31	8	46	9	50	17	6	6	2	3	3	15	7	7	12	10	9	13	8	13	8	5	2	3	11	9	7	10	5	3	7	3	3	13	7	4	6	205	97	60	31	8	46	9	50	17
GCF_020097375.1	4	4	1	2	0	10	6	5	4	3	3	3	4	4	5	5	1	1	4	2	3	6	4	3	6	2	3	8	6	1	5	94	36	14	11	2	13	8	29	8	4	4	1	2	0	10	6	5	4	3	3	3	4	4	5	5	1	1	4	2	3	6	4	3	6	2	3	8	6	1	5	94	36	14	11	2	13	8	29	8
GCF_020097475.1	6	6	8	5	2	13	7	6	9	9	7	15	8	13	10	7	1	3	8	11	6	7	5	6	6	4	4	12	8	2	5	215	93	57	27	5	42	8	54	17	6	6	8	5	2	13	7	6	9	9	7	15	8	13	10	7	1	3	8	11	6	7	5	6	6	4	4	12	8	2	5	215	93	57	27	5	42	8	54	17
GCF_020099175.1	7	6	8	5	5	15	7	7	12	14	10	17	9	13	7	7	4	3	15	13	8	9	5	7	7	4	4	18	8	7	5	267	107	81	30	8	49	8	62	16	7	6	8	5	5	15	7	7	12	14	10	17	9	13	7	7	4	3	15	13	8	9	5	7	7	4	4	18	8	7	5	267	107	81	30	8	49	8	62	16
GCF_020099335.1	6	6	9	7	2	13	7	6	13	11	7	16	8	12	9	7	1	3	8	16	8	6	6	6	6	4	4	16	8	2	5	243	96	69	36	5	43	8	56	16	6	6	9	7	2	13	7	6	13	11	7	16	8	12	9	7	1	3	8	16	8	6	6	6	6	4	4	16	8	2	5	243	96	69	36	5	43	8	56	16
GCF_020149575.1	6	4	3	2	3	14	7	7	11	10	9	14	7	12	8	5	2	3	12	6	7	10	6	3	7	3	3	13	7	9	6	200	96	59	27	8	47	9	49	16	6	4	3	2	3	14	7	7	11	10	9	14	7	12	8	5	2	3	12	6	7	10	6	3	7	3	3	13	7	9	6	200	96	59	27	8	47	9	49	16
GCF_020149915.1	4	4	1	1	1	8	6	6	10	9	6	11	6	7	6	6	1	2	7	2	6	6	5	2	1	1	3	8	8	3	5	121	65	30	13	6	34	6	23	11	4	4	1	1	1	8	6	6	10	9	6	11	6	7	6	6	1	2	7	2	6	6	5	2	1	1	3	8	8	3	5	121	65	30	13	6	34	6	23	11
GCF_020150375.1	6	7	9	4	3	16	8	7	10	9	8	14	8	11	7	6	1	3	11	12	7	7	6	5	6	4	4	15	8	5	5	228	94	68	30	5	43	11	53	14	6	7	9	4	3	16	8	7	10	9	8	14	8	11	7	6	1	3	11	12	7	7	6	5	6	4	4	15	8	5	5	228	94	68	30	5	43	11	53	14
GCF_020162295.1	3	7	2	1	3	13	7	6	6	8	7	11	7	10	9	5	1	3	8	2	5	6	6	4	7	2	3	9	8	1	4	144	81	36	21	5	39	7	37	16	3	7	2	1	3	13	7	6	6	8	7	11	7	10	9	5	1	3	8	2	5	6	6	4	7	2	3	9	8	1	4	144	81	36	21	5	39	7	37	16
GCF_020181435.1	3	12	8	1	4	9	6	9	8	6	5	15	6	9	5	6	6	3	6	4	5	10	4	4	5	2	3	8	7	3	5	150	83	39	18	5	46	4	32	10	3	12	8	1	4	9	6	9	8	6	5	15	6	9	5	6	6	3	6	4	5	10	4	4	5	2	3	8	7	3	5	150	83	39	18	5	46	4	32	10
GCF_020181655.1	5	8	6	2	5	16	7	7	12	18	7	14	6	12	11	5	3	3	11	8	9	8	6	6	5	4	4	13	8	6	5	226	110	62	25	6	44	11	54	19	5	8	6	2	5	16	7	7	12	18	7	14	6	12	11	5	3	3	11	8	9	8	6	6	5	4	4	13	8	6	5	226	110	62	25	6	44	11	54	19
GCF_020215665.1	3	8	9	2	5	10	6	11	8	6	8	12	8	12	9	7	7	2	10	9	2	8	2	4	1	2	2	7	8	5	5	160	82	45	16	5	44	4	25	16	3	8	9	2	5	10	6	11	8	6	8	12	8	12	9	7	7	2	10	9	2	8	2	4	1	2	2	7	8	5	5	160	82	45	16	5	44	4	25	16
GCF_020217405.1	2	5	2	1	3	12	7	7	8	8	6	10	7	9	6	7	3	2	6	7	4	4	5	5	11	5	3	14	8	2	7	154	82	37	15	6	38	6	49	11	2	5	2	1	3	12	7	7	8	8	6	10	7	9	6	7	3	2	6	7	4	4	5	5	11	5	3	14	8	2	7	154	82	37	15	6	38	6	49	11
GCF_020229735.1	4	5	3	2	4	15	5	8	6	3	3	10	5	13	4	5	1	1	10	13	8	8	8	3	7	3	3	13	8	7	5	157	77	48	24	4	33	7	35	14	4	5	3	2	4	15	5	8	6	3	3	10	5	13	4	5	1	1	10	13	8	8	8	3	7	3	3	13	8	7	5	157	77	48	24	4	33	7	35	14
GCF_020386615.1	4	8	4	3	3	12	8	6	9	10	6	11	6	11	10	6	2	2	8	7	9	8	6	5	9	3	3	15	6	2	5	170	85	46	24	7	44	9	47	17	4	8	4	3	3	12	8	6	9	10	6	11	6	11	10	6	2	2	8	7	9	8	6	5	9	3	3	15	6	2	5	170	85	46	24	7	44	9	47	17
GCF_020406815.2	5	6	8	4	4	15	7	7	9	14	7	15	6	11	9	5	3	3	9	10	7	7	6	5	6	4	4	11	7	4	5	212	100	56	25	5	44	10	53	17	5	6	8	4	4	15	7	7	9	14	7	15	6	11	9	5	3	3	9	10	7	7	6	5	6	4	4	11	7	4	5	212	100	56	25	5	44	10	53	17
GCF_020410745.1	5	5	1	2	1	14	7	6	5	5	4	11	7	8	6	6	1	1	7	4	3	8	6	1	7	2	3	9	2	2	5	122	65	33	18	2	28	9	31	12	5	5	1	2	1	14	7	6	5	5	4	11	7	8	6	6	1	1	7	4	3	8	6	1	7	2	3	9	2	2	5	122	65	33	18	2	28	9	31	12
GCF_020422925.2	3	1	1	1	0	4	2	2	0	1	0	0	3	3	1	3	1	2	0	0	3	3	1	0	0	1	3	0	5	0	5	28	10	4	4	0	4	6	8	2	3	1	1	1	0	4	2	2	0	1	0	0	3	3	1	3	1	2	0	0	3	3	1	0	0	1	3	0	5	0	5	28	10	4	4	0	4	6	8	2
GCF_020423125.1	6	6	5	2	3	16	7	7	11	10	9	13	7	16	10	5	2	3	12	6	7	10	6	3	7	3	3	13	7	10	6	208	100	63	29	8	46	9	50	21	6	6	5	2	3	16	7	7	11	10	9	13	7	16	10	5	2	3	12	6	7	10	6	3	7	3	3	13	7	10	6	208	100	63	29	8	46	9	50	21
GCF_020424085.1	2	6	4	1	4	14	7	8	6	6	8	11	8	8	6	7	1	2	4	6	4	2	3	5	7	4	3	6	7	3	4	134	69	30	13	4	36	8	36	10	2	6	4	1	4	14	7	8	6	6	8	11	8	8	6	7	1	2	4	6	4	2	3	5	7	4	3	6	7	3	4	134	69	30	13	4	36	8	36	10
GCF_020463795.1	3	5	7	2	1	9	7	6	10	9	6	9	7	9	5	5	1	2	9	4	6	6	5	4	6	2	3	11	7	6	5	148	71	38	14	6	35	6	37	12	3	5	7	2	1	9	7	6	10	9	6	9	7	9	5	5	1	2	9	4	6	6	5	4	6	2	3	11	7	6	5	148	71	38	14	6	35	6	37	12
GCF_020510565.1	3	4	3	2	3	13	6	6	7	9	8	11	6	8	9	5	1	2	12	10	7	8	10	3	5	3	3	13	8	6	4	168	78	56	30	7	44	7	44	14	3	4	3	2	3	13	6	6	7	9	8	11	6	8	9	5	1	2	12	10	7	8	10	3	5	3	3	13	8	6	4	168	78	56	30	7	44	7	44	14
GCF_020519665.1	3	7	2	2	3	13	6	6	10	9	6	9	7	9	1	6	4	4	7	7	4	6	5	6	8	4	4	9	8	2	5	147	73	36	18	6	35	5	38	8	3	7	2	2	3	13	6	6	10	9	6	9	7	9	1	6	4	4	7	7	4	6	5	6	8	4	4	9	8	2	5	147	73	36	18	6	35	5	38	8
GCF_020525545.1	8	8	8	7	5	16	7	8	13	15	10	17	9	13	8	7	4	3	15	14	8	11	5	7	6	4	4	19	8	7	5	271	111	82	35	8	52	9	62	16	8	8	8	7	5	16	7	8	13	15	10	17	9	13	8	7	4	3	15	14	8	11	5	7	6	4	4	19	8	7	5	271	111	82	35	8	52	9	62	16
GCF_020526085.1	8	9	8	6	3	15	7	7	15	14	8	19	8	13	7	7	4	3	12	14	8	10	5	7	6	4	4	19	8	7	5	268	108	80	33	7	51	8	60	15	8	9	8	6	3	15	7	7	15	14	8	19	8	13	7	7	4	3	12	14	8	10	5	7	6	4	4	19	8	7	5	268	108	80	33	7	51	8	60	15
GCF_020535405.1	2	5	5	3	5	15	6	8	6	5	7	10	9	10	6	8	2	1	2	4	4	2	2	2	8	4	3	6	7	3	4	126	67	28	10	4	33	8	32	13	2	5	5	3	5	15	6	8	6	5	7	10	9	10	6	8	2	1	2	4	4	2	2	2	8	4	3	6	7	3	4	126	67	28	10	4	33	8	32	13
GCF_020541225.1	4	4	1	1	0	5	6	4	6	5	7	10	6	6	7	4	1	3	4	0	5	5	4	3	5	1	2	0	7	0	5	92	50	20	11	4	30	4	22	11	4	4	1	1	0	5	6	4	6	5	7	10	6	6	7	4	1	3	4	0	5	5	4	3	5	1	2	0	7	0	5	92	50	20	11	4	30	4	22	11
GCF_020541265.1	3	3	1	1	0	6	2	3	0	0	0	6	2	5	3	4	1	2	0	0	2	3	1	1	2	1	2	0	7	0	5	48	21	6	6	0	10	6	11	7	3	3	1	1	0	6	2	3	0	0	0	6	2	5	3	4	1	2	0	0	2	3	1	1	2	1	2	0	7	0	5	48	21	6	6	0	10	6	11	7
GCF_020541305.1	3	5	2	1	0	13	5	5	5	4	7	11	6	7	8	4	1	1	3	0	4	5	2	3	4	2	3	0	7	0	4	99	54	19	10	3	32	5	21	12	3	5	2	1	0	13	5	5	5	4	7	11	6	7	8	4	1	1	3	0	4	5	2	3	4	2	3	0	7	0	4	99	54	19	10	3	32	5	21	12
GCF_020541325.1	3	5	2	1	0	11	5	5	5	4	7	4	6	7	6	5	1	1	2	0	5	4	3	3	4	2	3	0	7	0	4	91	47	19	10	3	25	3	25	10	3	5	2	1	0	11	5	5	5	4	7	4	6	7	6	5	1	1	2	0	5	4	3	3	4	2	3	0	7	0	4	91	47	19	10	3	25	3	25	10
GCF_020542785.1	2	9	5	2	7	18	8	9	10	8	6	17	6	11	5	5	2	2	13	14	9	5	10	4	17	4	4	16	8	11	4	237	109	69	27	5	47	10	67	12	2	9	5	2	7	18	8	9	10	8	6	17	6	11	5	5	2	2	13	14	9	5	10	4	17	4	4	16	8	11	4	237	109	69	27	5	47	10	67	12
GCF_020544465.1	3	7	4	2	7	17	9	10	12	7	8	12	8	9	12	5	3	3	10	15	9	6	6	4	6	4	3	17	8	10	5	213	91	64	30	6	44	9	52	16	3	7	4	2	7	17	9	10	12	7	8	12	8	9	12	5	3	3	10	15	9	6	6	4	6	4	3	17	8	10	5	213	91	64	30	6	44	9	52	16
GCF_020546685.1	4	5	1	2	3	16	5	7	6	3	3	10	5	11	6	5	1	0	10	8	7	8	7	3	7	2	3	11	8	2	5	137	74	37	20	4	30	8	31	13	4	5	1	2	3	16	5	7	6	3	3	10	5	11	6	5	1	0	10	8	7	8	7	3	7	2	3	11	8	2	5	137	74	37	20	4	30	8	31	13
GCF_020616335.1	3	4	6	1	4	15	7	7	7	6	6	15	6	10	6	5	2	1	6	6	6	6	5	2	7	4	3	8	11	7	4	158	83	41	22	5	42	10	36	12	3	4	6	1	4	15	7	7	7	6	6	15	6	10	6	5	2	1	6	6	6	6	5	2	7	4	3	8	11	7	4	158	83	41	22	5	42	10	36	12
GCF_020616555.1	4	5	4	2	7	17	6	10	14	12	10	13	9	14	4	6	4	1	12	15	10	7	10	5	7	6	4	17	11	8	4	232	94	73	25	6	46	8	50	15	4	5	4	2	7	17	6	10	14	12	10	13	9	14	4	6	4	1	12	15	10	7	10	5	7	6	4	17	11	8	4	232	94	73	25	6	46	8	50	15
GCF_020616595.1	3	5	6	1	1	4	2	4	1	1	1	0	4	6	2	5	1	2	2	1	2	4	2	5	4	3	3	0	7	1	5	59	19	12	9	0	8	3	20	6	3	5	6	1	1	4	2	4	1	1	1	0	4	6	2	5	1	2	2	1	2	4	2	5	4	3	3	0	7	1	5	59	19	12	9	0	8	3	20	6
GCF_020683125.1	6	9	10	3	6	19	7	7	12	12	7	15	6	10	7	6	5	3	12	9	9	11	6	6	7	5	4	11	8	6	5	230	106	64	28	6	48	11	54	14	6	9	10	3	6	19	7	7	12	12	7	15	6	10	7	6	5	3	12	9	9	11	6	6	7	5	4	11	8	6	5	230	106	64	28	6	48	11	54	14
GCF_020694005.1	4	4	4	2	6	13	8	9	13	7	7	15	6	9	6	5	2	3	9	10	5	6	3	3	6	3	3	14	7	8	4	185	82	49	21	5	45	7	44	11	4	4	4	2	6	13	8	9	13	7	7	15	6	9	6	5	2	3	9	10	5	6	3	3	6	3	3	14	7	8	4	185	82	49	21	5	45	7	44	11
GCF_020715685.1	4	6	5	3	6	15	7	7	7	7	5	13	7	8	6	6	2	0	5	8	7	5	7	1	8	1	3	8	7	7	4	150	78	44	19	4	37	7	34	11	4	6	5	3	6	15	7	7	7	7	5	13	7	8	6	6	2	0	5	8	7	5	7	1	8	1	3	8	7	7	4	150	78	44	19	4	37	7	34	11
GCF_020731415.3	5	9	7	2	5	17	8	9	16	9	6	10	8	8	7	6	3	2	7	16	11	8	8	4	8	3	5	17	7	8	4	216	86	70	34	5	43	9	50	11	5	9	7	2	5	17	8	9	16	9	6	10	8	8	7	6	3	2	7	16	11	8	8	4	8	3	5	17	7	8	4	216	86	70	34	5	43	9	50	11
GCF_020735445.1	4	4	7	4	2	9	6	8	7	9	6	10	7	9	8	5	1	1	6	3	6	6	3	7	5	1	3	2	6	2	5	122	67	25	12	5	36	6	25	13	4	4	7	4	2	9	6	8	7	9	6	10	7	9	8	5	1	1	6	3	6	6	3	7	5	1	3	2	6	2	5	122	67	25	12	5	36	6	25	13
GCF_020735545.1	2	5	3	1	6	16	8	9	10	7	6	15	7	8	5	5	2	2	10	11	7	3	7	5	9	4	3	14	8	11	4	187	91	53	20	4	42	10	47	10	2	5	3	1	6	16	8	9	10	7	6	15	7	8	5	5	2	2	10	11	7	3	7	5	9	4	3	14	8	11	4	187	91	53	20	4	42	10	47	10
GCF_020736045.1	2	5	4	3	1	14	5	5	6	7	6	14	6	11	6	4	1	3	7	6	6	6	4	6	6	1	3	1	7	1	5	143	69	32	19	3	38	7	32	13	2	5	4	3	1	14	5	5	6	7	6	14	6	11	6	4	1	3	7	6	6	6	4	6	6	1	3	1	7	1	5	143	69	32	19	3	38	7	32	13
GCF_020740535.1	4	7	5	3	6	16	7	7	10	10	6	13	7	12	8	7	2	1	6	9	10	4	8	4	10	4	3	11	11	4	4	191	90	50	24	5	40	9	46	15	4	7	5	3	6	16	7	7	10	10	6	13	7	12	8	7	2	1	6	9	10	4	8	4	10	4	3	11	11	4	4	191	90	50	24	5	40	9	46	15
GCF_020792675.1	5	5	6	3	3	15	6	8	8	8	6	12	6	9	3	6	2	1	7	3	4	5	5	6	4	4	3	8	5	6	4	142	66	36	16	4	37	8	33	9	5	5	6	3	3	15	6	8	8	8	6	12	6	9	3	6	2	1	7	3	4	5	5	6	4	4	3	8	5	6	4	142	66	36	16	4	37	8	33	9
GCF_020809405.1	2	5	4	1	1	9	7	7	4	9	7	12	6	13	5	7	1	2	11	5	8	4	3	6	6	2	3	5	7	1	5	140	69	26	13	5	37	5	33	13	2	5	4	1	1	9	7	7	4	9	7	12	6	13	5	7	1	2	11	5	8	4	3	6	6	2	3	5	7	1	5	140	69	26	13	5	37	5	33	13
GCF_020810675.1	3	7	5	2	2	14	6	5	8	8	7	13	6	11	6	4	2	2	8	7	6	8	4	6	6	3	3	7	7	1	5	156	83	39	21	5	41	8	38	13	3	7	5	2	2	14	6	5	8	8	7	13	6	11	6	4	2	2	8	7	6	8	4	6	6	3	3	7	7	1	5	156	83	39	21	5	41	8	38	13
GCF_020861345.1	4	7	3	1	2	10	2	5	6	11	6	8	7	6	7	3	1	2	4	6	4	5	3	5	3	5	4	6	6	2	5	130	63	32	21	4	27	5	34	9	4	7	3	1	2	10	2	5	6	11	6	8	7	6	7	3	1	2	4	6	4	5	3	5	3	5	4	6	6	2	5	130	63	32	21	4	27	5	34	9
GCF_020865585.1	4	6	2	4	4	19	6	8	7	8	7	9	6	8	11	5	1	2	10	15	6	6	8	3	7	3	6	13	8	7	4	199	83	62	31	6	39	8	48	15	4	6	2	4	4	19	6	8	7	8	7	9	6	8	11	5	1	2	10	15	6	6	8	3	7	3	6	13	8	7	4	199	83	62	31	6	39	8	48	15
GCF_020883455.1	5	6	6	2	5	15	8	8	12	11	7	11	6	8	7	6	3	2	13	15	9	7	8	5	8	3	3	13	7	4	4	198	91	59	35	8	43	9	44	12	5	6	6	2	5	15	8	8	12	11	7	11	6	8	7	6	3	2	13	15	9	7	8	5	8	3	3	13	7	4	4	198	91	59	35	8	43	9	44	12
GCF_020883495.1	5	7	4	3	8	17	8	12	15	6	7	10	7	7	4	5	4	2	9	14	9	7	7	3	5	4	3	17	7	8	4	189	81	58	27	4	44	9	41	9	5	7	4	3	8	17	8	12	15	6	7	10	7	7	4	5	4	2	9	14	9	7	7	3	5	4	3	17	7	8	4	189	81	58	27	4	44	9	41	9
GCF_020883535.1	5	4	3	1	1	12	6	6	10	7	4	10	6	8	3	6	1	2	7	6	3	7	3	6	5	3	3	10	8	6	5	135	64	31	18	3	25	5	41	7	5	4	3	1	1	12	6	6	10	7	4	10	6	8	3	6	1	2	7	6	3	7	3	6	5	3	3	10	8	6	5	135	64	31	18	3	25	5	41	7
GCF_020886055.1	4	3	2	2	3	9	7	6	8	7	6	11	6	7	6	6	1	1	6	4	7	7	5	2	4	1	3	12	3	2	5	122	69	32	14	6	38	6	36	12	4	3	2	2	3	9	7	6	8	7	6	11	6	7	6	6	1	1	6	4	7	7	5	2	4	1	3	12	3	2	5	122	69	32	14	6	38	6	36	12
GCF_020886115.1	4	3	1	1	3	9	7	6	9	7	6	11	6	6	5	6	1	1	6	4	6	7	5	2	4	1	3	12	3	2	5	115	67	32	15	6	36	6	35	9	4	3	1	1	3	9	7	6	9	7	6	11	6	6	5	6	1	1	6	4	6	7	5	2	4	1	3	12	3	2	5	115	67	32	15	6	36	6	35	9
GCF_020906275.1	4	4	3	1	2	13	6	6	8	7	6	10	7	9	2	5	1	2	8	5	8	7	7	4	6	2	2	13	7	1	4	143	67	36	22	4	36	7	40	9	4	4	3	1	2	13	6	6	8	7	6	10	7	9	2	5	1	2	8	5	8	7	7	4	6	2	2	13	7	1	4	143	67	36	22	4	36	7	40	9
GCF_020911725.1	3	5	4	1	0	12	6	6	3	5	6	6	6	12	3	6	1	2	2	3	3	6	1	4	5	1	3	10	7	1	6	111	48	24	11	2	20	7	29	11	3	5	4	1	0	12	6	6	3	5	6	6	6	12	3	6	1	2	2	3	3	6	1	4	5	1	3	10	7	1	6	111	48	24	11	2	20	7	29	11
GCF_020911905.1	4	5	6	2	3	10	7	6	9	9	6	11	6	12	6	6	1	2	9	6	7	7	6	5	5	3	3	14	3	2	5	148	77	41	18	6	41	6	44	13	4	5	6	2	3	10	7	6	9	9	6	11	6	12	6	6	1	2	9	6	7	7	6	5	5	3	3	14	3	2	5	148	77	41	18	6	41	6	44	13
GCF_020911965.1	2	5	4	0	5	15	6	9	8	7	8	17	5	10	7	6	0	2	6	3	6	3	5	1	9	2	3	8	10	2	4	140	92	31	13	6	46	5	39	12	2	5	4	0	5	15	6	9	8	7	8	17	5	10	7	6	0	2	6	3	6	3	5	1	9	2	3	8	10	2	4	140	92	31	13	6	46	5	39	12
GCF_020917325.1	3	10	3	2	10	17	7	10	8	10	7	13	7	8	9	6	2	4	9	13	9	7	5	4	7	3	5	18	7	10	4	216	93	64	30	5	46	8	55	13	3	10	3	2	10	17	7	10	8	10	7	13	7	8	9	6	2	4	9	13	9	7	5	4	7	3	5	18	7	10	4	216	93	64	30	5	46	8	55	13
GCF_020923435.1	4	4	5	1	1	11	8	6	14	12	8	13	6	14	6	8	2	2	11	6	5	7	4	6	10	3	4	13	8	3	5	179	86	40	16	7	39	5	44	16	4	4	5	1	1	11	8	6	14	12	8	13	6	14	6	8	2	2	11	6	5	7	4	6	10	3	4	13	8	3	5	179	86	40	16	7	39	5	44	16
GCF_020971565.1	5	6	7	3	4	16	8	7	12	15	7	14	6	11	8	5	3	3	11	8	9	7	6	6	6	4	4	13	8	6	5	217	106	59	24	6	43	11	56	16	5	6	7	3	4	16	8	7	12	15	7	14	6	11	8	5	3	3	11	8	9	7	6	6	6	4	4	13	8	6	5	217	106	59	24	6	43	11	56	16
GCF_020991065.1	3	6	1	3	4	12	6	9	9	7	6	13	6	9	5	4	2	1	5	7	11	3	8	2	9	4	3	9	7	3	4	147	75	36	16	4	37	6	35	12	3	6	1	3	4	12	6	9	9	7	6	13	6	9	5	4	2	1	5	7	11	3	8	2	9	4	3	9	7	3	4	147	75	36	16	4	37	6	35	12
GCF_021018745.1	5	6	1	3	5	12	6	7	4	5	3	12	6	9	12	4	1	1	4	4	7	6	4	3	6	1	4	17	7	2	4	148	81	29	15	3	32	7	37	17	5	6	1	3	5	12	6	7	4	5	3	12	6	9	12	4	1	1	4	4	7	6	4	3	6	1	4	17	7	2	4	148	81	29	15	3	32	7	37	17
GCF_021028635.1	3	5	3	1	4	16	7	8	14	11	8	15	6	12	7	5	4	1	9	9	9	4	8	5	6	4	3	16	10	7	4	192	91	52	16	6	42	9	44	14	3	5	3	1	4	16	7	8	14	11	8	15	6	12	7	5	4	1	9	9	9	4	8	5	6	4	3	16	10	7	4	192	91	52	16	6	42	9	44	14
GCF_021044565.1	3	4	5	4	6	12	6	10	6	9	7	12	8	9	5	7	1	1	7	8	4	2	4	2	7	4	2	5	7	4	4	138	69	35	16	4	39	6	30	12	3	4	5	4	6	12	6	10	6	9	7	12	8	9	5	7	1	1	7	8	4	2	4	2	7	4	2	5	7	4	4	138	69	35	16	4	39	6	30	12
GCF_021044585.1	4	5	2	1	4	12	7	6	7	6	6	14	5	8	9	5	0	2	5	6	7	4	4	2	5	2	3	8	7	1	4	131	79	32	17	5	40	6	32	14	4	5	2	1	4	12	7	6	7	6	6	14	5	8	9	5	0	2	5	6	7	4	4	2	5	2	3	8	7	1	4	131	79	32	17	5	40	6	32	14
GCF_021049245.1	3	6	10	1	3	13	7	6	9	11	6	10	6	13	6	6	1	1	5	2	6	5	4	7	10	4	4	9	7	5	5	159	79	34	13	6	38	6	47	12	3	6	10	1	3	13	7	6	9	11	6	10	6	13	6	6	1	1	5	2	6	5	4	7	10	4	4	9	7	5	5	159	79	34	13	6	38	6	47	12
GCF_021049265.1	3	6	5	4	3	15	6	7	12	9	6	13	7	13	5	6	2	1	4	8	7	4	4	3	4	4	3	8	8	6	4	157	78	42	21	5	41	8	31	13	3	6	5	4	3	15	6	7	12	9	6	13	7	13	5	6	2	1	4	8	7	4	4	3	4	4	3	8	8	6	4	157	78	42	21	5	41	8	31	13
GCF_021049285.1	3	6	6	3	3	15	7	7	12	8	6	13	7	12	3	6	2	1	4	8	7	4	4	3	4	4	3	8	7	6	4	154	76	43	21	5	41	9	32	11	3	6	6	3	3	15	7	7	12	8	6	13	7	12	3	6	2	1	4	8	7	4	4	3	4	4	3	8	7	6	4	154	76	43	21	5	41	9	32	11
GCF_021049305.1	5	5	2	4	9	13	7	11	9	8	8	9	6	9	10	6	1	3	10	20	8	8	9	4	5	4	3	13	8	10	4	188	89	63	33	8	45	7	46	15	5	5	2	4	9	13	7	11	9	8	8	9	6	9	10	6	1	3	10	20	8	8	9	4	5	4	3	13	8	10	4	188	89	63	33	8	45	7	46	15
GCF_021117385.1	4	5	2	1	2	13	7	6	6	8	5	11	5	7	7	5	1	2	6	5	6	6	6	3	8	3	3	9	7	2	5	146	68	36	22	1	30	8	42	11	4	5	2	1	2	13	7	6	6	8	5	11	5	7	7	5	1	2	6	5	6	6	6	3	8	3	3	9	7	2	5	146	68	36	22	1	30	8	42	11
GCF_021117405.1	4	5	2	1	2	13	7	6	6	7	5	11	5	7	8	5	1	2	6	5	6	6	6	3	9	3	3	11	7	1	5	150	70	38	22	1	28	8	45	12	4	5	2	1	2	13	7	6	6	7	5	11	5	7	8	5	1	2	6	5	6	6	6	3	9	3	3	11	7	1	5	150	70	38	22	1	28	8	45	12
GCF_021117425.1	2	4	3	2	5	15	6	9	9	8	6	13	5	10	2	6	2	2	8	11	9	2	6	5	7	4	4	7	8	4	4	157	74	47	19	4	40	8	36	9	2	4	3	2	5	15	6	9	9	8	6	13	5	10	2	6	2	2	8	11	9	2	6	5	7	4	4	7	8	4	4	157	74	47	19	4	40	8	36	9
GCF_021165955.1	4	6	2	2	4	16	6	7	7	8	7	9	6	10	11	5	1	2	8	10	6	5	7	3	6	3	5	13	8	6	4	181	79	53	28	6	40	8	45	17	4	6	2	2	4	16	6	7	7	8	7	9	6	10	11	5	1	2	8	10	6	5	7	3	6	3	5	13	8	6	4	181	79	53	28	6	40	8	45	17
GCF_021172045.1	2	5	1	3	10	12	7	14	9	7	6	12	6	8	7	6	1	1	3	16	7	4	4	4	9	1	3	5	9	11	4	153	78	42	18	4	44	7	33	13	2	5	1	3	10	12	7	14	9	7	6	12	6	8	7	6	1	1	3	16	7	4	4	4	9	1	3	5	9	11	4	153	78	42	18	4	44	7	33	13
GCF_021172065.1	6	7	9	4	5	14	7	6	15	13	8	15	8	12	9	7	1	3	10	14	8	8	5	7	6	4	4	16	8	6	5	246	104	73	34	6	45	8	59	16	6	7	9	4	5	14	7	6	15	13	8	15	8	12	9	7	1	3	10	14	8	8	5	7	6	4	4	16	8	6	5	246	104	73	34	6	45	8	59	16
GCF_021173085.1	5	6	5	1	2	17	7	5	10	11	7	11	6	10	12	5	1	1	11	10	8	5	9	3	8	3	6	13	7	5	4	208	90	66	34	6	41	8	49	17	5	6	5	1	2	17	7	5	10	11	7	11	6	10	12	5	1	1	11	10	8	5	9	3	8	3	6	13	7	5	4	208	90	66	34	6	41	8	49	17
GCF_021183565.1	2	5	4	1	7	17	6	12	9	9	7	15	6	12	8	5	2	2	9	12	4	4	7	5	16	4	4	15	11	10	4	208	98	55	20	4	44	7	60	15	2	5	4	1	7	17	6	12	9	9	7	15	6	12	8	5	2	2	9	12	4	4	7	5	16	4	4	15	11	10	4	208	98	55	20	4	44	7	60	15
GCF_021183645.1	3	5	4	2	6	17	7	9	8	8	7	15	6	10	8	5	2	2	11	8	5	4	9	4	15	4	4	14	8	7	4	194	92	55	20	4	43	10	55	14	3	5	4	2	6	17	7	9	8	8	7	15	6	10	8	5	2	2	11	8	5	4	9	4	15	4	4	14	8	7	4	194	92	55	20	4	43	10	55	14
GCF_021183825.1	5	4	6	2	3	10	7	7	8	8	6	11	7	11	8	5	1	1	7	5	7	7	6	4	6	2	3	12	3	7	5	151	71	41	15	5	37	7	42	15	5	4	6	2	3	10	7	7	8	8	6	11	7	11	8	5	1	1	7	5	7	7	6	4	6	2	3	12	3	7	5	151	71	41	15	5	37	7	42	15
GCF_021184025.1	5	6	2	2	6	16	6	9	8	8	6	12	7	7	9	5	1	1	10	12	7	8	9	5	6	2	5	16	11	4	4	182	90	50	26	4	42	7	43	13	5	6	2	2	6	16	6	9	8	8	6	12	7	7	9	5	1	1	10	12	7	8	9	5	6	2	5	16	11	4	4	182	90	50	26	4	42	7	43	13
GCF_021216675.1	5	6	4	1	5	17	8	10	10	9	6	14	6	12	4	5	2	1	10	10	9	7	8	4	7	4	3	16	9	8	4	193	84	54	23	4	42	9	47	13	5	6	4	1	5	17	8	10	10	9	6	14	6	12	4	5	2	1	10	10	9	7	8	4	7	4	3	16	9	8	4	193	84	54	23	4	42	9	47	13
GCF_021227995.1	5	5	5	3	4	15	7	6	8	8	8	10	7	8	8	5	1	2	8	6	7	8	7	5	7	2	3	14	8	5	4	169	78	47	23	5	37	9	44	13	5	5	5	3	4	15	7	6	8	8	8	10	7	8	8	5	1	2	8	6	7	8	7	5	7	2	3	14	8	5	4	169	78	47	23	5	37	9	44	13
GCF_021233055.1	5	6	9	4	4	12	6	7	9	8	6	12	6	11	14	6	1	2	6	6	9	7	6	8	5	2	3	17	6	7	5	171	84	42	18	6	42	7	50	19	5	6	9	4	4	12	6	7	9	8	6	12	6	11	14	6	1	2	6	6	9	7	6	8	5	2	3	17	6	7	5	171	84	42	18	6	42	7	50	19
GCF_021249385.1	4	4	2	1	3	16	7	6	7	6	4	10	6	8	8	5	1	2	8	9	7	5	7	4	5	3	3	12	8	1	4	152	71	38	25	6	34	9	38	12	4	4	2	1	3	16	7	6	7	6	4	10	6	8	8	5	1	2	8	9	7	5	7	4	5	3	3	12	8	1	4	152	71	38	25	6	34	9	38	12
GCF_021278965.1	5	5	1	3	2	16	5	8	7	7	5	11	6	7	7	6	1	1	7	4	6	7	6	6	13	2	3	12	2	1	6	149	75	39	20	4	33	10	52	11	5	5	1	3	2	16	5	8	7	7	5	11	6	7	7	6	1	1	7	4	6	7	6	6	13	2	3	12	2	1	6	149	75	39	20	4	33	10	52	11
GCF_021278985.1	7	7	8	8	3	13	7	7	15	9	7	15	8	13	12	7	2	3	8	17	6	9	5	6	6	4	4	15	8	5	5	242	103	67	37	5	45	8	56	19	7	7	8	8	3	13	7	7	15	9	7	15	8	13	12	7	2	3	8	17	6	9	5	6	6	4	4	15	8	5	5	242	103	67	37	5	45	8	56	19
GCF_021283545.2	4	8	2	3	11	19	8	14	12	11	9	16	11	7	9	7	1	3	10	25	9	5	6	5	9	3	5	18	7	13	4	253	113	83	38	7	61	10	60	13	4	8	2	3	11	19	8	14	12	11	9	16	11	7	9	7	1	3	10	25	9	5	6	5	9	3	5	18	7	13	4	253	113	83	38	7	61	10	60	13
GCF_021310995.1	5	8	7	2	6	17	9	10	10	6	6	10	7	9	6	5	3	2	9	12	8	7	7	4	5	2	3	15	7	9	4	181	77	54	25	4	40	8	40	11	5	8	7	2	6	17	9	10	10	6	6	10	7	9	6	5	3	2	9	12	8	7	7	4	5	2	3	15	7	9	4	181	77	54	25	4	40	8	40	11
GCF_021389955.1	5	7	6	2	4	12	7	7	8	10	6	14	8	10	6	7	1	2	7	4	6	8	5	8	7	2	3	16	6	2	5	169	84	43	18	6	43	8	53	13	5	7	6	2	4	12	7	7	8	10	6	14	8	10	6	7	1	2	7	4	6	8	5	8	7	2	3	16	6	2	5	169	84	43	18	6	43	8	53	13
GCF_021389975.1	4	5	3	3	4	12	7	6	8	8	6	11	8	11	9	6	1	4	6	7	7	6	6	5	9	3	3	19	6	6	5	173	78	44	17	6	38	7	54	15	4	5	3	3	4	12	7	6	8	8	6	11	8	11	9	6	1	4	6	7	7	6	6	5	9	3	3	19	6	6	5	173	78	44	17	6	38	7	54	15
GCF_021391495.1	2	10	4	3	5	19	7	9	10	10	7	13	8	11	7	6	2	2	9	13	11	3	9	5	14	5	4	16	11	7	4	228	102	67	26	4	44	8	61	15	2	10	4	3	5	19	7	9	10	10	7	13	8	11	7	6	2	2	9	13	11	3	9	5	14	5	4	16	11	7	4	228	102	67	26	4	44	8	61	15
GCF_021398215.2	5	5	4	2	3	16	6	7	10	8	7	15	6	14	6	5	2	1	9	8	6	4	8	4	4	4	4	7	8	2	4	166	86	46	26	4	43	8	40	14	5	5	4	2	3	16	6	7	10	8	7	15	6	14	6	5	2	1	9	8	6	4	8	4	4	4	4	7	8	2	4	166	86	46	26	4	43	8	40	14
GCF_021432765.1	4	9	2	2	5	19	8	8	9	10	7	11	6	7	9	5	1	2	11	14	7	5	6	3	6	3	5	16	8	13	4	205	95	70	32	6	42	10	53	13	4	9	2	2	5	19	8	8	9	10	7	11	6	7	9	5	1	2	11	14	7	5	6	3	6	3	5	16	8	13	4	205	95	70	32	6	42	10	53	13
GCF_021441825.1	5	7	4	2	5	17	6	10	14	12	7	14	7	17	13	6	3	1	11	15	16	8	12	5	10	4	4	17	11	8	4	230	101	65	29	6	46	8	51	23	5	7	4	2	5	17	6	10	14	12	7	14	7	17	13	6	3	1	11	15	16	8	12	5	10	4	4	17	11	8	4	230	101	65	29	6	46	8	51	23
GCF_021441905.1	2	7	5	1	3	12	6	6	10	16	7	10	6	13	5	6	3	2	6	6	6	6	5	6	6	6	5	12	8	5	6	170	91	43	18	7	42	4	50	12	2	7	5	1	3	12	6	6	10	16	7	10	6	13	5	6	3	2	6	6	6	6	5	6	6	6	5	12	8	5	6	170	91	43	18	7	42	4	50	12
GCF_021442325.1	2	5	4	2	3	15	6	7	8	8	8	11	7	11	4	6	1	1	6	6	4	2	3	4	4	4	3	7	7	6	4	148	71	42	15	4	36	6	33	11	2	5	4	2	3	15	6	7	8	8	8	11	7	11	4	6	1	1	6	6	4	2	3	4	4	4	3	7	7	6	4	148	71	42	15	4	36	6	33	11
GCF_021495345.1	4	6	4	1	13	17	8	13	12	8	7	10	7	9	10	5	1	3	12	20	9	5	5	4	9	3	5	19	7	12	4	225	103	60	29	8	49	9	61	14	4	6	4	1	13	17	8	13	12	8	7	10	7	9	10	5	1	3	12	20	9	5	5	4	9	3	5	19	7	12	4	225	103	60	29	8	49	9	61	14
GCF_021496385.1	3	5	8	1	2	12	8	6	4	9	5	6	5	14	6	5	1	2	4	2	4	4	3	2	7	3	4	1	8	1	5	124	60	19	11	4	26	5	31	14	3	5	8	1	2	12	8	6	4	9	5	6	5	14	6	5	1	2	4	2	4	4	3	2	7	3	4	1	8	1	5	124	60	19	11	4	26	5	31	14
GCF_021560035.1	5	8	5	2	2	12	7	6	11	12	7	11	7	12	7	7	3	2	10	8	5	10	4	7	10	3	3	12	7	1	5	188	84	43	27	5	42	6	45	14	5	8	5	2	2	12	7	6	11	12	7	11	7	12	7	7	3	2	10	8	5	10	4	7	10	3	3	12	7	1	5	188	84	43	27	5	42	6	45	14
GCF_021560075.1	4	7	2	3	9	17	7	12	8	10	8	14	7	7	8	5	1	3	8	18	8	5	5	5	8	4	5	17	7	11	4	218	97	67	31	5	52	8	57	12	4	7	2	3	9	17	7	12	8	10	8	14	7	7	8	5	1	3	8	18	8	5	5	5	8	4	5	17	7	11	4	218	97	67	31	5	52	8	57	12
GCF_021582895.2	4	4	5	5	3	15	6	8	8	6	7	14	6	11	6	6	2	1	5	8	15	4	9	2	7	5	3	6	9	2	4	161	79	51	24	5	41	9	36	13	4	4	5	5	3	15	6	8	8	6	7	14	6	11	6	6	2	1	5	8	15	4	9	2	7	5	3	6	9	2	4	161	79	51	24	5	41	9	36	13
GCF_021590045.1	3	5	6	1	4	14	6	7	8	10	6	14	7	12	5	6	2	1	7	6	5	3	5	4	8	4	3	6	7	8	4	150	77	38	18	4	39	8	36	12	3	5	6	1	4	14	6	7	8	10	6	14	7	12	5	6	2	1	7	6	5	3	5	4	8	4	3	6	7	8	4	150	77	38	18	4	39	8	36	12
GCF_021611515.1	4	8	5	2	4	14	8	9	8	9	6	11	5	7	2	5	3	1	7	10	7	6	6	3	8	2	3	19	6	7	4	169	76	58	26	5	41	7	45	7	4	8	5	2	4	14	8	9	8	9	6	11	5	7	2	5	3	1	7	10	7	6	6	3	8	2	3	19	6	7	4	169	76	58	26	5	41	7	45	7
GCF_021650975.2	2	5	1	1	1	12	6	6	8	8	6	8	7	6	5	5	1	2	9	4	5	6	6	3	6	2	3	11	4	1	6	123	64	34	16	5	31	7	38	9	2	5	1	1	1	12	6	6	8	8	6	8	7	6	5	5	1	2	9	4	5	6	6	3	6	2	3	11	4	1	6	123	64	34	16	5	31	7	38	9
GCF_021654455.1	2	4	2	1	2	11	7	6	7	6	4	8	4	12	5	5	1	1	2	2	4	5	3	3	3	2	4	0	6	1	5	103	52	18	13	4	30	4	25	13	2	4	2	1	2	11	7	6	7	6	4	8	4	12	5	5	1	1	2	2	4	5	3	3	3	2	4	0	6	1	5	103	52	18	13	4	30	4	25	13
GCF_021654775.1	5	7	8	2	3	12	9	8	11	16	6	14	8	18	7	8	3	3	7	8	7	7	6	6	8	5	3	14	8	7	5	193	96	50	22	7	46	6	46	20	5	7	8	2	3	12	9	8	11	16	6	14	8	18	7	8	3	3	7	8	7	7	6	6	8	5	3	14	8	7	5	193	96	50	22	7	46	6	46	20
GCF_021654855.1	4	4	2	1	5	16	8	6	9	7	5	10	5	8	7	5	1	2	8	4	7	6	6	3	5	2	3	12	3	1	4	141	74	32	17	6	36	11	41	12	4	4	2	1	5	16	8	6	9	7	5	10	5	8	7	5	1	2	8	4	7	6	6	3	5	2	3	12	3	1	4	141	74	32	17	6	36	11	41	12
GCF_021919125.1	4	6	4	4	5	13	7	7	8	9	6	14	7	11	7	8	3	1	5	5	5	5	5	3	5	3	3	7	7	2	4	143	81	34	20	5	40	7	33	14	4	6	4	4	5	13	7	7	8	9	6	14	7	11	7	8	3	1	5	5	5	5	5	3	5	3	3	7	7	2	4	143	81	34	20	5	40	7	33	14
GCF_021922925.1	5	6	4	4	3	13	6	7	8	8	6	12	8	10	6	8	3	1	4	4	5	4	4	4	6	3	3	7	7	2	4	139	74	31	17	4	36	6	33	13	5	6	4	4	3	13	6	7	8	8	6	12	8	10	6	8	3	1	4	4	5	4	4	4	6	3	3	7	7	2	4	139	74	31	17	4	36	6	33	13
GCF_021952865.1	2	6	4	2	5	16	6	7	7	9	6	11	8	10	6	8	2	1	3	3	5	2	3	4	6	3	3	8	7	6	4	139	74	34	13	4	35	8	34	13	2	6	4	2	5	16	6	7	7	9	6	11	8	10	6	8	2	1	3	3	5	2	3	4	6	3	3	8	7	6	4	139	74	34	13	4	35	8	34	13
GCF_022059845.1	5	7	7	1	5	17	11	8	9	10	6	12	7	11	10	7	3	1	9	14	7	9	9	7	10	3	5	16	6	3	4	222	89	56	28	4	45	9	54	15	5	7	7	1	5	17	11	8	9	10	6	12	7	11	10	7	3	1	9	14	7	9	9	7	10	3	5	16	6	3	4	222	89	56	28	4	45	9	54	15
GCF_022179545.1	3	5	4	1	9	15	8	11	9	8	7	16	8	11	7	5	2	3	13	14	7	8	8	6	8	4	3	16	11	11	4	200	100	59	27	6	50	10	53	12	3	5	4	1	9	15	8	11	9	8	7	16	8	11	7	5	2	3	13	14	7	8	8	6	8	4	3	16	11	11	4	200	100	59	27	6	50	10	53	12
GCF_022200785.1	4	6	7	5	2	10	7	6	8	8	6	9	6	11	11	6	1	1	7	3	7	8	5	3	6	1	3	9	7	6	5	140	74	38	16	5	35	7	35	17	4	6	7	5	2	10	7	6	8	8	6	9	6	11	11	6	1	1	7	3	7	8	5	3	6	1	3	9	7	6	5	140	74	38	16	5	35	7	35	17
GCF_022221585.1	4	7	5	1	6	19	7	12	14	11	8	13	7	13	7	6	2	1	12	15	12	7	11	5	10	4	3	17	10	9	4	219	95	68	29	6	44	11	52	16	4	7	5	1	6	19	7	12	14	11	8	13	7	13	7	6	2	1	12	15	12	7	11	5	10	4	3	17	10	9	4	219	95	68	29	6	44	11	52	16
GCF_022267555.1	4	5	2	3	2	9	6	5	8	6	4	8	5	6	9	5	1	1	11	5	3	6	3	2	6	2	3	4	6	2	5	124	63	24	15	4	33	7	24	12	4	5	2	3	2	9	6	5	8	6	4	8	5	6	9	5	1	1	11	5	3	6	3	2	6	2	3	4	6	2	5	124	63	24	15	4	33	7	24	12
GCF_022354085.1	6	6	7	7	2	13	7	6	12	9	7	14	7	13	12	6	1	4	8	18	7	6	6	6	6	5	4	15	8	2	5	227	97	58	31	5	40	8	57	19	6	6	7	7	2	13	7	6	12	9	7	14	7	13	12	6	1	4	8	18	7	6	6	6	6	5	4	15	8	2	5	227	97	58	31	5	40	8	57	19
GCF_022354465.1	3	7	4	1	1	14	7	6	7	10	7	11	7	10	9	5	1	2	4	3	5	5	4	1	6	2	3	7	8	1	4	135	77	33	19	3	39	8	32	15	3	7	4	1	1	14	7	6	7	10	7	11	7	10	9	5	1	2	4	3	5	5	4	1	6	2	3	7	8	1	4	135	77	33	19	3	39	8	32	15
GCF_022369495.1	5	6	3	1	2	13	6	7	11	8	8	15	8	11	7	5	1	3	11	8	7	7	6	4	6	4	4	11	8	1	5	192	92	48	25	5	42	7	51	15	5	6	3	1	2	13	6	7	11	8	8	15	8	11	7	5	1	3	11	8	7	7	6	4	6	4	4	11	8	1	5	192	92	48	25	5	42	7	51	15
GCF_022370635.2	4	6	3	2	8	15	8	11	8	9	7	17	7	11	9	5	2	2	10	11	5	8	8	4	9	4	3	16	12	12	4	200	106	58	24	5	50	10	51	15	4	6	3	2	8	15	8	11	8	9	7	17	7	11	9	5	2	2	10	11	5	8	8	4	9	4	3	16	12	12	4	200	106	58	24	5	50	10	51	15
GCF_022370835.2	2	4	2	1	3	13	7	7	9	8	6	13	6	9	6	5	2	2	8	9	6	3	7	5	5	4	3	14	11	8	4	164	82	44	19	4	38	7	43	12	2	4	2	1	3	13	7	7	9	8	6	13	6	9	6	5	2	2	8	9	6	3	7	5	5	4	3	14	11	8	4	164	82	44	19	4	38	7	43	12
GCF_022374875.2	4	5	4	3	10	14	8	13	8	8	6	14	7	12	8	7	2	2	10	15	9	6	9	6	8	4	3	16	12	14	4	202	100	58	22	5	45	10	50	15	4	5	4	3	10	14	8	13	8	8	6	14	7	12	8	7	2	2	10	15	9	6	9	6	8	4	3	16	12	14	4	202	100	58	22	5	45	10	50	15
GCF_022374895.2	4	5	3	1	5	14	7	9	7	10	7	13	7	10	9	4	2	2	10	10	5	7	8	4	6	4	3	16	12	8	4	183	92	51	25	4	43	9	47	15	4	5	3	1	5	14	7	9	7	10	7	13	7	10	9	4	2	2	10	10	5	7	8	4	6	4	3	16	12	8	4	183	92	51	25	4	43	9	47	15
GCF_022374935.2	3	4	3	1	6	12	7	9	9	11	6	13	6	9	6	5	2	2	11	10	7	6	6	5	5	4	3	15	11	8	4	176	92	49	22	7	46	7	45	12	3	4	3	1	6	12	7	9	9	11	6	13	6	9	6	5	2	2	11	10	7	6	6	5	5	4	3	15	11	8	4	176	92	49	22	7	46	7	45	12
GCF_022376295.1	5	5	1	3	3	12	4	6	6	6	5	18	7	7	9	5	1	1	8	3	7	5	6	3	6	2	5	20	9	1	5	164	98	32	18	6	42	6	48	14	5	5	1	3	3	12	4	6	6	6	5	18	7	7	9	5	1	1	8	3	7	5	6	3	6	2	5	20	9	1	5	164	98	32	18	6	42	6	48	14
GCF_022394675.1	4	7	9	1	3	13	6	6	12	15	7	15	6	14	5	7	2	3	10	12	6	9	6	6	11	5	4	13	8	7	5	211	100	59	26	7	45	5	57	13	4	7	9	1	3	13	6	6	12	15	7	15	6	14	5	7	2	3	10	12	6	9	6	6	11	5	4	13	8	7	5	211	100	59	26	7	45	5	57	13
GCF_022459015.1	1	7	4	1	2	12	6	6	7	8	6	11	6	9	9	4	1	3	4	1	4	6	2	2	4	2	3	7	7	1	4	124	65	29	16	4	33	7	31	13	1	7	4	1	2	12	6	6	7	8	6	11	6	9	9	4	1	3	4	1	4	6	2	2	4	2	3	7	7	1	4	124	65	29	16	4	33	7	31	13
GCF_022533465.1	5	7	2	1	7	17	10	9	11	8	6	11	7	11	9	5	2	1	7	15	6	8	6	5	5	3	5	20	9	6	4	198	92	46	29	4	43	12	50	16	5	7	2	1	7	17	10	9	11	8	6	11	7	11	9	5	2	1	7	15	6	8	6	5	5	3	5	20	9	6	4	198	92	46	29	4	43	12	50	16
GCF_022539405.1	4	4	3	1	3	11	6	7	9	7	8	15	7	8	3	7	1	1	6	8	5	7	3	4	5	2	3	12	9	2	4	133	72	33	17	6	41	4	33	8	4	4	3	1	3	11	6	7	9	7	8	15	7	8	3	7	1	1	6	8	5	7	3	4	5	2	3	12	9	2	4	133	72	33	17	6	41	4	33	8
GCF_022592395.1	5	6	3	1	2	14	6	6	9	8	8	15	8	11	8	5	1	2	12	12	7	8	6	4	6	4	4	13	8	3	5	198	93	56	30	5	42	8	52	15	5	6	3	1	2	14	6	6	9	8	8	15	8	11	8	5	1	2	12	12	7	8	6	4	6	4	4	13	8	3	5	198	93	56	30	5	42	8	52	15
GCF_022631235.3	4	3	1	1	3	14	8	6	8	8	8	11	6	5	2	5	1	2	9	7	6	6	5	5	7	5	3	13	7	5	4	164	75	45	23	5	39	8	47	6	4	3	1	1	3	14	8	6	8	8	8	11	6	5	2	5	1	2	9	7	6	6	5	5	7	5	3	13	7	5	4	164	75	45	23	5	39	8	47	6
GCF_022637435.1	4	5	3	2	4	16	6	8	12	6	6	13	5	14	6	6	2	1	9	10	5	5	5	3	10	4	3	8	8	4	4	173	83	43	24	4	39	8	47	15	4	5	3	2	4	16	6	8	12	6	6	13	5	14	6	6	2	1	9	10	5	5	5	3	10	4	3	8	8	4	4	173	83	43	24	4	39	8	47	15
GCF_022637475.1	6	7	9	4	5	14	7	7	12	14	8	16	9	11	10	7	1	3	12	12	8	8	6	5	6	4	5	15	8	6	5	237	107	62	29	6	46	8	57	17	6	7	9	4	5	14	7	7	12	14	8	16	9	11	10	7	1	3	12	12	8	8	6	5	6	4	5	15	8	6	5	237	107	62	29	6	46	8	57	17
GCF_022647325.1	5	5	9	3	6	15	7	7	13	15	7	14	7	10	7	7	3	3	11	11	9	7	6	6	5	4	4	13	9	6	5	220	97	60	25	5	42	8	48	14	5	5	9	3	6	15	7	7	13	15	7	14	7	10	7	7	3	3	11	11	9	7	6	6	5	4	4	13	9	6	5	220	97	60	25	5	42	8	48	14
GCF_022655595.1	4	3	1	1	2	14	5	5	5	6	4	10	5	5	2	4	1	3	6	7	6	6	5	6	5	1	3	7	7	1	4	134	65	33	21	4	33	8	31	6	4	3	1	1	2	14	5	5	5	6	4	10	5	5	2	4	1	3	6	7	6	6	5	6	5	1	3	7	7	1	4	134	65	33	21	4	33	8	31	6
GCF_022699385.1	4	6	3	2	4	16	8	8	11	10	7	12	6	11	3	6	3	1	9	9	9	7	8	5	5	4	4	14	12	3	4	196	90	51	22	4	38	9	46	12	4	6	3	2	4	16	8	8	11	10	7	12	6	11	3	6	3	1	9	9	9	7	8	5	5	4	4	14	12	3	4	196	90	51	22	4	38	9	46	12
GCF_022701195.1	6	3	3	1	3	12	6	7	5	7	6	7	5	10	6	3	1	1	5	3	3	7	3	5	2	1	3	2	7	3	5	98	55	20	12	4	32	6	20	11	6	3	3	1	3	12	6	7	5	7	6	7	5	10	6	3	1	1	5	3	3	7	3	5	2	1	3	2	7	3	5	98	55	20	12	4	32	6	20	11
GCF_022701215.1	4	3	2	1	3	14	10	6	6	6	6	10	6	6	3	5	1	2	7	5	5	5	4	4	6	4	3	10	7	1	4	139	73	32	16	6	37	10	42	7	4	3	2	1	3	14	10	6	6	6	6	10	6	6	3	5	1	2	7	5	5	5	4	4	6	4	3	10	7	1	4	139	73	32	16	6	37	10	42	7
GCF_022749495.1	3	5	2	1	3	14	9	6	6	7	7	11	6	7	8	5	1	1	6	2	5	5	6	4	7	3	3	10	8	2	4	142	77	38	20	5	38	8	43	12	3	5	2	1	3	14	9	6	6	7	7	11	6	7	8	5	1	1	6	2	5	5	6	4	7	3	3	10	8	2	4	142	77	38	20	5	38	8	43	12
GCF_022749515.1	3	5	2	1	3	14	9	6	6	7	7	11	6	7	8	5	1	1	6	2	5	5	6	4	7	3	3	10	8	2	4	144	77	40	22	5	38	8	43	12	3	5	2	1	3	14	9	6	6	7	7	11	6	7	8	5	1	1	6	2	5	5	6	4	7	3	3	10	8	2	4	144	77	40	22	5	38	8	43	12
GCF_022760175.1	4	4	2	2	3	9	7	6	8	8	6	11	6	10	6	6	1	1	6	5	6	7	5	5	5	2	3	15	3	3	5	138	71	34	15	5	36	6	45	13	4	4	2	2	3	9	7	6	8	8	6	11	6	10	6	6	1	1	6	5	6	7	5	5	5	2	3	15	3	3	5	138	71	34	15	5	36	6	45	13
GCF_022788655.1	3	8	4	1	5	15	9	9	14	4	6	10	5	11	12	5	1	1	9	10	8	7	7	4	5	3	4	16	10	4	4	179	81	48	23	4	38	9	41	18	3	8	4	1	5	15	9	9	14	4	6	10	5	11	12	5	1	1	9	10	8	7	7	4	5	3	4	16	10	4	4	179	81	48	23	4	38	9	41	18
GCF_022807975.1	5	4	8	2	3	10	8	7	8	8	6	11	6	14	6	6	1	1	9	7	7	9	6	3	6	2	3	12	4	7	5	155	77	42	16	6	39	8	41	14	5	4	8	2	3	10	8	7	8	8	6	11	6	14	6	6	1	1	9	7	7	9	6	3	6	2	3	12	4	7	5	155	77	42	16	6	39	8	41	14
GCF_022809775.1	4	5	2	2	2	10	7	6	6	5	4	10	8	5	8	7	1	2	2	6	6	4	3	6	6	3	3	10	6	3	5	136	59	30	15	4	32	7	40	11	4	5	2	2	2	10	7	6	6	5	4	10	8	5	8	7	1	2	2	6	6	4	3	6	6	3	3	10	6	3	5	136	59	30	15	4	32	7	40	11
GCF_022811565.1	4	6	9	4	3	11	9	7	8	19	6	13	8	16	10	8	1	2	9	6	8	9	4	6	7	4	3	15	8	12	5	197	94	51	20	6	41	6	46	21	4	6	9	4	3	11	9	7	8	19	6	13	8	16	10	8	1	2	9	6	8	9	4	6	7	4	3	15	8	12	5	197	94	51	20	6	41	6	46	21
GCF_022812045.1	5	6	3	2	2	16	7	8	15	11	8	13	6	13	8	5	1	3	14	13	7	8	6	6	10	2	4	11	7	8	5	222	102	65	33	6	43	6	60	17	5	6	3	2	2	16	7	8	15	11	8	13	6	13	8	5	1	3	14	13	7	8	6	6	10	2	4	11	7	8	5	222	102	65	33	6	43	6	60	17
GCF_022814725.1	3	3	2	1	1	9	6	6	3	4	5	2	7	7	7	6	1	2	7	4	3	5	6	1	8	1	3	6	3	1	5	94	39	25	14	3	12	8	29	11	3	3	2	1	1	9	6	6	3	4	5	2	7	7	7	6	1	2	7	4	3	5	6	1	8	1	3	6	3	1	5	94	39	25	14	3	12	8	29	11
GCF_022827545.1	3	7	7	2	2	9	6	5	8	8	6	9	5	11	10	4	1	2	9	2	5	7	4	3	6	2	2	12	7	5	5	145	66	38	16	5	34	9	35	16	3	7	7	2	2	9	6	5	8	8	6	9	5	11	10	4	1	2	9	2	5	7	4	3	6	2	2	12	7	5	5	145	66	38	16	5	34	9	35	16
GCF_022845615.1	4	4	1	2	0	10	6	4	5	2	3	2	5	5	4	5	1	1	4	5	3	6	4	4	7	2	3	9	7	1	5	97	40	20	15	2	12	8	32	7	4	4	1	2	0	10	6	4	5	2	3	2	5	5	4	5	1	1	4	5	3	6	4	4	7	2	3	9	7	1	5	97	40	20	15	2	12	8	32	7
GCF_022846615.1	5	5	2	3	3	11	9	6	10	12	7	12	5	9	11	5	3	2	13	7	6	9	8	5	6	1	4	17	9	1	4	184	92	51	27	5	38	5	43	17	5	5	2	3	3	11	9	6	10	12	7	12	5	9	11	5	3	2	13	7	6	9	8	5	6	1	4	17	9	1	4	184	92	51	27	5	38	5	43	17
GCF_022867795.2	4	8	7	3	2	13	7	5	9	8	6	11	6	9	7	6	1	2	8	3	9	8	6	5	6	2	3	12	6	5	5	161	79	45	19	6	40	8	40	13	4	8	7	3	2	13	7	5	9	8	6	11	6	9	7	6	1	2	8	3	9	8	6	5	6	2	3	12	6	5	5	161	79	45	19	6	40	8	40	13
GCF_022869645.1	3	5	2	1	3	13	8	6	7	6	7	11	6	8	11	5	1	1	7	3	5	5	6	4	7	3	3	9	8	1	4	147	81	39	22	5	38	7	42	15	3	5	2	1	3	13	8	6	7	6	7	11	6	8	11	5	1	1	7	3	5	5	6	4	7	3	3	9	8	1	4	147	81	39	22	5	38	7	42	15
GCF_022869865.1	3	7	6	2	3	16	7	7	8	5	6	14	6	15	5	6	2	1	9	8	4	5	4	3	6	4	3	7	8	2	4	160	83	43	25	4	39	8	38	15	3	7	6	2	3	16	7	7	8	5	6	14	6	15	5	6	2	1	9	8	4	5	4	3	6	4	3	7	8	2	4	160	83	43	25	4	39	8	38	15
GCF_022870745.1	3	7	7	3	2	11	8	6	11	8	4	11	6	14	10	5	3	2	6	5	6	6	3	5	5	2	3	13	8	1	5	154	79	31	17	4	32	6	38	20	3	7	7	3	2	11	8	6	11	8	4	11	6	14	10	5	3	2	6	5	6	6	3	5	5	2	3	13	8	1	5	154	79	31	17	4	32	6	38	20
GCF_022870885.1	3	6	2	1	3	15	8	6	8	6	7	11	6	8	9	5	1	1	8	5	6	6	6	4	7	3	3	10	8	1	4	153	84	43	25	5	38	8	43	14	3	6	2	1	3	15	8	6	8	6	7	11	6	8	9	5	1	1	8	5	6	6	6	4	7	3	3	10	8	1	4	153	84	43	25	5	38	8	43	14
GCF_022870945.1	4	3	2	1	6	14	7	9	10	8	7	11	6	7	8	6	1	1	10	11	9	6	6	6	8	3	3	11	8	4	4	164	87	44	23	6	43	8	42	12	4	3	2	1	6	14	7	9	10	8	7	11	6	7	8	6	1	1	10	11	9	6	6	6	8	3	3	11	8	4	4	164	87	44	23	6	43	8	42	12
GCF_022919095.1	3	7	9	3	4	14	6	8	10	11	6	9	6	17	8	6	2	1	8	8	5	7	5	8	11	4	4	10	8	2	6	189	91	49	22	6	41	5	50	18	3	7	9	3	4	14	6	8	10	11	6	9	6	17	8	6	2	1	8	8	5	7	5	8	11	4	4	10	8	2	6	189	91	49	22	6	41	5	50	18
GCF_022919115.1	3	7	9	2	4	14	8	8	9	14	6	12	6	19	8	5	1	1	5	4	4	6	3	8	8	5	3	9	9	8	5	181	92	43	15	7	47	6	47	18	3	7	9	2	4	14	8	8	9	14	6	12	6	19	8	5	1	1	5	4	4	6	3	8	8	5	3	9	9	8	5	181	92	43	15	7	47	6	47	18
GCF_022919155.1	3	4	5	3	5	15	6	9	8	10	9	15	8	7	3	6	2	2	8	10	9	5	6	2	6	4	3	6	12	5	4	163	86	46	22	4	46	8	35	7	3	4	5	3	5	15	6	9	8	10	9	15	8	7	3	6	2	2	8	10	9	5	6	2	6	4	3	6	12	5	4	163	86	46	22	4	46	8	35	7
GCF_022919175.1	3	3	4	3	6	13	6	10	11	12	9	15	8	8	5	6	2	2	8	11	6	5	5	2	5	4	3	6	7	6	4	157	82	45	20	4	46	6	33	9	3	3	4	3	6	13	6	10	11	12	9	15	8	8	5	6	2	2	8	11	6	5	5	2	5	4	3	6	7	6	4	157	82	45	20	4	46	6	33	9
GCF_022919575.1	3	7	9	2	4	15	8	8	9	13	6	12	6	17	7	5	1	1	4	5	4	6	3	8	8	5	3	9	9	8	5	178	90	43	15	6	45	6	47	16	3	7	9	2	4	15	8	8	9	13	6	12	6	17	7	5	1	1	4	5	4	6	3	8	8	5	3	9	9	8	5	178	90	43	15	6	45	6	47	16
GCF_022919835.1	3	7	6	2	4	11	6	7	13	12	6	10	6	13	6	5	2	2	9	8	7	8	7	7	9	4	4	14	7	6	5	194	87	54	24	6	41	4	49	13	3	7	6	2	4	11	6	7	13	12	6	10	6	13	6	5	2	2	9	8	7	8	7	7	9	4	4	14	7	6	5	194	87	54	24	6	41	4	49	13
GCF_022921115.1	3	7	6	1	4	12	6	7	10	12	6	10	7	18	8	6	1	2	8	8	6	7	6	7	10	4	4	12	7	8	6	182	88	48	23	6	42	4	49	17	3	7	6	1	4	12	6	7	10	12	6	10	7	18	8	6	1	2	8	8	6	7	6	7	10	4	4	12	7	8	6	182	88	48	23	6	42	4	49	17
GCF_022984195.1	4	4	1	2	5	12	4	8	4	10	3	10	6	7	9	4	1	1	8	4	7	7	5	3	7	2	3	16	9	4	5	145	80	31	16	4	33	6	39	14	4	4	1	2	5	12	4	8	4	10	3	10	6	7	9	4	1	1	8	4	7	7	5	3	7	2	3	16	9	4	5	145	80	31	16	4	33	6	39	14
GCF_023008245.1	2	5	1	1	1	11	6	6	8	8	6	9	7	5	5	5	1	2	8	4	5	6	5	3	5	2	3	11	3	2	6	121	64	33	15	5	31	7	36	9	2	5	1	1	1	11	6	6	8	8	6	9	7	5	5	5	1	2	8	4	5	6	5	3	5	2	3	11	3	2	6	121	64	33	15	5	31	7	36	9
GCF_023008305.1	5	7	10	3	4	13	5	8	5	8	4	8	6	14	9	6	2	1	7	4	3	10	2	4	1	1	3	10	7	4	5	135	62	34	15	4	36	7	23	17	5	7	10	3	4	13	5	8	5	8	4	8	6	14	9	6	2	1	7	4	3	10	2	4	1	1	3	10	7	4	5	135	62	34	15	4	36	7	23	17
GCF_023022985.1	3	5	4	2	4	16	6	8	7	6	6	13	6	15	7	6	2	1	8	9	9	5	6	3	5	4	3	7	8	3	4	159	83	48	25	4	40	8	34	17	3	5	4	2	4	16	6	8	7	6	6	13	6	15	7	6	2	1	8	9	9	5	6	3	5	4	3	7	8	3	4	159	83	48	25	4	40	8	34	17
GCF_023023125.1	6	6	7	4	4	15	7	8	14	16	8	14	8	12	8	7	3	3	10	14	8	7	5	6	6	4	4	13	8	8	5	237	101	67	28	7	45	8	56	16	6	6	7	4	4	15	7	8	14	16	8	14	8	12	8	7	3	3	10	14	8	7	5	6	6	4	4	13	8	8	5	237	101	67	28	7	45	8	56	16
GCF_023038235.1	8	10	8	6	9	17	9	13	16	9	6	13	7	9	8	5	6	2	9	18	12	11	8	3	6	4	3	17	7	9	4	228	93	68	36	4	51	8	44	13	8	10	8	6	9	17	9	13	16	9	6	13	7	9	8	5	6	2	9	18	12	11	8	3	6	4	3	17	7	9	4	228	93	68	36	4	51	8	44	13
GCF_023169945.1	4	8	3	3	3	11	6	7	8	8	7	12	7	11	7	5	4	3	13	7	7	7	6	6	8	3	3	9	8	2	4	167	82	41	23	7	42	4	42	15	4	8	3	3	3	11	6	7	8	8	7	12	7	11	7	5	4	3	13	7	7	7	6	6	8	3	3	9	8	2	4	167	82	41	23	7	42	4	42	15
GCF_023169965.1	2	5	2	2	2	10	6	7	7	8	7	12	6	9	8	5	1	2	10	7	7	4	5	3	5	2	3	7	8	2	5	139	69	34	17	6	37	4	33	14	2	5	2	2	2	10	6	7	7	8	7	12	6	9	8	5	1	2	10	7	7	4	5	3	5	2	3	7	8	2	5	139	69	34	17	6	37	4	33	14
GCF_023195755.1	4	6	6	2	2	14	5	6	5	4	4	11	6	8	7	6	1	1	6	2	6	7	6	4	8	2	3	9	2	1	5	136	66	34	16	3	30	8	39	13	4	6	6	2	2	14	5	6	5	4	4	11	6	8	7	6	1	1	6	2	6	7	6	4	8	2	3	9	2	1	5	136	66	34	16	3	30	8	39	13
GCF_023195775.1	3	4	2	1	1	11	6	5	7	6	5	9	7	8	6	5	1	2	6	3	6	7	4	2	5	1	3	9	3	2	4	119	58	30	12	3	27	7	32	13	3	4	2	1	1	11	6	5	7	6	5	9	7	8	6	5	1	2	6	3	6	7	4	2	5	1	3	9	3	2	4	119	58	30	12	3	27	7	32	13
GCF_023272795.1	5	6	7	1	3	12	7	7	9	9	6	11	6	12	7	6	1	2	10	7	7	7	7	5	7	3	3	14	3	6	5	160	79	50	22	6	41	8	43	14	5	6	7	1	3	12	7	7	9	9	6	11	6	12	7	6	1	2	10	7	7	7	7	5	7	3	3	14	3	6	5	160	79	50	22	6	41	8	43	14
GCF_023278185.1	6	6	2	3	9	14	6	12	11	14	10	12	8	10	12	6	1	3	13	20	7	10	9	4	8	3	6	21	9	12	4	240	108	76	37	7	51	7	58	18	6	6	2	3	9	14	6	12	11	14	10	12	8	10	12	6	1	3	13	20	7	10	9	4	8	3	6	21	9	12	4	240	108	76	37	7	51	7	58	18
GCF_023337365.3	4	5	5	2	4	13	6	8	9	10	5	10	5	7	8	6	1	2	8	8	11	6	6	4	4	4	4	11	7	7	5	173	71	47	23	3	34	7	38	12	4	5	5	2	4	13	6	8	9	10	5	10	5	7	8	6	1	2	8	8	11	6	6	4	4	4	4	11	7	7	5	173	71	47	23	3	34	7	38	12
GCF_023373525.1	6	5	5	4	3	15	6	8	9	9	6	13	6	11	2	6	2	1	7	6	9	6	8	6	5	4	3	7	5	3	4	153	70	38	23	4	39	8	35	10	6	5	5	4	3	15	6	8	9	9	6	13	6	11	2	6	2	1	7	6	9	6	8	6	5	4	3	7	5	3	4	153	70	38	23	4	39	8	35	10
GCF_023374935.1	6	7	10	6	3	14	7	7	17	10	8	18	9	12	10	7	3	3	10	18	7	7	6	6	6	6	4	17	8	3	5	251	101	72	38	6	48	8	58	17	6	7	10	6	3	14	7	7	17	10	8	18	9	12	10	7	3	3	10	18	7	7	6	6	6	6	4	17	8	3	5	251	101	72	38	6	48	8	58	17
GCF_023380025.1	3	5	2	1	2	13	7	6	8	6	6	10	5	8	8	5	1	2	6	5	9	5	6	4	7	2	3	12	7	1	4	142	72	38	20	4	33	8	38	13	3	5	2	1	2	13	7	6	8	6	6	10	5	8	8	5	1	2	6	5	9	5	6	4	7	2	3	12	7	1	4	142	72	38	20	4	33	8	38	13
GCF_023498005.1	4	5	6	2	5	16	6	9	16	17	8	14	7	13	3	5	3	1	13	16	9	7	10	8	9	4	4	18	11	8	5	223	96	63	27	7	45	8	54	13	4	5	6	2	5	16	6	9	16	17	8	14	7	13	3	5	3	1	13	16	9	7	10	8	9	4	4	18	11	8	5	223	96	63	27	7	45	8	54	13
GCF_023499275.1	3	6	3	1	1	12	7	6	4	5	4	5	4	13	6	5	1	3	3	2	2	5	3	4	2	3	3	1	6	1	5	94	48	15	12	2	19	4	28	14	3	6	3	1	1	12	7	6	4	5	4	5	4	13	6	5	1	3	3	2	2	5	3	4	2	3	3	1	6	1	5	94	48	15	12	2	19	4	28	14
GCF_023516435.1	4	6	4	2	5	16	7	9	9	6	6	13	6	11	5	5	2	1	7	10	7	7	7	4	6	4	3	10	8	4	4	163	79	43	20	4	39	8	38	13	4	6	4	2	5	16	7	9	9	6	6	13	6	11	5	5	2	1	7	10	7	7	7	4	6	4	3	10	8	4	4	163	79	43	20	4	39	8	38	13
GCF_023517775.1	5	4	8	3	3	15	7	7	13	15	8	15	6	12	9	6	2	3	10	8	9	7	6	6	6	4	4	13	8	7	5	223	100	63	24	7	44	8	53	17	5	4	8	3	3	15	7	7	13	15	8	15	6	12	9	6	2	3	10	8	9	7	6	6	6	4	4	13	8	7	5	223	100	63	24	7	44	8	53	17
GCF_023520795.1	3	5	2	1	4	15	7	7	8	7	6	14	6	10	5	5	2	1	3	5	7	3	4	4	8	5	3	8	8	3	4	147	77	33	19	5	42	10	40	11	3	5	2	1	4	15	7	7	8	7	6	14	6	10	5	5	2	1	3	5	7	3	4	4	8	5	3	8	8	3	4	147	77	33	19	5	42	10	40	11
GCF_023556315.2	3	5	1	1	2	10	6	6	8	6	5	8	6	6	6	5	1	2	8	4	6	7	4	2	5	1	3	8	3	3	5	120	60	33	13	4	29	6	32	11	3	5	1	1	2	10	6	6	8	6	5	8	6	6	6	5	1	2	8	4	6	7	4	2	5	1	3	8	3	3	5	120	60	33	13	4	29	6	32	11
GCF_023573145.1	4	6	4	2	9	13	11	10	8	11	7	11	7	11	9	5	1	3	9	22	11	7	8	5	7	2	4	19	8	9	4	227	101	71	37	7	48	11	51	16	4	6	4	2	9	13	11	10	8	11	7	11	7	11	9	5	1	3	9	22	11	7	8	5	7	2	4	19	8	9	4	227	101	71	37	7	48	11	51	16
GCF_023573565.1	4	6	2	1	2	11	6	7	8	7	6	10	6	8	8	6	1	1	7	6	6	8	6	5	4	3	3	12	9	1	4	146	72	37	20	4	36	5	37	13	4	6	2	1	2	11	6	7	8	7	6	10	6	8	8	6	1	1	7	6	6	8	6	5	4	3	3	12	9	1	4	146	72	37	20	4	36	5	37	13
GCF_023614525.1	4	4	1	1	1	8	7	4	3	6	3	5	4	5	1	6	1	1	2	2	4	4	3	2	6	2	3	2	6	1	5	85	39	15	9	2	20	5	25	5	4	4	1	1	1	8	7	4	3	6	3	5	4	5	1	6	1	1	2	2	4	4	3	2	6	2	3	2	6	1	5	85	39	15	9	2	20	5	25	5
GCF_023634805.2	4	5	2	2	5	14	6	7	7	7	7	9	7	7	7	5	1	2	10	11	6	6	8	4	5	4	3	18	8	4	4	179	75	53	28	5	38	6	47	11	4	5	2	2	5	14	6	7	7	7	7	9	7	7	7	5	1	2	10	11	6	6	8	4	5	4	3	18	8	4	4	179	75	53	28	5	38	6	47	11
GCF_023674425.1	5	5	3	2	2	13	7	6	7	5	6	9	6	7	3	5	1	2	8	5	6	8	7	5	6	2	3	11	7	1	4	136	68	37	22	4	34	7	41	7	5	5	3	2	2	13	7	6	7	5	6	9	6	7	3	5	1	2	8	5	6	8	7	5	6	2	3	11	7	1	4	136	68	37	22	4	34	7	41	7
GCF_023700225.1	6	5	3	2	3	11	6	7	8	12	4	13	5	10	7	5	2	1	11	5	7	11	5	4	5	3	3	12	7	2	4	160	77	42	22	7	42	7	37	13	6	5	3	2	3	11	6	7	8	12	4	13	5	10	7	5	2	1	11	5	7	11	5	4	5	3	3	12	7	2	4	160	77	42	22	7	42	7	37	13
GCF_023746555.1	2	6	1	1	2	12	8	7	9	13	10	10	7	9	2	7	6	2	10	10	6	4	3	6	9	5	4	13	9	3	5	170	83	42	15	7	40	6	45	8	2	6	1	1	2	12	8	7	9	13	10	10	7	9	2	7	6	2	10	10	6	4	3	6	9	5	4	13	9	3	5	170	83	42	15	7	40	6	45	8
GCF_023746615.1	6	7	3	2	7	18	8	10	16	10	8	15	6	13	13	5	3	3	13	16	10	9	8	6	10	4	4	11	8	8	5	240	116	69	35	7	50	8	60	21	6	7	3	2	7	18	8	10	16	10	8	15	6	13	13	5	3	3	13	16	10	9	8	6	10	4	4	11	8	8	5	240	116	69	35	7	50	8	60	21
GCF_023821985.2	3	6	8	4	4	13	7	7	8	7	5	12	6	11	10	6	3	2	6	6	7	6	5	4	8	2	3	12	6	7	5	157	79	43	15	5	39	9	40	15	3	6	8	4	4	13	7	7	8	7	5	12	6	11	10	6	3	2	6	6	7	6	5	4	8	2	3	12	6	7	5	157	79	43	15	5	39	9	40	15
GCF_023822005.2	3	6	8	3	4	10	7	7	8	8	5	11	6	12	12	6	3	2	6	6	7	6	5	4	8	2	3	17	6	7	5	164	81	44	17	5	39	7	43	17	3	6	8	3	4	10	7	7	8	8	5	11	6	12	12	6	3	2	6	6	7	6	5	4	8	2	3	17	6	7	5	164	81	44	17	5	39	7	43	17
GCF_023822065.1	4	7	6	1	2	13	8	6	7	6	8	11	8	9	5	5	1	3	15	5	6	10	9	7	8	3	3	16	10	1	4	171	85	46	29	5	41	9	48	11	4	7	6	1	2	13	8	6	7	6	8	11	8	9	5	5	1	3	15	5	6	10	9	7	8	3	3	16	10	1	4	171	85	46	29	5	41	9	48	11
GCF_023824315.1	4	4	3	2	4	16	8	7	10	7	7	13	9	6	3	5	1	2	9	8	6	8	5	6	9	3	3	12	7	6	4	179	82	55	25	7	45	8	52	7	4	4	3	2	4	16	8	7	10	7	7	13	9	6	3	5	1	2	9	8	6	8	5	6	9	3	3	12	7	6	4	179	82	55	25	7	45	8	52	7
GCF_023921125.1	3	5	3	2	4	16	8	8	8	5	6	15	6	14	5	6	3	1	11	11	10	7	6	3	6	5	3	7	8	4	4	169	85	49	29	4	41	10	37	15	3	5	3	2	4	16	8	8	8	5	6	15	6	14	5	6	3	1	11	11	10	7	6	3	6	5	3	7	8	4	4	169	85	49	29	4	41	10	37	15
GCF_023921165.1	3	3	5	3	3	12	5	6	7	6	5	11	6	6	7	6	1	1	5	4	7	5	4	2	5	1	3	11	5	2	5	124	68	27	12	5	37	6	33	11	3	3	5	3	3	12	5	6	7	6	5	11	6	6	7	6	1	1	5	4	7	5	4	2	5	1	3	11	5	2	5	124	68	27	12	5	37	6	33	11
GCF_023923205.1	4	7	3	2	2	15	6	7	9	6	3	13	4	10	5	5	2	1	9	9	8	7	7	3	5	3	3	12	8	2	4	151	74	40	23	3	33	8	36	10	4	7	3	2	2	15	6	7	9	6	3	13	4	10	5	5	2	1	9	9	8	7	7	3	5	3	3	12	8	2	4	151	74	40	23	3	33	8	36	10
GCF_023923245.1	4	7	4	2	4	17	6	9	12	10	7	15	6	15	5	5	3	1	11	11	11	7	10	5	8	4	4	17	11	7	4	212	96	63	26	5	43	8	53	15	4	7	4	2	4	17	6	9	12	10	7	15	6	15	5	5	3	1	11	11	11	7	10	5	8	4	4	17	11	7	4	212	96	63	26	5	43	8	53	15
GCF_023973165.1	4	3	2	2	2	11	6	5	3	4	0	6	4	6	4	5	1	1	3	2	3	4	3	2	1	3	3	1	7	2	4	78	35	11	9	0	14	7	20	8	4	3	2	2	2	11	6	5	3	4	0	6	4	6	4	5	1	1	3	2	3	4	3	2	1	3	3	1	7	2	4	78	35	11	9	0	14	7	20	8
GCF_023983615.1	4	5	1	4	3	12	3	6	4	7	4	14	7	10	7	6	1	1	5	4	6	5	5	3	7	2	4	16	9	2	5	150	86	28	17	5	36	5	43	15	4	5	1	4	3	12	3	6	4	7	4	14	7	10	7	6	1	1	5	4	6	5	5	3	7	2	4	16	9	2	5	150	86	28	17	5	36	5	43	15
GCF_024072275.1	4	7	4	2	11	18	7	12	10	12	7	13	6	9	10	6	1	4	9	21	8	5	5	4	7	3	5	19	7	11	4	235	102	76	33	7	50	8	59	14	4	7	4	2	11	18	7	12	10	12	7	13	6	9	10	6	1	4	9	21	8	5	5	4	7	3	5	19	7	11	4	235	102	76	33	7	50	8	59	14
GCF_024112395.2	4	9	4	3	8	18	8	11	10	12	8	16	8	8	11	6	2	4	11	15	9	6	7	4	8	4	5	19	7	11	4	245	105	74	34	5	54	9	60	15	4	9	4	3	8	18	8	11	10	12	8	16	8	8	11	6	2	4	11	15	9	6	7	4	8	4	5	19	7	11	4	245	105	74	34	5	54	9	60	15
GCF_024172705.1	3	2	0	1	0	1	2	1	0	0	1	0	0	2	0	1	1	1	4	0	1	6	1	0	0	0	0	0	0	0	4	14	6	9	8	0	5	2	0	2	3	2	0	1	0	1	2	1	0	0	1	0	0	2	0	1	1	1	4	0	1	6	1	0	0	0	0	0	0	0	4	14	6	9	8	0	5	2	0	2
GCF_024181585.1	4	6	6	2	3	10	6	5	4	7	3	7	4	7	6	5	1	0	5	3	3	5	3	1	0	1	2	0	6	2	5	91	46	19	10	6	25	5	9	10	4	6	6	2	3	10	6	5	4	7	3	7	4	7	6	5	1	0	5	3	3	5	3	1	0	1	2	0	6	2	5	91	46	19	10	6	25	5	9	10
GCF_024205945.1	5	6	2	1	1	12	6	6	6	10	4	6	6	9	2	6	1	1	5	4	3	8	2	7	4	4	3	8	9	2	5	119	63	27	17	2	20	5	37	9	5	6	2	1	1	12	6	6	6	10	4	6	6	9	2	6	1	1	5	4	3	8	2	7	4	4	3	8	9	2	5	119	63	27	17	2	20	5	37	9
GCF_024205965.1	5	6	2	1	1	12	6	6	6	9	4	6	6	9	2	6	1	1	4	5	2	6	3	7	5	4	3	10	9	6	5	128	65	31	17	2	21	5	40	9	5	6	2	1	1	12	6	6	6	9	4	6	6	9	2	6	1	1	4	5	2	6	3	7	5	4	3	10	9	6	5	128	65	31	17	2	21	5	40	9
GCF_024220175.1	4	5	3	3	5	12	7	8	6	4	6	12	7	10	11	8	1	1	3	7	5	5	5	4	9	1	3	13	8	5	4	154	79	35	16	4	36	7	47	17	4	5	3	3	5	12	7	8	6	4	6	12	7	10	11	8	1	1	3	7	5	5	5	4	9	1	3	13	8	5	4	154	79	35	16	4	36	7	47	17
GCF_024267655.1	3	3	2	0	2	16	7	6	10	8	6	15	6	6	4	5	0	2	3	6	7	4	3	5	6	1	3	10	7	5	4	141	71	39	17	5	40	8	37	8	3	3	2	0	2	16	7	6	10	8	6	15	6	6	4	5	0	2	3	6	7	4	3	5	6	1	3	10	7	5	4	141	71	39	17	5	40	8	37	8
GCF_024296885.1	3	7	3	1	2	10	2	5	7	16	6	8	7	6	7	3	1	2	8	7	4	9	3	5	3	5	4	6	6	4	5	147	66	40	28	4	27	5	35	9	3	7	3	1	2	10	2	5	7	16	6	8	7	6	7	3	1	2	8	7	4	9	3	5	3	5	4	6	6	4	5	147	66	40	28	4	27	5	35	9
GCF_024296925.1	4	8	4	3	12	17	7	13	9	12	8	13	8	9	10	7	2	4	11	21	8	5	7	4	7	4	5	19	7	12	4	244	108	78	34	5	50	8	59	14	4	8	4	3	12	17	7	13	9	12	8	13	8	9	10	7	2	4	11	21	8	5	7	4	7	4	5	19	7	12	4	244	108	78	34	5	50	8	59	14
GCF_024299005.1	2	3	1	0	2	9	6	6	3	2	6	1	4	5	1	4	0	1	4	1	3	5	4	3	4	2	2	6	5	1	3	70	33	19	9	3	13	4	30	5	2	3	1	0	2	9	6	6	3	2	6	1	4	5	1	4	0	1	4	1	3	5	4	3	4	2	2	6	5	1	3	70	33	19	9	3	13	4	30	5
GCF_024346585.1	2	4	2	1	1	11	7	6	8	6	4	9	4	12	2	5	1	2	3	2	4	5	3	5	3	2	3	1	7	1	5	100	47	18	13	3	26	4	27	10	2	4	2	1	1	11	7	6	8	6	4	9	4	12	2	5	1	2	3	2	4	5	3	5	3	2	3	1	7	1	5	100	47	18	13	3	26	4	27	10
GCF_024346605.1	6	12	8	4	10	16	10	13	18	10	6	15	8	12	9	6	6	2	11	20	13	11	9	6	10	3	3	18	7	13	6	257	104	81	45	5	54	9	50	18	6	12	8	4	10	16	10	13	18	10	6	15	8	12	9	6	6	2	11	20	13	11	9	6	10	3	3	18	7	13	6	257	104	81	45	5	54	9	50	18
GCF_024346755.1	5	6	8	1	5	13	6	7	13	12	9	13	6	13	7	5	3	4	14	10	10	8	6	4	8	5	4	12	7	2	5	206	99	53	25	8	49	4	55	16	5	6	8	1	5	13	6	7	13	12	9	13	6	13	7	5	3	4	14	10	10	8	6	4	8	5	4	12	7	2	5	206	99	53	25	8	49	4	55	16
GCF_024346955.1	5	7	8	4	4	14	7	6	13	12	9	14	6	14	11	5	1	4	13	8	9	8	5	4	8	3	4	13	7	8	5	221	101	64	29	8	47	6	55	20	5	7	8	4	4	14	7	6	13	12	9	14	6	14	11	5	1	4	13	8	9	8	5	4	8	3	4	13	7	8	5	221	101	64	29	8	47	6	55	20
GCF_024347055.1	4	6	10	2	5	14	6	7	13	13	9	14	8	14	12	5	1	3	12	9	8	8	4	3	9	4	4	14	7	6	6	227	103	58	25	7	48	5	57	21	4	6	10	2	5	14	6	7	13	13	9	14	8	14	12	5	1	3	12	9	8	8	4	3	9	4	4	14	7	6	6	227	103	58	25	7	48	5	57	21
GCF_024347115.1	5	6	9	2	2	15	8	6	15	13	8	13	6	16	11	5	1	3	14	10	9	8	7	4	8	3	4	11	7	4	5	221	100	61	33	8	47	9	53	22	5	6	9	2	2	15	8	6	15	13	8	13	6	16	11	5	1	3	14	10	9	8	7	4	8	3	4	11	7	4	5	221	100	61	33	8	47	9	53	22
GCF_024347255.1	4	8	2	2	9	16	7	10	16	15	8	12	5	7	8	5	1	2	13	17	12	5	9	4	9	2	4	11	4	9	5	225	96	82	33	9	50	7	51	12	4	8	2	2	9	16	7	10	16	15	8	12	5	7	8	5	1	2	13	17	12	5	9	4	9	2	4	11	4	9	5	225	96	82	33	9	50	7	51	12
GCF_024347575.1	5	7	4	1	3	15	6	7	16	10	8	13	6	13	5	5	1	3	13	15	8	8	6	4	10	2	4	10	7	8	6	213	98	62	33	6	44	5	56	14	5	7	4	1	3	15	6	7	16	10	8	13	6	13	5	5	1	3	13	15	8	8	6	4	10	2	4	10	7	8	6	213	98	62	33	6	44	5	56	14
GCF_024362325.1	3	5	4	4	5	14	6	9	7	7	7	12	6	10	8	6	1	1	5	7	5	2	4	2	6	4	3	5	7	4	4	130	72	32	15	4	37	8	28	15	3	5	4	4	5	14	6	9	7	7	7	12	6	10	8	6	1	1	5	7	5	2	4	2	6	4	3	5	7	4	4	130	72	32	15	4	37	8	28	15
GCF_024362345.1	4	4	1	2	3	10	7	6	8	7	6	11	6	6	7	6	1	1	7	6	7	7	5	2	5	1	3	11	3	2	5	125	71	33	16	6	35	7	34	11	4	4	1	2	3	10	7	6	8	7	6	11	6	6	7	6	1	1	7	6	7	7	5	2	5	1	3	11	3	2	5	125	71	33	16	6	35	7	34	11
GCF_024401155.1	4	3	1	1	0	8	4	2	2	2	0	5	4	8	4	5	1	1	3	4	4	7	2	2	0	1	2	4	6	1	5	72	28	15	12	0	10	4	9	9	4	3	1	1	0	8	4	2	2	2	0	5	4	8	4	5	1	1	3	4	4	7	2	2	0	1	2	4	6	1	5	72	28	15	12	0	10	4	9	9
GCF_024453815.1	3	6	2	1	4	14	7	7	8	7	4	15	5	9	5	5	1	1	5	4	6	5	4	2	7	4	3	8	8	2	4	134	77	33	21	5	40	9	34	10	3	6	2	1	4	14	7	7	8	7	4	15	5	9	5	5	1	1	5	4	6	5	4	2	7	4	3	8	8	2	4	134	77	33	21	5	40	9	34	10
GCF_024453835.1	2	3	2	1	3	15	7	7	9	5	6	14	6	10	4	5	1	1	5	5	4	2	3	3	8	4	3	9	8	2	4	130	76	28	13	4	39	10	38	11	2	3	2	1	3	15	7	7	9	5	6	14	6	10	4	5	1	1	5	5	4	2	3	3	8	4	3	9	8	2	4	130	76	28	13	4	39	10	38	11
GCF_024498215.1	1	3	3	1	0	1	1	0	0	0	0	0	0	2	1	0	1	1	1	0	0	2	0	0	0	0	2	0	0	0	4	14	4	6	4	0	3	1	3	1	1	3	3	1	0	1	1	0	0	0	0	0	0	2	1	0	1	1	1	0	0	2	0	0	0	0	2	0	0	0	4	14	4	6	4	0	3	1	3	1
GCF_024498295.1	4	3	6	1	3	9	7	8	6	8	4	11	6	7	1	6	1	1	4	3	6	7	3	1	1	1	2	0	7	3	5	99	54	25	12	4	36	5	14	6	4	3	6	1	3	9	7	8	6	8	4	11	6	7	1	6	1	1	4	3	6	7	3	1	1	1	2	0	7	3	5	99	54	25	12	4	36	5	14	6
GCF_024508275.1	4	5	6	4	4	15	6	7	9	9	6	14	8	11	7	6	3	1	6	7	6	5	6	5	7	6	3	7	8	6	4	163	83	40	20	4	40	8	39	14	4	5	6	4	4	15	6	7	9	9	6	14	8	11	7	6	3	1	6	7	6	5	6	5	7	6	3	7	8	6	4	163	83	40	20	4	40	8	39	14
GCF_024508315.1	4	6	7	4	4	15	7	7	8	9	6	15	8	12	9	6	2	1	6	7	6	5	6	5	7	6	3	7	8	8	4	170	82	44	21	4	41	8	42	16	4	6	7	4	4	15	7	7	8	9	6	15	8	12	9	6	2	1	6	7	6	5	6	5	7	6	3	7	8	8	4	170	82	44	21	4	41	8	42	16
GCF_024508335.1	3	5	7	4	5	14	6	7	8	9	6	16	7	13	10	6	2	1	5	6	6	3	5	3	7	4	3	6	8	2	4	159	84	38	22	5	43	8	35	17	3	5	7	4	5	14	6	7	8	9	6	16	7	13	10	6	2	1	5	6	6	3	5	3	7	4	3	6	8	2	4	159	84	38	22	5	43	8	35	17
GCF_024582835.1	6	7	3	1	2	13	8	7	13	12	8	13	7	13	9	5	1	3	15	13	7	8	8	7	8	2	4	10	7	7	6	222	104	72	38	7	46	6	56	18	6	7	3	1	2	13	8	7	13	12	8	13	7	13	9	5	1	3	15	13	7	8	8	7	8	2	4	10	7	7	6	222	104	72	38	7	46	6	56	18
GCF_024584585.1	4	9	4	2	9	17	8	10	11	14	8	13	8	7	9	6	2	4	12	16	9	6	7	4	7	3	5	18	7	10	4	232	102	70	33	7	50	9	56	13	4	9	4	2	9	17	8	10	11	14	8	13	8	7	9	6	2	4	12	16	9	6	7	4	7	3	5	18	7	10	4	232	102	70	33	7	50	9	56	13
GCF_024600715.1	3	6	3	3	4	16	7	10	10	7	6	13	5	13	8	5	2	1	8	6	8	4	6	4	7	4	4	15	9	7	4	184	79	47	15	4	36	8	51	16	3	6	3	3	4	16	7	10	10	7	6	13	5	13	8	5	2	1	8	6	8	4	6	4	7	4	4	15	9	7	4	184	79	47	15	4	36	8	51	16
GCF_024666385.1	5	5	2	2	4	21	8	10	13	9	9	12	7	12	7	5	2	1	10	10	9	7	11	4	7	4	3	17	9	7	4	200	88	58	24	6	40	9	51	15	5	5	2	2	4	21	8	10	13	9	9	12	7	12	7	5	2	1	10	10	9	7	11	4	7	4	3	17	9	7	4	200	88	58	24	6	40	9	51	15
GCF_024704525.1	4	8	2	1	3	20	10	8	8	10	7	12	6	10	10	7	1	1	10	22	7	6	6	5	8	3	5	13	10	6	4	233	94	78	40	8	47	10	52	16	4	8	2	1	3	20	10	8	8	10	7	12	6	10	10	7	1	1	10	22	7	6	6	5	8	3	5	13	10	6	4	233	94	78	40	8	47	10	52	16
GCF_024707545.1	6	10	12	6	9	16	9	13	19	10	7	12	7	12	10	6	4	2	10	22	11	11	9	3	7	4	4	20	8	11	4	257	95	78	40	6	49	10	59	18	6	10	12	6	9	16	9	13	19	10	7	12	7	12	10	6	4	2	10	22	11	11	9	3	7	4	4	20	8	11	4	257	95	78	40	6	49	10	59	18
GCF_024734075.1	5	5	2	2	9	14	10	11	12	7	6	15	6	12	8	5	2	2	11	12	9	6	10	4	8	4	3	15	8	12	4	192	96	57	22	5	45	9	49	15	5	5	2	2	9	14	10	11	12	7	6	15	6	12	8	5	2	2	11	12	9	6	10	4	8	4	3	15	8	12	4	192	96	57	22	5	45	9	49	15
GCF_024749065.1	4	7	2	1	10	19	8	13	12	10	8	13	8	9	12	5	1	2	11	23	8	5	7	4	7	3	5	18	7	12	4	240	107	80	37	7	54	11	55	16	4	7	2	1	10	19	8	13	12	10	8	13	8	9	12	5	1	2	11	23	8	5	7	4	7	3	5	18	7	12	4	240	107	80	37	7	54	11	55	16
GCF_024918935.1	3	4	8	2	2	11	6	7	9	10	6	8	6	9	5	5	1	2	8	5	7	7	6	3	6	2	3	9	3	6	5	137	69	36	16	6	37	8	35	11	3	4	8	2	2	11	6	7	9	10	6	8	6	9	5	5	1	2	8	5	7	7	6	3	6	2	3	9	3	6	5	137	69	36	16	6	37	8	35	11
GCF_024925465.1	4	7	3	1	3	16	7	6	11	8	7	14	6	8	9	5	2	2	8	9	9	5	8	3	7	4	6	15	7	6	4	200	86	63	31	6	42	8	49	13	4	7	3	1	3	16	7	6	11	8	7	14	6	8	9	5	2	2	8	9	9	5	8	3	7	4	6	15	7	6	4	200	86	63	31	6	42	8	49	13
GCF_024927925.1	5	6	2	1	2	12	8	6	8	13	6	10	6	8	1	6	1	2	8	5	4	8	5	3	10	3	3	14	8	1	5	150	73	34	18	5	32	7	43	6	5	6	2	1	2	12	8	6	8	13	6	10	6	8	1	6	1	2	8	5	4	8	5	3	10	3	3	14	8	1	5	150	73	34	18	5	32	7	43	6
GCF_025118245.1	5	7	3	4	5	16	7	9	9	10	6	12	6	8	9	5	4	2	11	13	8	7	8	4	6	4	3	16	7	5	4	185	84	56	28	5	45	8	41	14	5	7	3	4	5	16	7	9	9	10	6	12	6	8	9	5	4	2	11	13	8	7	8	4	6	4	3	16	7	5	4	185	84	56	28	5	45	8	41	14
GCF_025136295.1	5	5	2	1	5	17	9	9	20	11	6	10	5	6	4	4	3	1	11	16	9	8	9	7	5	2	3	20	7	9	4	208	79	66	31	5	41	10	55	8	5	5	2	1	5	17	9	9	20	11	6	10	5	6	4	4	3	1	11	16	9	8	9	7	5	2	3	20	7	9	4	208	79	66	31	5	41	10	55	8
GCF_025137375.1	3	7	6	1	6	18	6	10	11	13	7	17	6	11	6	7	3	2	11	13	8	5	10	5	16	5	3	15	13	10	6	230	102	65	25	5	43	9	61	14	3	7	6	1	6	18	6	10	11	13	7	17	6	11	6	7	3	2	11	13	8	5	10	5	16	5	3	15	13	10	6	230	102	65	25	5	43	9	61	14
GCF_025139665.1	5	7	2	1	7	17	9	11	23	6	6	10	6	9	8	5	1	2	9	13	9	7	10	5	6	3	3	17	9	11	4	218	84	62	26	4	40	10	47	13	5	7	2	1	7	17	9	11	23	6	6	10	6	9	8	5	1	2	9	13	9	7	10	5	6	3	3	17	9	11	4	218	84	62	26	4	40	10	47	13
GCF_025144545.1	4	3	3	1	0	11	6	6	7	9	5	11	7	8	10	5	1	0	9	2	8	6	5	4	6	1	3	0	8	1	4	122	65	20	13	3	35	6	25	14	4	3	3	1	0	11	6	6	7	9	5	11	7	8	10	5	1	0	9	2	8	6	5	4	6	1	3	0	8	1	4	122	65	20	13	3	35	6	25	14
GCF_025144665.1	5	5	1	2	2	10	6	7	8	10	7	6	6	8	12	5	1	1	6	4	5	7	4	5	3	2	3	2	6	3	5	117	64	28	15	7	34	7	25	16	5	5	1	2	2	10	6	7	8	10	7	6	6	8	12	5	1	1	6	4	5	7	4	5	3	2	3	2	6	3	5	117	64	28	15	7	34	7	25	16
GCF_025144995.1	4	5	5	2	2	10	7	8	10	8	8	10	6	9	9	4	1	1	7	3	3	6	4	6	4	2	3	3	7	3	5	123	64	26	12	7	36	7	27	15	4	5	5	2	2	10	7	8	10	8	8	10	6	9	9	4	1	1	7	3	3	6	4	6	4	2	3	3	7	3	5	123	64	26	12	7	36	7	27	15
GCF_025145845.1	5	3	3	1	2	12	7	7	6	5	4	7	6	9	12	5	1	1	6	2	5	5	4	3	3	1	3	3	7	2	5	113	59	20	10	4	30	6	21	17	5	3	3	1	2	12	7	7	6	5	4	7	6	9	12	5	1	1	6	2	5	5	4	3	3	1	3	3	7	2	5	113	59	20	10	4	30	6	21	17
GCF_025147765.1	5	3	5	2	4	9	7	10	6	6	7	12	7	14	9	6	1	3	7	5	5	8	3	5	6	2	3	11	8	4	5	144	75	31	12	5	38	5	35	19	5	3	5	2	4	9	7	10	6	6	7	12	7	14	9	6	1	3	7	5	5	8	3	5	6	2	3	11	8	4	5	144	75	31	12	5	38	5	35	19
GCF_025148125.1	5	3	6	2	4	10	7	10	6	6	7	13	7	13	5	6	2	2	8	6	5	9	3	7	6	2	3	10	7	4	5	144	75	33	14	5	39	5	36	14	5	3	6	2	4	10	7	10	6	6	7	13	7	13	5	6	2	2	8	6	5	9	3	7	6	2	3	10	7	4	5	144	75	33	14	5	39	5	36	14
GCF_025148965.1	4	4	3	1	4	9	7	7	5	7	7	11	7	8	2	5	1	1	10	5	7	7	4	8	6	2	3	9	6	2	6	132	65	31	15	7	40	5	36	8	4	4	3	1	4	9	7	7	5	7	7	11	7	8	2	5	1	1	10	5	7	7	4	8	6	2	3	9	6	2	6	132	65	31	15	7	40	5	36	8
GCF_025149125.1	4	10	9	3	5	14	5	12	8	7	7	12	7	10	7	7	2	2	12	5	4	9	3	4	2	1	3	8	8	5	6	153	74	39	16	5	44	6	22	13	4	10	9	3	5	14	5	12	8	7	7	12	7	10	7	7	2	2	12	5	4	9	3	4	2	1	3	8	8	5	6	153	74	39	16	5	44	6	22	13
GCF_025149285.1	6	14	11	5	4	13	7	10	9	9	7	14	8	14	10	8	2	1	7	4	10	14	5	4	3	1	3	8	7	4	7	174	85	42	20	5	49	8	26	19	6	14	11	5	4	13	7	10	9	9	7	14	8	14	10	8	2	1	7	4	10	14	5	4	3	1	3	8	7	4	7	174	85	42	20	5	49	8	26	19
GCF_025149465.1	4	4	2	1	5	12	7	10	7	9	6	12	6	10	6	6	1	4	2	4	5	6	3	4	3	3	3	0	7	4	5	113	68	24	11	6	42	7	22	12	4	4	2	1	5	12	7	10	7	9	6	12	6	10	6	6	1	4	2	4	5	6	3	4	3	3	3	0	7	4	5	113	68	24	11	6	42	7	22	12
GCF_025149785.1	4	2	5	1	4	11	8	11	7	8	6	10	6	13	4	6	1	2	5	5	6	8	3	4	7	2	3	2	7	4	5	125	64	23	12	4	35	7	24	14	4	2	5	1	4	11	8	11	7	8	6	10	6	13	4	6	1	2	5	5	6	8	3	4	7	2	3	2	7	4	5	125	64	23	12	4	35	7	24	14
GCF_025151045.1	4	6	6	3	3	10	6	8	10	11	7	7	6	6	8	5	1	1	8	6	6	7	5	4	6	1	3	7	5	4	5	144	70	37	20	6	39	7	32	12	4	6	6	3	3	10	6	8	10	11	7	7	6	6	8	5	1	1	8	6	6	7	5	4	6	1	3	7	5	4	5	144	70	37	20	6	39	7	32	12
GCF_025151385.1	3	4	1	1	1	8	8	4	5	7	5	5	5	5	6	5	0	1	4	1	4	6	2	2	5	2	2	5	5	1	5	90	45	17	9	3	18	8	22	9	3	4	1	1	1	8	8	4	5	7	5	5	5	5	6	5	0	1	4	1	4	6	2	2	5	2	2	5	5	1	5	90	45	17	9	3	18	8	22	9
GCF_025152405.1	4	2	1	1	3	9	6	8	5	8	5	13	6	11	1	5	1	2	5	3	6	8	3	3	1	2	3	2	8	3	5	106	60	22	12	3	38	5	18	9	4	2	1	1	3	9	6	8	5	8	5	13	6	11	1	5	1	2	5	3	6	8	3	3	1	2	3	2	8	3	5	106	60	22	12	3	38	5	18	9
GCF_025200655.1	5	6	4	1	2	15	6	7	11	9	8	14	8	13	9	5	1	3	10	9	7	7	6	4	6	4	4	13	8	4	5	199	96	51	26	5	42	9	54	17	5	6	4	1	2	15	6	7	11	9	8	14	8	13	9	5	1	3	10	9	7	7	6	4	6	4	4	13	8	4	5	199	96	51	26	5	42	9	54	17
GCF_025200715.1	7	10	9	5	10	16	10	11	22	9	10	10	12	12	10	7	9	2	11	24	11	10	10	5	9	3	3	20	8	12	5	270	106	92	48	6	50	9	56	17	7	10	9	5	10	16	10	11	22	9	10	10	12	12	10	7	9	2	11	24	11	10	10	5	9	3	3	20	8	12	5	270	106	92	48	6	50	9	56	17
GCF_025200795.1	6	10	7	4	9	18	9	12	14	8	6	12	8	11	9	6	5	2	12	16	9	8	9	6	10	3	3	19	8	11	5	242	97	73	36	4	46	9	51	17	6	10	7	4	9	18	9	12	14	8	6	12	8	11	9	6	5	2	12	16	9	8	9	6	10	3	3	19	8	11	5	242	97	73	36	4	46	9	51	17
GCF_025215495.1	3	5	2	1	5	14	7	9	8	9	6	15	6	9	6	5	2	2	6	9	8	4	8	5	7	4	3	16	11	7	4	170	90	47	22	4	43	8	47	11	3	5	2	1	5	14	7	9	8	9	6	15	6	9	6	5	2	2	6	9	8	4	8	5	7	4	3	16	11	7	4	170	90	47	22	4	43	8	47	11
GCF_025231465.1	4	7	5	1	4	17	7	9	14	12	9	13	8	13	3	5	2	1	10	12	14	7	13	6	5	4	4	17	12	7	4	219	93	75	31	6	46	9	50	12	4	7	5	1	4	17	7	9	14	12	9	13	8	13	3	5	2	1	10	12	14	7	13	6	5	4	4	17	12	7	4	219	93	75	31	6	46	9	50	12
GCF_025232395.1	2	4	2	2	3	12	7	8	3	3	4	10	6	8	9	5	1	2	2	2	5	4	3	5	6	1	3	9	6	3	4	116	60	24	9	4	29	9	33	14	2	4	2	2	3	12	7	8	3	3	4	10	6	8	9	5	1	2	2	2	5	4	3	5	6	1	3	9	6	3	4	116	60	24	9	4	29	9	33	14
GCF_025244825.1	2	6	4	1	3	16	6	7	6	5	6	13	6	12	5	6	2	1	8	7	4	2	4	3	2	4	3	6	8	3	4	145	72	39	20	4	37	8	28	14	2	6	4	1	3	16	6	7	6	5	6	13	6	12	5	6	2	1	8	7	4	2	4	3	2	4	3	6	8	3	4	145	72	39	20	4	37	8	28	14
GCF_025244925.1	3	6	4	3	3	16	6	7	6	5	6	13	6	12	5	6	4	0	8	7	4	3	4	3	1	4	3	6	8	3	4	142	74	40	22	4	38	8	27	14	3	6	4	3	3	16	6	7	6	5	6	13	6	12	5	6	4	0	8	7	4	3	4	3	1	4	3	6	8	3	4	142	74	40	22	4	38	8	27	14
GCF_025264625.1	2	5	5	1	2	12	5	6	8	7	4	10	6	7	5	5	1	1	8	5	7	6	5	2	6	2	3	10	8	1	5	137	64	35	18	5	28	4	30	11	2	5	5	1	2	12	5	6	8	7	4	10	6	7	5	5	1	1	8	5	7	6	5	2	6	2	3	10	8	1	5	137	64	35	18	5	28	4	30	11
GCF_025264665.1	2	6	5	2	2	12	6	6	7	7	4	9	6	11	9	5	1	2	5	3	4	5	2	4	5	2	3	8	8	1	5	126	62	25	10	4	26	5	29	17	2	6	5	2	2	12	6	6	7	7	4	9	6	11	9	5	1	2	5	3	4	5	2	4	5	2	3	8	8	1	5	126	62	25	10	4	26	5	29	17
GCF_025264685.1	4	8	2	2	4	22	7	10	12	11	7	18	6	12	8	7	2	2	10	10	6	5	8	4	6	4	3	15	10	3	6	193	92	48	22	5	45	11	48	17	4	8	2	2	4	22	7	10	12	11	7	18	6	12	8	7	2	2	10	10	6	5	8	4	6	4	3	15	10	3	6	193	92	48	22	5	45	11	48	17
GCF_025264705.1	4	7	6	2	7	19	6	11	10	14	7	15	6	10	6	7	3	2	10	9	6	6	10	6	10	4	3	15	8	11	6	202	89	54	20	5	42	10	53	13	4	7	6	2	7	19	6	11	10	14	7	15	6	10	6	7	3	2	10	9	6	6	10	6	10	4	3	15	8	11	6	202	89	54	20	5	42	10	53	13
GCF_025266575.1	4	5	5	1	4	13	6	8	10	12	5	10	5	7	7	6	1	2	9	9	11	6	7	4	4	4	4	11	7	7	5	179	73	49	26	3	34	7	38	11	4	5	5	1	4	13	6	8	10	12	5	10	5	7	7	6	1	2	9	9	11	6	7	4	4	4	4	11	7	7	5	179	73	49	26	3	34	7	38	11
GCF_025273675.1	3	5	2	2	5	17	8	10	9	6	6	13	6	8	6	5	2	2	9	9	6	3	8	4	9	4	3	14	8	10	4	167	83	51	19	4	39	11	46	11	3	5	2	2	5	17	8	10	9	6	6	13	6	8	6	5	2	2	9	9	6	3	8	4	9	4	3	14	8	10	4	167	83	51	19	4	39	11	46	11
GCF_025345565.1	4	5	2	1	5	17	9	6	9	11	7	10	6	7	8	5	1	2	11	7	8	5	7	2	7	2	4	14	7	6	4	185	86	55	26	8	41	9	46	12	4	5	2	1	5	17	9	6	9	11	7	10	6	7	8	5	1	2	11	7	8	5	7	2	7	2	4	14	7	6	4	185	86	55	26	8	41	9	46	12
GCF_025398155.2	4	6	4	2	3	15	7	6	8	7	7	10	6	11	7	5	1	3	10	14	8	6	9	3	6	4	3	17	8	5	4	191	83	60	31	7	40	8	46	15	4	6	4	2	3	15	7	6	8	7	7	10	6	11	7	5	1	3	10	14	8	6	9	3	6	4	3	17	8	5	4	191	83	60	31	7	40	8	46	15
GCF_025558825.1	3	5	3	1	1	12	6	6	9	6	4	8	6	10	3	6	1	2	5	5	3	5	3	7	5	3	3	7	9	6	5	129	62	26	15	3	26	5	39	8	3	5	3	1	1	12	6	6	9	6	4	8	6	10	3	6	1	2	5	5	3	5	3	7	5	3	3	7	9	6	5	129	62	26	15	3	26	5	39	8
GCF_025558845.1	5	6	6	1	2	12	7	6	9	9	4	9	6	10	3	6	1	2	8	5	4	8	3	6	7	3	4	10	7	5	5	145	69	33	18	4	30	7	40	8	5	6	6	1	2	12	7	6	9	9	4	9	6	10	3	6	1	2	8	5	4	8	3	6	7	3	4	10	7	5	5	145	69	33	18	4	30	7	40	8
GCF_025560845.1	3	5	6	1	2	12	5	6	9	8	4	8	5	10	3	6	3	3	6	5	5	5	3	5	6	4	4	7	8	1	5	132	66	27	14	4	28	5	37	8	3	5	6	1	2	12	5	6	9	8	4	8	5	10	3	6	3	3	6	5	5	5	3	5	6	4	4	7	8	1	5	132	66	27	14	4	28	5	37	8
GCF_025561465.1	3	4	6	1	1	12	6	6	9	8	4	8	5	11	3	6	1	3	5	6	3	4	3	6	4	4	3	7	7	6	5	133	59	27	15	3	26	5	38	8	3	4	6	1	1	12	6	6	9	8	4	8	5	11	3	6	1	3	5	6	3	4	3	6	4	4	3	7	7	6	5	133	59	27	15	3	26	5	38	8
GCF_025639805.1	3	4	5	1	3	10	5	7	7	6	5	8	6	10	5	4	1	2	7	4	6	6	5	3	8	1	3	10	7	6	5	137	63	36	11	4	29	5	37	12	3	4	5	1	3	10	5	7	7	6	5	8	6	10	5	4	1	2	7	4	6	6	5	3	8	1	3	10	7	6	5	137	63	36	11	4	29	5	37	12
GCF_025642135.1	3	5	6	3	6	16	8	10	13	9	7	17	5	13	4	6	3	1	9	10	12	5	7	7	10	4	4	15	13	8	4	209	91	52	16	6	44	9	54	13	3	5	6	3	6	16	8	10	13	9	7	17	5	13	4	6	3	1	9	10	12	5	7	7	10	4	4	15	13	8	4	209	91	52	16	6	44	9	54	13
GCF_025642175.1	3	7	4	2	7	17	6	10	12	8	8	13	5	13	7	7	3	2	9	9	10	5	9	5	10	4	3	17	11	8	4	201	93	58	20	5	42	8	50	15	3	7	4	2	7	17	6	10	12	8	8	13	5	13	7	7	3	2	9	9	10	5	9	5	10	4	3	17	11	8	4	201	93	58	20	5	42	8	50	15
GCF_025643595.1	2	6	4	1	6	16	6	10	13	11	7	15	10	11	7	6	2	2	8	13	11	2	7	7	11	5	3	15	9	10	5	211	98	55	19	4	46	9	52	14	2	6	4	1	6	16	6	10	13	11	7	15	10	11	7	6	2	2	8	13	11	2	7	7	11	5	3	15	9	10	5	211	98	55	19	4	46	9	52	14
GCF_025722975.1	4	8	5	2	9	17	7	11	11	11	6	15	6	12	8	5	2	2	10	13	8	7	10	6	11	5	3	15	8	11	4	224	106	65	29	5	49	9	63	16	4	8	5	2	9	17	7	11	11	11	6	15	6	12	8	5	2	2	10	13	8	7	10	6	11	5	3	15	8	11	4	224	106	65	29	5	49	9	63	16
GCF_025725725.1	4	5	2	1	3	13	6	7	9	10	6	12	6	10	3	6	1	1	6	3	4	4	5	5	4	3	3	8	7	6	4	133	67	33	14	4	38	8	31	10	4	5	2	1	3	13	6	7	9	10	6	12	6	10	3	6	1	1	6	3	4	4	5	5	4	3	3	8	7	6	4	133	67	33	14	4	38	8	31	10
GCF_025857195.1	4	8	2	1	9	17	9	13	25	6	6	10	9	7	7	7	1	2	10	16	9	7	9	6	8	3	3	17	10	13	4	241	89	74	31	4	42	10	49	11	4	8	2	1	9	17	9	13	25	6	6	10	9	7	7	7	1	2	10	16	9	7	9	6	8	3	3	17	10	13	4	241	89	74	31	4	42	10	49	11
GCF_025908395.1	3	5	6	3	8	16	7	10	12	9	9	13	7	13	12	5	3	1	11	12	10	6	11	5	13	4	4	16	11	8	4	219	100	63	22	7	45	9	55	19	3	5	6	3	8	16	7	10	12	9	9	13	7	13	12	5	3	1	11	12	10	6	11	5	13	4	4	16	11	8	4	219	100	63	22	7	45	9	55	19
GCF_025998455.1	2	5	2	1	1	5	6	5	6	5	5	13	6	6	5	4	0	3	2	3	4	3	3	5	3	1	3	7	7	2	4	95	50	23	12	2	27	5	31	9	2	5	2	1	1	5	6	5	6	5	5	13	6	6	5	4	0	3	2	3	4	3	3	5	3	1	3	7	7	2	4	95	50	23	12	2	27	5	31	9
GCF_025999835.1	3	5	2	2	4	10	7	8	6	7	6	10	6	11	12	5	1	2	6	9	5	4	5	6	5	2	3	13	7	4	5	147	79	41	21	5	33	5	35	17	3	5	2	2	4	10	7	8	6	7	6	10	6	11	12	5	1	2	6	9	5	4	5	6	5	2	3	13	7	4	5	147	79	41	21	5	33	5	35	17
GCF_026000375.1	2	4	4	2	3	11	7	7	6	5	5	10	6	7	10	5	1	2	3	6	4	3	2	5	6	3	3	7	6	3	5	124	62	25	12	4	33	8	33	14	2	4	4	2	3	11	7	7	6	5	5	10	6	7	10	5	1	2	3	6	4	3	2	5	6	3	3	7	6	3	5	124	62	25	12	4	33	8	33	14
GCF_026001925.1	5	5	6	2	2	16	7	7	12	11	8	14	7	11	6	5	1	3	11	7	7	8	5	6	8	3	4	9	7	8	5	199	92	58	26	7	46	7	53	13	5	5	6	2	2	16	7	7	12	11	8	14	7	11	6	5	1	3	11	7	7	8	5	6	8	3	4	9	7	8	5	199	92	58	26	7	46	7	53	13
GCF_026072915.1	5	3	3	4	3	8	6	5	7	4	5	10	6	7	9	5	1	2	6	3	6	5	5	6	5	1	3	8	6	2	5	116	59	24	11	5	32	4	34	12	5	3	3	4	3	8	6	5	7	4	5	10	6	7	9	5	1	2	6	3	6	5	5	6	5	1	3	8	6	2	5	116	59	24	11	5	32	4	34	12
GCF_026109735.1	5	4	6	2	2	9	8	5	8	7	6	11	6	9	6	6	1	2	8	6	7	8	7	2	5	2	3	12	3	1	5	141	71	38	18	5	36	7	37	12	5	4	6	2	2	9	8	5	8	7	6	11	6	9	6	6	1	2	8	6	7	8	7	2	5	2	3	12	3	1	5	141	71	38	18	5	36	7	37	12
GCF_026191725.2	5	7	6	3	5	15	7	9	16	10	6	10	6	9	11	5	3	1	9	13	9	7	9	6	5	3	3	21	7	11	5	212	86	64	31	4	40	8	49	16	5	7	6	3	5	15	7	9	16	10	6	10	6	9	11	5	3	1	9	13	9	7	9	6	5	3	3	21	7	11	5	212	86	64	31	4	40	8	49	16
GCF_026210475.1	4	8	2	2	2	15	8	5	6	6	7	11	6	9	8	6	1	1	7	11	7	5	7	3	8	3	4	12	10	4	4	191	81	58	31	6	39	9	44	14	4	8	2	2	2	15	8	5	6	6	7	11	6	9	8	6	1	1	7	11	7	5	7	3	8	3	4	12	10	4	4	191	81	58	31	6	39	9	44	14
GCF_026247885.1	3	6	3	2	3	12	6	6	5	10	8	10	7	10	11	6	1	2	8	7	5	8	3	3	10	3	3	13	7	5	4	172	85	53	32	7	41	6	49	16	3	6	3	2	3	12	6	6	5	10	8	10	7	10	11	6	1	2	8	7	5	8	3	3	10	3	3	13	7	5	4	172	85	53	32	7	41	6	49	16
GCF_026278245.1	3	6	1	2	2	13	7	5	8	8	7	9	7	10	13	3	1	2	7	3	5	6	5	2	9	2	3	10	7	2	5	155	74	35	14	5	34	7	39	19	3	6	1	2	2	13	7	5	8	8	7	9	7	10	13	3	1	2	7	3	5	6	5	2	9	2	3	10	7	2	5	155	74	35	14	5	34	7	39	19
GCF_026278345.1	3	6	7	2	3	12	5	6	8	8	6	8	5	8	7	4	2	2	10	6	6	7	4	6	6	2	3	11	5	6	5	142	70	37	16	6	35	7	40	13	3	6	7	2	3	12	5	6	8	8	6	8	5	8	7	4	2	2	10	6	6	7	4	6	6	2	3	11	5	6	5	142	70	37	16	6	35	7	40	13
GCF_026314945.1	2	5	3	1	2	15	5	7	7	7	5	7	6	5	5	4	1	1	7	2	5	6	5	1	9	2	3	9	2	1	6	122	61	28	13	4	28	9	36	9	2	5	3	1	2	15	5	7	7	7	5	7	6	5	5	4	1	1	7	2	5	6	5	1	9	2	3	9	2	1	6	122	61	28	13	4	28	9	36	9
GCF_026409565.1	3	6	2	1	3	17	7	7	11	8	6	10	5	9	11	5	1	1	9	7	8	8	7	5	6	1	3	16	7	7	4	178	71	50	22	4	34	9	40	16	3	6	2	1	3	17	7	7	11	8	6	10	5	9	11	5	1	1	9	7	8	8	7	5	6	1	3	16	7	7	4	178	71	50	22	4	34	9	40	16
GCF_026427415.1	3	5	4	1	4	17	6	9	11	10	8	17	6	11	4	5	3	1	9	8	11	4	9	4	8	4	4	17	9	7	4	197	88	59	17	5	46	8	48	11	3	5	4	1	4	17	6	9	11	10	8	17	6	11	4	5	3	1	9	8	11	4	9	4	8	4	4	17	9	7	4	197	88	59	17	5	46	8	48	11
GCF_026427595.1	4	4	2	1	5	10	8	8	9	10	7	11	6	7	7	5	1	2	8	7	8	6	5	4	6	2	4	16	7	8	5	176	82	50	22	6	40	5	49	11	4	4	2	1	5	10	8	8	9	10	7	11	6	7	7	5	1	2	8	7	8	6	5	4	6	2	4	16	7	8	5	176	82	50	22	6	40	5	49	11
GCF_026625045.1	2	5	4	2	4	14	6	8	6	6	7	12	6	10	4	6	1	1	5	6	4	2	4	2	6	3	3	4	7	3	4	121	69	29	15	4	36	8	27	11	2	5	4	2	4	14	6	8	6	6	7	12	6	10	4	6	1	1	5	6	4	2	4	2	6	3	3	4	7	3	4	121	69	29	15	4	36	8	27	11
GCF_026650945.1	4	6	3	1	1	10	5	8	5	6	7	7	7	18	11	9	1	1	5	4	3	5	2	5	6	3	3	8	7	2	6	143	70	28	15	4	26	4	37	22	4	6	3	1	1	10	5	8	5	6	7	7	7	18	11	9	1	1	5	4	3	5	2	5	6	3	3	8	7	2	6	143	70	28	15	4	26	4	37	22
GCF_026651875.1	6	8	11	6	4	14	11	9	7	16	6	14	6	18	10	7	5	3	9	10	6	12	7	8	5	2	3	16	10	3	5	222	98	56	27	6	45	7	62	20	6	8	11	6	4	14	11	9	7	16	6	14	6	18	10	7	5	3	9	10	6	12	7	8	5	2	3	16	10	3	5	222	98	56	27	6	45	7	62	20
GCF_026723765.1	4	4	8	2	3	8	6	8	7	8	7	14	8	11	7	8	3	1	9	3	5	10	3	5	7	1	3	9	9	3	6	153	85	33	14	5	42	4	33	14	4	4	8	2	3	8	6	8	7	8	7	14	8	11	7	8	3	1	9	3	5	10	3	5	7	1	3	9	9	3	6	153	85	33	14	5	42	4	33	14
GCF_026725475.1	6	6	7	5	5	14	6	5	9	12	7	13	5	10	5	5	5	2	10	5	7	9	5	3	5	2	3	12	7	6	5	176	88	50	25	7	47	7	43	13	6	6	7	5	5	14	6	5	9	12	7	13	5	10	5	5	5	2	10	5	7	9	5	3	5	2	3	12	7	6	5	176	88	50	25	7	47	7	43	13
GCF_026810365.1	5	4	4	3	3	10	7	6	8	7	6	11	6	13	9	6	1	2	10	7	7	9	6	5	5	1	3	14	3	6	5	150	75	44	19	6	37	7	42	16	5	4	4	3	3	10	7	6	8	7	6	11	6	13	9	6	1	2	10	7	7	9	6	5	5	1	3	14	3	6	5	150	75	44	19	6	37	7	42	16
GCF_026810445.1	3	9	4	3	9	17	8	10	8	7	8	11	7	8	11	5	3	4	12	13	9	6	5	4	7	3	5	18	7	9	4	216	95	63	27	5	43	9	55	15	3	9	4	3	9	17	8	10	8	7	8	11	7	8	11	5	3	4	12	13	9	6	5	4	7	3	5	18	7	9	4	216	95	63	27	5	43	9	55	15
GCF_026870155.1	5	5	7	4	3	11	7	6	8	9	6	11	6	14	11	6	2	2	8	5	7	8	6	5	6	2	3	14	3	6	5	159	76	42	17	6	40	7	44	20	5	5	7	4	3	11	7	6	8	9	6	11	6	14	11	6	2	2	8	5	7	8	6	5	6	2	3	14	3	6	5	159	76	42	17	6	40	7	44	20
GCF_026870175.2	4	5	1	2	3	10	7	6	8	8	6	11	6	11	6	6	1	2	9	5	6	8	6	5	7	2	3	14	3	3	5	143	76	40	18	6	39	6	43	13	4	5	1	2	3	10	7	6	8	8	6	11	6	11	6	6	1	2	9	5	6	8	6	5	7	2	3	14	3	3	5	143	76	40	18	6	39	6	43	13
GCF_026898135.2	4	7	2	3	11	17	9	14	15	11	8	16	8	8	11	5	1	3	13	29	11	5	7	5	7	3	5	18	7	13	4	257	114	84	41	7	59	10	59	15	4	7	2	3	11	17	9	14	15	11	8	16	8	8	11	5	1	3	13	29	11	5	7	5	7	3	5	18	7	13	4	257	114	84	41	7	59	10	59	15
GCF_026898155.1	4	9	5	2	6	16	9	10	10	9	6	11	7	9	10	6	6	2	7	12	8	6	7	2	7	3	4	17	8	11	4	201	86	62	27	4	41	8	41	15	4	9	5	2	6	16	9	10	10	9	6	11	7	9	10	6	6	2	7	12	8	6	7	2	7	3	4	17	8	11	4	201	86	62	27	4	41	8	41	15
GCF_026967515.2	6	8	8	4	7	15	7	9	12	14	8	17	9	12	13	8	4	3	12	8	8	9	6	5	8	4	4	14	8	5	5	240	115	59	25	6	50	9	55	20	6	8	8	4	7	15	7	9	12	14	8	17	9	12	13	8	4	3	12	8	8	9	6	5	8	4	4	14	8	5	5	240	115	59	25	6	50	9	55	20
GCF_027111255.2	4	6	7	4	3	12	7	7	9	8	6	11	6	13	8	6	1	2	8	4	7	7	6	5	7	3	3	14	3	6	5	157	78	44	17	6	40	8	48	15	4	6	7	4	3	12	7	7	9	8	6	11	6	13	8	6	1	2	8	4	7	7	6	5	7	3	3	14	3	6	5	157	78	44	17	6	40	8	48	15
GCF_027111275.1	4	6	7	2	3	11	7	6	9	10	6	11	6	12	6	6	1	2	9	7	7	7	6	5	7	3	3	15	3	7	5	160	81	52	22	6	42	7	44	13	4	6	7	2	3	11	7	6	9	10	6	11	6	12	6	6	1	2	9	7	7	7	6	5	7	3	3	15	3	7	5	160	81	52	22	6	42	7	44	13
GCF_027111295.1	4	6	7	2	3	12	7	7	9	10	6	11	6	13	8	6	2	2	8	5	7	7	6	5	7	3	3	15	3	7	6	162	80	48	19	6	42	8	45	16	4	6	7	2	3	12	7	7	9	10	6	11	6	13	8	6	2	2	8	5	7	7	6	5	7	3	3	15	3	7	6	162	80	48	19	6	42	8	45	16
GCF_027111315.2	5	4	9	5	3	10	7	7	9	8	6	11	6	15	10	6	2	2	9	5	7	8	7	5	6	1	3	12	3	8	5	159	77	46	18	6	40	7	39	20	5	4	9	5	3	10	7	7	9	8	6	11	6	15	10	6	2	2	9	5	7	8	7	5	6	1	3	12	3	8	5	159	77	46	18	6	40	7	39	20
GCF_027111335.1	6	5	9	7	3	11	7	6	8	8	6	11	6	14	10	6	2	2	10	6	7	9	7	5	7	2	3	14	3	6	5	164	78	46	20	6	39	7	45	18	6	5	9	7	3	11	7	6	8	8	6	11	6	14	10	6	2	2	10	6	7	9	7	5	7	2	3	14	3	6	5	164	78	46	20	6	39	7	45	18
GCF_027111355.2	4	3	7	3	3	10	7	6	8	8	6	11	6	11	7	6	2	2	7	3	7	7	5	2	5	1	3	12	3	6	5	136	73	38	14	6	39	7	36	15	4	3	7	3	3	10	7	6	8	8	6	11	6	11	7	6	2	2	7	3	7	7	5	2	5	1	3	12	3	6	5	136	73	38	14	6	39	7	36	15
GCF_027118995.1	4	3	2	2	3	12	6	6	6	7	8	10	6	8	6	5	1	1	7	6	5	5	4	6	5	2	5	1	8	1	4	124	60	22	13	5	38	6	32	12	4	3	2	2	3	12	6	6	6	7	8	10	6	8	6	5	1	1	7	6	5	5	4	6	5	2	5	1	8	1	4	124	60	22	13	5	38	6	32	12
GCF_027125355.1	4	4	2	1	0	9	5	6	2	4	4	6	6	7	2	5	1	1	5	0	2	7	3	4	5	2	3	6	7	1	5	91	46	18	11	2	19	3	32	7	4	4	2	1	0	9	5	6	2	4	4	6	6	7	2	5	1	1	5	0	2	7	3	4	5	2	3	6	7	1	5	91	46	18	11	2	19	3	32	7
GCF_027186265.1	4	7	7	1	3	12	7	5	11	9	5	10	6	12	4	5	1	3	7	8	4	9	4	6	10	4	3	11	7	2	5	180	81	43	28	6	39	5	43	12	4	7	7	1	3	12	7	5	11	9	5	10	6	12	4	5	1	3	7	8	4	9	4	6	10	4	3	11	7	2	5	180	81	43	28	6	39	5	43	12
GCF_027286365.1	4	7	3	2	2	16	6	6	13	9	8	14	7	10	8	5	1	3	10	6	9	8	4	4	6	3	4	12	8	1	5	184	91	47	26	6	43	9	49	13	4	7	3	2	2	16	6	6	13	9	8	14	7	10	8	5	1	3	10	6	9	8	4	4	6	3	4	12	8	1	5	184	91	47	26	6	43	9	49	13
GCF_027359925.1	5	4	3	3	1	14	8	6	8	7	6	12	6	10	11	6	1	2	8	4	6	6	5	2	6	2	2	9	7	1	5	142	73	34	16	5	34	9	35	17	5	4	3	3	1	14	8	6	8	7	6	12	6	10	11	6	1	2	8	4	6	6	5	2	6	2	2	9	7	1	5	142	73	34	16	5	34	9	35	17
GCF_027474525.2	6	5	3	3	3	9	7	6	9	7	6	11	6	10	8	6	1	2	10	6	7	8	7	2	5	1	3	12	3	6	5	143	77	45	20	6	38	6	37	15	6	5	3	3	3	9	7	6	9	7	6	11	6	10	8	6	1	2	10	6	7	8	7	2	5	1	3	12	3	6	5	143	77	45	20	6	38	6	37	15
GCF_027497495.1	4	6	3	2	7	17	6	12	12	13	9	13	8	14	8	8	2	2	11	14	9	7	10	5	10	4	3	16	10	11	4	215	92	64	25	5	45	9	51	17	4	6	3	2	7	17	6	12	12	13	9	13	8	14	8	8	2	2	11	14	9	7	10	5	10	4	3	16	10	11	4	215	92	64	25	5	45	9	51	17
GCF_027558435.1	3	4	2	3	3	11	7	8	5	5	6	10	7	7	12	5	1	2	5	8	4	4	3	5	6	1	3	7	6	3	5	128	64	29	16	4	32	8	31	16	3	4	2	3	3	11	7	8	5	5	6	10	7	7	12	5	1	2	5	8	4	4	3	5	6	1	3	7	6	3	5	128	64	29	16	4	32	8	31	16
GCF_027625475.1	3	7	3	3	4	14	7	8	7	10	6	10	6	8	9	5	1	3	10	11	7	8	7	4	8	2	2	10	10	3	4	168	84	43	27	4	41	8	40	13	3	7	3	3	4	14	7	8	7	10	6	10	6	8	9	5	1	3	10	11	7	8	7	4	8	2	2	10	10	3	4	168	84	43	27	4	41	8	40	13
GCF_027625935.1	5	6	6	2	8	17	6	10	16	12	8	18	6	19	6	6	3	1	12	14	16	8	14	6	12	4	5	16	18	8	4	246	107	69	29	7	50	8	60	18	5	6	6	2	8	17	6	10	16	12	8	18	6	19	6	6	3	1	12	14	16	8	14	6	12	4	5	16	18	8	4	246	107	69	29	7	50	8	60	18
GCF_027626975.1	4	6	3	2	8	18	6	12	13	11	9	13	9	14	8	6	2	1	13	16	9	7	11	5	10	4	3	15	10	11	4	218	97	66	28	7	48	9	50	17	4	6	3	2	8	18	6	12	13	11	9	13	9	14	8	6	2	1	13	16	9	7	11	5	10	4	3	15	10	11	4	218	97	66	28	7	48	9	50	17
GCF_027627435.1	4	5	4	2	6	16	6	10	11	8	8	13	7	13	5	6	2	1	9	8	11	4	9	6	8	4	3	15	11	8	4	181	84	50	17	6	42	8	47	14	4	5	4	2	6	16	6	10	11	8	8	13	7	13	5	6	2	1	9	8	11	4	9	6	8	4	3	15	11	8	4	181	84	50	17	6	42	8	47	14
GCF_027912835.1	4	7	5	1	4	16	10	8	11	8	7	10	6	8	9	5	3	1	6	14	7	5	5	2	8	2	3	9	8	3	4	182	79	60	30	7	41	9	36	13	4	7	5	1	4	16	10	8	11	8	7	10	6	8	9	5	3	1	6	14	7	5	5	2	8	2	3	9	8	3	4	182	79	60	30	7	41	9	36	13
GCF_027913035.1	4	8	7	2	5	13	10	9	12	7	7	10	6	9	7	5	3	1	8	12	7	6	5	6	11	2	3	10	8	5	4	193	84	57	27	7	42	7	44	12	4	8	7	2	5	13	10	9	12	7	7	10	6	9	7	5	3	1	8	12	7	6	5	6	11	2	3	10	8	5	4	193	84	57	27	7	42	7	44	12
GCF_027913215.1	4	8	4	1	4	15	9	8	9	8	7	10	6	9	9	5	3	1	6	14	6	5	4	4	8	2	3	10	7	7	4	176	81	58	28	7	42	9	36	14	4	8	4	1	4	15	9	8	9	8	7	10	6	9	9	5	3	1	6	14	6	5	4	4	8	2	3	10	7	7	4	176	81	58	28	7	42	9	36	14
GCF_027915275.1	2	4	2	3	2	10	5	6	8	8	6	8	6	7	7	5	1	1	7	4	6	5	4	4	5	2	3	8	4	6	5	126	63	31	12	6	35	5	35	13	2	4	2	3	2	10	5	6	8	8	6	8	6	7	7	5	1	1	7	4	6	5	4	4	5	2	3	8	4	6	5	126	63	31	12	6	35	5	35	13
GCF_027923765.1	3	4	2	2	3	11	7	7	7	5	5	11	6	7	8	5	1	2	3	9	7	4	4	4	6	2	3	10	6	4	5	135	63	36	17	4	35	8	35	13	3	4	2	2	3	11	7	7	7	5	5	11	6	7	8	5	1	2	3	9	7	4	4	4	6	2	3	10	6	4	5	135	63	36	17	4	35	8	35	13
GCF_027924165.1	4	3	2	2	3	13	6	6	7	6	6	10	6	8	9	5	1	1	5	12	7	4	5	4	4	2	4	9	7	1	4	139	71	31	17	5	36	6	37	14	4	3	2	2	3	13	6	6	7	6	6	10	6	8	9	5	1	1	5	12	7	4	5	4	4	2	4	9	7	1	4	139	71	31	17	5	36	6	37	14
GCF_027924405.1	3	5	4	2	7	17	6	9	10	15	6	15	6	11	8	5	2	2	10	9	8	7	9	4	12	4	4	14	8	7	4	205	93	57	24	6	45	9	56	15	3	5	4	2	7	17	6	9	10	15	6	15	6	11	8	5	2	2	10	9	8	7	9	4	12	4	4	14	8	7	4	205	93	57	24	6	45	9	56	15
GCF_027924785.1	5	9	12	1	3	15	7	7	10	12	9	13	7	14	8	6	2	3	11	8	6	10	5	7	9	4	4	12	7	8	5	235	98	66	32	6	47	5	60	16	5	9	12	1	3	15	7	7	10	12	9	13	7	14	8	6	2	3	11	8	6	10	5	7	9	4	4	12	7	8	5	235	98	66	32	6	47	5	60	16
GCF_027925085.1	3	1	1	1	0	4	13	2	0	1	0	0	3	3	1	3	1	2	0	0	14	3	1	0	0	1	3	0	5	0	5	39	10	4	4	0	4	17	8	2	3	1	1	1	0	4	13	2	0	1	0	0	3	3	1	3	1	2	0	0	14	3	1	0	0	1	3	0	5	0	5	39	10	4	4	0	4	17	8	2
GCF_027925445.1	6	5	2	2	2	14	6	7	9	9	7	11	6	10	10	7	1	3	13	7	6	11	10	5	7	4	4	17	8	5	4	180	84	56	37	5	41	7	50	16	6	5	2	2	2	14	6	7	9	9	7	11	6	10	10	7	1	3	13	7	6	11	10	5	7	4	4	17	8	5	4	180	84	56	37	5	41	7	50	16
GCF_027946175.1	4	3	2	1	2	12	6	6	7	7	5	13	5	7	5	4	0	2	3	4	7	4	3	3	5	2	3	9	7	2	4	115	69	26	12	4	36	6	32	10	4	3	2	1	2	12	6	6	7	7	5	13	5	7	5	4	0	2	3	4	7	4	3	3	5	2	3	9	7	2	4	115	69	26	12	4	36	6	32	10
GCF_028021195.1	3	5	3	1	2	13	8	7	6	8	6	7	7	8	3	5	2	1	5	4	3	4	5	3	5	3	3	14	8	2	4	129	62	30	14	3	30	7	38	8	3	5	3	1	2	13	8	7	6	8	6	7	7	8	3	5	2	1	5	4	3	4	5	3	5	3	3	14	8	2	4	129	62	30	14	3	30	7	38	8
GCF_028416635.1	4	9	4	3	6	14	9	11	10	10	6	13	7	16	12	7	3	1	4	10	12	7	9	4	12	1	3	12	8	9	4	208	90	55	26	4	43	8	55	22	4	9	4	3	6	14	9	11	10	10	6	13	7	16	12	7	3	1	4	10	12	7	9	4	12	1	3	12	8	9	4	208	90	55	26	4	43	8	55	22
GCF_028421465.1	4	5	2	2	5	16	6	9	12	10	8	13	6	11	5	5	2	1	10	10	11	4	9	4	11	4	3	18	14	9	5	204	92	59	20	6	42	8	57	12	4	5	2	2	5	16	6	9	12	10	8	13	6	11	5	5	2	1	10	10	11	4	9	4	11	4	3	18	14	9	5	204	92	59	20	6	42	8	57	12
GCF_028553805.1	5	9	6	3	7	15	9	11	20	9	6	12	6	10	8	5	6	1	7	19	15	8	10	3	7	3	4	14	7	10	4	223	88	72	37	4	46	9	41	13	5	9	6	3	7	15	9	11	20	9	6	12	6	10	8	5	6	1	7	19	15	8	10	3	7	3	4	14	7	10	4	223	88	72	37	4	46	9	41	13
GCF_028596105.1	5	6	3	1	3	16	7	6	6	8	6	9	6	7	6	5	1	2	8	11	7	8	7	4	5	3	4	13	7	11	4	180	77	55	30	5	39	9	47	10	5	6	3	1	3	16	7	6	6	8	6	9	6	7	6	5	1	2	8	11	7	8	7	4	5	3	4	13	7	11	4	180	77	55	30	5	39	9	47	10
GCF_028596125.1	6	14	6	3	2	13	6	6	8	11	7	12	6	8	2	5	2	2	5	3	2	15	3	5	1	5	4	13	12	1	5	145	86	42	27	6	50	5	39	7	6	14	6	3	2	13	6	6	8	11	7	12	6	8	2	5	2	2	5	3	2	15	3	5	1	5	4	13	12	1	5	145	86	42	27	6	50	5	39	7
GCF_028607025.1	2	6	2	2	1	13	6	6	3	7	5	0	6	8	4	5	2	1	1	1	5	4	3	5	4	4	3	1	8	1	5	85	42	17	10	2	17	5	25	10	2	6	2	2	1	13	6	6	3	7	5	0	6	8	4	5	2	1	1	1	5	4	3	5	4	4	3	1	8	1	5	85	42	17	10	2	17	5	25	10
GCF_028607085.1	5	6	3	3	2	14	6	6	9	6	6	11	6	10	11	5	1	3	8	7	6	8	7	4	7	2	3	15	7	1	4	160	78	44	27	4	37	7	39	17	5	6	3	3	2	14	6	6	9	6	6	11	6	10	11	5	1	3	8	7	6	8	7	4	7	2	3	15	7	1	4	160	78	44	27	4	37	7	39	17
GCF_028607105.1	5	4	7	3	5	15	7	7	8	7	6	12	7	10	12	5	1	2	9	9	9	7	9	4	7	2	3	16	9	6	4	183	84	53	26	4	38	9	45	17	5	4	7	3	5	15	7	7	8	7	6	12	7	10	12	5	1	2	9	9	9	7	9	4	7	2	3	16	9	6	4	183	84	53	26	4	38	9	45	17
GCF_028609805.1	3	5	3	1	2	15	6	7	5	7	6	10	6	11	4	5	1	1	3	5	6	3	4	2	8	3	3	8	8	3	4	132	67	32	18	3	32	9	37	11	3	5	3	1	2	15	6	7	5	7	6	10	6	11	4	5	1	1	3	5	6	3	4	2	8	3	3	8	8	3	4	132	67	32	18	3	32	9	37	11
GCF_028609825.1	3	3	2	1	3	15	7	7	6	7	6	12	6	9	4	5	1	1	3	4	6	3	4	3	6	4	3	8	7	2	4	118	63	27	12	4	32	10	36	9	3	3	2	1	3	15	7	7	6	7	6	12	6	9	4	5	1	1	3	4	6	3	4	3	6	4	3	8	7	2	4	118	63	27	12	4	32	10	36	9
GCF_028609845.1	3	6	2	1	4	14	9	7	7	6	6	13	6	10	5	5	2	1	4	5	8	4	4	3	5	4	3	8	7	3	4	139	77	35	18	5	39	9	38	12	3	6	2	1	4	14	9	7	7	6	6	13	6	10	5	5	2	1	4	5	8	4	4	3	5	4	3	8	7	3	4	139	77	35	18	5	39	9	38	12
GCF_028609865.1	3	4	3	1	3	15	7	7	6	7	6	13	6	9	5	5	1	1	3	4	6	3	4	3	7	5	3	8	7	2	5	128	67	31	16	4	34	10	37	10	3	4	3	1	3	15	7	7	6	7	6	13	6	9	5	5	1	1	3	4	6	3	4	3	7	5	3	8	7	2	5	128	67	31	16	4	34	10	37	10
GCF_028609885.1	3	5	2	1	5	12	8	8	7	6	6	13	6	10	5	6	2	1	4	5	7	4	4	3	6	4	3	8	7	3	4	132	77	33	16	5	39	7	36	12	3	5	2	1	5	12	8	8	7	6	6	13	6	10	5	6	2	1	4	5	7	4	4	3	6	4	3	8	7	3	4	132	77	33	16	5	39	7	36	12
GCF_028622115.1	4	7	7	2	6	18	8	11	17	16	7	22	8	15	5	5	2	2	9	14	15	6	12	5	11	4	4	14	9	8	6	259	105	74	33	4	56	10	64	16	4	7	7	2	6	18	8	11	17	16	7	22	8	15	5	5	2	2	9	14	15	6	12	5	11	4	4	14	9	8	6	259	105	74	33	4	56	10	64	16
GCF_028735875.1	4	6	8	1	3	13	7	7	9	13	6	10	6	12	7	5	2	3	8	5	7	9	3	8	8	4	4	12	8	2	5	165	84	44	21	5	38	6	44	14	4	6	8	1	3	13	7	7	9	13	6	10	6	12	7	5	2	3	8	5	7	9	3	8	8	4	4	12	8	2	5	165	84	44	21	5	38	6	44	14
GCF_028736055.1	4	5	5	3	6	14	6	8	9	5	5	14	5	12	4	5	3	1	6	9	8	5	7	6	6	4	3	8	8	7	4	169	83	52	27	4	40	8	39	13	4	5	5	3	6	14	6	8	9	5	5	14	5	12	4	5	3	1	6	9	8	5	7	6	6	4	3	8	8	7	4	169	83	52	27	4	40	8	39	13
GCF_028736175.1	5	6	6	4	1	11	6	6	8	9	6	11	6	10	8	5	1	1	7	3	4	9	3	8	8	2	3	10	7	5	5	155	74	42	19	5	35	7	44	15	5	6	6	4	1	11	6	6	8	9	6	11	6	10	8	5	1	1	7	3	4	9	3	8	8	2	3	10	7	5	5	155	74	42	19	5	35	7	44	15
GCF_028736235.1	4	6	2	1	1	13	4	5	5	3	4	11	6	6	2	5	1	2	3	2	5	5	3	5	5	3	4	0	8	1	5	89	49	15	11	2	26	5	22	6	4	6	2	1	1	13	4	5	5	3	4	11	6	6	2	5	1	2	3	2	5	5	3	5	5	3	4	0	8	1	5	89	49	15	11	2	26	5	22	6
GCF_028747805.1	4	4	1	1	4	12	6	7	8	11	7	11	7	9	4	7	1	2	8	7	4	7	5	6	8	3	3	17	7	2	5	161	86	38	18	7	42	5	49	10	4	4	1	1	4	12	6	7	8	11	7	11	7	9	4	7	1	2	8	7	4	7	5	6	8	3	3	17	7	2	5	161	86	38	18	7	42	5	49	10
GCF_028748065.1	5	4	2	1	2	13	7	6	9	4	7	10	7	7	8	6	1	1	8	5	4	8	5	4	2	2	3	11	9	1	4	149	68	38	21	3	34	8	34	12	5	4	2	1	2	13	7	6	9	4	7	10	7	7	8	6	1	1	8	5	4	8	5	4	2	2	3	11	9	1	4	149	68	38	21	3	34	8	34	12
GCF_028751035.1	2	3	2	0	2	11	6	6	7	6	5	11	5	7	7	5	0	2	4	3	6	3	4	1	5	2	3	7	7	1	4	109	67	27	11	4	33	4	28	11	2	3	2	0	2	11	6	6	7	6	5	11	5	7	7	5	0	2	4	3	6	3	4	1	5	2	3	7	7	1	4	109	67	27	11	4	33	4	28	11
GCF_028776105.2	3	7	2	1	3	14	8	6	8	6	8	12	6	9	9	6	1	2	8	4	6	6	4	4	6	2	3	10	8	1	4	153	81	38	22	5	39	8	39	15	3	7	2	1	3	14	8	6	8	6	8	12	6	9	9	6	1	2	8	4	6	6	4	4	6	2	3	10	8	1	4	153	81	38	22	5	39	8	39	15
GCF_028877475.1	2	5	2	1	3	12	6	7	8	9	6	10	7	8	3	7	1	2	6	7	4	4	5	5	12	5	3	13	8	2	7	150	78	35	16	6	39	5	48	8	2	5	2	1	3	12	6	7	8	9	6	10	7	8	3	7	1	2	6	7	4	4	5	5	12	5	3	13	8	2	7	150	78	35	16	6	39	5	48	8
GCF_028885395.1	4	5	2	2	6	15	8	10	18	6	6	10	6	7	9	5	1	1	8	14	7	6	7	6	6	2	3	18	12	6	4	188	83	49	27	4	37	8	40	13	4	5	2	2	6	15	8	10	18	6	6	10	6	7	9	5	1	1	8	14	7	6	7	6	6	2	3	18	12	6	4	188	83	49	27	4	37	8	40	13
GCF_028885455.1	4	6	3	1	1	14	5	6	11	17	9	14	6	10	3	5	1	3	12	4	7	7	6	3	8	2	3	13	7	1	5	189	85	50	24	5	44	6	49	9	4	6	3	1	1	14	5	6	11	17	9	14	6	10	3	5	1	3	12	4	7	7	6	3	8	2	3	13	7	1	5	189	85	50	24	5	44	6	49	9
GCF_029011865.1	5	5	4	4	6	17	7	10	13	11	9	15	9	14	10	7	3	1	13	12	12	8	10	4	11	4	3	16	10	8	4	228	98	68	27	9	49	9	54	19	5	5	4	4	6	17	7	10	13	11	9	15	9	14	10	7	3	1	13	12	12	8	10	4	11	4	3	16	10	8	4	228	98	68	27	9	49	9	54	19
GCF_029024945.1	5	5	8	1	3	12	6	7	10	10	4	9	6	11	3	6	2	2	10	6	5	10	3	5	6	4	4	8	7	2	5	147	66	32	19	4	29	5	41	8	5	5	8	1	3	12	6	7	10	10	4	9	6	11	3	6	2	2	10	6	5	10	3	5	6	4	4	8	7	2	5	147	66	32	19	4	29	5	41	8
GCF_029026145.1	4	6	2	1	2	15	6	7	6	3	5	10	5	7	8	4	3	3	7	2	3	6	4	3	5	3	3	9	2	2	5	140	65	35	17	2	31	7	44	12	4	6	2	1	2	15	6	7	6	3	5	10	5	7	8	4	3	3	7	2	3	6	4	3	5	3	3	9	2	2	5	140	65	35	17	2	31	7	44	12
GCF_029030725.1	6	6	3	1	2	12	6	6	8	6	6	10	6	7	9	6	1	2	10	12	7	11	7	5	6	3	5	13	11	1	4	167	86	46	31	4	39	6	47	13	6	6	3	1	2	12	6	6	8	6	6	10	6	7	9	6	1	2	10	12	7	11	7	5	6	3	5	13	11	1	4	167	86	46	31	4	39	6	47	13
GCF_029094505.1	4	6	8	5	3	15	7	7	8	7	7	13	7	12	6	6	2	1	7	7	9	5	7	2	6	4	3	6	13	2	4	171	89	46	23	4	40	9	37	14	4	6	8	5	3	15	7	7	8	7	7	13	7	12	6	6	2	1	7	7	9	5	7	2	6	4	3	6	13	2	4	171	89	46	23	4	40	9	37	14
GCF_029094545.1	4	6	5	1	3	12	7	7	9	17	7	10	6	10	5	7	1	2	11	8	6	11	7	6	5	4	4	15	8	8	5	177	88	47	23	6	42	6	42	12	4	6	5	1	3	12	7	7	9	17	7	10	6	10	5	7	1	2	11	8	6	11	7	6	5	4	4	15	8	8	5	177	88	47	23	6	42	6	42	12
GCF_029144185.1	5	7	2	1	1	5	6	5	3	4	0	7	4	7	2	6	4	3	5	3	4	7	4	5	3	3	2	10	8	1	5	113	41	29	23	0	16	5	32	7	5	7	2	1	1	5	6	5	3	4	0	7	4	7	2	6	4	3	5	3	4	7	4	5	3	3	2	10	8	1	5	113	41	29	23	0	16	5	32	7
GCF_029193595.2	5	7	8	2	2	14	6	7	13	9	8	16	9	10	6	6	3	2	12	14	7	8	7	5	6	5	4	11	8	4	5	222	96	65	33	5	45	8	53	13	5	7	8	2	2	14	6	7	13	9	8	16	9	10	6	6	3	2	12	14	7	8	7	5	6	5	4	11	8	4	5	222	96	65	33	5	45	8	53	13
GCF_029201445.1	3	4	2	1	5	16	8	6	9	6	5	11	5	7	4	5	1	2	7	3	7	6	5	3	5	2	3	13	4	5	4	138	71	35	15	6	36	10	43	9	3	4	2	1	5	16	8	6	9	6	5	11	5	7	4	5	1	2	7	3	7	6	5	3	5	2	3	13	4	5	4	138	71	35	15	6	36	10	43	9
GCF_029215585.1	4	7	3	2	11	17	8	14	11	10	7	13	8	8	9	5	1	4	9	27	11	5	6	5	8	4	5	18	8	13	4	250	104	82	37	5	52	9	60	13	4	7	3	2	11	17	8	14	11	10	7	13	8	8	9	5	1	4	9	27	11	5	6	5	8	4	5	18	8	13	4	250	104	82	37	5	52	9	60	13
GCF_029215875.1	4	5	3	2	3	16	7	6	7	8	8	11	6	9	8	7	2	2	10	14	8	7	8	4	6	4	5	14	8	7	4	202	80	59	32	7	42	9	49	13	4	5	3	2	3	16	7	6	7	8	8	11	6	9	8	7	2	2	10	14	8	7	8	4	6	4	5	14	8	7	4	202	80	59	32	7	42	9	49	13
GCF_029277445.1	5	10	7	3	7	17	10	11	17	10	6	10	8	10	10	6	4	3	9	14	9	8	7	2	6	4	4	18	9	10	4	227	94	69	29	4	45	10	48	15	5	10	7	3	7	17	10	11	17	10	6	10	8	10	10	6	4	3	9	14	9	8	7	2	6	4	4	18	9	10	4	227	94	69	29	4	45	10	48	15
GCF_029318635.1	2	5	2	1	5	12	8	9	7	8	7	10	5	7	7	5	1	1	9	8	6	7	7	4	5	2	3	14	7	9	4	146	69	41	19	5	39	7	39	11	2	5	2	1	5	12	8	9	7	8	7	10	5	7	7	5	1	1	9	8	6	7	7	4	5	2	3	14	7	9	4	146	69	41	19	5	39	7	39	11
GCF_029318685.1	2	5	10	3	4	10	7	9	8	8	5	17	6	13	5	7	1	2	4	4	5	6	2	5	6	4	3	7	7	4	6	160	79	34	13	5	43	6	39	15	2	5	10	3	4	10	7	9	8	8	5	17	6	13	5	7	1	2	4	4	5	6	2	5	6	4	3	7	7	4	6	160	79	34	13	5	43	6	39	15
GCF_029323795.1	4	5	7	3	2	10	7	7	10	8	6	12	6	10	7	6	2	1	7	5	7	7	6	5	5	1	3	11	3	6	5	151	75	41	17	6	41	7	43	14	4	5	7	3	2	10	7	7	10	8	6	12	6	10	7	6	2	1	7	5	7	7	6	5	5	1	3	11	3	6	5	151	75	41	17	6	41	7	43	14
GCF_029542625.1	3	4	4	1	2	9	6	5	6	10	9	9	6	11	7	6	1	1	7	2	8	9	5	7	5	2	3	9	6	0	5	135	65	35	18	7	34	4	39	13	3	4	4	1	2	9	6	5	6	10	9	9	6	11	7	6	1	1	7	2	8	9	5	7	5	2	3	9	6	0	5	135	65	35	18	7	34	4	39	13
GCF_029625215.1	5	4	1	3	1	12	8	5	4	4	5	5	6	6	7	6	2	2	4	3	5	6	4	2	8	1	2	10	6	2	5	113	54	29	12	4	18	9	34	11	5	4	1	3	1	12	8	5	4	4	5	5	6	6	7	6	2	2	4	3	5	6	4	2	8	1	2	10	6	2	5	113	54	29	12	4	18	9	34	11
GCF_029625295.1	4	6	7	4	3	12	7	7	9	10	6	10	6	13	9	6	1	2	8	4	7	7	6	4	5	3	3	14	3	6	5	155	77	45	18	6	41	8	44	16	4	6	7	4	3	12	7	7	9	10	6	10	6	13	9	6	1	2	8	4	7	7	6	4	5	3	3	14	3	6	5	155	77	45	18	6	41	8	44	16
GCF_029625335.1	4	4	2	2	3	10	7	6	8	9	6	11	6	10	7	6	1	2	7	5	7	6	6	5	5	1	3	12	3	6	5	143	74	41	16	6	40	7	41	14	4	4	2	2	3	10	7	6	8	9	6	11	6	10	7	6	1	2	7	5	7	6	6	5	5	1	3	12	3	6	5	143	74	41	16	6	40	7	41	14
GCF_029636725.1	4	5	2	2	2	14	7	6	9	6	6	10	7	6	5	6	1	1	7	6	6	7	7	5	6	3	3	10	8	1	4	146	67	36	21	5	35	8	40	9	4	5	2	2	2	14	7	6	9	6	6	10	7	6	5	6	1	1	7	6	6	7	7	5	6	3	3	10	8	1	4	146	67	36	21	5	35	8	40	9
GCF_029639525.1	3	5	3	2	7	16	8	9	10	8	7	14	6	11	6	6	2	3	11	11	8	6	9	4	7	4	3	15	8	8	4	184	92	54	23	5	43	10	46	13	3	5	3	2	7	16	8	9	10	8	7	14	6	11	6	6	2	3	11	11	8	6	9	4	7	4	3	15	8	8	4	184	92	54	23	5	43	10	46	13
GCF_029714545.1	5	7	2	3	7	14	7	10	11	14	10	12	7	10	12	6	1	3	12	19	9	10	9	4	9	3	6	20	9	10	4	243	103	75	38	7	49	8	60	18	5	7	2	3	7	14	7	10	11	14	10	12	7	10	12	6	1	3	12	19	9	10	9	4	9	3	6	20	9	10	4	243	103	75	38	7	49	8	60	18
GCF_029772985.1	3	5	10	2	3	14	5	6	11	17	7	11	8	18	10	6	3	4	5	5	4	6	3	5	4	5	4	11	10	5	6	188	96	45	19	7	42	4	48	18	3	5	10	2	3	14	5	6	11	17	7	11	8	18	10	6	3	4	5	5	4	6	3	5	4	5	4	11	10	5	6	188	96	45	19	7	42	4	48	18
GCF_029774155.1	3	7	5	1	2	14	5	5	8	8	7	14	6	11	8	4	1	3	7	6	4	6	4	5	7	2	3	9	7	1	5	162	84	41	22	5	42	7	43	15	3	7	5	1	2	14	5	5	8	8	7	14	6	11	8	4	1	3	7	6	4	6	4	5	7	2	3	9	7	1	5	162	84	41	22	5	42	7	43	15
GCF_029853675.1	3	5	1	1	3	10	6	6	8	8	6	8	7	4	5	4	1	0	8	5	6	7	5	2	5	2	3	8	3	3	5	116	61	33	16	5	31	6	33	8	3	5	1	1	3	10	6	6	8	8	6	8	7	4	5	4	1	0	8	5	6	7	5	2	5	2	3	8	3	3	5	116	61	33	16	5	31	6	33	8
GCF_029853775.1	3	4	2	2	3	15	7	7	10	6	5	13	5	8	3	6	2	1	6	8	4	3	4	5	6	4	3	7	6	2	4	141	74	34	19	4	37	9	39	8	3	4	2	2	3	15	7	7	10	6	5	13	5	8	3	6	2	1	6	8	4	3	4	5	6	4	3	7	6	2	4	141	74	34	19	4	37	9	39	8
GCF_029854215.1	4	7	5	1	5	16	6	7	13	14	7	12	5	7	7	5	3	3	14	11	9	7	6	7	7	3	3	17	7	8	4	221	90	63	32	6	44	8	55	11	4	7	5	1	5	16	6	7	13	14	7	12	5	7	7	5	3	3	14	11	9	7	6	7	7	3	3	17	7	8	4	221	90	63	32	6	44	8	55	11
GCF_029866465.1	4	4	4	2	6	16	4	6	8	12	9	11	7	10	12	6	1	2	9	14	6	6	6	7	6	4	4	11	9	9	4	210	90	65	31	5	45	6	47	17	4	4	4	2	6	16	4	6	8	12	9	11	7	10	12	6	1	2	9	14	6	6	6	7	6	4	4	11	9	9	4	210	90	65	31	5	45	6	47	17
GCF_029866485.1	5	3	1	2	3	9	7	6	8	7	6	11	6	8	6	6	1	1	7	4	7	7	6	2	4	1	3	12	3	2	4	121	71	34	15	6	38	6	36	11	5	3	1	2	3	9	7	6	8	7	6	11	6	8	6	6	1	1	7	4	7	7	6	2	4	1	3	12	3	2	4	121	71	34	15	6	38	6	36	11
GCF_029869925.1	4	5	7	1	9	15	6	9	8	6	7	11	6	10	8	5	1	2	10	8	6	6	5	3	9	2	3	11	8	9	5	179	87	52	23	5	42	6	44	13	4	5	7	1	9	15	6	9	8	6	7	11	6	10	8	5	1	2	10	8	6	6	5	3	9	2	3	11	8	9	5	179	87	52	23	5	42	6	44	13
GCF_029889745.1	4	4	2	1	1	13	6	6	4	7	5	0	6	12	3	6	1	1	2	1	4	5	2	0	4	3	3	1	7	1	5	81	39	16	10	2	17	5	19	11	4	4	2	1	1	13	6	6	4	7	5	0	6	12	3	6	1	1	2	1	4	5	2	0	4	3	3	1	7	1	5	81	39	16	10	2	17	5	19	11
GCF_029909795.1	4	7	3	2	7	15	9	11	13	9	6	10	6	8	8	5	3	1	9	21	14	7	10	5	8	3	3	15	8	11	4	219	84	68	36	5	45	9	51	13	4	7	3	2	7	15	9	11	13	9	6	10	6	8	8	5	3	1	9	21	14	7	10	5	8	3	3	15	8	11	4	219	84	68	36	5	45	9	51	13
GCF_029910535.1	3	5	1	2	3	11	5	6	5	5	3	7	4	10	9	4	1	1	4	2	3	6	2	2	3	1	3	1	7	2	5	93	53	16	10	3	20	5	16	16	3	5	1	2	3	11	5	6	5	5	3	7	4	10	9	4	1	1	4	2	3	6	2	2	3	1	3	1	7	2	5	93	53	16	10	3	20	5	16	16
GCF_029961225.1	4	7	5	2	2	13	6	6	5	7	5	3	6	8	7	5	2	1	3	2	4	6	3	6	5	4	3	0	8	1	5	108	57	19	13	3	28	5	27	12	4	7	5	2	2	13	6	6	5	7	5	3	6	8	7	5	2	1	3	2	4	6	3	6	5	4	3	0	8	1	5	108	57	19	13	3	28	5	27	12
GCF_029962465.1	6	5	9	7	2	13	8	6	11	9	7	14	7	13	12	6	1	4	9	15	7	6	6	6	5	5	4	14	8	2	5	223	96	59	30	5	40	9	56	19	6	5	9	7	2	13	8	6	11	9	7	14	7	13	12	6	1	4	9	15	7	6	6	6	5	5	4	14	8	2	5	223	96	59	30	5	40	9	56	19
GCF_029981845.1	3	3	1	1	0	4	3	1	2	1	3	0	5	5	2	4	1	1	5	0	3	7	4	4	6	2	3	6	5	0	3	67	26	17	11	1	8	5	29	6	3	3	1	1	0	4	3	1	2	1	3	0	5	5	2	4	1	1	5	0	3	7	4	4	6	2	3	6	5	0	3	67	26	17	11	1	8	5	29	6
GCF_029983095.1	3	6	2	1	2	13	9	7	6	6	5	9	5	13	3	5	1	2	5	2	4	5	3	2	4	3	3	2	8	6	5	126	57	30	13	4	35	5	26	10	3	6	2	1	2	13	9	7	6	6	5	9	5	13	3	5	1	2	5	2	4	5	3	2	4	3	3	2	8	6	5	126	57	30	13	4	35	5	26	10
GCF_030060435.1	5	9	6	1	2	14	6	7	13	10	8	13	6	13	7	5	3	3	14	8	7	10	6	7	12	3	4	14	8	8	6	225	105	66	32	6	45	6	64	16	5	9	6	1	2	14	6	7	13	10	8	13	6	13	7	5	3	3	14	8	7	10	6	7	12	3	4	14	8	8	6	225	105	66	32	6	45	6	64	16
GCF_030064165.1	4	5	2	1	3	15	7	6	7	8	8	10	7	7	7	5	1	3	11	13	7	6	7	4	7	6	4	14	8	1	4	185	80	50	30	7	43	7	50	11	4	5	2	1	3	15	7	6	7	8	8	10	7	7	7	5	1	3	11	13	7	6	7	4	7	6	4	14	8	1	4	185	80	50	30	7	43	7	50	11
GCF_030122845.1	4	6	8	2	2	12	8	6	7	13	6	12	6	14	6	8	1	2	2	3	5	5	2	7	7	4	3	14	8	5	5	157	83	33	11	5	38	5	43	16	4	6	8	2	2	12	8	6	7	13	6	12	6	14	6	8	1	2	2	3	5	5	2	7	7	4	3	14	8	5	5	157	83	33	11	5	38	5	43	16
GCF_030177755.1	4	8	7	3	3	13	8	7	8	6	6	12	5	9	3	6	3	1	8	4	8	6	6	1	6	2	2	20	6	6	4	159	72	54	23	4	38	7	40	9	4	8	7	3	3	13	8	7	8	6	6	12	5	9	3	6	3	1	8	4	8	6	6	1	6	2	2	20	6	6	4	159	72	54	23	4	38	7	40	9
GCF_030227225.2	3	5	2	1	3	15	8	7	8	6	6	14	6	8	5	5	2	1	3	5	5	3	3	4	7	5	3	8	8	3	4	138	74	30	17	4	41	11	38	9	3	5	2	1	3	15	8	7	8	6	6	14	6	8	5	5	2	1	3	5	5	3	3	4	7	5	3	8	8	3	4	138	74	30	17	4	41	11	38	9
GCF_030246965.1	4	4	4	2	3	13	6	6	6	8	4	12	6	6	4	6	1	1	4	3	6	4	5	3	3	3	3	1	6	2	4	108	57	21	13	4	34	7	24	7	4	4	4	2	3	13	6	6	6	8	4	12	6	6	4	6	1	1	4	3	6	4	5	3	3	3	3	1	6	2	4	108	57	21	13	4	34	7	24	7
GCF_030252185.1	2	5	4	1	5	15	7	8	9	8	7	15	6	10	5	5	2	1	7	9	7	5	5	3	9	5	3	8	8	3	4	162	89	41	23	5	43	10	42	11	2	5	4	1	5	15	7	8	9	8	7	15	6	10	5	5	2	1	7	9	7	5	5	3	9	5	3	8	8	3	4	162	89	41	23	5	43	10	42	11
GCF_030252245.1	4	7	3	2	2	14	7	5	9	8	7	14	6	13	10	5	1	4	11	9	4	7	4	3	8	2	4	10	7	6	5	188	91	50	28	5	42	7	51	18	4	7	3	2	2	14	7	5	9	8	7	14	6	13	10	5	1	4	11	9	4	7	4	3	8	2	4	10	7	6	5	188	91	50	28	5	42	7	51	18
GCF_030252345.1	4	9	7	2	4	18	6	9	9	10	8	16	10	12	5	10	2	2	10	8	6	6	6	3	11	4	3	17	8	5	6	210	95	54	20	5	45	9	56	14	4	9	7	2	4	18	6	9	9	10	8	16	10	12	5	10	2	2	10	8	6	6	6	3	11	4	3	17	8	5	6	210	95	54	20	5	45	9	56	14
GCF_030253495.1	3	7	4	2	3	12	7	8	10	9	7	13	6	7	2	4	3	2	4	7	5	4	3	3	3	3	3	5	10	2	4	130	70	29	15	4	39	5	27	7	3	7	4	2	3	12	7	8	10	9	7	13	6	7	2	4	3	2	4	7	5	4	3	3	3	3	3	5	10	2	4	130	70	29	15	4	39	5	27	7
GCF_030254645.1	4	6	3	2	5	13	7	8	8	7	7	9	6	8	8	5	3	3	6	13	8	5	8	3	6	3	5	13	8	8	4	184	81	58	26	5	39	7	44	13	4	6	3	2	5	13	7	8	8	7	7	9	6	8	8	5	3	3	6	13	8	5	8	3	6	3	5	13	8	8	4	184	81	58	26	5	39	7	44	13
GCF_030263935.1	3	7	8	2	3	13	9	7	8	16	6	10	7	13	5	9	3	3	7	5	6	5	4	4	6	6	3	12	8	10	5	175	87	47	16	6	41	6	39	15	3	7	8	2	3	13	9	7	8	16	6	10	7	13	5	9	3	3	7	5	6	5	4	4	6	6	3	12	8	10	5	175	87	47	16	6	41	6	39	15
GCF_030271835.1	5	6	4	1	2	13	6	7	10	8	8	15	8	12	7	5	1	3	11	11	6	7	6	4	6	4	4	13	8	4	5	198	94	54	28	5	42	7	55	15	5	6	4	1	2	13	6	7	10	8	8	15	8	12	7	5	1	3	11	11	6	7	6	4	6	4	4	13	8	4	5	198	94	54	28	5	42	7	55	15
GCF_030273445.1	4	4	2	3	1	9	7	6	8	11	6	13	6	11	10	6	1	1	3	2	5	5	3	5	6	1	3	16	7	1	4	147	73	30	12	6	37	5	39	17	4	4	2	3	1	9	7	6	8	11	6	13	6	11	10	6	1	1	3	2	5	5	3	5	6	1	3	16	7	1	4	147	73	30	12	6	37	5	39	17
GCF_030285945.1	4	6	3	1	2	11	3	6	9	14	6	11	9	8	5	7	1	3	9	5	4	10	3	6	10	5	5	8	8	5	5	168	89	40	23	5	38	5	47	10	4	6	3	1	2	11	3	6	9	14	6	11	9	8	5	7	1	3	9	5	4	10	3	6	10	5	5	8	8	5	5	168	89	40	23	5	38	5	47	10
GCF_030291635.1	4	7	2	2	11	17	7	14	11	11	8	13	8	7	9	5	1	3	11	27	11	5	7	5	7	3	5	19	8	13	5	251	106	85	38	5	54	8	57	13	4	7	2	2	11	17	7	14	11	11	8	13	8	7	9	5	1	3	11	27	11	5	7	5	7	3	5	19	8	13	5	251	106	85	38	5	54	8	57	13
GCF_030291735.1	7	8	7	1	7	13	7	9	13	16	8	14	9	13	10	7	2	4	14	11	9	9	6	7	6	4	4	14	8	6	5	247	115	67	30	6	47	8	58	18	7	8	7	1	7	13	7	9	13	16	8	14	9	13	10	7	2	4	14	11	9	9	6	7	6	4	4	14	8	6	5	247	115	67	30	6	47	8	58	18
GCF_030292135.1	3	7	2	1	2	10	2	5	9	17	6	8	7	4	7	3	3	2	10	7	5	11	3	5	7	5	4	6	8	3	5	152	74	42	28	4	27	5	37	9	3	7	2	1	2	10	2	5	9	17	6	8	7	4	7	3	3	2	10	7	5	11	3	5	7	5	4	6	8	3	5	152	74	42	28	4	27	5	37	9
GCF_030294405.1	5	6	8	1	3	12	6	7	10	10	4	9	6	11	3	6	2	2	10	7	5	10	3	5	7	4	4	10	7	6	5	159	71	41	21	4	31	5	44	8	5	6	8	1	3	12	6	7	10	10	4	9	6	11	3	6	2	2	10	7	5	10	3	5	7	4	4	10	7	6	5	159	71	41	21	4	31	5	44	8
GCF_030295685.1	4	5	2	1	9	19	8	11	12	10	8	12	6	8	5	5	1	2	11	10	7	5	6	4	8	2	5	15	7	9	4	194	92	60	24	7	46	9	53	10	4	5	2	1	9	19	8	11	12	10	8	12	6	8	5	5	1	2	11	10	7	5	6	4	8	2	5	15	7	9	4	194	92	60	24	7	46	9	53	10
GCF_030296055.1	2	3	2	1	2	16	6	7	7	6	5	12	5	7	8	5	0	5	4	4	7	3	4	1	5	2	3	7	8	3	4	117	68	25	11	4	33	10	31	12	2	3	2	1	2	16	6	7	7	6	5	12	5	7	8	5	0	5	4	4	7	3	4	1	5	2	3	7	8	3	4	117	68	25	11	4	33	10	31	12
GCF_030296575.1	4	6	5	4	3	17	6	7	10	10	5	12	6	11	6	6	3	1	7	10	7	5	6	4	4	4	3	9	11	10	6	169	86	55	26	4	38	8	33	13	4	6	5	4	3	17	6	7	10	10	5	12	6	11	6	6	3	1	7	10	7	5	6	4	4	4	3	9	11	10	6	169	86	55	26	4	38	8	33	13
GCF_030296615.1	4	6	8	6	3	13	7	7	8	10	7	17	9	15	8	7	2	1	5	4	11	5	8	5	9	5	4	6	7	2	3	168	82	40	21	4	44	7	40	17	4	6	8	6	3	13	7	7	8	10	7	17	9	15	8	7	2	1	5	4	11	5	8	5	9	5	4	6	7	2	3	168	82	40	21	4	44	7	40	17
GCF_030296655.1	4	6	3	2	3	16	6	8	14	11	8	13	6	13	6	3	2	1	7	11	7	4	6	7	8	4	3	9	6	6	4	174	85	53	27	6	41	8	40	15	4	6	3	2	3	16	6	8	14	11	8	13	6	13	6	3	2	1	7	11	7	4	6	7	8	4	3	9	6	6	4	174	85	53	27	6	41	8	40	15
GCF_030296695.1	5	5	6	4	4	16	9	9	7	9	7	19	7	12	6	7	3	1	9	8	6	7	7	2	6	4	4	7	7	7	4	177	90	51	27	4	46	9	41	13	5	5	6	4	4	16	9	9	7	9	7	19	7	12	6	7	3	1	9	8	6	7	7	2	6	4	4	7	7	7	4	177	90	51	27	4	46	9	41	13
GCF_030296775.1	4	3	5	1	4	12	7	10	7	6	6	7	6	12	4	7	1	2	5	5	5	8	3	4	2	1	3	6	8	4	5	123	57	30	12	4	28	8	21	13	4	3	5	1	4	12	7	10	7	6	6	7	6	12	4	7	1	2	5	5	5	8	3	4	2	1	3	6	8	4	5	123	57	30	12	4	28	8	21	13
GCF_030296935.1	8	5	4	4	3	10	6	8	8	7	6	9	6	11	14	5	2	1	9	6	6	8	5	5	5	1	3	2	5	3	5	140	70	32	17	5	37	7	28	19	8	5	4	4	3	10	6	8	8	7	6	9	6	11	14	5	2	1	9	6	6	8	5	5	5	1	3	2	5	3	5	140	70	32	17	5	37	7	28	19
GCF_030297015.1	4	7	8	2	3	13	7	8	7	7	6	10	6	11	7	4	2	1	7	6	7	6	6	5	6	4	3	20	8	2	4	161	84	39	21	4	35	6	50	13	4	7	8	2	3	13	7	8	7	7	6	10	6	11	7	4	2	1	7	6	7	6	6	5	6	4	3	20	8	2	4	161	84	39	21	4	35	6	50	13
GCF_030315915.2	5	6	2	1	2	14	6	6	11	9	8	15	9	9	6	6	1	2	11	10	7	7	7	4	6	5	4	11	8	1	5	193	92	53	28	5	43	8	51	12	5	6	2	1	2	14	6	6	11	9	8	15	9	9	6	6	1	2	11	10	7	7	7	4	6	5	4	11	8	1	5	193	92	53	28	5	43	8	51	12
GCF_030322905.1	4	5	2	1	4	13	7	8	8	11	5	13	4	9	9	5	1	2	7	9	7	6	6	3	4	3	4	11	7	3	5	164	81	45	25	3	38	7	37	14	4	5	2	1	4	13	7	8	8	11	5	13	4	9	9	5	1	2	7	9	7	6	6	3	4	3	4	11	7	3	5	164	81	45	25	3	38	7	37	14
GCF_030323025.1	4	4	1	3	4	13	5	7	4	6	3	11	6	8	6	4	1	1	4	4	7	6	4	3	5	2	3	18	8	2	5	138	76	26	13	4	33	7	39	12	4	4	1	3	4	13	5	7	4	6	3	11	6	8	6	4	1	1	4	4	7	6	4	3	5	2	3	18	8	2	5	138	76	26	13	4	33	7	39	12
GCF_030344915.1	4	3	2	2	6	16	6	6	7	8	8	11	5	7	8	5	1	1	7	10	7	6	5	4	5	2	3	8	8	2	4	155	77	44	21	6	43	8	35	12	4	3	2	2	6	16	6	6	7	8	8	11	5	7	8	5	1	1	7	10	7	6	5	4	5	2	3	8	8	2	4	155	77	44	21	6	43	8	35	12
GCF_030369675.1	6	9	4	2	8	16	10	12	16	8	6	10	6	7	4	5	3	2	11	16	10	7	10	3	6	4	3	19	8	12	4	199	90	64	30	5	43	9	45	9	6	9	4	2	8	16	10	12	16	8	6	10	6	7	4	5	3	2	11	16	10	7	10	3	6	4	3	19	8	12	4	199	90	64	30	5	43	9	45	9
GCF_030376725.1	5	6	2	1	1	12	7	6	5	11	4	6	6	9	2	6	1	1	4	4	2	6	3	6	6	4	3	10	9	4	5	123	64	30	17	2	21	5	41	9	5	6	2	1	1	12	7	6	5	11	4	6	6	9	2	6	1	1	4	4	2	6	3	6	6	4	3	10	9	4	5	123	64	30	17	2	21	5	41	9
GCF_030389495.1	3	4	2	1	1	14	6	6	0	0	0	0	4	8	2	5	1	2	3	3	3	6	2	1	2	4	3	0	7	1	5	65	27	11	10	0	7	5	19	7	3	4	2	1	1	14	6	6	0	0	0	0	4	8	2	5	1	2	3	3	3	6	2	1	2	4	3	0	7	1	5	65	27	11	10	0	7	5	19	7
GCF_030406165.1	6	6	9	3	3	15	7	7	13	14	6	14	7	12	8	7	3	3	12	16	8	8	5	6	6	4	4	20	8	5	5	243	99	68	32	6	41	8	60	16	6	6	9	3	3	15	7	7	13	14	6	14	7	12	8	7	3	3	12	16	8	8	5	6	6	4	4	20	8	5	5	243	99	68	32	6	41	8	60	16
GCF_030406665.1	3	7	5	2	5	15	7	8	14	9	7	11	6	6	4	5	1	2	8	10	9	7	5	6	7	4	3	15	7	7	4	194	75	56	27	5	40	6	50	8	3	7	5	2	5	15	7	8	14	9	7	11	6	6	4	5	1	2	8	10	9	7	5	6	7	4	3	15	7	7	4	194	75	56	27	5	40	6	50	8
GCF_030406725.1	4	3	2	2	2	13	7	6	9	5	6	9	6	6	3	5	1	3	7	5	7	6	6	4	5	2	2	12	7	1	4	132	62	34	19	4	32	8	35	7	4	3	2	2	2	13	7	6	9	5	6	9	6	6	3	5	1	3	7	5	7	6	6	4	5	2	2	12	7	1	4	132	62	34	19	4	32	8	35	7
GCF_030407165.1	3	7	4	2	4	15	9	8	13	4	6	10	5	7	8	5	2	1	8	9	6	5	7	1	6	2	3	16	9	3	4	169	75	49	22	4	36	9	37	12	3	7	4	2	4	15	9	8	13	4	6	10	5	7	8	5	2	1	8	9	6	5	7	1	6	2	3	16	9	3	4	169	75	49	22	4	36	9	37	12
GCF_030408375.1	3	3	2	1	3	15	7	7	6	7	6	13	6	9	4	5	1	1	3	4	6	3	4	3	6	5	3	8	7	2	4	126	65	27	12	4	34	10	38	9	3	3	2	1	3	15	7	7	6	7	6	13	6	9	4	5	1	1	3	4	6	3	4	3	6	5	3	8	7	2	4	126	65	27	12	4	34	10	38	9
GCF_030408415.1	3	3	2	1	4	15	7	7	8	6	6	14	6	10	4	5	1	1	4	6	7	3	5	3	7	4	3	8	8	2	4	137	78	35	19	6	42	10	39	11	3	3	2	1	4	15	7	7	8	6	6	14	6	10	4	5	1	1	4	6	7	3	5	3	7	4	3	8	8	2	4	137	78	35	19	6	42	10	39	11
GCF_030408575.1	3	3	2	1	4	15	7	7	9	6	6	14	6	11	4	5	2	1	4	7	7	3	4	2	7	4	3	8	7	2	4	146	80	36	20	6	42	10	42	11	3	3	2	1	4	15	7	7	9	6	6	14	6	11	4	5	2	1	4	7	7	3	4	2	7	4	3	8	7	2	4	146	80	36	20	6	42	10	42	11
GCF_030408595.1	2	5	2	1	4	12	7	7	10	7	6	16	6	11	6	5	1	1	6	8	8	5	6	4	6	4	3	14	8	2	4	152	82	37	23	6	44	7	40	13	2	5	2	1	4	12	7	7	10	7	6	16	6	11	6	5	1	1	6	8	8	5	6	4	6	4	3	14	8	2	4	152	82	37	23	6	44	7	40	13
GCF_030408675.1	2	5	2	2	4	13	7	7	10	6	6	16	6	11	6	5	1	1	5	6	9	5	5	4	6	3	3	13	8	2	4	149	80	31	16	5	41	8	40	13	2	5	2	2	4	13	7	7	10	6	6	16	6	11	6	5	1	1	5	6	9	5	5	4	6	3	3	13	8	2	4	149	80	31	16	5	41	8	40	13
GCF_030408715.1	4	4	2	1	4	15	7	8	8	7	6	14	6	10	5	5	2	1	4	8	7	3	5	4	7	4	3	8	8	4	4	146	79	37	22	5	43	10	36	12	4	4	2	1	4	15	7	8	8	7	6	14	6	10	5	5	2	1	4	8	7	3	5	4	7	4	3	8	8	4	4	146	79	37	22	5	43	10	36	12
GCF_030408735.1	2	5	4	1	5	13	7	8	9	9	7	17	6	10	7	5	2	1	8	10	8	5	6	4	6	5	3	11	8	3	4	166	92	42	24	6	48	8	41	12	2	5	4	1	5	13	7	8	9	9	7	17	6	10	7	5	2	1	8	10	8	5	6	4	6	5	3	11	8	3	4	166	92	42	24	6	48	8	41	12
GCF_030408795.1	3	5	2	1	5	13	7	8	9	8	7	14	6	10	5	5	2	1	8	9	7	6	6	3	7	4	3	13	7	3	4	160	87	39	25	6	46	8	45	11	3	5	2	1	5	13	7	8	9	8	7	14	6	10	5	5	2	1	8	9	7	6	6	3	7	4	3	13	7	3	4	160	87	39	25	6	46	8	45	11
GCF_030408815.1	2	5	2	1	4	15	7	7	9	6	6	16	6	11	6	5	1	1	6	6	8	5	6	4	6	4	3	14	8	2	4	147	79	32	18	5	42	10	40	13	2	5	2	1	4	15	7	7	9	6	6	16	6	11	6	5	1	1	6	6	8	5	6	4	6	4	3	14	8	2	4	147	79	32	18	5	42	10	40	13
GCF_030408855.1	3	3	2	1	4	15	8	7	8	6	6	14	6	9	4	5	1	1	3	5	6	3	4	3	7	4	3	8	8	6	4	141	76	37	17	6	42	11	37	9	3	3	2	1	4	15	8	7	8	6	6	14	6	9	4	5	1	1	3	5	6	3	4	3	7	4	3	8	8	6	4	141	76	37	17	6	42	11	37	9
GCF_030408875.1	3	3	4	1	4	15	7	7	7	6	6	14	6	9	5	5	1	1	4	7	6	4	5	2	2	5	3	8	8	7	4	143	72	39	20	6	42	10	35	10	3	3	4	1	4	15	7	7	7	6	6	14	6	9	5	5	1	1	4	7	6	4	5	2	2	5	3	8	8	7	4	143	72	39	20	6	42	10	35	10
GCF_030413595.1	5	6	6	1	1	13	6	6	10	15	6	11	6	14	5	7	1	3	8	8	5	8	6	5	11	3	4	12	8	1	5	165	86	39	23	4	37	5	47	11	5	6	6	1	1	13	6	6	10	15	6	11	6	14	5	7	1	3	8	8	5	8	6	5	11	3	4	12	8	1	5	165	86	39	23	4	37	5	47	11
GCF_030419005.1	4	7	6	2	4	17	7	7	9	9	7	10	6	9	7	5	3	2	11	11	7	8	8	4	9	3	4	16	9	7	4	213	92	65	31	7	42	9	52	13	4	7	6	2	4	17	7	7	9	9	7	10	6	9	7	5	3	2	11	11	7	8	8	4	9	3	4	16	9	7	4	213	92	65	31	7	42	9	52	13
GCF_030440535.1	3	3	2	1	4	15	7	7	7	6	6	14	6	8	4	5	1	1	4	6	6	3	4	2	6	3	3	8	8	2	4	134	78	34	19	6	42	10	34	9	3	3	2	1	4	15	7	7	7	6	6	14	6	8	4	5	1	1	4	6	6	3	4	2	6	3	3	8	8	2	4	134	78	34	19	6	42	10	34	9
GCF_030440555.1	3	5	2	1	4	14	7	7	7	5	4	14	5	8	5	5	1	1	5	3	4	5	3	2	6	3	3	8	8	2	4	113	69	25	15	5	33	9	32	9	3	5	2	1	4	14	7	7	7	5	4	14	5	8	5	5	1	1	5	3	4	5	3	2	6	3	3	8	8	2	4	113	69	25	15	5	33	9	32	9
GCF_030440575.1	2	5	2	1	4	15	9	7	8	7	4	14	5	11	6	5	2	1	3	4	9	2	5	3	6	3	3	14	8	2	4	149	78	27	15	5	39	12	41	13	2	5	2	1	4	15	9	7	8	7	4	14	5	11	6	5	2	1	3	4	9	2	5	3	6	3	3	14	8	2	4	149	78	27	15	5	39	12	41	13
GCF_030440595.1	3	6	5	1	3	14	7	7	7	7	6	15	6	11	5	5	1	1	3	4	6	3	5	5	5	5	3	14	8	2	4	149	74	30	15	4	41	10	44	12	3	6	5	1	3	14	7	7	7	7	6	15	6	11	5	5	1	1	3	4	6	3	5	5	5	5	3	14	8	2	4	149	74	30	15	4	41	10	44	12
GCF_030444335.1	4	3	1	4	1	9	7	5	7	7	6	11	6	6	10	6	1	2	4	3	7	5	5	3	5	1	3	9	3	1	5	118	62	29	13	4	30	6	31	13	4	3	1	4	1	9	7	5	7	7	6	11	6	6	10	6	1	2	4	3	7	5	5	3	5	1	3	9	3	1	5	118	62	29	13	4	30	6	31	13
GCF_030486685.2	3	5	2	1	3	12	8	7	8	10	6	13	6	11	5	5	2	1	5	6	8	4	5	2	6	3	3	14	4	2	4	139	75	35	20	4	41	8	37	12	3	5	2	1	3	12	8	7	8	10	6	13	6	11	5	5	2	1	5	6	8	4	5	2	6	3	3	14	4	2	4	139	75	35	20	4	41	8	37	12
GCF_030490285.1	4	5	2	4	3	13	6	6	4	8	8	11	6	10	12	5	1	2	9	2	5	7	4	4	10	2	3	13	8	5	4	161	80	41	21	7	39	6	47	18	4	5	2	4	3	13	6	6	4	8	8	11	6	10	12	5	1	2	9	2	5	7	4	4	10	2	3	13	8	5	4	161	80	41	21	7	39	6	47	18
GCF_030503675.1	5	4	2	3	3	9	7	6	11	10	7	11	5	8	8	4	1	2	9	5	7	9	7	2	5	2	3	10	3	3	5	136	75	37	18	7	40	6	36	13	5	4	2	3	3	9	7	6	11	10	7	11	5	8	8	4	1	2	9	5	7	9	7	2	5	2	3	10	3	3	5	136	75	37	18	7	40	6	36	13
GCF_030503875.2	3	4	1	1	1	10	6	5	6	6	5	7	7	4	5	3	1	2	7	4	5	5	5	2	6	1	3	8	7	1	5	117	61	29	14	3	27	7	32	8	3	4	1	1	1	10	6	5	6	6	5	7	7	4	5	3	1	2	7	4	5	5	5	2	6	1	3	8	7	1	5	117	61	29	14	3	27	7	32	8
GCF_030505375.1	4	8	2	2	12	19	7	15	10	9	8	11	8	7	7	5	2	3	10	21	8	5	7	4	7	3	5	19	7	14	4	234	103	79	34	7	53	8	59	11	4	8	2	2	12	19	7	15	10	9	8	11	8	7	7	5	2	3	10	21	8	5	7	4	7	3	5	19	7	14	4	234	103	79	34	7	53	8	59	11
GCF_030505655.1	7	8	11	6	5	15	7	7	15	15	7	17	8	12	9	7	3	3	12	16	8	10	5	6	6	5	4	16	9	7	5	276	111	85	39	6	48	8	59	16	7	8	11	6	5	15	7	7	15	15	7	17	8	12	9	7	3	3	12	16	8	10	5	6	6	5	4	16	9	7	5	276	111	85	39	6	48	8	59	16
GCF_030506285.1	2	6	10	3	4	11	6	6	7	7	5	9	7	10	9	3	2	2	8	4	5	6	5	2	7	2	3	9	7	7	5	150	70	40	15	5	35	6	33	16	2	6	10	3	4	11	6	6	7	7	5	9	7	10	9	3	2	2	8	4	5	6	5	2	7	2	3	9	7	7	5	150	70	40	15	5	35	6	33	16
GCF_030520105.1	2	5	3	1	2	14	5	6	8	6	4	10	4	11	6	4	1	0	5	1	2	5	3	5	5	1	3	7	8	1	4	108	64	21	9	4	27	5	28	14	2	5	3	1	2	14	5	6	8	6	4	10	4	11	6	4	1	0	5	1	2	5	3	5	5	1	3	7	8	1	4	108	64	21	9	4	27	5	28	14
GCF_030549525.1	4	4	3	1	3	13	7	7	8	12	5	10	5	7	8	6	1	2	10	8	8	6	7	5	4	4	4	8	7	2	5	164	75	39	24	4	34	9	40	12	4	4	3	1	3	13	7	7	8	12	5	10	5	7	8	6	1	2	10	8	8	6	7	5	4	4	4	8	7	2	5	164	75	39	24	4	34	9	40	12
GCF_030553095.1	7	4	9	3	2	9	8	6	9	9	6	11	6	8	7	6	2	1	11	7	7	8	7	5	6	1	3	11	3	7	5	156	76	46	21	6	39	7	40	13	7	4	9	3	2	9	8	6	9	9	6	11	6	8	7	6	2	1	11	7	7	8	7	5	6	1	3	11	3	7	5	156	76	46	21	6	39	7	40	13
GCF_030580635.1	4	7	5	1	2	13	7	6	12	9	8	13	7	13	4	5	1	3	12	8	6	8	5	3	8	3	4	11	7	1	6	194	92	51	27	7	43	6	52	14	4	7	5	1	2	13	7	6	12	9	8	13	7	13	4	5	1	3	12	8	6	8	5	3	8	3	4	11	7	1	6	194	92	51	27	7	43	6	52	14
GCF_030585465.1	7	6	14	2	0	9	8	6	10	11	7	11	7	21	14	9	3	1	11	5	6	12	3	5	7	3	3	7	6	1	5	170	81	38	22	5	37	6	41	24	7	6	14	2	0	9	8	6	10	11	7	11	7	21	14	9	3	1	11	5	6	12	3	5	7	3	3	7	6	1	5	170	81	38	22	5	37	6	41	24
GCF_030643905.1	4	4	1	2	1	9	8	5	7	7	5	9	6	9	6	6	1	2	5	2	6	7	6	2	5	1	3	10	3	2	5	118	62	31	15	3	29	7	36	13	4	4	1	2	1	9	8	5	7	7	5	9	6	9	6	6	1	2	5	2	6	7	6	2	5	1	3	10	3	2	5	118	62	31	15	3	29	7	36	13
GCF_030644205.1	3	3	1	1	0	9	8	6	3	6	3	4	4	4	0	6	1	1	2	0	3	5	3	3	5	2	3	0	6	1	5	71	32	12	9	2	15	5	20	4	3	3	1	1	0	9	8	6	3	6	3	4	4	4	0	6	1	1	2	0	3	5	3	3	5	2	3	0	6	1	5	71	32	12	9	2	15	5	20	4
GCF_030644225.1	4	5	2	2	1	11	7	5	6	10	4	12	4	13	12	4	1	0	5	3	4	7	3	4	5	1	3	12	7	0	4	135	71	27	14	4	33	7	32	19	4	5	2	2	1	11	7	5	6	10	4	12	4	13	12	4	1	0	5	3	4	7	3	4	5	1	3	12	7	0	4	135	71	27	14	4	33	7	32	19
GCF_030733865.1	8	10	8	6	9	17	10	13	17	9	6	13	7	9	8	5	6	2	10	21	14	12	9	3	7	4	3	17	7	8	4	240	97	74	41	6	55	9	46	13	8	10	8	6	9	17	10	13	17	9	6	13	7	9	8	5	6	2	10	21	14	12	9	3	7	4	3	17	7	8	4	240	97	74	41	6	55	9	46	13
GCF_030758975.1	5	8	6	1	3	16	9	7	10	7	6	12	8	8	8	7	3	1	9	12	10	9	7	5	7	2	2	16	7	2	4	193	80	53	30	4	39	10	42	13	5	8	6	1	3	16	9	7	10	7	6	12	8	8	8	7	3	1	9	12	10	9	7	5	7	2	2	16	7	2	4	193	80	53	30	4	39	10	42	13
GCF_030759015.1	4	4	1	1	1	11	7	6	5	7	6	4	6	6	5	3	1	1	6	5	4	6	4	4	5	4	3	4	6	2	5	108	50	22	13	4	26	9	29	9	4	4	1	1	1	11	7	6	5	7	6	4	6	6	5	3	1	1	6	5	4	6	4	4	5	4	3	4	6	2	5	108	50	22	13	4	26	9	29	9
GCF_030762805.1	4	5	1	1	3	9	6	4	9	13	5	12	5	7	1	5	1	3	5	7	3	5	3	7	6	4	3	12	8	3	4	146	80	34	19	7	41	2	45	6	4	5	1	1	3	9	6	4	9	13	5	12	5	7	1	5	1	3	5	7	3	5	3	7	6	4	3	12	8	3	4	146	80	34	19	7	41	2	45	6
GCF_030770295.1	5	7	9	2	2	13	9	7	7	7	6	6	6	11	6	5	3	1	9	4	4	9	4	5	2	4	3	2	7	2	5	127	58	31	17	3	30	6	25	13	5	7	9	2	2	13	9	7	7	7	6	6	6	11	6	5	3	1	9	4	4	9	4	5	2	4	3	2	7	2	5	127	58	31	17	3	30	6	25	13
GCF_030845175.1	5	6	2	1	6	16	7	10	18	7	6	12	6	7	6	5	1	1	9	14	9	8	11	5	7	2	3	17	7	6	4	196	79	56	28	4	41	8	48	10	5	6	2	1	6	16	7	10	18	7	6	12	6	7	6	5	1	1	9	14	9	8	11	5	7	2	3	17	7	6	4	196	79	56	28	4	41	8	48	10
GCF_030845195.1	4	3	1	3	1	12	7	5	4	4	3	6	5	6	8	6	1	2	3	2	6	6	4	2	6	1	3	10	6	1	5	118	58	27	11	2	20	8	36	12	4	3	1	3	1	12	7	5	4	4	3	6	5	6	8	6	1	2	3	2	6	6	4	2	6	1	3	10	6	1	5	118	58	27	11	2	20	8	36	12
GCF_030849025.1	5	5	2	2	6	18	10	10	16	9	7	15	6	8	8	5	1	3	13	16	11	8	7	7	6	3	3	13	7	5	6	212	94	60	32	7	49	11	51	12	5	5	2	2	6	18	10	10	16	9	7	15	6	8	8	5	1	3	13	16	11	8	7	7	6	3	3	13	7	5	6	212	94	60	32	7	49	11	51	12
GCF_030863885.1	5	7	5	2	5	15	9	9	11	6	6	11	6	11	8	5	3	1	8	16	9	9	8	4	9	4	3	16	8	9	4	200	79	61	34	5	41	9	45	15	5	7	5	2	5	15	9	9	11	6	6	11	6	11	8	5	3	1	8	16	9	9	8	4	9	4	3	16	8	9	4	200	79	61	34	5	41	9	45	15
GCF_030864005.1	4	4	4	2	6	14	5	6	9	17	9	12	7	8	10	6	1	2	10	16	8	6	9	7	6	3	4	11	8	7	5	223	95	74	35	6	48	7	47	15	4	4	4	2	6	14	5	6	9	17	9	12	7	8	10	6	1	2	10	16	8	6	9	7	6	3	4	11	8	7	5	223	95	74	35	6	48	7	47	15
GCF_030864025.1	4	8	6	2	4	8	6	8	5	7	5	13	6	9	5	5	3	3	6	4	3	11	3	5	5	2	3	7	8	3	5	136	76	34	17	5	43	4	29	11	4	8	6	2	4	8	6	8	5	7	5	13	6	9	5	5	3	3	6	4	3	11	3	5	5	2	3	7	8	3	5	136	76	34	17	5	43	4	29	11
GCF_030866805.1	3	5	7	4	3	15	7	7	9	8	7	12	7	11	6	6	1	1	6	8	9	4	7	2	5	4	3	6	11	2	4	168	85	47	25	5	40	9	37	13	3	5	7	4	3	15	7	7	9	8	7	12	7	11	6	6	1	1	6	8	9	4	7	2	5	4	3	6	11	2	4	168	85	47	25	5	40	9	37	13
GCF_030908325.1	2	6	10	3	3	13	6	6	10	16	7	11	7	12	4	6	2	3	6	5	6	5	3	8	6	5	4	11	8	7	6	181	89	45	16	7	42	5	52	11	2	6	10	3	3	13	6	6	10	16	7	11	7	12	4	6	2	3	6	5	6	5	3	8	6	5	4	11	8	7	6	181	89	45	16	7	42	5	52	11
GCF_031191545.1	4	4	4	3	3	14	6	8	7	9	6	13	7	11	5	5	3	1	3	5	6	4	4	2	2	3	3	6	7	3	4	124	64	34	16	3	33	8	27	11	4	4	4	3	3	14	6	8	7	9	6	13	7	11	5	5	3	1	3	5	6	4	4	2	2	3	3	6	7	3	4	124	64	34	16	3	33	8	27	11
GCF_031199375.1	4	5	2	2	2	14	6	8	7	9	5	11	4	8	8	5	1	2	8	4	6	6	6	4	5	3	3	13	7	1	5	162	74	39	21	3	33	9	46	13	4	5	2	2	2	14	6	8	7	9	5	11	4	8	8	5	1	2	8	4	6	6	6	4	5	3	3	13	7	1	5	162	74	39	21	3	33	9	46	13
GCF_031297465.1	5	7	3	1	1	12	8	6	9	7	4	10	6	8	3	6	1	2	7	4	4	8	3	6	5	3	3	10	8	5	5	136	68	32	18	3	29	7	39	7	5	7	3	1	1	12	8	6	9	7	4	10	6	8	3	6	1	2	7	4	4	8	3	6	5	3	3	10	8	5	5	136	68	32	18	3	29	7	39	7
GCF_031348265.1	5	5	5	3	7	17	7	10	18	10	7	14	6	16	8	6	3	1	12	16	11	9	11	5	10	4	4	18	11	8	4	231	97	66	27	6	42	9	57	19	5	5	5	3	7	17	7	10	18	10	7	14	6	16	8	6	3	1	12	16	11	9	11	5	10	4	4	18	11	8	4	231	97	66	27	6	42	9	57	19
GCF_031432975.1	6	6	8	4	5	14	8	7	13	10	7	14	8	11	9	7	3	3	11	18	7	7	6	6	6	4	4	20	7	7	5	253	105	79	35	6	44	9	58	16	6	6	8	4	5	14	8	7	13	10	7	14	8	11	9	7	3	3	11	18	7	7	6	6	6	4	4	20	7	7	5	253	105	79	35	6	44	9	58	16
GCF_031583595.1	5	6	4	3	1	13	7	5	13	9	8	13	5	11	9	5	1	4	8	6	9	7	5	3	9	2	3	9	7	6	5	185	78	50	24	5	40	5	46	16	5	6	4	3	1	13	7	5	13	9	8	13	5	11	9	5	1	4	8	6	9	7	5	3	9	2	3	9	7	6	5	185	78	50	24	5	40	5	46	16
GCF_031599675.1	4	7	8	2	4	13	10	7	7	11	6	13	8	18	10	9	3	2	4	4	6	5	3	5	8	4	3	15	8	10	6	184	91	41	13	7	43	7	44	22	4	7	8	2	4	13	10	7	7	11	6	13	8	18	10	9	3	2	4	4	6	5	3	5	8	4	3	15	8	10	6	184	91	41	13	7	43	7	44	22
GCF_031679605.1	5	6	5	3	5	16	8	9	15	9	7	14	6	12	3	7	4	1	13	13	8	9	12	6	10	4	4	16	11	7	4	232	94	71	31	5	42	9	50	13	5	6	5	3	5	16	8	9	15	9	7	14	6	12	3	7	4	1	13	13	8	9	12	6	10	4	4	16	11	7	4	232	94	71	31	5	42	9	50	13
GCF_031760945.1	4	8	7	2	6	12	7	7	9	15	6	11	6	9	6	6	4	2	9	8	5	10	4	7	5	5	4	15	7	2	5	186	96	53	26	6	42	5	50	11	4	8	7	2	6	12	7	7	9	15	6	11	6	9	6	6	4	2	9	8	5	10	4	7	5	5	4	15	7	2	5	186	96	53	26	6	42	5	50	11
GCF_031843265.2	5	10	4	1	2	13	6	6	9	11	7	12	6	8	2	5	1	2	5	4	2	10	3	5	1	5	4	13	13	1	5	139	83	34	21	6	45	5	38	7	5	10	4	1	2	13	6	6	9	11	7	12	6	8	2	5	1	2	5	4	2	10	3	5	1	5	4	13	13	1	5	139	83	34	21	6	45	5	38	7
GCF_032098525.1	2	4	2	2	1	10	6	5	5	6	5	6	6	5	7	5	1	2	6	2	5	6	5	2	5	1	3	9	4	2	5	106	52	29	12	3	19	7	33	11	2	4	2	2	1	10	6	5	5	6	5	6	6	5	7	5	1	2	6	2	5	6	5	2	5	1	3	9	4	2	5	106	52	29	12	3	19	7	33	11
GCF_032108445.1	4	7	5	3	5	16	7	10	8	8	7	11	9	13	4	8	2	2	8	9	7	7	7	5	12	5	5	14	8	8	5	196	80	52	22	5	38	10	56	14	4	7	5	3	5	16	7	10	8	8	7	11	9	13	4	8	2	2	8	9	7	7	7	5	12	5	5	14	8	8	5	196	80	52	22	5	38	10	56	14
GCF_032164335.1	5	6	7	3	5	15	7	7	11	13	7	15	6	11	7	6	2	3	11	8	9	8	6	6	6	4	4	13	8	6	5	216	98	57	21	6	46	8	49	15	5	6	7	3	5	15	7	7	11	13	7	15	6	11	7	6	2	3	11	8	9	8	6	6	6	4	4	13	8	6	5	216	98	57	21	6	46	8	49	15
GCF_032191775.1	4	5	3	3	5	14	7	8	7	8	6	9	6	9	9	5	3	3	7	13	8	5	7	4	4	3	3	17	8	7	4	177	81	53	25	5	40	7	39	15	4	5	3	3	5	14	7	8	7	8	6	9	6	9	9	5	3	3	7	13	8	5	7	4	4	3	3	17	8	7	4	177	81	53	25	5	40	7	39	15
GCF_032268605.1	2	8	11	3	3	13	7	8	8	12	7	11	6	19	13	9	3	2	6	3	5	6	4	6	8	4	3	10	8	6	6	166	91	40	13	7	40	6	43	25	2	8	11	3	3	13	7	8	8	12	7	11	6	19	13	9	3	2	6	3	5	6	4	6	8	4	3	10	8	6	6	166	91	40	13	7	40	6	43	25
GCF_032697525.1	4	5	5	1	4	13	6	8	10	10	5	10	5	8	10	6	1	2	10	9	11	6	7	4	4	4	4	8	7	7	5	177	75	50	26	3	34	7	39	14	4	5	5	1	4	13	6	8	10	10	5	10	5	8	10	6	1	2	10	9	11	6	7	4	4	4	4	8	7	7	5	177	75	50	26	3	34	7	39	14
GCF_032806925.1	4	9	8	4	6	17	6	8	11	9	8	15	7	10	14	7	3	1	15	23	9	9	9	4	8	4	6	16	8	7	4	265	102	90	47	6	46	7	55	20	4	9	8	4	6	17	6	8	11	9	8	15	7	10	14	7	3	1	15	23	9	9	9	4	8	4	6	16	8	7	4	265	102	90	47	6	46	7	55	20
GCF_032814565.1	5	5	4	2	3	9	7	6	10	8	7	11	6	10	6	6	1	2	8	4	7	8	6	2	6	1	3	11	4	3	5	143	74	36	17	7	40	6	41	13	5	5	4	2	3	9	7	6	10	8	7	11	6	10	6	6	1	2	8	4	7	8	6	2	6	1	3	11	4	3	5	143	74	36	17	7	40	6	41	13
GCF_032850805.1	2	3	2	1	2	12	5	6	7	6	5	12	5	8	11	5	0	3	3	2	7	3	3	1	4	2	3	8	7	2	4	111	66	24	9	4	33	5	27	15	2	3	2	1	2	12	5	6	7	6	5	12	5	8	11	5	0	3	3	2	7	3	3	1	4	2	3	8	7	2	4	111	66	24	9	4	33	5	27	15
GCF_032878895.1	5	5	1	1	2	10	6	7	6	7	5	6	5	7	5	5	1	1	5	5	7	7	6	7	5	2	3	9	8	2	5	122	55	24	16	3	25	7	31	10	5	5	1	1	2	10	6	7	6	7	5	6	5	7	5	5	1	1	5	5	7	7	6	7	5	2	3	9	8	2	5	122	55	24	16	3	25	7	31	10
GCF_032911225.1	4	6	6	1	3	14	5	7	11	9	8	14	5	11	6	5	1	3	8	10	8	7	5	3	8	2	3	9	7	8	5	186	79	56	27	5	44	4	44	13	4	6	6	1	3	14	5	7	11	9	8	14	5	11	6	5	1	3	8	10	8	7	5	3	8	2	3	9	7	8	5	186	79	56	27	5	44	4	44	13
GCF_033042785.2	5	6	4	2	3	12	7	7	9	9	6	9	6	14	19	5	1	1	8	6	8	8	5	5	5	2	3	9	5	3	6	159	78	33	18	5	39	8	34	24	5	6	4	2	3	12	7	7	9	9	6	9	6	14	19	5	1	1	8	6	8	8	5	5	5	2	3	9	5	3	6	159	78	33	18	5	39	8	34	24
GCF_033126985.1	4	6	3	2	3	14	6	6	5	10	7	10	5	8	8	5	1	2	8	3	4	6	4	4	6	3	3	10	7	1	4	150	80	39	21	6	41	7	43	13	4	6	3	2	3	14	6	6	5	10	7	10	5	8	8	5	1	2	8	3	4	6	4	4	6	3	3	10	7	1	4	150	80	39	21	6	41	7	43	13
GCF_033170385.1	4	5	6	1	4	12	6	8	9	10	5	12	4	7	7	5	1	2	8	9	8	6	6	4	4	4	4	8	7	3	5	167	76	44	26	3	36	7	38	11	4	5	6	1	4	12	6	8	9	10	5	12	4	7	7	5	1	2	8	9	8	6	6	4	4	4	4	8	7	3	5	167	76	44	26	3	36	7	38	11
GCF_033547035.1	5	8	2	2	5	17	8	9	10	13	9	14	13	13	6	9	1	2	9	9	7	8	7	8	9	2	5	13	6	3	8	204	98	51	25	7	47	10	59	15	5	8	2	2	5	17	8	9	10	13	9	14	13	13	6	9	1	2	9	9	7	8	7	8	9	2	5	13	6	3	8	204	98	51	25	7	47	10	59	15
GCF_033547075.1	2	4	1	1	1	10	6	5	5	3	3	6	6	4	6	4	1	2	5	2	2	5	3	3	5	1	3	9	3	1	4	97	49	22	10	2	21	6	31	9	2	4	1	1	1	10	6	5	5	3	3	6	6	4	6	4	1	2	5	2	2	5	3	3	5	1	3	9	3	1	4	97	49	22	10	2	21	6	31	9
GCF_033547155.1	3	7	2	1	10	17	8	13	8	8	7	10	6	7	7	5	1	3	10	16	11	5	6	3	11	2	5	15	7	12	4	205	96	60	28	6	45	9	55	11	3	7	2	1	10	17	8	13	8	8	7	10	6	7	7	5	1	3	10	16	11	5	6	3	11	2	5	15	7	12	4	205	96	60	28	6	45	9	55	11
GCF_033880585.1	2	5	2	1	3	13	6	6	6	11	5	10	6	9	8	6	1	2	5	4	4	4	5	6	9	5	4	12	7	1	7	146	81	29	13	6	38	6	45	13	2	5	2	1	3	13	6	6	6	11	5	10	6	9	8	6	1	2	5	4	4	4	5	6	9	5	4	12	7	1	7	146	81	29	13	6	38	6	45	13
GCF_033954455.1	4	3	2	5	3	13	5	6	7	8	9	10	5	13	14	7	1	2	12	4	7	10	9	4	5	3	3	18	8	1	4	166	85	38	23	7	37	7	44	23	4	3	2	5	3	13	5	6	7	8	9	10	5	13	14	7	1	2	12	4	7	10	9	4	5	3	3	18	8	1	4	166	85	38	23	7	37	7	44	23
GCF_033954835.1	4	3	2	8	3	13	5	6	7	8	8	10	5	10	17	5	1	2	11	4	7	8	7	4	5	2	3	18	8	1	4	164	84	36	21	8	37	7	43	24	4	3	2	8	3	13	5	6	7	8	8	10	5	10	17	5	1	2	11	4	7	8	7	4	5	2	3	18	8	1	4	164	84	36	21	8	37	7	43	24
GCF_033956045.1	5	4	2	1	4	14	8	6	7	5	6	9	6	6	2	5	1	2	8	5	7	8	7	4	5	2	3	9	7	5	4	141	67	41	23	4	35	9	39	6	5	4	2	1	4	14	8	6	7	5	6	9	6	6	2	5	1	2	8	5	7	8	7	4	5	2	3	9	7	5	4	141	67	41	23	4	35	9	39	6
GCF_033969665.2	3	2	0	1	0	2	1	0	0	1	0	0	4	2	0	4	1	2	0	0	1	3	0	0	0	1	3	0	5	0	5	26	10	5	4	0	4	3	4	1	3	2	0	1	0	2	1	0	0	1	0	0	4	2	0	4	1	2	0	0	1	3	0	0	0	1	3	0	5	0	5	26	10	5	4	0	4	3	4	1
GCF_034047095.1	4	6	3	2	6	16	7	6	6	13	8	11	6	9	13	6	3	2	9	7	8	6	6	3	7	4	3	15	7	6	4	193	90	59	23	5	43	9	45	17	4	6	3	2	6	16	7	6	6	13	8	11	6	9	13	6	3	2	9	7	8	6	6	3	7	4	3	15	7	6	4	193	90	59	23	5	43	9	45	17
GCF_034049535.1	1	5	2	1	1	5	6	5	3	5	6	0	6	8	2	5	1	2	2	1	3	3	2	1	2	4	3	0	8	1	5	65	27	14	8	3	17	5	19	8	1	5	2	1	1	5	6	5	3	5	6	0	6	8	2	5	1	2	2	1	3	3	2	1	2	4	3	0	8	1	5	65	27	14	8	3	17	5	19	8
GCF_034055775.1	2	8	10	4	3	13	8	7	8	18	6	10	6	15	11	6	2	2	6	5	5	5	3	6	7	4	4	9	8	10	5	173	88	43	15	6	41	5	42	20	2	8	10	4	3	13	8	7	8	18	6	10	6	15	11	6	2	2	6	5	5	5	3	6	7	4	4	9	8	10	5	173	88	43	15	6	41	5	42	20
GCF_034120055.1	5	5	9	3	6	16	6	8	8	8	8	14	8	11	5	6	2	1	9	7	6	4	8	2	8	4	3	7	7	7	4	171	84	53	21	4	41	8	37	13	5	5	9	3	6	16	6	8	8	8	8	14	8	11	5	6	2	1	9	7	6	4	8	2	8	4	3	7	7	7	4	171	84	53	21	4	41	8	37	13
GCF_034134805.1	1	4	2	1	1	11	7	6	7	7	4	9	4	12	5	5	1	1	4	1	5	4	3	0	3	2	3	0	6	1	5	94	47	16	9	3	27	4	21	13	1	4	2	1	1	11	7	6	7	7	4	9	4	12	5	5	1	1	4	1	5	4	3	0	3	2	3	0	6	1	5	94	47	16	9	3	27	4	21	13
GCF_034137685.1	1	4	2	1	1	11	7	6	7	7	4	9	4	12	5	5	1	1	3	1	5	4	3	0	3	2	3	0	7	1	5	95	48	16	9	3	27	4	22	13	1	4	2	1	1	11	7	6	7	7	4	9	4	12	5	5	1	1	3	1	5	4	3	0	3	2	3	0	7	1	5	95	48	16	9	3	27	4	22	13
GCF_034259205.1	2	4	2	2	1	7	6	5	3	6	5	2	7	7	7	6	1	2	9	6	6	7	6	0	9	1	3	5	2	1	5	99	38	30	18	2	16	7	24	11	2	4	2	2	1	7	6	5	3	6	5	2	7	7	7	6	1	2	9	6	6	7	6	0	9	1	3	5	2	1	5	99	38	30	18	2	16	7	24	11
GCF_034262375.1	3	7	7	4	4	10	7	8	9	10	6	7	6	10	9	5	2	1	6	5	6	9	3	4	7	2	3	7	6	7	5	145	68	38	18	5	35	6	33	17	3	7	7	4	4	10	7	8	9	10	6	7	6	10	9	5	2	1	6	5	6	9	3	4	7	2	3	7	6	7	5	145	68	38	18	5	35	6	33	17
GCF_034356035.1	5	4	13	2	4	10	7	9	6	6	5	10	6	12	6	7	2	2	12	6	5	9	4	4	1	1	3	9	8	3	5	158	68	38	20	4	37	5	26	14	5	4	13	2	4	10	7	9	6	6	5	10	6	12	6	7	2	2	12	6	5	9	4	4	1	1	3	9	8	3	5	158	68	38	20	4	37	5	26	14
GCF_034358925.1	3	8	2	1	10	18	8	13	8	10	8	14	8	7	8	6	1	3	9	23	12	5	6	5	7	4	5	17	7	12	4	233	101	75	34	5	53	9	58	12	3	8	2	1	10	18	8	13	8	10	8	14	8	7	8	6	1	3	9	23	12	5	6	5	7	4	5	17	7	12	4	233	101	75	34	5	53	9	58	12
GCF_034371605.1	2	7	5	2	4	16	9	9	11	4	6	10	5	14	9	5	2	1	7	10	9	5	6	3	5	4	3	16	8	7	4	185	75	54	22	4	36	9	43	17	2	7	5	2	4	16	9	9	11	4	6	10	5	14	9	5	2	1	7	10	9	5	6	3	5	4	3	16	8	7	4	185	75	54	22	4	36	9	43	17
GCF_034424315.1	4	9	5	4	1	15	6	5	8	10	6	8	6	9	7	5	2	2	7	2	7	6	5	6	7	2	4	15	6	7	5	164	75	44	17	5	34	8	42	15	4	9	5	4	1	15	6	5	8	10	6	8	6	9	7	5	2	2	7	2	7	6	5	6	7	2	4	15	6	7	5	164	75	44	17	5	34	8	42	15
GCF_034424545.1	5	12	8	4	5	19	6	8	11	12	8	14	6	11	13	6	3	1	13	19	8	8	8	4	7	6	6	13	8	8	4	251	99	87	47	7	49	7	55	19	5	12	8	4	5	19	6	8	11	12	8	14	6	11	13	6	3	1	13	19	8	8	8	4	7	6	6	13	8	8	4	251	99	87	47	7	49	7	55	19
GCF_034424645.1	4	3	2	1	4	15	5	5	7	9	7	10	5	9	10	6	1	2	10	11	6	6	6	4	7	3	4	11	8	2	4	169	79	52	27	6	39	7	43	15	4	3	2	1	4	15	5	5	7	9	7	10	5	9	10	6	1	2	10	11	6	6	6	4	7	3	4	11	8	2	4	169	79	52	27	6	39	7	43	15
GCF_034478925.1	3	6	12	2	3	13	5	6	11	19	7	11	7	14	4	6	2	3	8	7	5	8	3	7	6	5	4	13	8	7	6	197	95	50	22	7	43	4	53	11	3	6	12	2	3	13	5	6	11	19	7	11	7	14	4	6	2	3	8	7	5	8	3	7	6	5	4	13	8	7	6	197	95	50	22	7	43	4	53	11
GCF_034479615.1	4	7	6	2	3	16	6	5	14	20	7	11	6	7	8	5	3	3	14	10	10	7	6	7	9	3	3	17	10	6	4	241	96	68	33	6	42	8	58	12	4	7	6	2	3	16	6	5	14	20	7	11	6	7	8	5	3	3	14	10	10	7	6	7	9	3	3	17	10	6	4	241	96	68	33	6	42	8	58	12
GCF_034479635.1	3	3	2	1	3	13	6	6	7	8	7	11	5	7	3	4	1	2	6	2	6	6	5	4	4	1	3	12	7	5	4	131	70	34	13	5	36	7	38	8	3	3	2	1	3	13	6	6	7	8	7	11	5	7	3	4	1	2	6	2	6	6	5	4	4	1	3	12	7	5	4	131	70	34	13	5	36	7	38	8
GCF_034508895.1	4	4	2	1	3	13	6	7	8	11	5	10	5	8	10	6	1	2	9	10	10	6	7	4	5	3	4	8	7	2	5	165	73	42	26	3	33	8	39	14	4	4	2	1	3	13	6	7	8	11	5	10	5	8	10	6	1	2	9	10	10	6	7	4	5	3	4	8	7	2	5	165	73	42	26	3	33	8	39	14
GCF_034555895.2	4	6	3	2	4	15	7	8	7	10	7	13	7	9	7	4	2	2	9	9	5	7	7	4	5	4	3	16	12	7	4	180	91	55	23	4	42	9	45	13	4	6	3	2	4	15	7	8	7	10	7	13	7	9	7	4	2	2	9	9	5	7	7	4	5	4	3	16	12	7	4	180	91	55	23	4	42	9	45	13
GCF_034627025.1	4	7	8	2	3	15	10	7	7	8	6	12	7	10	7	6	3	1	10	13	9	8	7	5	12	3	3	20	8	6	5	219	87	67	32	4	39	10	57	14	4	7	8	2	3	15	10	7	7	8	6	12	7	10	7	6	3	1	10	13	9	8	7	5	12	3	3	20	8	6	5	219	87	67	32	4	39	10	57	14
GCF_034661175.1	3	6	4	4	5	14	6	10	9	7	6	14	8	9	7	5	2	1	5	8	9	3	7	2	7	4	3	14	7	4	4	162	76	36	15	4	39	8	38	14	3	6	4	4	5	14	6	10	9	7	6	14	8	9	7	5	2	1	5	8	9	3	7	2	7	4	3	14	7	4	4	162	76	36	15	4	39	8	38	14
GCF_034661235.1	2	6	4	3	4	16	6	9	10	6	6	13	8	7	5	5	2	1	5	8	11	2	8	2	8	4	3	9	6	9	4	167	72	54	19	4	38	8	42	10	2	6	4	3	4	16	6	9	10	6	6	13	8	7	5	5	2	1	5	8	11	2	8	2	8	4	3	9	6	9	4	167	72	54	19	4	38	8	42	10
GCF_035231985.1	2	4	2	2	1	13	6	6	4	8	5	2	6	13	8	5	3	1	5	1	4	4	3	2	3	3	3	0	8	1	5	95	48	20	11	2	19	5	19	15	2	4	2	2	1	13	6	6	4	8	5	2	6	13	8	5	3	1	5	1	4	4	3	2	3	3	3	0	8	1	5	95	48	20	11	2	19	5	19	15
GCF_035320885.1	4	5	1	4	7	13	5	11	8	5	7	13	4	7	4	4	3	2	6	11	10	8	7	2	5	2	3	10	6	5	3	139	75	44	21	4	40	7	30	10	4	5	1	4	7	13	5	11	8	5	7	13	4	7	4	4	3	2	6	11	10	8	7	2	5	2	3	10	6	5	3	139	75	44	21	4	40	7	30	10
GCF_035621475.1	3	6	3	1	9	17	8	12	12	7	7	10	7	9	13	5	2	3	12	18	15	5	8	3	9	2	4	23	7	16	4	234	98	71	30	6	44	9	59	17	3	6	3	1	9	17	8	12	12	7	7	10	7	9	13	5	2	3	12	18	15	5	8	3	9	2	4	23	7	16	4	234	98	71	30	6	44	9	59	17
GCF_035747985.1	6	6	4	1	2	14	6	6	10	8	8	16	9	12	7	6	3	3	12	11	9	7	9	5	7	5	4	11	8	3	5	215	96	61	31	5	43	8	55	15	6	6	4	1	2	14	6	6	10	8	8	16	9	12	7	6	3	3	12	11	9	7	9	5	7	5	4	11	8	3	5	215	96	61	31	5	43	8	55	15
GCF_035749905.1	7	8	9	1	7	13	7	9	13	15	8	14	9	13	10	7	2	4	13	11	9	8	6	6	6	4	4	14	7	6	5	245	111	69	28	6	46	8	56	18	7	8	9	1	7	13	7	9	13	15	8	14	9	13	10	7	2	4	13	11	9	8	6	6	6	4	4	14	7	6	5	245	111	69	28	6	46	8	56	18
GCF_035835995.1	6	7	10	4	2	14	7	6	12	13	7	14	8	12	9	7	1	3	10	12	8	8	5	6	6	4	4	13	8	6	5	228	98	62	29	6	43	8	56	16	6	7	10	4	2	14	7	6	12	13	7	14	8	12	9	7	1	3	10	12	8	8	5	6	6	4	4	13	8	6	5	228	98	62	29	6	43	8	56	16
GCF_035918035.1	4	8	3	2	4	17	6	9	12	12	7	12	5	13	8	5	3	1	10	13	8	5	9	5	7	4	4	17	11	8	4	203	91	58	23	5	40	8	47	16	4	8	3	2	4	17	6	9	12	12	7	12	5	13	8	5	3	1	10	13	8	5	9	5	7	4	4	17	11	8	4	203	91	58	23	5	40	8	47	16
GCF_035930445.1	4	4	6	1	4	13	7	8	8	5	6	9	6	7	3	5	1	2	8	8	7	7	7	4	7	2	3	13	6	7	4	151	67	41	20	4	35	8	43	7	4	4	6	1	4	13	7	8	8	5	6	9	6	7	3	5	1	2	8	8	7	7	7	4	7	2	3	13	6	7	4	151	67	41	20	4	35	8	43	7
GCF_035990065.1	2	6	2	2	3	14	6	7	5	5	7	10	6	10	6	7	2	0	6	7	5	2	4	4	4	4	3	7	8	3	4	138	74	33	17	4	35	8	35	13	2	6	2	2	3	14	6	7	5	5	7	10	6	10	6	7	2	0	6	7	5	2	4	4	4	4	3	7	8	3	4	138	74	33	17	4	35	8	35	13
GCF_036014075.1	3	5	5	2	4	16	6	9	14	10	7	14	7	14	10	8	3	1	8	11	11	5	8	5	9	4	4	17	11	7	4	205	94	53	18	5	40	8	52	18	3	5	5	2	4	16	6	9	14	10	7	14	7	14	10	8	3	1	8	11	11	5	8	5	9	4	4	17	11	7	4	205	94	53	18	5	40	8	52	18
GCF_036051655.1	2	5	4	2	7	18	7	11	7	8	7	13	6	12	12	5	2	2	8	9	4	4	7	4	15	4	4	16	8	8	4	197	98	51	18	4	42	9	59	19	2	5	4	2	7	18	7	11	7	8	7	13	6	12	12	5	2	2	8	9	4	4	7	4	15	4	4	16	8	8	4	197	98	51	18	4	42	9	59	19
GCF_036153515.1	2	5	3	3	5	14	7	8	8	9	6	14	6	10	7	6	2	3	9	8	7	3	8	4	5	4	4	12	8	10	4	171	84	49	20	4	43	7	41	14	2	5	3	3	5	14	7	8	8	9	6	14	6	10	7	6	2	3	9	8	7	3	8	4	5	4	4	12	8	10	4	171	84	49	20	4	43	7	41	14
GCF_036177905.1	3	9	8	2	7	18	6	12	15	11	8	14	6	15	8	7	4	1	10	17	9	5	9	5	10	4	4	18	11	10	4	232	100	69	26	6	46	8	54	18	3	9	8	2	7	18	6	12	15	11	8	14	6	15	8	7	4	1	10	17	9	5	9	5	10	4	4	18	11	10	4	232	100	69	26	6	46	8	54	18
GCF_036184225.1	3	8	6	2	4	15	6	8	7	7	7	11	7	11	5	8	3	2	7	6	6	4	6	5	13	4	4	12	11	4	5	177	82	40	16	5	36	8	51	13	3	8	6	2	4	15	6	8	7	7	7	11	7	11	5	8	3	2	7	6	6	4	6	5	13	4	4	12	11	4	5	177	82	40	16	5	36	8	51	13
GCF_036227585.1	3	5	5	2	5	17	7	10	12	10	8	13	6	13	5	6	3	3	7	12	10	4	9	6	10	4	4	17	14	8	4	205	93	57	19	5	41	8	50	13	3	5	5	2	5	17	7	10	12	10	8	13	6	13	5	6	3	3	7	12	10	4	9	6	10	4	4	17	14	8	4	205	93	57	19	5	41	8	50	13
GCF_036250655.1	4	4	6	2	4	8	5	6	6	7	5	10	5	7	4	6	1	2	5	2	4	7	3	6	4	2	3	7	8	2	5	111	59	23	11	6	32	2	27	9	4	4	6	2	4	8	5	6	6	7	5	10	5	7	4	6	1	2	5	2	4	7	3	6	4	2	3	7	8	2	5	111	59	23	11	6	32	2	27	9
GCF_036287475.1	3	6	4	2	7	16	6	12	15	9	7	15	5	14	7	6	3	1	8	13	11	5	8	6	8	4	4	17	19	10	4	216	102	61	19	5	43	8	53	16	3	6	4	2	7	16	6	12	15	9	7	15	5	14	7	6	3	1	8	13	11	5	8	6	8	4	4	17	19	10	4	216	102	61	19	5	43	8	53	16
GCF_036320555.1	3	8	2	1	6	15	9	9	10	8	9	10	8	9	13	6	1	3	8	11	7	6	6	3	6	3	3	17	8	4	4	186	86	49	28	7	42	9	48	17	3	8	2	1	6	15	9	9	10	8	9	10	8	9	13	6	1	3	8	11	7	6	6	3	6	3	3	17	8	4	4	186	86	49	28	7	42	9	48	17
GCF_036320655.1	4	5	1	2	2	10	6	6	6	3	5	3	5	5	6	5	1	1	4	7	3	5	4	3	7	2	3	17	6	3	5	114	50	27	14	3	16	7	40	9	4	5	1	2	2	10	6	6	6	3	5	3	5	5	6	5	1	1	4	7	3	5	4	3	7	2	3	17	6	3	5	114	50	27	14	3	16	7	40	9
GCF_036323475.1	4	5	3	1	1	12	5	6	4	5	3	0	3	9	1	6	1	1	2	2	2	7	3	1	1	2	4	0	7	1	5	64	29	15	11	2	12	6	14	8	4	5	3	1	1	12	5	6	4	5	3	0	3	9	1	6	1	1	2	2	2	7	3	1	1	2	4	0	7	1	5	64	29	15	11	2	12	6	14	8
GCF_036323495.1	4	3	2	2	3	12	6	6	8	9	6	11	6	8	11	5	1	2	9	8	7	6	7	4	5	2	3	8	7	6	4	152	75	44	26	6	40	6	36	15	4	3	2	2	3	12	6	6	8	9	6	11	6	8	11	5	1	2	9	8	7	6	7	4	5	2	3	8	7	6	4	152	75	44	26	6	40	6	36	15
GCF_036324365.1	3	5	5	2	4	15	6	7	8	10	7	13	6	10	6	6	1	1	7	10	7	4	6	5	9	4	3	7	7	7	4	158	79	46	23	4	39	8	40	13	3	5	5	2	4	15	6	7	8	10	7	13	6	10	6	6	1	1	7	10	7	4	6	5	9	4	3	7	7	7	4	158	79	46	23	4	39	8	40	13
GCF_036346855.1	3	7	4	2	7	17	6	11	13	14	7	21	5	13	6	6	4	1	8	14	16	4	13	5	12	4	4	17	12	9	4	227	108	70	25	5	52	8	58	14	3	7	4	2	7	17	6	11	13	14	7	21	5	13	6	6	4	1	8	14	16	4	13	5	12	4	4	17	12	9	4	227	108	70	25	5	52	8	58	14
GCF_036352035.1	5	6	8	2	6	19	7	12	14	9	7	13	7	16	16	6	3	1	14	21	8	6	7	5	8	3	5	15	9	8	4	265	108	92	41	8	48	9	57	25	5	6	8	2	6	19	7	12	14	9	7	13	7	16	16	6	3	1	14	21	8	6	7	5	8	3	5	15	9	8	4	265	108	92	41	8	48	9	57	25
GCF_036416795.1	6	6	8	7	3	10	7	8	9	7	6	10	6	9	15	5	2	1	8	7	8	8	5	6	5	1	3	7	5	3	5	159	71	34	18	5	38	7	33	20	6	6	8	7	3	10	7	8	9	7	6	10	6	9	15	5	2	1	8	7	8	8	5	6	5	1	3	7	5	3	5	159	71	34	18	5	38	7	33	20
GCF_036492245.1	5	5	4	1	5	9	7	9	6	7	7	10	7	8	5	5	1	2	6	3	7	6	5	2	4	1	2	0	8	4	5	113	66	26	12	6	37	3	17	10	5	5	4	1	5	9	7	9	6	7	7	10	7	8	5	5	1	2	6	3	7	6	5	2	4	1	2	0	8	4	5	113	66	26	12	6	37	3	17	10
GCF_036632915.2	3	4	5	1	3	12	7	10	3	6	3	6	5	10	5	6	1	1	4	2	2	6	1	4	5	1	3	3	6	3	5	99	53	17	7	4	29	9	22	11	3	4	5	1	3	12	7	10	3	6	3	6	5	10	5	6	1	1	4	2	2	6	1	4	5	1	3	3	6	3	5	99	53	17	7	4	29	9	22	11
GCF_036670025.1	5	9	8	2	6	13	7	9	11	13	9	13	7	15	10	7	7	2	15	19	6	16	8	5	13	7	4	17	8	18	5	241	109	85	39	7	51	5	64	16	5	9	8	2	6	13	7	9	11	13	9	13	7	15	10	7	7	2	15	19	6	16	8	5	13	7	4	17	8	18	5	241	109	85	39	7	51	5	64	16
GCF_036687315.1	5	5	2	1	4	14	8	9	7	5	6	10	6	6	2	5	1	2	8	8	7	9	7	4	7	2	3	10	6	3	4	146	69	39	22	4	38	9	43	6	5	5	2	1	4	14	8	9	7	5	6	10	6	6	2	5	1	2	8	8	7	9	7	4	7	2	3	10	6	3	4	146	69	39	22	4	38	9	43	6
GCF_036689625.1	5	5	2	1	2	4	7	6	4	3	5	0	6	8	2	5	1	1	4	3	3	6	4	1	2	3	3	1	8	2	5	63	30	19	13	2	16	4	18	7	5	5	2	1	2	4	7	6	4	3	5	0	6	8	2	5	1	1	4	3	3	6	4	1	2	3	3	1	8	2	5	63	30	19	13	2	16	4	18	7
GCF_036700015.1	4	8	10	2	4	15	7	8	10	10	6	11	6	12	3	6	2	2	9	9	5	11	2	8	6	4	4	10	7	8	6	174	84	52	26	6	43	7	40	10	4	8	10	2	4	15	7	8	10	10	6	11	6	12	3	6	2	2	9	9	5	11	2	8	6	4	4	10	7	8	6	174	84	52	26	6	43	7	40	10
GCF_036704165.1	4	9	3	1	8	19	8	12	8	12	7	16	7	7	7	6	2	4	10	13	9	6	6	5	7	4	5	20	9	10	4	233	103	71	31	5	52	10	61	11	4	9	3	1	8	19	8	12	8	12	7	16	7	7	7	6	2	4	10	13	9	6	6	5	7	4	5	20	9	10	4	233	103	71	31	5	52	10	61	11
GCF_036812735.1	4	6	4	1	1	9	8	7	6	9	7	14	7	13	6	7	1	1	10	5	11	8	6	7	6	2	3	9	7	1	5	158	74	36	20	5	40	6	40	13	4	6	4	1	1	9	8	7	6	9	7	14	7	13	6	7	1	1	10	5	11	8	6	7	6	2	3	9	7	1	5	158	74	36	20	5	40	6	40	13
GCF_036864995.1	4	8	4	1	7	18	8	10	8	12	7	13	7	7	7	6	2	4	9	13	9	5	6	3	7	3	5	19	7	9	4	217	95	65	28	5	47	9	56	11	4	8	4	1	7	18	8	10	8	12	7	13	7	7	7	6	2	4	9	13	9	5	6	3	7	3	5	19	7	9	4	217	95	65	28	5	47	9	56	11
GCF_036884255.1	4	7	9	2	3	13	8	7	7	17	6	11	8	16	7	8	3	2	5	4	5	5	3	6	7	4	3	13	8	12	5	180	88	43	14	6	40	5	42	18	4	7	9	2	3	13	8	7	7	17	6	11	8	16	7	8	3	2	5	4	5	5	3	6	7	4	3	13	8	12	5	180	88	43	14	6	40	5	42	18
GCF_036885195.1	5	6	5	4	5	14	7	7	9	11	8	14	6	12	8	5	1	3	10	7	8	7	6	7	6	4	4	13	7	6	5	214	101	57	21	6	41	9	57	17	5	6	5	4	5	14	7	7	9	11	8	14	6	12	8	5	1	3	10	7	8	7	6	7	6	4	4	13	7	6	5	214	101	57	21	6	41	9	57	17
GCF_036898185.1	5	7	6	2	2	14	6	6	11	9	8	16	9	11	7	6	3	2	12	12	7	8	7	5	6	5	4	11	8	2	5	216	94	62	31	5	45	8	52	15	5	7	6	2	2	14	6	6	11	9	8	16	9	11	7	6	3	2	12	12	7	8	7	5	6	5	4	11	8	2	5	216	94	62	31	5	45	8	52	15
GCF_037023725.1	3	6	5	2	8	19	7	11	8	9	7	12	7	7	8	5	1	3	9	13	8	5	5	4	7	3	4	18	7	10	4	211	88	64	26	5	45	9	55	12	3	6	5	2	8	19	7	11	8	9	7	12	7	7	8	5	1	3	9	13	8	5	5	4	7	3	4	18	7	10	4	211	88	64	26	5	45	9	55	12
GCF_037023865.1	7	12	12	4	8	17	8	13	15	8	6	11	7	14	13	5	6	2	9	25	14	12	9	3	8	3	3	17	8	12	4	251	95	85	43	4	47	8	45	20	7	12	12	4	8	17	8	13	15	8	6	11	7	14	13	5	6	2	9	25	14	12	9	3	8	3	3	17	8	12	4	251	95	85	43	4	47	8	45	20
GCF_037055315.1	4	7	2	3	4	14	6	8	9	8	6	12	7	9	4	5	2	1	7	8	7	7	7	5	2	3	3	15	11	3	4	145	76	39	21	4	41	7	34	9	4	7	2	3	4	14	6	8	9	8	6	12	7	9	4	5	2	1	7	8	7	7	7	5	2	3	3	15	11	3	4	145	76	39	21	4	41	7	34	9
GCF_037076355.1	2	4	2	1	1	11	7	6	8	6	4	9	4	12	2	5	1	1	3	2	4	5	3	5	3	2	3	1	7	1	5	99	47	18	13	3	26	4	27	10	2	4	2	1	1	11	7	6	8	6	4	9	4	12	2	5	1	1	3	2	4	5	3	5	3	2	3	1	7	1	5	99	47	18	13	3	26	4	27	10
GCF_037076425.1	4	4	3	2	1	10	6	6	3	5	7	6	7	11	3	5	2	1	0	1	2	5	1	1	1	2	3	0	7	1	5	81	44	16	8	3	22	4	21	10	4	4	3	2	1	10	6	6	3	5	7	6	7	11	3	5	2	1	0	1	2	5	1	1	1	2	3	0	7	1	5	81	44	16	8	3	22	4	21	10
GCF_037076535.1	5	4	2	3	4	14	8	6	8	8	6	9	6	9	8	5	1	2	8	6	8	8	7	4	7	3	3	12	7	5	4	158	74	46	23	4	35	8	45	13	5	4	2	3	4	14	8	6	8	8	6	9	6	9	8	5	1	2	8	6	8	8	7	4	7	3	3	12	7	5	4	158	74	46	23	4	35	8	45	13
GCF_037081795.1	4	8	4	3	4	18	8	9	12	11	6	15	7	12	6	7	2	0	9	11	7	6	8	4	9	4	3	16	10	7	5	219	87	58	26	6	42	9	56	15	4	8	4	3	4	18	8	9	12	11	6	15	7	12	6	7	2	0	9	11	7	6	8	4	9	4	3	16	10	7	5	219	87	58	26	6	42	9	56	15
GCF_037157775.1	2	7	4	3	4	14	6	8	7	8	7	11	8	10	4	5	1	2	10	6	4	7	4	2	7	3	5	14	9	5	5	174	84	40	17	6	39	6	47	12	2	7	4	3	4	14	6	8	7	8	7	11	8	10	4	5	1	2	10	6	4	7	4	2	7	3	5	14	9	5	5	174	84	40	17	6	39	6	47	12
GCF_037157805.1	2	7	4	3	4	15	6	8	6	9	7	10	9	10	5	5	1	3	10	6	4	7	4	2	11	3	5	14	9	6	5	190	86	46	20	6	39	7	52	13	2	7	4	3	4	15	6	8	6	9	7	10	9	10	5	5	1	3	10	6	4	7	4	2	11	3	5	14	9	6	5	190	86	46	20	6	39	7	52	13
GCF_037157815.1	2	6	4	2	3	14	6	7	7	7	6	11	7	10	4	6	1	3	11	5	4	6	4	1	11	2	4	12	9	4	5	173	81	40	19	7	35	6	46	12	2	6	4	2	3	14	6	7	7	7	6	11	7	10	4	6	1	3	11	5	4	6	4	1	11	2	4	12	9	4	5	173	81	40	19	7	35	6	46	12
GCF_037327425.1	3	6	6	2	6	18	7	8	11	8	6	14	6	11	6	5	2	3	8	12	9	4	7	6	8	4	3	15	9	9	4	205	93	59	20	7	44	9	52	12	3	6	6	2	6	18	7	8	11	8	6	14	6	11	6	5	2	3	8	12	9	4	7	6	8	4	3	15	9	9	4	205	93	59	20	7	44	9	52	12
GCF_037333485.1	2	7	8	3	3	13	8	8	9	17	6	10	8	14	7	10	3	3	5	4	5	6	3	6	10	4	3	11	8	2	6	173	86	40	17	6	40	6	45	17	2	7	8	3	3	13	8	8	9	17	6	10	8	14	7	10	3	3	5	4	5	6	3	6	10	4	3	11	8	2	6	173	86	40	17	6	40	6	45	17
GCF_037477945.1	5	4	3	1	4	10	6	9	7	8	6	13	8	9	6	7	1	0	8	6	7	8	5	7	5	0	3	11	8	4	4	141	74	37	18	5	38	3	33	12	5	4	3	1	4	10	6	9	7	8	6	13	8	9	6	7	1	0	8	6	7	8	5	7	5	0	3	11	8	4	4	141	74	37	18	5	38	3	33	12
GCF_037482245.1	6	6	9	5	2	13	7	6	15	10	8	15	8	12	9	7	3	3	9	19	7	7	6	6	6	5	4	17	8	4	5	245	97	70	38	6	43	8	57	16	6	6	9	5	2	13	7	6	15	10	8	15	8	12	9	7	3	3	9	19	7	7	6	6	6	5	4	17	8	4	5	245	97	70	38	6	43	8	57	16
GCF_037619525.1	4	4	5	2	6	15	5	7	12	12	9	14	8	9	10	6	1	2	9	13	6	6	7	7	6	3	4	11	9	7	4	230	94	73	32	5	48	7	51	15	4	4	5	2	6	15	5	7	12	12	9	14	8	9	10	6	1	2	9	13	6	6	7	7	6	3	4	11	9	7	4	230	94	73	32	5	48	7	51	15
GCF_037850265.1	3	4	3	1	4	15	8	7	8	8	6	14	6	10	5	5	1	1	4	4	8	4	5	3	8	3	3	8	8	2	4	147	78	37	20	5	42	11	37	10	3	4	3	1	4	15	8	7	8	8	6	14	6	10	5	5	1	1	4	4	8	4	5	3	8	3	3	8	8	2	4	147	78	37	20	5	42	11	37	10
GCF_037948395.1	7	7	7	1	7	13	7	9	13	16	7	14	8	12	9	7	2	4	13	13	9	8	6	7	6	4	4	13	8	6	5	243	111	66	30	6	46	8	55	17	7	7	7	1	7	13	7	9	13	16	7	14	8	12	9	7	2	4	13	13	9	8	6	7	6	4	4	13	8	6	5	243	111	66	30	6	46	8	55	17
GCF_038024095.1	5	4	1	2	3	9	7	6	8	7	6	11	6	7	7	6	1	2	7	3	6	8	5	2	5	1	3	9	3	2	4	121	65	29	13	6	34	6	30	13	5	4	1	2	3	9	7	6	8	7	6	11	6	7	7	6	1	2	7	3	6	8	5	2	5	1	3	9	3	2	4	121	65	29	13	6	34	6	30	13
GCF_038098645.1	4	4	2	3	7	12	8	8	7	9	7	11	6	9	11	5	2	3	11	10	7	7	6	3	7	2	3	10	7	8	4	186	87	54	28	6	40	7	43	16	4	4	2	3	7	12	8	8	7	9	7	11	6	9	11	5	2	3	11	10	7	7	6	3	7	2	3	10	7	8	4	186	87	54	28	6	40	7	43	16
GCF_038368255.1	4	4	3	2	3	16	7	7	7	8	8	11	6	10	14	5	1	2	9	10	7	8	7	4	4	2	4	13	8	7	4	172	80	55	24	7	42	8	44	19	4	4	3	2	3	16	7	7	7	8	8	11	6	10	14	5	1	2	9	10	7	8	7	4	4	2	4	13	8	7	4	172	80	55	24	7	42	8	44	19
GCF_038396635.1	6	5	4	3	5	11	7	9	5	7	5	12	6	13	4	7	2	1	3	4	6	7	3	4	1	1	3	8	7	4	5	123	66	26	13	5	40	6	24	14	6	5	4	3	5	11	7	9	5	7	5	12	6	13	4	7	2	1	3	4	6	7	3	4	1	1	3	8	7	4	5	123	66	26	13	5	40	6	24	14
GCF_038396755.1	5	8	5	3	1	12	7	5	8	9	6	8	6	7	7	6	2	2	10	2	6	6	6	3	6	2	3	8	6	6	5	144	71	43	17	6	35	8	31	13	5	8	5	3	1	12	7	5	8	9	6	8	6	7	7	6	2	2	10	2	6	6	6	3	6	2	3	8	6	6	5	144	71	43	17	6	35	8	31	13
GCF_038396765.1	5	9	6	4	1	13	7	5	8	8	5	10	5	8	8	6	2	2	8	3	7	7	5	4	7	3	3	10	6	6	5	157	76	47	19	6	38	8	40	14	5	9	6	4	1	13	7	5	8	8	5	10	5	8	8	6	2	2	8	3	7	7	5	4	7	3	3	10	6	6	5	157	76	47	19	6	38	8	40	14
GCF_038443385.1	5	6	4	5	3	12	8	7	5	5	3	12	3	11	7	2	2	2	9	5	7	7	7	2	5	1	3	7	9	2	5	139	74	34	20	3	37	7	34	15	5	6	4	5	3	12	8	7	5	5	3	12	3	11	7	2	2	2	9	5	7	7	7	2	5	1	3	7	9	2	5	139	74	34	20	3	37	7	34	15
GCF_038452275.1	3	3	2	1	4	15	7	7	10	6	6	14	6	9	4	5	1	1	4	9	6	3	4	2	8	3	3	8	8	3	4	147	79	39	23	5	41	10	38	9	3	3	2	1	4	15	7	7	10	6	6	14	6	9	4	5	1	1	4	9	6	3	4	2	8	3	3	8	8	3	4	147	79	39	23	5	41	10	38	9
GCF_038502305.1	4	4	6	2	5	14	6	7	11	9	6	14	7	12	5	5	1	1	7	7	8	5	7	4	3	3	3	11	8	4	4	157	73	39	19	4	40	7	29	13	4	4	6	2	5	14	6	7	11	9	6	14	7	12	5	5	1	1	7	7	8	5	7	4	3	3	3	11	8	4	4	157	73	39	19	4	40	7	29	13
GCF_038561955.2	4	7	3	1	2	14	6	7	7	10	4	11	6	10	2	6	1	2	6	4	3	9	3	7	7	4	3	8	8	2	5	150	76	36	20	3	39	7	40	9	4	7	3	1	2	14	6	7	7	10	4	11	6	10	2	6	1	2	6	4	3	9	3	7	7	4	3	8	8	2	5	150	76	36	20	3	39	7	40	9
GCF_039555295.1	3	3	2	1	2	11	6	6	6	5	6	12	5	9	8	4	0	2	4	3	8	4	5	4	5	1	3	7	7	1	4	116	64	30	15	4	34	4	29	13	3	3	2	1	2	11	6	6	6	5	6	12	5	9	8	4	0	2	4	3	8	4	5	4	5	1	3	7	7	1	4	116	64	30	15	4	34	4	29	13
GCF_039555305.1	4	3	2	1	3	12	7	7	3	3	6	6	6	6	3	4	1	2	4	2	4	6	4	3	4	2	3	3	6	2	4	86	42	19	10	3	23	7	27	7	4	3	2	1	3	12	7	7	3	3	6	6	6	6	3	4	1	2	4	2	4	6	4	3	4	2	3	3	6	2	4	86	42	19	10	3	23	7	27	7
GCF_039623705.1	5	7	2	2	3	12	7	7	8	10	6	10	6	9	6	6	1	1	4	9	4	8	3	5	10	1	3	14	7	2	4	150	80	36	21	5	33	4	45	12	5	7	2	2	3	12	7	7	8	10	6	10	6	9	6	6	1	1	4	9	4	8	3	5	10	1	3	14	7	2	4	150	80	36	21	5	33	4	45	12
GCF_039652435.2	5	7	5	2	1	13	7	5	9	9	6	9	6	7	6	6	1	2	7	4	6	9	3	4	6	1	3	9	6	5	5	137	74	40	20	6	36	9	30	11	5	7	5	2	1	13	7	5	9	9	6	9	6	7	6	6	1	2	7	4	6	9	3	4	6	1	3	9	6	5	5	137	74	40	20	6	36	9	30	11
GCF_039654145.1	5	5	6	3	3	12	7	6	7	12	6	9	6	11	7	6	4	2	8	6	4	8	6	5	9	3	5	11	11	1	5	168	88	40	20	6	37	6	43	13	5	5	6	3	3	12	7	6	7	12	6	9	6	11	7	6	4	2	8	6	4	8	6	5	9	3	5	11	11	1	5	168	88	40	20	6	37	6	43	13
GCF_039718975.1	6	6	8	4	2	15	7	6	13	15	7	14	8	13	11	7	3	3	11	12	8	7	5	6	6	4	4	13	9	6	5	239	100	67	29	6	42	8	56	19	6	6	8	4	2	15	7	6	13	15	7	14	8	13	11	7	3	3	11	12	8	7	5	6	6	4	4	13	9	6	5	239	100	67	29	6	42	8	56	19
GCF_039830095.1	1	4	1	1	1	4	6	5	1	3	0	0	4	10	2	6	1	1	2	1	4	3	2	7	2	2	4	0	6	1	5	73	16	10	7	0	9	5	23	9	1	4	1	1	1	4	6	5	1	3	0	0	4	10	2	6	1	1	2	1	4	3	2	7	2	2	4	0	6	1	5	73	16	10	7	0	9	5	23	9
GCF_039848545.1	4	8	7	2	10	19	6	15	15	11	8	13	9	14	11	7	2	1	13	24	10	6	7	5	8	5	5	16	9	10	4	270	109	92	39	6	51	8	59	21	4	8	7	2	10	19	6	15	15	11	8	13	9	14	11	7	2	1	13	24	10	6	7	5	8	5	5	16	9	10	4	270	109	92	39	6	51	8	59	21
GCF_040024445.1	4	4	2	1	4	14	7	7	9	11	8	15	7	10	6	5	2	2	16	10	8	9	11	4	11	4	3	14	7	6	4	206	94	62	31	6	47	9	53	13	4	4	2	1	4	14	7	7	9	11	8	15	7	10	6	5	2	2	16	10	8	9	11	4	11	4	3	14	7	6	4	206	94	62	31	6	47	9	53	13
GCF_040047665.1	5	7	2	2	3	15	9	7	7	10	6	12	6	10	7	5	2	2	8	6	9	8	6	6	9	3	3	14	7	1	4	169	87	43	24	5	45	8	52	13	5	7	2	2	3	15	9	7	7	10	6	12	6	10	7	5	2	2	8	6	9	8	6	6	9	3	3	14	7	1	4	169	87	43	24	5	45	8	52	13
GCF_040105105.1	6	6	4	2	4	14	7	7	10	9	8	11	6	8	8	5	1	2	9	11	8	8	9	5	6	5	5	14	8	6	4	213	87	74	32	6	45	7	55	13	6	6	4	2	4	14	7	7	10	9	8	11	6	8	8	5	1	2	9	11	8	8	9	5	6	5	5	14	8	6	4	213	87	74	32	6	45	7	55	13
GCF_040126055.1	3	4	3	1	1	12	7	6	8	8	6	9	6	9	4	5	1	2	5	5	4	5	4	5	6	4	4	11	8	1	5	138	74	29	14	4	32	6	41	9	3	4	3	1	1	12	7	6	8	8	6	9	6	9	4	5	1	2	5	5	4	5	4	5	6	4	4	11	8	1	5	138	74	29	14	4	32	6	41	9
GCF_040215475.1	4	7	8	3	9	19	6	13	13	12	8	14	8	16	18	6	2	1	15	22	8	6	7	5	11	4	6	15	9	9	4	285	117	98	41	7	53	8	62	28	4	7	8	3	9	19	6	13	13	12	8	14	8	16	18	6	2	1	15	22	8	6	7	5	11	4	6	15	9	9	4	285	117	98	41	7	53	8	62	28
GCF_040256745.1	4	5	6	1	3	13	6	7	12	12	6	12	5	7	3	6	4	1	5	5	4	5	4	2	2	3	3	1	6	2	4	121	63	24	15	5	38	7	21	8	4	5	6	1	3	13	6	7	12	12	6	12	5	7	3	6	4	1	5	5	4	5	4	2	2	3	3	1	6	2	4	121	63	24	15	5	38	7	21	8
GCF_040267515.1	4	5	2	2	5	16	8	6	7	9	8	11	6	8	6	6	2	2	10	14	8	7	7	4	7	4	4	14	8	7	4	200	81	57	31	7	43	10	48	11	4	5	2	2	5	16	8	6	7	9	8	11	6	8	6	6	2	2	10	14	8	7	7	4	7	4	4	14	8	7	4	200	81	57	31	7	43	10	48	11
GCF_040267685.1	4	4	2	1	1	12	7	7	6	4	7	7	6	10	2	9	1	1	4	7	3	7	3	4	5	2	3	14	8	2	6	120	54	31	17	3	22	7	36	8	4	4	2	1	1	12	7	7	6	4	7	7	6	10	2	9	1	1	4	7	3	7	3	4	5	2	3	14	8	2	6	120	54	31	17	3	22	7	36	8
GCF_040267745.1	5	8	12	2	2	13	7	7	8	13	6	11	6	14	4	6	2	2	9	7	4	11	5	5	7	4	4	10	13	1	5	179	89	45	26	5	40	6	44	13	5	8	12	2	2	13	7	7	8	13	6	11	6	14	4	6	2	2	9	7	4	11	5	5	7	4	4	10	13	1	5	179	89	45	26	5	40	6	44	13
GCF_040281505.1	4	7	2	1	11	18	8	12	11	14	7	14	7	7	8	5	1	3	9	17	9	5	5	4	7	3	5	18	7	12	4	235	106	71	28	6	53	9	57	12	4	7	2	1	11	18	8	12	11	14	7	14	7	7	8	5	1	3	9	17	9	5	5	4	7	3	5	18	7	12	4	235	106	71	28	6	53	9	57	12
GCF_040364225.1	4	4	3	1	0	7	7	5	2	1	0	0	5	9	3	5	1	1	4	2	2	5	2	3	4	1	4	0	6	1	5	74	27	10	11	0	7	5	23	9	4	4	3	1	0	7	7	5	2	1	0	0	5	9	3	5	1	1	4	2	2	5	2	3	4	1	4	0	6	1	5	74	27	10	11	0	7	5	23	9
GCF_040429585.1	6	8	11	4	5	15	7	6	12	13	9	14	8	13	13	7	1	3	11	12	9	7	6	6	5	6	5	14	8	4	5	248	108	65	33	6	45	8	58	20	6	8	11	4	5	15	7	6	12	13	9	14	8	13	13	7	1	3	11	12	9	7	6	6	5	6	5	14	8	4	5	248	108	65	33	6	45	8	58	20
GCF_040515995.1	3	4	3	1	1	13	7	8	8	6	8	5	7	14	6	8	1	1	2	6	3	5	2	3	5	1	3	2	7	2	5	105	46	23	13	5	22	8	23	12	3	4	3	1	1	13	7	8	8	6	8	5	7	14	6	8	1	1	2	6	3	5	2	3	5	1	3	2	7	2	5	105	46	23	13	5	22	8	23	12
GCF_040529045.1	4	5	6	2	4	13	6	8	9	10	5	12	4	8	9	5	1	2	8	9	8	6	6	4	4	4	4	8	7	3	5	169	76	45	26	3	36	7	40	13	4	5	6	2	4	13	6	8	9	10	5	12	4	8	9	5	1	2	8	9	8	6	6	4	4	4	4	8	7	3	5	169	76	45	26	3	36	7	40	13
GCF_040529055.1	4	5	5	1	4	12	6	8	9	10	5	12	4	8	7	5	1	3	7	8	9	6	5	4	4	4	4	8	7	3	5	166	75	43	24	3	36	7	38	12	4	5	5	1	4	12	6	8	9	10	5	12	4	8	7	5	1	3	7	8	9	6	5	4	4	4	4	8	7	3	5	166	75	43	24	3	36	7	38	12
GCF_040529335.1	4	5	9	2	5	17	6	9	13	10	9	13	6	16	9	6	4	1	10	9	11	5	9	5	10	4	5	17	11	7	5	211	98	59	21	7	46	8	54	18	4	5	9	2	5	17	6	9	13	10	9	13	6	16	9	6	4	1	10	9	11	5	9	5	10	4	5	17	11	7	5	211	98	59	21	7	46	8	54	18
GCF_040571325.1	5	5	3	1	5	17	7	12	12	8	7	13	10	13	5	6	2	2	14	13	10	9	10	6	7	4	4	16	10	8	4	206	85	55	26	4	39	10	52	15	5	5	3	1	5	17	7	12	12	8	7	13	10	13	5	6	2	2	14	13	10	9	10	6	7	4	4	16	10	8	4	206	85	55	26	4	39	10	52	15
GCF_040581405.1	3	8	3	2	3	15	7	7	7	13	6	11	6	7	9	4	2	3	8	4	4	7	5	9	5	2	3	15	8	3	4	169	80	41	24	4	39	10	42	13	3	8	3	2	3	15	7	7	7	13	6	11	6	7	9	4	2	3	8	4	4	7	5	9	5	2	3	15	8	3	4	169	80	41	24	4	39	10	42	13
GCF_040616535.1	4	5	5	1	4	13	6	8	10	10	5	10	5	8	9	6	1	2	9	9	11	6	7	4	4	4	4	8	8	7	5	178	75	49	26	3	34	7	39	13	4	5	5	1	4	13	6	8	10	10	5	10	5	8	9	6	1	2	9	9	11	6	7	4	4	4	4	8	8	7	5	178	75	49	26	3	34	7	39	13
GCF_040687735.1	3	5	2	1	2	13	5	6	7	7	5	11	4	7	7	5	1	2	8	4	6	6	6	4	4	3	3	13	8	1	5	154	75	38	21	3	33	7	43	11	3	5	2	1	2	13	5	6	7	7	5	11	4	7	7	5	1	2	8	4	6	6	6	4	4	3	3	13	8	1	5	154	75	38	21	3	33	7	43	11
GCF_040739365.1	4	4	3	1	1	12	6	6	8	7	4	8	5	8	2	6	1	2	6	4	3	5	3	5	5	3	4	8	7	5	5	123	58	29	14	3	23	6	37	7	4	4	3	1	1	12	6	6	8	7	4	8	5	8	2	6	1	2	6	4	3	5	3	5	5	3	4	8	7	5	5	123	58	29	14	3	23	6	37	7
GCF_040834095.1	6	6	7	3	4	15	7	8	12	14	8	14	8	12	9	7	3	3	11	13	8	8	5	6	6	4	4	13	8	8	5	233	101	67	28	7	45	8	56	17	6	6	7	3	4	15	7	8	12	14	8	14	8	12	9	7	3	3	11	13	8	8	5	6	6	4	4	13	8	8	5	233	101	67	28	7	45	8	56	17
GCF_040959045.1	2	10	6	1	2	5	3	5	4	3	6	1	6	12	6	9	1	1	3	3	2	7	1	1	10	2	4	2	7	2	5	102	51	18	14	1	25	6	24	14	2	10	6	1	2	5	3	5	4	3	6	1	6	12	6	9	1	1	3	3	2	7	1	1	10	2	4	2	7	2	5	102	51	18	14	1	25	6	24	14
GCF_041021905.1	3	5	2	2	6	17	7	7	8	7	7	11	8	7	5	6	1	2	9	6	7	7	5	5	8	4	3	10	7	6	4	178	79	58	27	5	40	8	46	9	3	5	2	2	6	17	7	7	8	7	7	11	8	7	5	6	1	2	9	6	7	7	5	5	8	4	3	10	7	6	4	178	79	58	27	5	40	8	46	9
GCF_041081565.1	3	4	5	1	1	11	7	6	4	8	4	5	4	13	5	5	1	1	4	1	3	6	2	1	3	2	3	0	8	1	5	90	48	15	9	3	23	4	18	13	3	4	5	1	1	11	7	6	4	8	4	5	4	13	5	5	1	1	4	1	3	6	2	1	3	2	3	0	8	1	5	90	48	15	9	3	23	4	18	13
GCF_041199985.1	5	4	3	2	3	9	5	6	6	9	6	11	7	9	7	5	1	1	4	1	6	6	3	3	5	4	3	11	6	1	5	122	66	25	10	6	38	3	33	12	5	4	3	2	3	9	5	6	6	9	6	11	7	9	7	5	1	1	4	1	6	6	3	3	5	4	3	11	6	1	5	122	66	25	10	6	38	3	33	12
GCF_041199995.1	5	4	3	1	2	9	6	6	6	9	6	10	7	9	7	5	1	1	4	1	6	6	3	1	5	4	3	10	7	1	5	121	68	25	10	5	37	4	27	12	5	4	3	1	2	9	6	6	6	9	6	10	7	9	7	5	1	1	4	1	6	6	3	1	5	4	3	10	7	1	5	121	68	25	10	5	37	4	27	12
GCF_041200005.1	5	5	3	2	2	10	6	6	5	10	5	11	6	10	9	4	1	1	4	1	6	6	3	1	6	4	2	10	7	1	5	117	69	24	11	4	37	3	29	14	5	5	3	2	2	10	6	6	5	10	5	11	6	10	9	4	1	1	4	1	6	6	3	1	6	4	2	10	7	1	5	117	69	24	11	4	37	3	29	14
GCF_041295575.1	2	5	1	1	0	8	7	2	9	9	5	9	5	7	1	6	1	2	7	7	4	4	5	7	8	5	3	11	11	1	5	144	73	34	18	4	31	3	45	6	2	5	1	1	0	8	7	2	9	9	5	9	5	7	1	6	1	2	7	7	4	4	5	7	8	5	3	11	11	1	5	144	73	34	18	4	31	3	45	6
GCF_041320245.1	6	7	9	6	3	14	7	7	12	12	8	14	8	12	9	7	3	3	9	17	7	7	6	6	6	5	4	17	8	3	5	246	96	71	36	6	43	8	57	16	6	7	9	6	3	14	7	7	12	12	8	14	8	12	9	7	3	3	9	17	7	7	6	6	6	5	4	17	8	3	5	246	96	71	36	6	43	8	57	16
GCF_041320605.1	2	7	4	1	3	9	7	7	10	7	6	9	6	7	6	5	2	1	8	5	7	7	5	2	5	2	3	9	3	4	5	132	68	34	15	6	37	6	33	11	2	7	4	1	3	9	7	7	10	7	6	9	6	7	6	5	2	1	8	5	7	7	5	2	5	2	3	9	3	4	5	132	68	34	15	6	37	6	33	11
GCF_041379765.1	5	6	2	2	2	12	6	6	10	8	8	14	6	8	4	5	1	3	9	5	6	7	4	2	6	2	3	8	7	2	5	167	79	43	22	5	44	5	40	9	5	6	2	2	2	12	6	6	10	8	8	14	6	8	4	5	1	3	9	5	6	7	4	2	6	2	3	8	7	2	5	167	79	43	22	5	44	5	40	9
GCF_041410465.1	5	6	2	1	2	12	5	6	11	8	8	14	6	8	7	5	1	3	10	5	7	8	6	2	7	2	3	14	7	2	5	172	92	46	22	5	44	4	46	12	5	6	2	1	2	12	5	6	11	8	8	14	6	8	7	5	1	3	10	5	7	8	6	2	7	2	3	14	7	2	5	172	92	46	22	5	44	4	46	12
GCF_041428715.1	4	4	4	3	2	9	7	7	6	12	8	11	9	17	16	8	1	1	14	7	7	6	3	5	7	1	3	14	7	2	5	182	77	36	17	6	39	5	37	27	4	4	4	3	2	9	7	7	6	12	8	11	9	17	16	8	1	1	14	7	7	6	3	5	7	1	3	14	7	2	5	182	77	36	17	6	39	5	37	27
GCF_041428845.1	5	5	2	2	2	9	7	6	7	10	8	15	10	14	10	9	3	1	11	5	6	7	3	5	6	2	3	18	7	1	7	183	78	35	17	5	41	5	41	20	5	5	2	2	2	9	7	6	7	10	8	15	10	14	10	9	3	1	11	5	6	7	3	5	6	2	3	18	7	1	7	183	78	35	17	5	41	5	41	20
GCF_041429775.1	5	7	3	1	2	13	5	6	8	7	5	9	4	7	7	5	1	0	10	5	5	9	6	4	5	2	3	12	7	1	3	139	68	35	21	3	31	7	35	11	5	7	3	1	2	13	5	6	8	7	5	9	4	7	7	5	1	0	10	5	5	9	6	4	5	2	3	12	7	1	3	139	68	35	21	3	31	7	35	11
GCF_041429785.1	4	6	6	3	2	13	7	6	9	4	6	9	6	10	8	5	1	1	7	6	7	7	8	4	5	2	4	14	7	1	4	152	69	43	27	4	31	7	41	15	4	6	6	3	2	13	7	6	9	4	6	9	6	10	8	5	1	1	7	6	7	7	8	4	5	2	4	14	7	1	4	152	69	43	27	4	31	7	41	15
GCF_041464075.1	6	6	9	4	2	14	7	6	12	14	8	14	8	12	10	7	1	3	11	12	7	7	6	6	6	4	4	13	8	4	5	228	100	61	29	7	43	8	56	17	6	6	9	4	2	14	7	6	12	14	8	14	8	12	10	7	1	3	11	12	7	7	6	6	6	4	4	13	8	4	5	228	100	61	29	7	43	8	56	17
GCF_041504375.1	3	4	2	1	4	13	7	7	9	10	7	11	6	9	8	5	1	1	8	7	7	7	7	5	7	2	2	15	7	5	4	161	70	43	19	5	38	7	42	14	3	4	2	1	4	13	7	7	9	10	7	11	6	9	8	5	1	1	8	7	7	7	7	5	7	2	2	15	7	5	4	161	70	43	19	5	38	7	42	14
GCF_041735015.1	2	5	2	0	1	14	5	7	6	5	5	12	5	6	4	5	0	3	3	3	6	4	3	3	5	1	3	6	7	1	4	108	63	26	12	3	32	6	28	8	2	5	2	0	1	14	5	7	6	5	5	12	5	6	4	5	0	3	3	3	6	4	3	3	5	1	3	6	7	1	4	108	63	26	12	3	32	6	28	8
GCF_041892135.1	4	5	3	2	2	13	6	6	9	8	7	9	6	9	14	6	1	1	9	6	6	7	6	5	4	3	3	12	8	1	4	156	75	39	19	5	35	7	37	18	4	5	3	2	2	13	6	6	9	8	7	9	6	9	14	6	1	1	9	6	6	7	6	5	4	3	3	12	8	1	4	156	75	39	19	5	35	7	37	18
GCF_041897805.1	4	7	2	1	4	16	6	8	16	14	8	21	8	12	8	6	2	2	7	8	7	3	9	4	6	4	3	13	9	3	5	191	101	47	23	5	52	8	48	15	4	7	2	1	4	16	6	8	16	14	8	21	8	12	8	6	2	2	7	8	7	3	9	4	6	4	3	13	9	3	5	191	101	47	23	5	52	8	48	15
GCF_041898185.1	2	5	2	1	3	13	7	7	8	6	6	16	6	11	5	5	2	1	5	3	8	3	6	3	6	4	3	13	8	2	4	139	74	29	14	4	41	9	40	12	2	5	2	1	3	13	7	7	8	6	6	16	6	11	5	5	2	1	5	3	8	3	6	3	6	4	3	13	8	2	4	139	74	29	14	4	41	9	40	12
GCF_041953405.1	5	7	6	2	2	15	6	7	10	11	8	15	9	10	6	6	3	2	11	10	7	8	7	5	6	5	4	11	8	1	5	213	93	61	32	5	45	9	53	13	5	7	6	2	2	15	6	7	10	11	8	15	9	10	6	6	3	2	11	10	7	8	7	5	6	5	4	11	8	1	5	213	93	61	32	5	45	9	53	13
GCF_041953975.1	5	6	4	1	2	12	6	6	10	8	8	16	9	12	7	6	3	3	11	11	9	7	8	5	7	5	4	11	8	1	5	213	96	60	30	5	43	6	55	15	5	6	4	1	2	12	6	6	10	8	8	16	9	12	7	6	3	3	11	11	9	7	8	5	7	5	4	11	8	1	5	213	96	60	30	5	43	6	55	15
GCF_041956365.1	4	4	4	2	3	13	6	7	8	9	5	10	5	7	8	6	1	2	8	7	10	6	6	4	5	4	4	9	7	2	5	160	71	39	22	3	33	8	40	12	4	4	4	2	3	13	6	7	8	9	5	10	5	7	8	6	1	2	8	7	10	6	6	4	5	4	4	9	7	2	5	160	71	39	22	3	33	8	40	12
GCF_042137965.1	7	8	10	5	4	16	7	6	12	13	8	17	8	13	7	7	2	3	14	21	8	8	6	6	6	5	4	18	8	4	5	270	108	82	38	7	47	8	61	15	7	8	10	5	4	16	7	6	12	13	8	17	8	13	7	7	2	3	14	21	8	8	6	6	6	5	4	18	8	4	5	270	108	82	38	7	47	8	61	15
GCF_042140045.1	1	4	2	1	1	11	7	6	8	6	4	9	4	12	5	5	1	1	3	2	4	4	3	0	2	2	3	1	7	1	5	90	50	16	10	3	26	4	21	13	1	4	2	1	1	11	7	6	8	6	4	9	4	12	5	5	1	1	3	2	4	4	3	0	2	2	3	1	7	1	5	90	50	16	10	3	26	4	21	13
GCF_042140075.1	4	7	2	1	3	15	8	7	7	7	7	14	6	10	8	6	1	1	10	5	7	6	6	5	7	3	3	11	8	1	4	161	84	39	23	6	43	9	47	14	4	7	2	1	3	15	8	7	7	7	7	14	6	10	8	6	1	1	10	5	7	6	6	5	7	3	3	11	8	1	4	161	84	39	23	6	43	9	47	14
GCF_042181575.1	3	10	8	2	3	17	8	7	7	7	6	10	5	10	4	5	3	1	8	5	7	6	5	1	3	3	3	19	6	6	4	157	68	53	23	4	36	9	40	10	3	10	8	2	3	17	8	7	7	7	6	10	5	10	4	5	3	1	8	5	7	6	5	1	3	3	3	19	6	6	4	157	68	53	23	4	36	9	40	10
GCF_042232855.1	4	8	2	2	14	18	9	15	9	9	8	13	8	8	9	5	1	3	10	24	12	5	6	4	9	2	5	18	7	14	5	242	107	83	34	6	53	9	57	13	4	8	2	2	14	18	9	15	9	9	8	13	8	8	9	5	1	3	10	24	12	5	6	4	9	2	5	18	7	14	5	242	107	83	34	6	53	9	57	13
GCF_042466515.1	4	5	7	2	7	16	7	12	12	11	10	16	8	10	5	6	3	1	12	14	9	6	14	7	9	4	5	17	16	10	4	233	109	72	26	5	50	8	60	12	4	5	7	2	7	16	7	12	12	11	10	16	8	10	5	6	3	1	12	14	9	6	14	7	9	4	5	17	16	10	4	233	109	72	26	5	50	8	60	12
GCF_042751225.1	3	7	5	3	6	17	9	10	14	10	6	18	8	14	13	8	3	1	7	11	11	3	7	6	13	3	4	13	9	9	5	212	100	53	18	5	48	8	50	21	3	7	5	3	6	17	9	10	14	10	6	18	8	14	13	8	3	1	7	11	11	3	7	6	13	3	4	13	9	9	5	212	100	53	18	5	48	8	50	21
GCF_042756445.1	4	6	4	1	4	14	6	8	11	9	7	14	6	8	5	4	2	2	7	8	9	3	10	2	7	2	3	9	8	7	4	161	79	44	20	5	41	8	35	11	4	6	4	1	4	14	6	8	11	9	7	14	6	8	5	4	2	2	7	8	9	3	10	2	7	2	3	9	8	7	4	161	79	44	20	5	41	8	35	11
GCF_042846195.1	3	3	4	1	5	12	6	13	6	8	7	6	7	9	4	5	1	1	3	5	6	5	3	4	6	2	3	4	7	5	5	109	59	24	9	4	29	6	26	10	3	3	4	1	5	12	6	13	6	8	7	6	7	9	4	5	1	1	3	5	6	5	3	4	6	2	3	4	7	5	5	109	59	24	9	4	29	6	26	10
GCF_042846945.1	4	8	3	1	13	19	7	14	8	10	7	13	8	8	9	7	1	4	9	20	9	5	6	4	8	3	5	19	7	13	4	241	105	82	34	5	51	8	58	13	4	8	3	1	13	19	7	14	8	10	7	13	8	8	9	7	1	4	9	20	9	5	6	4	8	3	5	19	7	13	4	241	105	82	34	5	51	8	58	13
GCF_042850945.1	4	6	5	2	6	14	4	8	5	8	7	10	6	8	8	5	2	2	8	7	6	6	4	3	8	4	3	9	7	8	4	166	80	52	24	5	41	5	40	12	4	6	5	2	6	14	4	8	5	8	7	10	6	8	8	5	2	2	8	7	6	6	4	3	8	4	3	9	7	8	4	166	80	52	24	5	41	5	40	12
GCF_042850985.1	3	5	2	1	3	10	6	9	4	7	6	7	6	14	3	5	1	2	3	2	5	5	3	4	1	2	3	0	8	3	5	94	54	21	9	5	34	4	16	9	3	5	2	1	3	10	6	9	4	7	6	7	6	14	3	5	1	2	3	2	5	5	3	4	1	2	3	0	8	3	5	94	54	21	9	5	34	4	16	9
GCF_042852765.1	3	3	4	2	4	10	6	10	9	8	7	12	7	12	8	5	1	1	3	4	6	5	3	3	1	2	2	5	7	4	5	121	64	26	9	4	39	5	18	16	3	3	4	2	4	10	6	10	9	8	7	12	7	12	8	5	1	1	3	4	6	5	3	3	1	2	2	5	7	4	5	121	64	26	9	4	39	5	18	16
GCF_042853465.1	3	5	3	1	5	13	5	7	7	6	7	11	5	8	8	5	1	2	7	8	6	5	4	4	7	2	4	13	8	7	4	169	84	44	19	5	41	5	45	13	3	5	3	1	5	13	5	7	7	6	7	11	5	8	8	5	1	2	7	8	6	5	4	4	7	2	4	13	8	7	4	169	84	44	19	5	41	5	45	13
GCF_042926695.1	3	6	9	2	2	14	5	5	7	9	7	14	6	11	6	4	1	3	8	6	5	7	4	6	6	3	3	9	7	1	5	161	80	42	21	5	42	7	41	13	3	6	9	2	2	14	5	5	7	9	7	14	6	11	6	4	1	3	8	6	5	7	4	6	6	3	3	9	7	1	5	161	80	42	21	5	42	7	41	13
GCF_042997415.1	2	4	2	1	1	5	3	4	0	0	0	2	4	9	6	5	1	2	3	1	2	3	2	1	5	2	3	1	6	1	5	54	25	8	7	0	8	5	16	11	2	4	2	1	1	5	3	4	0	0	0	2	4	9	6	5	1	2	3	1	2	3	2	1	5	2	3	1	6	1	5	54	25	8	7	0	8	5	16	11
GCF_043162025.1	3	7	1	1	4	14	6	9	9	12	6	13	5	7	2	3	3	1	7	5	7	4	6	7	5	4	3	12	7	7	4	153	76	43	19	4	43	8	39	8	3	7	1	1	4	14	6	9	9	12	6	13	5	7	2	3	3	1	7	5	7	4	6	7	5	4	3	12	7	7	4	153	76	43	19	4	43	8	39	8
GCF_043186315.1	2	4	2	1	1	12	6	6	10	5	4	8	5	9	2	6	1	1	4	5	3	4	2	7	5	4	3	9	9	4	5	119	63	22	12	3	25	5	41	6	2	4	2	1	1	12	6	6	10	5	4	8	5	9	2	6	1	1	4	5	3	4	2	7	5	4	3	9	9	4	5	119	63	22	12	3	25	5	41	6
GCF_043187465.1	2	3	4	2	1	10	5	5	9	9	6	9	6	9	6	5	1	1	5	3	5	6	3	7	8	2	3	7	7	1	4	130	64	30	16	5	31	6	36	13	2	3	4	2	1	10	5	5	9	9	6	9	6	9	6	5	1	1	5	3	5	6	3	7	8	2	3	7	7	1	4	130	64	30	16	5	31	6	36	13
GCF_043228865.1	5	4	3	2	2	17	7	6	8	10	7	16	6	11	8	5	2	3	9	3	7	7	6	6	6	3	4	10	8	1	5	183	87	42	17	5	41	10	46	15	5	4	3	2	2	17	7	6	8	10	7	16	6	11	8	5	2	3	9	3	7	7	6	6	6	3	4	10	8	1	5	183	87	42	17	5	41	10	46	15
GCF_043520715.1	3	5	5	1	0	9	9	5	6	6	3	9	5	10	6	5	1	0	12	1	3	4	4	5	6	1	3	8	6	0	4	120	58	23	12	3	27	7	33	11	3	5	5	1	0	9	9	5	6	6	3	9	5	10	6	5	1	0	12	1	3	4	4	5	6	1	3	8	6	0	4	120	58	23	12	3	27	7	33	11
GCF_043575855.1	4	7	7	3	6	20	7	11	17	10	8	20	9	12	7	7	3	2	10	11	9	4	10	5	13	4	4	14	12	8	6	237	107	65	24	5	49	9	59	15	4	7	7	3	6	20	7	11	17	10	8	20	9	12	7	7	3	2	10	11	9	4	10	5	13	4	4	14	12	8	6	237	107	65	24	5	49	9	59	15
GCF_043587585.2	5	10	2	1	6	18	8	9	8	15	8	13	6	8	8	5	1	2	12	13	8	5	7	4	7	3	4	16	9	4	4	208	109	63	34	9	53	9	54	12	5	10	2	1	6	18	8	9	8	15	8	13	6	8	8	5	1	2	12	13	8	5	7	4	7	3	4	16	9	4	4	208	109	63	34	9	53	9	54	12
GCF_043589935.1	4	6	4	3	2	13	5	6	8	6	6	11	6	9	8	5	1	2	9	5	7	7	7	4	5	2	2	13	7	5	4	155	74	46	23	4	36	7	37	14	4	6	4	3	2	13	5	6	8	6	6	11	6	9	8	5	1	2	9	5	7	7	7	4	5	2	2	13	7	5	4	155	74	46	23	4	36	7	37	14
GCF_043972695.1	6	6	9	4	4	15	7	8	11	13	7	14	8	12	9	7	3	3	11	13	8	8	5	6	6	4	4	13	8	8	5	233	100	67	28	6	44	8	56	17	6	6	9	4	4	15	7	8	11	13	7	14	8	12	9	7	3	3	11	13	8	8	5	6	6	4	4	13	8	8	5	233	100	67	28	6	44	8	56	17
GCF_044051715.1	2	7	8	1	1	5	2	4	2	3	0	0	4	8	2	6	1	2	3	2	3	4	2	5	3	3	3	1	7	1	5	68	22	13	11	0	7	5	19	8	2	7	8	1	1	5	2	4	2	3	0	0	4	8	2	6	1	2	3	2	3	4	2	5	3	3	3	1	7	1	5	68	22	13	11	0	7	5	19	8
GCF_044501175.1	2	8	6	2	2	12	6	7	8	9	6	9	6	10	7	5	2	1	8	3	6	8	3	3	8	2	3	8	7	6	5	145	71	37	14	6	36	9	34	16	2	8	6	2	2	12	6	7	8	9	6	9	6	10	7	5	2	1	8	3	6	8	3	3	8	2	3	8	7	6	5	145	71	37	14	6	36	9	34	16
GCF_044501185.1	6	8	2	1	7	16	7	9	10	8	6	12	6	8	7	5	1	1	8	12	5	7	6	5	5	3	3	19	9	6	4	179	82	48	27	4	40	8	44	12	6	8	2	1	7	16	7	9	10	8	6	12	6	8	7	5	1	1	8	12	5	7	6	5	5	3	3	19	9	6	4	179	82	48	27	4	40	8	44	12
GCF_044501755.1	4	7	6	1	2	13	6	6	7	9	7	11	7	7	2	5	1	3	12	4	6	9	8	3	8	3	3	15	7	5	4	161	74	48	28	4	39	7	44	7	4	7	6	1	2	13	6	6	7	9	7	11	7	7	2	5	1	3	12	4	6	9	8	3	8	3	3	15	7	5	4	161	74	48	28	4	39	7	44	7
GCF_044597075.1	2	4	7	2	2	9	6	6	8	9	6	8	6	7	6	4	2	1	8	4	7	6	6	4	5	1	3	8	3	6	5	134	66	36	15	6	37	6	34	12	2	4	7	2	2	9	6	6	8	9	6	8	6	7	6	4	2	1	8	4	7	6	6	4	5	1	3	8	3	6	5	134	66	36	15	6	37	6	34	12
GCF_044794325.1	3	5	9	2	3	12	5	7	9	9	4	8	5	11	3	6	3	2	6	6	5	5	3	5	7	3	4	7	7	6	5	147	66	36	14	4	29	5	38	8	3	5	9	2	3	12	5	7	9	9	4	8	5	11	3	6	3	2	6	6	5	5	3	5	7	3	4	7	7	6	5	147	66	36	14	4	29	5	38	8
GCF_044987285.1	5	5	2	1	3	14	6	8	10	8	7	13	5	8	4	5	2	2	10	5	8	5	8	4	6	4	3	15	9	6	4	169	77	48	17	5	37	8	45	9	5	5	2	1	3	14	6	8	10	8	7	13	5	8	4	5	2	2	10	5	8	5	8	4	6	4	3	15	9	6	4	169	77	48	17	5	37	8	45	9
GCF_044999035.1	4	5	3	1	7	16	7	12	11	7	7	13	7	10	3	6	2	1	9	8	9	4	7	6	5	4	4	16	10	6	6	168	81	44	15	4	42	9	44	11	4	5	3	1	7	16	7	12	11	7	7	13	7	10	3	6	2	1	9	8	9	4	7	6	5	4	4	16	10	6	6	168	81	44	15	4	42	9	44	11
GCF_045002895.1	3	3	3	1	3	8	6	8	4	5	5	9	6	10	1	7	1	1	5	4	3	5	3	4	5	2	3	7	8	3	5	111	57	21	9	4	31	4	27	9	3	3	3	1	3	8	6	8	4	5	5	9	6	10	1	7	1	1	5	4	3	5	3	4	5	2	3	7	8	3	5	111	57	21	9	4	31	4	27	9
GCF_045016065.1	4	6	2	2	5	16	7	9	7	9	7	9	6	8	11	5	1	3	9	10	7	5	7	3	7	3	5	14	9	8	4	188	85	56	27	6	41	8	48	15	4	6	2	2	5	16	7	9	7	9	7	9	6	8	11	5	1	3	9	10	7	5	7	3	7	3	5	14	9	8	4	188	85	56	27	6	41	8	48	15
GCF_045037875.1	3	8	7	2	8	18	8	11	7	9	8	13	8	7	8	6	2	4	9	16	13	6	6	4	8	4	5	19	7	10	4	230	95	71	30	5	50	9	59	12	3	8	7	2	8	18	8	11	7	9	8	13	8	7	8	6	2	4	9	16	13	6	6	4	8	4	5	19	7	10	4	230	95	71	30	5	50	9	59	12
GCF_045039635.1	3	5	5	2	4	16	7	9	10	10	7	11	5	11	3	5	3	1	8	11	8	4	7	4	8	4	4	16	9	3	4	179	78	47	18	5	37	9	47	10	3	5	5	2	4	16	7	9	10	10	7	11	5	11	3	5	3	1	8	11	8	4	7	4	8	4	4	16	9	3	4	179	78	47	18	5	37	9	47	10
GCF_045040895.1	3	5	6	2	5	16	6	10	14	10	8	13	5	15	10	6	3	1	11	14	9	6	7	5	9	5	4	17	11	8	4	210	96	58	20	6	42	8	53	18	3	5	6	2	5	16	6	10	14	10	8	13	5	15	10	6	3	1	11	14	9	6	7	5	9	5	4	17	11	8	4	210	96	58	20	6	42	8	53	18
GCF_045057155.1	4	5	2	1	7	15	7	9	8	10	7	10	7	8	3	5	1	2	11	10	8	6	5	4	7	2	3	8	7	8	4	180	77	55	28	6	40	7	41	9	4	5	2	1	7	15	7	9	8	10	7	10	7	8	3	5	1	2	11	10	8	6	5	4	7	2	3	8	7	8	4	180	77	55	28	6	40	7	41	9
GCF_045161845.1	3	6	5	2	4	17	7	9	11	10	7	16	5	11	6	7	3	1	9	11	9	4	10	6	7	4	3	16	12	7	4	211	92	60	20	5	43	9	47	13	3	6	5	2	4	17	7	9	11	10	7	16	5	11	6	7	3	1	9	11	9	4	10	6	7	4	3	16	12	7	4	211	92	60	20	5	43	9	47	13
GCF_045162825.1	4	6	5	2	9	17	6	12	14	12	8	14	6	14	11	6	2	1	10	15	13	5	10	5	8	5	4	23	11	10	5	225	105	69	21	6	47	8	56	19	4	6	5	2	9	17	6	12	14	12	8	14	6	14	11	6	2	1	10	15	13	5	10	5	8	5	4	23	11	10	5	225	105	69	21	6	47	8	56	19
GCF_045207185.1	3	6	3	2	4	16	7	9	13	10	7	17	5	10	3	5	3	1	10	6	11	4	8	4	7	4	4	18	9	3	4	192	91	51	17	6	45	9	51	10	3	6	3	2	4	16	7	9	13	10	7	17	5	10	3	5	3	1	10	6	11	4	8	4	7	4	4	18	9	3	4	192	91	51	17	6	45	9	51	10
GCF_045208505.1	3	7	4	2	5	20	6	11	12	10	9	15	7	11	5	6	3	1	10	10	11	5	9	6	10	5	3	16	14	8	4	215	99	64	21	5	48	10	52	12	3	7	4	2	5	20	6	11	12	10	9	15	7	11	5	6	3	1	10	10	11	5	9	6	10	5	3	16	14	8	4	215	99	64	21	5	48	10	52	12
GCF_045209695.1	3	5	3	1	3	15	6	8	11	8	7	12	5	12	5	4	3	1	9	6	10	5	9	5	8	4	3	17	11	7	4	180	81	48	18	5	37	8	46	13	3	5	3	1	3	15	6	8	11	8	7	12	5	12	5	4	3	1	9	6	10	5	9	5	8	4	3	17	11	7	4	180	81	48	18	5	37	8	46	13
GCF_045276205.1	2	3	2	2	0	1	1	0	0	0	0	0	0	1	1	0	2	1	1	0	0	3	0	0	0	0	1	0	0	0	4	10	5	5	4	0	4	1	2	1	2	3	2	2	0	1	1	0	0	0	0	0	0	1	1	0	2	1	1	0	0	3	0	0	0	0	1	0	0	0	4	10	5	5	4	0	4	1	2	1
GCF_045276965.1	4	5	3	2	4	16	6	9	11	9	7	12	5	12	5	5	3	1	11	9	9	5	8	5	6	4	4	17	11	7	4	190	84	53	16	5	39	8	47	13	4	5	3	2	4	16	6	9	11	9	7	12	5	12	5	5	3	1	11	9	9	5	8	5	6	4	4	17	11	7	4	190	84	53	16	5	39	8	47	13
GCF_045291495.1	3	6	6	3	7	16	6	9	11	8	6	13	6	13	6	5	2	1	9	11	11	3	7	5	7	4	3	8	7	10	4	179	86	56	23	4	41	8	40	13	3	6	6	3	7	16	6	9	11	8	6	13	6	13	6	5	2	1	9	11	11	3	7	5	7	4	3	8	7	10	4	179	86	56	23	4	41	8	40	13
GCF_045348165.1	3	5	7	2	3	10	6	6	9	9	6	8	6	12	6	4	2	2	11	6	6	6	6	3	7	2	3	12	3	7	5	148	72	44	18	6	36	7	37	15	3	5	7	2	3	10	6	6	9	9	6	8	6	12	6	4	2	2	11	6	6	6	6	3	7	2	3	12	3	7	5	148	72	44	18	6	36	7	37	15
GCF_045519255.1	5	6	3	2	4	16	7	9	13	11	7	15	6	14	4	5	3	1	12	11	10	8	10	5	6	4	3	17	11	7	4	205	90	63	27	5	44	9	46	14	5	6	3	2	4	16	7	9	13	11	7	15	6	14	4	5	3	1	12	11	10	8	10	5	6	4	3	17	11	7	4	205	90	63	27	5	44	9	46	14
GCF_045571495.1	5	8	6	3	5	15	8	9	10	11	7	15	6	11	8	4	1	3	14	16	9	11	11	4	8	4	7	18	9	5	4	231	97	66	34	6	48	9	57	16	5	8	6	3	5	15	8	9	10	11	7	15	6	11	8	4	1	3	14	16	9	11	11	4	8	4	7	18	9	5	4	231	97	66	34	6	48	9	57	16
GCF_045689235.1	4	6	2	2	7	15	3	9	8	4	7	9	5	9	8	5	1	2	9	9	8	6	7	2	8	2	4	13	8	5	5	157	83	42	20	5	40	5	40	14	4	6	2	2	7	15	3	9	8	4	7	9	5	9	8	5	1	2	9	9	8	6	7	2	8	2	4	13	8	5	5	157	83	42	20	5	40	5	40	14
GCF_045689245.1	3	7	3	1	7	15	3	9	8	4	7	9	5	9	7	5	1	2	8	9	8	6	6	2	7	2	5	13	8	5	5	155	81	42	20	5	38	5	40	13	3	7	3	1	7	15	3	9	8	4	7	9	5	9	7	5	1	2	8	9	8	6	6	2	7	2	5	13	8	5	5	155	81	42	20	5	38	5	40	13
GCF_045689595.1	4	5	3	3	3	14	6	7	9	7	6	12	8	9	6	6	2	1	4	4	6	4	5	5	5	3	3	7	7	2	4	137	73	35	20	4	38	8	35	11	4	5	3	3	3	14	6	7	9	7	6	12	8	9	6	6	2	1	4	4	6	4	5	5	5	3	3	7	7	2	4	137	73	35	20	4	38	8	35	11
GCF_045689615.1	4	6	2	2	3	16	7	6	12	7	8	16	6	7	9	5	1	1	14	16	11	8	13	4	6	4	3	13	9	6	4	217	85	69	36	7	47	7	50	13	4	6	2	2	3	16	7	6	12	7	8	16	6	7	9	5	1	1	14	16	11	8	13	4	6	4	3	13	9	6	4	217	85	69	36	7	47	7	50	13
GCF_045689975.1	3	5	2	1	5	12	7	8	8	7	6	14	6	9	6	5	2	1	8	7	8	3	8	6	8	4	4	15	8	7	4	166	91	44	17	4	40	7	50	12	3	5	2	1	5	12	7	8	8	7	6	14	6	9	6	5	2	1	8	7	8	3	8	6	8	4	4	15	8	7	4	166	91	44	17	4	40	7	50	12
GCF_045782605.1	3	7	1	2	4	13	7	8	9	10	6	13	6	7	3	3	2	1	6	5	6	4	6	7	4	4	3	12	7	3	4	150	74	38	18	4	42	6	41	9	3	7	1	2	4	13	7	8	9	10	6	13	6	7	3	3	2	1	6	5	6	4	6	7	4	4	3	12	7	3	4	150	74	38	18	4	42	6	41	9
GCF_045788535.1	2	5	5	1	3	10	6	6	9	8	7	8	6	10	5	4	1	2	7	4	7	6	5	3	5	1	3	8	3	7	5	131	65	33	12	7	36	7	34	12	2	5	5	1	3	10	6	6	9	8	7	8	6	10	5	4	1	2	7	4	7	6	5	3	5	1	3	8	3	7	5	131	65	33	12	7	36	7	34	12
GCF_045822005.1	6	5	4	3	5	18	9	10	13	12	10	18	8	13	9	5	2	1	11	11	14	8	11	4	10	4	4	17	13	9	4	234	102	67	25	7	51	10	59	17	6	5	4	3	5	18	9	10	13	12	10	18	8	13	9	5	2	1	11	11	14	8	11	4	10	4	4	17	13	9	4	234	102	67	25	7	51	10	59	17
GCF_045830615.1	3	8	3	3	9	18	7	12	8	9	7	13	7	7	8	5	1	3	10	16	11	5	6	5	7	3	4	18	8	7	4	218	92	66	28	5	47	8	56	12	3	8	3	3	9	18	7	12	8	9	7	13	7	7	8	5	1	3	10	16	11	5	6	5	7	3	4	18	8	7	4	218	92	66	28	5	47	8	56	12
GCF_045833485.1	4	6	7	3	6	16	6	8	12	10	6	13	6	13	6	5	2	1	10	12	12	3	8	5	7	4	3	7	7	9	4	186	86	55	25	4	42	8	40	13	4	6	7	3	6	16	6	8	12	10	6	13	6	13	6	5	2	1	10	12	12	3	8	5	7	4	3	7	7	9	4	186	86	55	25	4	42	8	40	13
GCF_045862825.1	3	7	2	1	2	13	7	7	5	9	6	8	6	11	6	6	1	3	6	1	3	5	3	4	5	4	3	1	9	1	6	112	62	20	11	4	33	5	26	14	3	7	2	1	2	13	7	7	5	9	6	8	6	11	6	6	1	3	6	1	3	5	3	4	5	4	3	1	9	1	6	112	62	20	11	4	33	5	26	14
GCF_045865535.1	3	7	7	2	3	10	9	10	4	6	3	6	5	9	5	6	1	1	5	4	5	8	3	4	1	1	2	3	6	5	5	103	52	23	12	3	31	7	18	11	3	7	7	2	3	10	9	10	4	6	3	6	5	9	5	6	1	1	5	4	5	8	3	4	1	1	2	3	6	5	5	103	52	23	12	3	31	7	18	11
GCF_045866535.1	3	4	2	1	1	12	7	6	0	0	1	0	4	6	2	6	1	1	2	2	2	4	2	0	1	1	3	0	7	1	5	56	22	8	7	0	5	7	12	6	3	4	2	1	1	12	7	6	0	0	1	0	4	6	2	6	1	1	2	2	2	4	2	0	1	1	3	0	7	1	5	56	22	8	7	0	5	7	12	6
GCF_046058945.1	3	7	2	2	2	13	6	6	6	7	6	10	6	7	2	6	2	3	5	2	3	5	4	6	3	2	3	8	7	1	5	119	62	28	14	5	34	5	34	7	3	7	2	2	2	13	6	6	6	7	6	10	6	7	2	6	2	3	5	2	3	5	4	6	3	2	3	8	7	1	5	119	62	28	14	5	34	5	34	7
GCF_046097065.1	3	3	1	2	3	9	7	8	5	5	6	14	7	4	5	4	1	2	4	8	2	3	2	5	5	1	3	4	7	3	4	117	65	25	13	5	35	4	29	8	3	3	1	2	3	9	7	8	5	5	6	14	7	4	5	4	1	2	4	8	2	3	2	5	5	1	3	4	7	3	4	117	65	25	13	5	35	4	29	8
GCF_046237595.1	4	6	2	1	3	12	7	6	7	10	7	10	6	13	2	8	1	2	5	7	3	8	6	1	9	4	4	9	7	1	6	142	70	35	19	6	28	5	39	11	4	6	2	1	3	12	7	6	7	10	7	10	6	13	2	8	1	2	5	7	3	8	6	1	9	4	4	9	7	1	6	142	70	35	19	6	28	5	39	11
GCF_046237605.1	3	7	5	2	3	12	8	7	10	17	7	11	6	17	6	7	1	3	4	7	5	6	5	5	5	5	4	13	9	1	7	172	85	39	21	7	39	7	45	15	3	7	5	2	3	12	8	7	10	17	7	11	6	17	6	7	1	3	4	7	5	6	5	5	5	5	4	13	9	1	7	172	85	39	21	7	39	7	45	15
GCF_046237625.1	3	7	6	1	3	12	7	7	10	16	7	11	6	18	6	7	1	3	5	7	4	6	5	5	5	5	4	13	9	1	6	167	86	37	20	7	38	6	45	15	3	7	6	1	3	12	7	7	10	16	7	11	6	18	6	7	1	3	5	7	4	6	5	5	5	5	4	13	9	1	6	167	86	37	20	7	38	6	45	15
GCF_046237635.1	5	9	6	2	3	13	6	6	10	13	7	11	6	15	8	7	2	3	5	10	4	10	5	4	7	4	4	10	8	1	6	175	97	48	27	7	45	5	43	16	5	9	6	2	3	13	6	6	10	13	7	11	6	15	8	7	2	3	5	10	4	10	5	4	7	4	4	10	8	1	6	175	97	48	27	7	45	5	43	16
GCF_046237645.1	3	5	3	1	1	12	6	6	8	12	6	12	6	11	7	6	1	2	4	6	3	5	5	4	7	5	4	10	8	1	6	149	82	30	16	3	34	5	41	13	3	5	3	1	1	12	6	6	8	12	6	12	6	11	7	6	1	2	4	6	3	5	5	4	7	5	4	10	8	1	6	149	82	30	16	3	34	5	41	13
GCF_046245125.1	4	5	2	1	3	12	6	7	3	3	6	6	6	6	3	4	1	2	4	3	3	6	4	4	6	2	3	3	6	2	4	91	44	22	13	4	24	6	30	7	4	5	2	1	3	12	6	7	3	3	6	6	6	6	3	4	1	2	4	3	3	6	4	4	6	2	3	3	6	2	4	91	44	22	13	4	24	6	30	7
GCF_046272155.1	3	8	3	1	8	19	8	12	7	9	8	13	8	8	9	6	2	4	11	13	9	7	6	4	7	3	5	19	7	10	4	229	98	76	32	6	51	10	58	13	3	8	3	1	8	19	8	12	7	9	8	13	8	8	9	6	2	4	11	13	9	7	6	4	7	3	5	19	7	10	4	229	98	76	32	6	51	10	58	13
GCF_046523945.1	3	3	2	1	3	13	8	6	6	8	6	10	6	6	3	5	1	2	6	5	6	5	3	4	6	4	3	10	7	1	4	127	70	30	16	5	37	7	39	7	3	3	2	1	3	13	8	6	6	8	6	10	6	6	3	5	1	2	6	5	6	5	3	4	6	4	3	10	7	1	4	127	70	30	16	5	37	7	39	7
GCF_046529425.1	5	5	7	4	6	15	7	7	12	15	7	17	7	10	9	7	2	4	11	9	9	7	6	6	7	4	4	13	9	6	5	228	104	60	23	6	46	8	50	16	5	5	7	4	6	15	7	7	12	15	7	17	7	10	9	7	2	4	11	9	9	7	6	6	7	4	4	13	9	6	5	228	104	60	23	6	46	8	50	16
GCF_046603695.1	3	5	5	2	4	12	6	7	10	20	7	10	6	12	7	7	1	2	6	9	5	6	6	6	6	5	4	14	8	2	5	169	92	36	18	7	42	5	44	14	3	5	5	2	4	12	6	7	10	20	7	10	6	12	7	7	1	2	6	9	5	6	6	6	6	5	4	14	8	2	5	169	92	36	18	7	42	5	44	14
GCF_046619455.1	4	7	2	1	10	21	11	15	10	12	9	20	9	7	8	5	1	3	11	18	10	5	8	5	8	4	4	24	8	16	4	260	112	83	35	6	60	11	72	12	4	7	2	1	10	21	11	15	10	12	9	20	9	7	8	5	1	3	11	18	10	5	8	5	8	4	4	24	8	16	4	260	112	83	35	6	60	11	72	12
GCF_046628145.1	6	6	5	5	3	19	6	10	14	10	7	16	6	14	7	6	7	1	9	9	8	7	8	5	8	4	4	17	11	6	4	212	97	58	22	5	45	10	52	16	6	6	5	5	3	19	6	10	14	10	7	16	6	14	7	6	7	1	9	9	8	7	8	5	8	4	4	17	11	6	4	212	97	58	22	5	45	10	52	16
GCF_046774425.1	3	3	3	2	0	4	1	3	0	0	0	0	0	2	2	0	2	1	0	0	1	4	1	1	2	1	2	0	4	0	5	23	12	6	6	0	5	4	11	2	3	3	3	2	0	4	1	3	0	0	0	0	0	2	2	0	2	1	0	0	1	4	1	1	2	1	2	0	4	0	5	23	12	6	6	0	5	4	11	2
GCF_046844695.1	3	6	4	1	10	17	7	10	16	17	8	14	7	9	9	7	3	2	11	16	10	5	6	4	9	4	3	13	4	9	4	220	101	67	29	7	51	9	52	13	3	6	4	1	10	17	7	10	16	17	8	14	7	9	9	7	3	2	11	16	10	5	6	4	9	4	3	13	4	9	4	220	101	67	29	7	51	9	52	13
GCF_047223455.1	5	7	8	2	2	14	6	6	9	7	7	11	7	11	7	6	1	3	9	4	9	9	8	4	7	3	3	14	7	5	4	169	76	47	26	4	39	7	46	13	5	7	8	2	2	14	6	6	9	7	7	11	7	11	7	6	1	3	9	4	9	9	8	4	7	3	3	14	7	5	4	169	76	47	26	4	39	7	46	13
GCF_047226435.1	5	6	6	4	5	15	6	8	7	8	7	14	8	12	6	7	3	1	5	4	4	5	4	5	8	5	3	6	11	2	4	154	83	32	17	4	42	8	37	14	5	6	6	4	5	15	6	8	7	8	7	14	8	12	6	7	3	1	5	4	4	5	4	5	8	5	3	6	11	2	4	154	83	32	17	4	42	8	37	14
GCF_047305825.1	3	5	2	1	4	14	6	7	9	6	7	13	6	8	4	6	2	0	6	8	7	3	5	4	5	4	4	7	8	7	4	148	77	43	20	4	39	8	36	9	3	5	2	1	4	14	6	7	9	6	7	13	6	8	4	6	2	0	6	8	7	3	5	4	5	4	4	7	8	7	4	148	77	43	20	4	39	8	36	9
GCF_047325105.1	5	6	3	4	7	15	7	8	8	8	7	10	7	12	11	5	1	2	13	14	7	7	10	6	11	3	3	15	12	7	4	218	93	68	33	6	43	8	53	19	5	6	3	4	7	15	7	8	8	8	7	10	7	12	11	5	1	2	13	14	7	7	10	6	11	3	3	15	12	7	4	218	93	68	33	6	43	8	53	19
GCF_047345005.1	7	9	8	4	10	15	11	13	15	10	6	11	6	9	11	5	7	1	14	16	10	12	10	4	6	5	3	15	8	8	4	222	94	68	32	4	48	9	45	16	7	9	8	4	10	15	11	13	15	10	6	11	6	9	11	5	7	1	14	16	10	12	10	4	6	5	3	15	8	8	4	222	94	68	32	4	48	9	45	16
GCF_047456275.1	4	6	2	2	4	11	7	8	8	10	4	12	5	10	9	5	2	1	5	5	5	6	4	4	6	3	3	12	7	3	4	150	72	31	14	6	39	7	39	15	4	6	2	2	4	11	7	8	8	10	4	12	5	10	9	5	2	1	5	5	5	6	4	4	6	3	3	12	7	3	4	150	72	31	14	6	39	7	39	15
GCF_047456285.1	4	7	3	2	3	11	7	7	8	13	4	13	5	9	7	5	2	1	5	5	5	6	4	4	6	3	3	10	7	2	4	151	74	32	15	6	40	7	37	13	4	7	3	2	3	11	7	7	8	13	4	13	5	9	7	5	2	1	5	5	5	6	4	4	6	3	3	10	7	2	4	151	74	32	15	6	40	7	37	13
GCF_047758745.1	3	5	2	2	10	17	8	12	9	8	7	10	7	7	8	5	1	2	12	15	9	5	6	4	7	2	5	20	7	13	4	208	96	59	25	6	46	9	57	12	3	5	2	2	10	17	8	12	9	8	7	10	7	7	8	5	1	2	12	15	9	5	6	4	7	2	5	20	7	13	4	208	96	59	25	6	46	9	57	12
GCF_047839125.1	3	5	3	1	3	14	8	6	7	8	7	11	6	7	8	5	1	2	6	3	5	6	5	6	6	2	3	10	8	2	4	145	78	40	22	5	40	8	39	12	3	5	3	1	3	14	8	6	7	8	7	11	6	7	8	5	1	2	6	3	5	6	5	6	6	2	3	10	8	2	4	145	78	40	22	5	40	8	39	12
GCF_047943035.1	6	10	7	3	4	15	8	8	11	6	6	10	6	9	10	5	4	3	11	12	9	10	8	4	7	2	3	16	7	7	4	190	89	60	35	4	43	8	41	15	6	10	7	3	4	15	8	8	11	6	6	10	6	9	10	5	4	3	11	12	9	10	8	4	7	2	3	16	7	7	4	190	89	60	35	4	43	8	41	15
GCF_048300925.1	4	5	4	2	3	13	5	6	7	13	7	10	6	15	14	5	2	2	5	4	7	6	4	4	3	3	3	9	8	5	4	160	82	38	19	5	39	6	39	23	4	5	4	2	3	13	5	6	7	13	7	10	6	15	14	5	2	2	5	4	7	6	4	4	3	3	3	9	8	5	4	160	82	38	19	5	39	6	39	23
GCF_048305125.1	5	7	5	3	4	15	7	6	7	13	8	9	6	10	7	7	1	2	9	16	7	9	7	5	8	4	7	13	8	11	4	224	89	72	35	6	44	7	53	14	5	7	5	3	4	15	7	6	7	13	8	9	6	10	7	7	1	2	9	16	7	9	7	5	8	4	7	13	8	11	4	224	89	72	35	6	44	7	53	14
GCF_048320235.1	3	3	2	1	2	10	5	6	8	7	4	15	4	7	8	5	0	2	3	2	7	4	3	3	7	2	3	9	7	1	4	121	72	28	14	4	38	4	34	12	3	3	2	1	2	10	5	6	8	7	4	15	4	7	8	5	0	2	3	2	7	4	3	3	7	2	3	9	7	1	4	121	72	28	14	4	38	4	34	12
GCF_048457885.1	3	5	4	1	4	16	6	8	13	7	7	14	9	11	5	6	2	1	10	13	9	5	6	6	7	4	3	8	6	9	4	178	84	54	26	4	41	8	44	13	3	5	4	1	4	16	6	8	13	7	7	14	9	11	5	6	2	1	10	13	9	5	6	6	7	4	3	8	6	9	4	178	84	54	26	4	41	8	44	13
GCF_048500665.1	4	5	5	2	5	17	6	10	12	9	8	15	7	13	4	5	2	1	9	12	9	7	9	6	6	4	3	16	13	8	4	199	88	58	24	5	43	8	45	14	4	5	5	2	5	17	6	10	12	9	8	15	7	13	4	5	2	1	9	12	9	7	9	6	6	4	3	16	13	8	4	199	88	58	24	5	43	8	45	14
GCF_048565265.1	4	7	9	3	6	19	7	13	12	13	8	15	8	15	11	6	3	1	14	19	8	6	7	6	11	4	6	15	10	8	4	276	114	89	38	7	52	8	61	22	4	7	9	3	6	19	7	13	12	13	8	15	8	15	11	6	3	1	14	19	8	6	7	6	11	4	6	15	10	8	4	276	114	89	38	7	52	8	61	22
GCF_048565275.1	6	4	2	2	3	10	5	8	10	8	7	16	10	8	10	7	1	2	9	13	17	8	12	5	6	2	5	22	8	3	7	194	87	59	30	5	42	5	47	14	6	4	2	2	3	10	5	8	10	8	7	16	10	8	10	7	1	2	9	13	17	8	12	5	6	2	5	22	8	3	7	194	87	59	30	5	42	5	47	14
GCF_048568265.1	4	5	4	1	0	9	7	6	3	4	5	8	8	15	9	7	1	1	6	1	7	7	4	6	6	1	3	9	7	1	6	130	58	26	14	2	22	4	38	18	4	5	4	1	0	9	7	6	3	4	5	8	8	15	9	7	1	1	6	1	7	7	4	6	6	1	3	9	7	1	6	130	58	26	14	2	22	4	38	18
GCF_048595595.1	5	5	2	2	1	9	6	4	7	7	5	6	5	5	6	5	2	1	8	4	7	7	5	5	5	2	3	9	5	1	5	128	60	25	16	5	30	7	32	9	5	5	2	2	1	9	6	4	7	7	5	6	5	5	6	5	2	1	8	4	7	7	5	5	5	2	3	9	5	1	5	128	60	25	16	5	30	7	32	9
GCF_048627025.1	4	7	6	2	6	19	6	13	13	14	9	14	9	13	10	7	3	1	13	21	8	6	6	5	11	4	6	14	9	9	4	278	114	96	39	8	52	8	59	19	4	7	6	2	6	19	6	13	13	14	9	14	9	13	10	7	3	1	13	21	8	6	6	5	11	4	6	14	9	9	4	278	114	96	39	8	52	8	59	19
GCF_048629425.1	4	6	3	3	2	11	6	7	7	8	6	9	6	10	8	5	2	2	8	3	6	6	2	4	5	2	3	10	8	2	5	129	71	28	12	7	31	4	33	16	4	6	3	3	2	11	6	7	7	8	6	9	6	10	8	5	2	2	8	3	6	6	2	4	5	2	3	10	8	2	5	129	71	28	12	7	31	4	33	16
GCF_049674955.1	5	9	6	3	6	19	8	10	12	11	7	18	9	17	11	8	3	1	12	15	13	8	11	6	10	3	4	15	11	10	5	237	107	64	31	6	52	9	52	23	5	9	6	3	6	19	8	10	12	11	7	18	9	17	11	8	3	1	12	15	13	8	11	6	10	3	4	15	11	10	5	237	107	64	31	6	52	9	52	23
GCF_049860565.1	5	6	4	1	4	10	7	10	6	11	5	13	7	15	10	6	1	1	8	10	4	8	2	5	5	2	3	11	8	4	5	152	84	37	21	5	41	6	37	19	5	6	4	1	4	10	7	10	6	11	5	13	7	15	10	6	1	1	8	10	4	8	2	5	5	2	3	11	8	4	5	152	84	37	21	5	41	6	37	19
GCF_050039175.1	4	8	3	3	3	15	7	8	11	14	9	14	9	11	9	8	3	2	8	7	7	6	8	7	7	3	4	13	10	2	5	191	99	52	28	6	44	7	55	16	4	8	3	3	3	15	7	8	11	14	9	14	9	11	9	8	3	2	8	7	7	6	8	7	7	3	4	13	10	2	5	191	99	52	28	6	44	7	55	16
GCF_050154705.1	5	5	4	2	3	11	10	7	9	12	7	14	5	13	13	5	4	3	11	5	8	9	7	7	7	2	3	11	11	1	4	207	94	55	24	5	39	6	43	22	5	5	4	2	3	11	10	7	9	12	7	14	5	13	13	5	4	3	11	5	8	9	7	7	7	2	3	11	11	1	4	207	94	55	24	5	39	6	43	22
GCF_050219315.1	6	5	4	1	0	9	6	5	7	9	3	13	7	10	10	6	1	0	13	1	4	9	7	7	6	1	3	10	6	0	4	140	69	32	20	3	34	4	36	16	6	5	4	1	0	9	6	5	7	9	3	13	7	10	10	6	1	0	13	1	4	9	7	7	6	1	3	10	6	0	4	140	69	32	20	3	34	4	36	16
GCF_050469745.1	5	6	2	1	2	14	6	6	11	9	8	15	9	9	6	6	1	2	14	10	7	8	8	4	6	5	4	11	8	1	5	199	93	59	30	5	43	8	51	12	5	6	2	1	2	14	6	6	11	9	8	15	9	9	6	6	1	2	14	10	7	8	8	4	6	5	4	11	8	1	5	199	93	59	30	5	43	8	51	12
GCF_050574275.1	5	6	3	1	1	11	6	6	8	5	4	9	6	14	4	6	1	2	5	5	4	8	4	6	7	4	4	9	7	1	6	147	74	33	20	2	30	4	43	13	5	6	3	1	1	11	6	6	8	5	4	9	6	14	4	6	1	2	5	5	4	8	4	6	7	4	4	9	7	1	6	147	74	33	20	2	30	4	43	13
GCF_050626985.1	4	6	5	1	3	14	7	6	8	8	7	9	6	11	8	5	1	3	9	12	8	5	7	3	6	4	3	13	8	5	4	187	77	56	28	6	38	8	44	15	4	6	5	1	3	14	7	6	8	8	7	9	6	11	8	5	1	3	9	12	8	5	7	3	6	4	3	13	8	5	4	187	77	56	28	6	38	8	44	15
GCF_050920675.1	5	5	4	3	7	14	8	9	14	9	7	10	7	9	8	5	1	2	9	14	13	8	9	5	6	3	3	20	7	8	4	193	89	57	28	4	40	8	52	13	5	5	4	3	7	14	8	9	14	9	7	10	7	9	8	5	1	2	9	14	13	8	9	5	6	3	3	20	7	8	4	193	89	57	28	4	40	8	52	13
GCF_051131155.1	4	4	1	3	4	13	5	7	5	5	3	11	6	8	9	4	1	1	5	5	7	6	4	3	5	2	3	18	8	3	5	143	78	28	14	4	30	7	39	15	4	4	1	3	4	13	5	7	5	5	3	11	6	8	9	4	1	1	5	5	7	6	4	3	5	2	3	18	8	3	5	143	78	28	14	4	30	7	39	15
GCF_051257895.1	4	4	2	2	3	12	6	6	6	7	7	10	6	11	14	5	1	1	7	7	7	7	6	4	5	2	3	12	8	1	4	145	76	37	20	6	38	6	41	20	4	4	2	2	3	12	6	6	6	7	7	10	6	11	14	5	1	1	7	7	7	7	6	4	5	2	3	12	8	1	4	145	76	37	20	6	38	6	41	20
GCF_052056485.1	4	7	9	5	4	15	9	8	7	15	6	14	7	20	9	9	1	3	4	4	7	5	4	5	11	4	3	14	8	6	5	189	95	41	15	7	46	8	49	23	4	7	9	5	4	15	9	8	7	15	6	14	7	20	9	9	1	3	4	4	7	5	4	5	11	4	3	14	8	6	5	189	95	41	15	7	46	8	49	23
GCF_052073645.1	4	5	3	1	3	10	7	7	6	9	6	14	6	10	9	6	1	0	5	6	5	7	3	3	5	1	3	12	6	2	4	135	75	34	16	5	40	5	36	15	4	5	3	1	3	10	7	7	6	9	6	14	6	10	9	6	1	0	5	6	5	7	3	3	5	1	3	12	6	2	4	135	75	34	16	5	40	5	36	15
GCF_052828665.1	5	7	5	2	7	18	7	11	15	14	9	14	8	20	9	6	2	1	14	16	16	9	13	5	12	4	4	17	11	9	4	247	103	79	31	6	50	9	55	23	5	7	5	2	7	18	7	11	15	14	9	14	8	20	9	6	2	1	14	16	16	9	13	5	12	4	4	17	11	9	4	247	103	79	31	6	50	9	55	23
GCF_900000005.1	6	6	4	3	4	15	8	8	12	9	6	11	7	6	5	6	4	2	10	11	8	8	8	4	4	2	3	17	7	4	4	177	80	50	26	5	42	9	43	9	6	6	4	3	4	15	8	8	12	9	6	11	7	6	5	6	4	2	10	11	8	8	8	4	4	2	3	17	7	4	4	177	80	50	26	5	42	9	43	9
GCF_900015005.1	4	7	7	1	1	13	6	6	4	7	6	1	6	9	6	5	1	2	4	1	3	6	4	5	2	4	4	1	7	1	4	97	46	23	14	3	20	5	25	12	4	7	7	1	1	13	6	6	4	7	6	1	6	9	6	5	1	2	4	1	3	6	4	5	2	4	4	1	7	1	4	97	46	23	14	3	20	5	25	12
GCF_900116935.1	2	6	6	1	1	5	6	5	2	6	5	0	6	10	4	6	1	2	5	1	3	3	4	1	3	3	4	2	7	1	5	85	32	20	13	2	16	5	22	10	2	6	6	1	1	5	6	5	2	6	5	0	6	10	4	6	1	2	5	1	3	3	4	1	3	3	4	2	7	1	5	85	32	20	13	2	16	5	22	10
GCF_900120165.1	3	4	1	1	0	7	7	2	2	0	0	3	2	5	1	3	1	2	1	4	3	4	1	0	2	1	3	3	5	0	5	56	19	8	9	0	7	5	12	4	3	4	1	1	0	7	7	2	2	0	0	3	2	5	1	3	1	2	1	4	3	4	1	0	2	1	3	3	5	0	5	56	19	8	9	0	7	5	12	4
GCF_900130075.1	5	5	2	3	6	15	5	7	7	9	7	9	6	7	9	5	1	2	8	18	6	5	6	5	8	3	4	12	8	7	4	182	78	55	32	6	40	6	49	13	5	5	2	3	6	15	5	7	7	9	7	9	6	7	9	5	1	2	8	18	6	5	6	5	8	3	4	12	8	7	4	182	78	55	32	6	40	6	49	13
GCF_900155645.1	3	5	5	1	3	14	7	7	5	6	4	10	5	6	1	4	2	1	5	4	4	4	5	2	4	4	4	13	8	2	4	114	62	23	13	4	29	7	32	5	3	5	5	1	3	14	7	7	5	6	4	10	5	6	1	4	2	1	5	4	4	4	5	2	4	4	4	13	8	2	4	114	62	23	13	4	29	7	32	5
GCF_900157305.1	4	4	4	1	4	11	4	8	5	3	4	6	7	10	1	4	1	1	4	3	2	6	1	1	1	0	2	2	5	4	5	92	42	15	7	3	22	5	8	10	4	4	4	1	4	11	4	8	5	3	4	6	7	10	1	4	1	1	4	3	2	6	1	1	1	0	2	2	5	4	5	92	42	15	7	3	22	5	8	10
GCF_900169565.1	2	6	2	2	2	13	5	6	6	8	5	11	5	10	10	5	1	2	3	1	6	4	3	6	5	1	4	10	7	1	4	132	73	25	12	4	34	3	37	17	2	6	2	2	2	13	5	6	6	8	5	11	5	10	10	5	1	2	3	1	6	4	3	6	5	1	4	10	7	1	4	132	73	25	12	4	34	3	37	17
GCF_900183975.1	4	5	4	2	5	12	6	9	9	12	5	10	4	7	8	5	1	2	8	9	8	6	6	4	4	3	4	7	7	4	5	158	73	40	22	3	36	7	36	12	4	5	4	2	5	12	6	9	9	12	5	10	4	7	8	5	1	2	8	9	8	6	6	4	4	3	4	7	7	4	5	158	73	40	22	3	36	7	36	12
GCF_900184295.1	4	9	3	2	10	17	10	10	13	14	7	13	7	8	10	6	2	4	14	18	11	7	7	4	7	4	5	18	9	12	4	243	107	73	37	7	50	11	57	14	4	9	3	2	10	17	10	10	13	14	7	13	7	8	10	6	2	4	14	18	11	7	7	4	7	4	5	18	9	12	4	243	107	73	37	7	50	11	57	14
GCF_900186865.1	4	4	2	1	3	13	6	7	8	11	5	10	5	7	7	6	1	2	9	10	10	6	7	4	5	4	4	8	7	2	5	164	72	43	27	3	33	8	40	11	4	4	2	1	3	13	6	7	8	11	5	10	5	7	7	6	1	2	9	10	10	6	7	4	5	4	4	8	7	2	5	164	72	43	27	3	33	8	40	11
GCF_900186965.1	3	7	2	1	2	16	7	7	5	1	4	10	6	6	3	5	1	3	7	3	3	6	4	2	4	3	3	6	2	2	5	124	53	30	18	1	27	8	36	7	3	7	2	1	2	16	7	7	5	1	4	10	6	6	3	5	1	3	7	3	3	6	4	2	4	3	3	6	2	2	5	124	53	30	18	1	27	8	36	7
GCF_900186985.1	3	4	6	1	2	12	6	7	8	8	4	8	5	13	5	6	1	3	5	7	3	4	3	6	6	4	3	7	8	7	5	134	64	29	15	3	27	5	40	10	3	4	6	1	2	12	6	7	8	8	4	8	5	13	5	6	1	3	5	7	3	4	3	6	6	4	3	7	8	7	5	134	64	29	15	3	27	5	40	10
GCF_900187065.1	4	5	3	1	6	14	7	7	9	9	6	14	6	8	6	5	2	2	9	8	6	6	8	5	9	4	3	16	11	4	4	175	93	44	22	5	42	9	49	11	4	5	3	1	6	14	7	7	9	9	6	14	6	8	6	5	2	2	9	8	6	6	8	5	9	4	3	16	11	4	4	175	93	44	22	5	42	9	49	11
GCF_900187095.1	3	6	1	2	2	15	7	7	8	3	5	13	5	6	6	4	3	3	9	5	4	6	4	4	4	3	3	6	4	2	5	137	63	35	19	2	31	8	36	10	3	6	1	2	2	15	7	7	8	3	5	13	5	6	6	4	3	3	9	5	4	6	4	4	4	3	3	6	4	2	5	137	63	35	19	2	31	8	36	10
GCF_900187175.1	4	5	3	1	3	10	6	8	8	7	6	9	6	8	9	4	1	1	6	5	7	5	5	3	5	2	3	9	7	3	5	132	63	26	12	4	31	7	28	14	4	5	3	1	3	10	6	8	8	7	6	9	6	8	9	4	1	1	6	5	7	5	5	3	5	2	3	9	7	3	5	132	63	26	12	4	31	7	28	14
GCF_900187215.1	2	3	2	1	3	13	7	7	7	5	6	15	6	8	4	5	1	1	5	4	4	3	4	2	6	4	3	8	8	7	4	136	71	34	15	4	40	8	37	9	2	3	2	1	3	13	7	7	7	5	6	15	6	8	4	5	1	1	5	4	4	3	4	2	6	4	3	8	8	7	4	136	71	34	15	4	40	8	37	9
GCF_900187255.1	3	4	1	2	1	10	6	5	6	8	6	5	6	6	6	5	1	1	3	1	4	5	2	2	5	1	3	7	3	1	5	91	47	24	9	4	20	6	29	10	3	4	1	2	1	10	6	5	6	8	6	5	6	6	6	5	1	1	3	1	4	5	2	2	5	1	3	7	3	1	5	91	47	24	9	4	20	6	29	10
GCF_900187285.1	5	6	3	1	0	10	7	5	6	10	4	10	5	6	4	4	1	1	10	2	5	8	6	5	5	1	3	17	7	0	4	134	70	27	17	3	32	6	43	8	5	6	3	1	0	10	7	5	6	10	4	10	5	6	4	4	1	1	10	2	5	8	6	5	5	1	3	17	7	0	4	134	70	27	17	3	32	6	43	8
GCF_900187355.1	3	7	2	2	2	14	6	7	6	3	5	10	5	7	7	4	1	3	8	3	4	6	4	2	4	3	3	6	2	2	5	130	57	30	18	3	32	7	38	11	3	7	2	2	2	14	6	7	6	3	5	10	5	7	7	4	1	3	8	3	4	6	4	2	4	3	3	6	2	2	5	130	57	30	18	3	32	7	38	11
GCF_900217235.1	3	7	3	1	3	11	7	7	7	4	5	10	6	7	10	5	1	2	4	7	5	5	3	4	6	2	3	7	7	3	5	124	65	27	16	4	34	8	31	14	3	7	3	1	3	11	7	7	7	4	5	10	6	7	10	5	1	2	4	7	5	5	3	4	6	2	3	7	7	3	5	124	65	27	16	4	34	8	31	14
GCF_900292015.1	3	5	2	1	5	16	7	9	8	8	6	13	6	10	9	5	3	2	10	12	6	4	8	4	6	4	3	15	12	8	4	179	95	48	22	4	41	9	46	15	3	5	2	1	5	16	7	9	8	8	6	13	6	10	9	5	3	2	10	12	6	4	8	4	6	4	3	15	12	8	4	179	95	48	22	4	41	9	46	15
GCF_900324035.1	5	7	6	4	8	15	8	11	9	13	8	16	6	11	15	5	1	3	13	17	6	11	8	4	9	3	6	19	9	6	4	252	111	73	35	6	54	9	58	22	5	7	6	4	8	15	8	11	9	13	8	16	6	11	15	5	1	3	13	17	6	11	8	4	9	3	6	19	9	6	4	252	111	73	35	6	54	9	58	22
GCF_900324475.1	6	6	9	4	4	15	7	8	11	14	7	14	8	12	10	7	3	3	10	13	8	7	5	6	6	4	4	13	8	8	5	237	101	68	28	6	45	8	56	17	6	6	9	4	4	15	7	8	11	14	7	14	8	12	10	7	3	3	10	13	8	7	5	6	6	4	4	13	8	8	5	237	101	68	28	6	45	8	56	17
GCF_900474615.1	2	6	6	1	2	12	6	6	10	9	4	8	6	8	3	7	3	2	4	5	5	5	2	6	4	5	3	8	13	5	5	140	69	32	14	4	29	5	36	7	2	6	6	1	2	12	6	6	10	9	4	8	6	8	3	7	3	2	4	5	5	5	2	6	4	5	3	8	13	5	5	140	69	32	14	4	29	5	36	7
GCF_900475035.1	1	4	2	1	1	11	6	6	1	1	0	7	3	9	5	5	1	1	2	2	2	4	2	0	2	3	4	0	7	1	5	75	36	8	8	0	15	4	21	10	1	4	2	1	1	11	6	6	1	1	0	7	3	9	5	5	1	1	2	2	2	4	2	0	2	3	4	0	7	1	5	75	36	8	8	0	15	4	21	10
GCF_900475445.1	3	4	2	1	1	11	7	6	6	7	4	6	4	12	5	5	1	2	5	1	6	6	4	0	3	2	3	1	6	1	5	95	47	18	11	3	23	4	24	13	3	4	2	1	1	11	7	6	6	7	4	6	4	12	5	5	1	2	5	1	6	6	4	0	3	2	3	1	6	1	5	95	47	18	11	3	23	4	24	13
GCF_900475505.1	2	4	2	1	2	10	7	6	8	7	4	8	4	12	5	5	1	2	4	1	6	5	4	0	3	2	3	9	7	1	5	113	57	22	11	4	30	3	28	13	2	4	2	1	2	10	7	6	8	7	4	8	4	12	5	5	1	2	4	1	6	5	4	0	3	2	3	9	7	1	5	113	57	22	11	4	30	3	28	13
GCF_900475555.1	2	3	2	1	3	12	6	7	7	6	8	11	6	8	2	6	2	0	7	4	3	2	4	4	3	4	4	5	7	2	4	122	66	30	13	4	37	6	30	8	2	3	2	1	3	12	6	7	7	6	8	11	6	8	2	6	2	0	7	4	3	2	4	4	3	4	4	5	7	2	4	122	66	30	13	4	37	6	30	8
GCF_900475595.1	3	5	3	1	1	11	6	6	5	6	4	6	4	11	5	5	1	1	4	2	2	6	3	0	4	2	4	0	7	1	5	93	46	18	14	2	20	4	21	12	3	5	3	1	1	11	6	6	5	6	4	6	4	11	5	5	1	1	4	2	2	6	3	0	4	2	4	0	7	1	5	93	46	18	14	2	20	4	21	12
GCF_900475675.1	2	4	2	1	3	11	7	6	7	7	4	7	4	12	7	5	1	1	3	1	3	5	2	1	6	3	3	0	8	1	5	96	56	15	9	5	30	4	24	13	2	4	2	1	3	11	7	6	7	7	4	7	4	12	7	5	1	1	3	1	3	5	2	1	6	3	3	0	8	1	5	96	56	15	9	5	30	4	24	13
GCF_900475835.1	2	5	5	1	3	14	6	7	7	9	6	10	7	9	2	6	2	1	4	4	5	2	3	6	6	4	3	7	7	6	4	134	67	32	13	4	36	8	34	9	2	5	5	1	3	14	6	7	7	9	6	10	7	9	2	6	2	1	4	4	5	2	3	6	6	4	3	7	7	6	4	134	67	32	13	4	36	8	34	9
GCF_900475975.1	4	4	2	2	1	11	7	6	4	5	4	5	4	12	5	5	2	2	3	1	2	7	3	0	3	2	4	1	6	1	5	80	43	16	11	2	19	4	20	13	4	4	2	2	1	11	7	6	4	5	4	5	4	12	5	5	2	2	3	1	2	7	3	0	3	2	4	1	6	1	5	80	43	16	11	2	19	4	20	13
GCF_900476005.1	6	7	4	2	3	15	7	7	11	10	9	13	7	15	10	5	2	3	12	6	7	10	6	3	7	3	3	13	7	9	6	207	100	61	29	8	46	9	50	20	6	7	4	2	3	15	7	7	11	10	9	13	7	15	10	5	2	3	12	6	7	10	6	3	7	3	3	13	7	9	6	207	100	61	29	8	46	9	50	20
GCF_900476035.1	2	5	2	1	1	14	5	5	7	8	7	15	6	11	6	4	1	3	7	6	6	5	3	5	5	2	3	7	7	1	5	137	70	33	16	4	35	7	37	13	2	5	2	1	1	14	5	5	7	8	7	15	6	11	6	4	1	3	7	6	6	5	3	5	5	2	3	7	7	1	5	137	70	33	16	4	35	7	37	13
GCF_900476045.1	4	4	2	1	1	11	7	6	4	11	2	0	4	9	3	4	1	2	2	2	3	6	3	4	1	2	3	0	5	1	5	77	32	15	11	2	14	4	21	8	4	4	2	1	1	11	7	6	4	11	2	0	4	9	3	4	1	2	2	2	3	6	3	4	1	2	3	0	5	1	5	77	32	15	11	2	14	4	21	8
GCF_900476055.1	2	4	2	1	1	11	7	6	7	6	4	10	4	12	5	5	1	1	4	2	5	5	4	0	3	2	3	10	6	1	5	106	51	21	10	3	24	4	28	13	2	4	2	1	1	11	7	6	7	6	4	10	4	12	5	5	1	1	4	2	5	5	4	0	3	2	3	10	6	1	5	106	51	21	10	3	24	4	28	13
GCF_900476255.1	4	4	1	2	0	9	6	5	4	2	3	2	4	4	6	5	1	1	4	5	3	6	4	2	6	2	3	11	6	1	5	100	40	21	14	2	11	7	33	9	4	4	1	2	0	9	6	5	4	2	3	2	4	4	6	5	1	1	4	5	3	6	4	2	6	2	3	11	6	1	5	100	40	21	14	2	11	7	33	9
GCF_900478035.1	2	5	2	1	3	15	7	7	7	6	4	14	5	9	6	5	1	1	5	5	5	2	3	4	8	4	3	8	8	2	4	128	74	23	12	4	37	10	37	11	2	5	2	1	3	15	7	7	7	6	4	14	5	9	6	5	1	1	5	5	5	2	3	4	8	4	3	8	8	2	4	128	74	23	12	4	37	10	37	11
GCF_900478045.1	2	5	3	1	3	15	7	7	8	8	6	14	6	10	5	5	1	1	5	4	5	3	4	3	8	3	3	8	8	2	4	141	75	32	16	4	40	10	39	10	2	5	3	1	3	15	7	7	8	8	6	14	6	10	5	5	1	1	5	4	5	3	4	3	8	3	3	8	8	2	4	141	75	32	16	4	40	10	39	10
GCF_900537995.1	3	2	7	2	4	9	5	9	6	6	5	13	7	10	8	6	1	1	3	4	3	5	2	3	5	2	3	5	7	3	5	119	63	21	8	3	35	4	26	14	3	2	7	2	4	9	5	9	6	6	5	13	7	10	8	6	1	1	3	4	3	5	2	3	5	2	3	5	7	3	5	119	63	21	8	3	35	4	26	14
GCF_900560965.1	3	7	3	2	9	19	7	12	8	9	9	13	9	7	9	6	2	4	11	18	8	5	6	5	11	4	5	19	8	11	4	239	105	78	31	6	52	8	62	13	3	7	3	2	9	19	7	12	8	9	9	13	9	7	9	6	2	4	11	18	8	5	6	5	11	4	5	19	8	11	4	239	105	78	31	6	52	8	62	13
GCF_900603025.1	3	5	2	1	10	15	9	12	8	5	6	14	6	9	6	5	2	2	11	12	7	4	8	4	8	5	3	15	11	11	4	175	92	49	17	4	43	10	47	12	3	5	2	1	10	15	9	12	8	5	6	14	6	9	6	5	2	2	11	12	7	4	8	4	8	5	3	15	11	11	4	175	92	49	17	4	43	10	47	12
GCF_900635775.1	3	6	4	3	2	14	5	5	8	9	7	14	6	12	9	4	3	2	10	7	6	8	4	6	6	1	3	7	7	1	5	162	86	43	21	5	43	7	40	16	3	6	4	3	2	14	5	5	8	9	7	14	6	12	9	4	3	2	10	7	6	8	4	6	6	1	3	7	7	1	5	162	86	43	21	5	43	7	40	16
GCF_900635955.1	6	7	5	2	5	13	7	7	10	12	7	14	8	11	8	7	3	4	9	13	7	7	5	7	6	5	4	11	8	7	5	215	95	58	27	5	42	8	53	16	6	7	5	2	5	13	7	7	10	12	7	14	8	11	8	7	3	4	9	13	7	7	5	7	6	5	4	11	8	7	5	215	95	58	27	5	42	8	53	16
GCF_900636475.1	4	4	2	2	1	11	7	6	4	5	4	4	4	12	5	5	2	1	4	1	4	7	4	0	3	2	4	0	6	1	5	89	42	20	14	2	20	4	20	13	4	4	2	2	1	11	7	6	4	5	4	4	4	12	5	5	2	1	4	1	4	7	4	0	3	2	4	0	6	1	5	89	42	20	14	2	20	4	20	13
GCF_900636745.1	4	6	4	1	2	14	5	5	7	9	7	14	6	12	8	4	1	3	8	5	4	6	5	5	7	2	3	8	8	1	5	159	84	40	22	5	43	7	40	15	4	6	4	1	2	14	5	5	7	9	7	14	6	12	8	4	1	3	8	5	4	6	5	5	7	2	3	8	8	1	5	159	84	40	22	5	43	7	40	15
GCF_900636915.1	2	6	3	1	1	15	5	5	7	8	7	15	6	11	6	4	3	3	8	7	6	6	4	4	5	3	3	7	7	1	5	150	77	40	19	4	40	7	37	13	2	6	3	1	1	15	5	5	7	8	7	15	6	11	6	4	3	3	8	7	6	6	4	4	5	3	3	7	7	1	5	150	77	40	19	4	40	7	37	13
GCF_900636985.1	8	10	10	6	2	15	7	6	15	14	8	18	8	13	7	7	3	3	13	19	8	11	6	6	6	4	4	18	8	4	5	269	107	82	38	7	50	8	59	15	8	10	10	6	2	15	7	6	15	14	8	18	8	13	7	7	3	3	13	19	8	11	6	6	6	4	4	18	8	4	5	269	107	82	38	7	50	8	59	15
GCF_900637025.1	2	4	2	1	1	11	7	6	8	6	4	9	4	12	5	5	1	1	3	2	4	5	3	3	3	2	3	1	7	1	5	97	50	16	11	3	26	4	25	13	2	4	2	1	1	11	7	6	8	6	4	9	4	12	5	5	1	1	3	2	4	5	3	3	3	2	3	1	7	1	5	97	50	16	11	3	26	4	25	13
GCF_900637075.1	3	4	2	1	1	4	3	4	4	6	2	6	3	13	5	5	1	1	5	1	3	6	3	0	3	2	4	0	7	1	5	84	34	16	12	2	18	4	19	13	3	4	2	1	1	4	3	4	4	6	2	6	3	13	5	5	1	1	5	1	3	6	3	0	3	2	4	0	7	1	5	84	34	16	12	2	18	4	19	13
GCF_900637195.1	4	5	4	2	6	17	8	10	7	6	6	14	6	12	9	5	3	2	10	12	8	4	9	6	11	4	3	15	12	13	4	195	99	55	20	4	42	10	50	16	4	5	4	2	6	17	8	10	7	6	6	14	6	12	9	5	3	2	10	12	8	4	9	6	11	4	3	15	12	13	4	195	99	55	20	4	42	10	50	16
GCF_900637205.1	3	6	3	1	5	14	7	8	8	10	6	14	6	8	6	5	2	2	9	12	6	8	7	6	5	4	3	16	11	8	4	185	93	53	28	6	45	9	47	11	3	6	3	1	5	14	7	8	8	10	6	14	6	8	6	5	2	2	9	12	6	8	7	6	5	4	3	16	11	8	4	185	93	53	28	6	45	9	47	11
GCF_900637235.1	3	4	5	1	2	12	6	7	8	9	4	8	5	12	4	6	1	3	5	7	3	4	3	6	6	4	3	7	7	7	5	136	63	31	16	3	28	5	41	9	3	4	5	1	2	12	6	7	8	9	4	8	5	12	4	6	1	3	5	7	3	4	3	6	6	4	3	7	7	7	5	136	63	31	16	3	28	5	41	9
GCF_900637325.1	1	3	2	1	4	13	7	6	8	7	6	13	5	6	5	5	0	3	5	7	7	2	3	3	4	3	3	7	7	2	4	122	65	30	12	5	35	8	31	9	1	3	2	1	4	13	7	6	8	7	6	13	5	6	5	5	0	3	5	7	7	2	3	3	4	3	3	7	7	2	4	122	65	30	12	5	35	8	31	9
GCF_900637575.1	5	3	1	1	3	12	7	8	5	7	5	9	5	9	4	6	1	2	6	4	6	8	4	1	5	2	3	11	9	2	5	121	66	29	15	4	29	7	33	11	5	3	1	1	3	12	7	8	5	7	5	9	5	9	4	6	1	2	6	4	6	8	4	1	5	2	3	11	9	2	5	121	66	29	15	4	29	7	33	11
GCF_900637635.1	3	7	3	1	2	8	6	6	6	2	5	10	5	9	7	4	1	3	7	2	3	6	4	1	4	3	3	6	2	2	5	117	47	29	17	2	27	7	36	12	3	7	3	1	2	8	6	6	6	2	5	10	5	9	7	4	1	3	7	2	3	6	4	1	4	3	3	6	2	2	5	117	47	29	17	2	27	7	36	12
GCF_900637665.1	3	5	1	1	2	17	5	8	7	7	5	7	6	5	5	5	1	1	9	4	5	7	5	6	11	2	3	11	2	1	6	137	66	37	20	4	28	10	46	9	3	5	1	1	2	17	5	8	7	7	5	7	6	5	5	5	1	1	9	4	5	7	5	6	11	2	3	11	2	1	6	137	66	37	20	4	28	10	46	9
GCF_900637755.1	5	6	3	1	2	14	6	6	12	9	8	16	9	11	6	6	1	2	11	13	7	7	7	5	6	5	4	11	8	1	5	202	94	53	29	5	44	8	52	14	5	6	3	1	2	14	6	6	12	9	8	16	9	11	6	6	1	2	11	13	7	7	7	5	6	5	4	11	8	1	5	202	94	53	29	5	44	8	52	14
GCF_900637855.1	3	7	2	1	3	15	9	7	6	5	7	11	7	7	8	5	1	1	8	4	5	6	5	4	6	2	3	10	8	2	4	147	78	39	21	5	37	8	41	12	3	7	2	1	3	15	9	7	6	5	7	11	7	7	8	5	1	1	8	4	5	6	5	4	6	2	3	10	8	2	4	147	78	39	21	5	37	8	41	12
GCF_900637895.1	2	5	1	1	1	15	6	6	5	4	4	8	7	5	5	4	1	1	7	5	5	6	5	1	6	2	3	8	2	2	5	113	60	30	16	2	24	9	28	9	2	5	1	1	1	15	6	6	5	4	4	8	7	5	5	4	1	1	7	5	5	6	5	1	6	2	3	8	2	2	5	113	60	30	16	2	24	9	28	9
GCF_900637905.1	4	4	2	1	1	12	8	6	1	0	1	0	4	6	2	6	1	1	4	2	3	7	3	1	1	1	3	0	7	1	5	62	23	12	11	0	6	8	13	6	4	4	2	1	1	12	8	6	1	0	1	0	4	6	2	6	1	1	4	2	3	7	3	1	1	1	3	0	7	1	5	62	23	12	11	0	6	8	13	6
GCF_900637915.1	4	4	3	3	3	12	6	7	7	8	6	14	6	7	4	4	4	1	6	6	5	5	5	6	5	3	2	15	6	2	4	136	70	33	15	4	38	4	35	9	4	4	3	3	3	12	6	7	7	8	6	14	6	7	4	4	4	1	6	6	5	5	5	6	5	3	2	15	6	2	4	136	70	33	15	4	38	4	35	9
GCF_900637955.1	3	4	3	1	1	7	2	2	6	8	4	11	5	4	3	5	1	1	3	1	4	4	2	3	3	3	3	7	7	0	4	98	52	22	9	4	33	7	24	6	3	4	3	1	1	7	2	2	6	8	4	11	5	4	3	5	1	1	3	1	4	4	2	3	3	3	3	7	7	0	4	98	52	22	9	4	33	7	24	6
GCF_900637975.1	3	4	1	1	4	13	6	8	10	9	7	12	6	7	2	5	3	3	3	7	5	3	3	6	3	3	3	6	10	3	4	125	69	28	14	4	38	7	31	7	3	4	1	1	4	13	6	8	10	9	7	12	6	7	2	5	3	3	3	7	5	3	3	6	3	3	3	6	10	3	4	125	69	28	14	4	38	7	31	7
GCF_900638015.1	2	7	3	2	2	13	6	6	7	10	7	9	6	11	2	5	1	3	4	1	3	4	3	5	5	4	4	8	12	5	5	132	71	33	14	6	36	5	39	8	2	7	3	2	2	13	6	6	7	10	7	9	6	11	2	5	1	3	4	1	3	4	3	5	5	4	4	8	12	5	5	132	71	33	14	6	36	5	39	8
GCF_900638135.1	7	7	8	2	7	14	8	9	12	14	7	15	8	12	7	7	2	3	12	11	9	8	6	6	6	4	4	14	8	9	5	243	109	70	26	6	47	9	57	15	7	7	8	2	7	14	8	9	12	14	7	15	8	12	7	7	2	3	12	11	9	8	6	6	6	4	4	14	8	9	5	243	109	70	26	6	47	9	57	15
GCF_900638305.1	5	5	1	2	0	10	6	4	5	4	4	4	4	4	6	5	1	1	5	2	3	7	4	3	6	2	3	15	7	1	5	106	49	25	14	3	16	8	37	8	5	5	1	2	0	10	6	4	5	4	4	4	4	4	6	5	1	1	5	2	3	7	4	3	6	2	3	15	7	1	5	106	49	25	14	3	16	8	37	8
GCF_900638485.1	2	3	2	1	3	10	6	6	3	3	5	6	5	7	8	5	0	2	1	3	4	3	2	1	5	1	3	7	7	1	4	89	49	19	7	4	21	4	27	12	2	3	2	1	3	10	6	6	3	3	5	6	5	7	8	5	0	2	1	3	4	3	2	1	5	1	3	7	7	1	4	89	49	19	7	4	21	4	27	12
GCF_900638615.1	4	5	2	1	3	10	6	7	3	3	6	6	6	6	3	4	1	2	4	2	3	6	4	4	4	2	3	3	6	2	4	87	43	21	12	3	23	4	28	7	4	5	2	1	3	10	6	7	3	3	6	6	6	6	3	4	1	2	4	2	3	6	4	4	4	2	3	3	6	2	4	87	43	21	12	3	23	4	28	7
GCF_900638655.1	6	8	4	1	2	13	7	6	7	9	8	14	7	12	10	6	3	3	9	8	7	8	6	5	6	3	4	11	7	2	5	199	92	51	26	6	43	8	51	18	6	8	4	1	2	13	7	6	7	9	8	14	7	12	10	6	3	3	9	8	7	8	6	5	6	3	4	11	7	2	5	199	92	51	26	6	43	8	51	18
GCF_900660495.1	1	3	3	1	0	1	1	0	0	0	0	0	0	1	0	0	1	1	1	0	0	2	0	0	0	0	3	0	0	0	4	12	3	5	3	0	3	1	3	0	1	3	3	1	0	1	1	0	0	0	0	0	0	1	0	0	1	1	1	0	0	2	0	0	0	0	3	0	0	0	4	12	3	5	3	0	3	1	3	0
GCF_900660615.1	3	3	3	2	0	6	6	4	0	0	0	0	0	3	2	0	2	1	0	0	1	4	0	1	6	1	2	0	4	0	6	34	16	5	5	0	5	7	18	3	3	3	3	2	0	6	6	4	0	0	0	0	0	3	2	0	2	1	0	0	1	4	0	1	6	1	2	0	4	0	6	34	16	5	5	0	5	7	18	3
GCF_900660635.1	2	3	2	1	0	1	1	0	0	0	0	0	0	0	0	0	1	1	1	0	0	3	0	0	0	0	0	0	0	0	4	9	4	6	4	0	4	1	0	0	2	3	2	1	0	1	1	0	0	0	0	0	0	0	0	0	1	1	1	0	0	3	0	0	0	0	0	0	0	0	4	9	4	6	4	0	4	1	0	0
GCF_900660645.1	2	3	2	1	0	1	1	0	0	0	0	0	0	0	0	0	1	1	0	0	0	3	0	0	0	0	3	0	0	0	4	15	4	6	5	0	4	1	3	0	2	3	2	1	0	1	1	0	0	0	0	0	0	0	0	0	1	1	0	0	0	3	0	0	0	0	3	0	0	0	4	15	4	6	5	0	4	1	3	0
GCF_900660755.1	1	4	2	1	1	6	3	3	0	0	0	3	0	6	6	0	1	1	0	1	2	3	0	0	3	1	1	0	6	1	5	39	23	6	4	0	8	8	8	8	1	4	2	1	1	6	3	3	0	0	0	3	0	6	6	0	1	1	0	1	2	3	0	0	3	1	1	0	6	1	5	39	23	6	4	0	8	8	8	8
GCF_900683745.1	4	5	7	1	2	10	6	7	7	10	6	9	6	8	8	5	0	1	6	4	6	6	5	6	5	2	3	5	6	2	5	133	63	30	16	5	36	7	29	14	4	5	7	1	2	10	6	7	7	10	6	9	6	8	8	5	0	1	6	4	6	6	5	6	5	2	3	5	6	2	5	133	63	30	16	5	36	7	29	14
GCF_901538265.1	2	6	2	2	4	14	6	8	5	5	4	9	2	8	8	1	1	1	6	3	6	5	4	1	5	1	3	10	8	4	5	130	66	32	17	5	32	8	29	14	2	6	2	2	4	14	6	8	5	5	4	9	2	8	8	1	1	1	6	3	6	5	4	1	5	1	3	10	8	4	5	130	66	32	17	5	32	8	29	14
GCF_901538355.1	4	5	2	2	4	13	6	7	4	3	3	9	2	6	6	1	2	0	9	2	3	6	3	3	5	1	2	8	8	8	3	124	64	33	15	4	30	6	29	11	4	5	2	2	4	13	6	7	4	3	3	9	2	6	6	1	2	0	9	2	3	6	3	3	5	1	2	8	8	8	3	124	64	33	15	4	30	6	29	11
GCF_902459535.1	4	9	8	5	7	18	7	8	11	11	8	13	7	12	18	5	3	1	14	20	8	8	6	4	9	4	6	15	10	8	4	271	110	89	44	7	48	7	58	24	4	9	8	5	7	18	7	8	11	11	8	13	7	12	18	5	3	1	14	20	8	8	6	4	9	4	6	15	10	8	4	271	110	89	44	7	48	7	58	24
GCF_902806995.1	2	3	1	1	0	0	3	1	2	2	3	5	2	3	1	3	1	1	1	0	3	4	2	1	0	0	1	5	7	0	4	44	26	12	7	2	12	2	11	4	2	3	1	1	0	0	3	1	2	2	3	5	2	3	1	3	1	1	1	0	3	4	2	1	0	0	1	5	7	0	4	44	26	12	7	2	12	2	11	4
GCF_902807005.1	2	3	1	1	0	0	3	1	2	2	3	5	2	3	1	3	1	1	1	0	3	4	2	1	0	0	1	6	7	0	4	45	27	13	7	2	12	2	12	4	2	3	1	1	0	0	3	1	2	2	3	5	2	3	1	3	1	1	1	0	3	4	2	1	0	0	1	6	7	0	4	45	27	13	7	2	12	2	12	4
GCF_902813185.1	5	3	2	2	3	13	6	6	5	6	7	11	6	9	12	5	1	1	9	7	10	6	11	4	4	2	3	15	8	6	4	152	71	39	20	5	37	6	38	17	5	3	2	2	3	13	6	6	5	6	7	11	6	9	12	5	1	1	9	7	10	6	11	4	4	2	3	15	8	6	4	152	71	39	20	5	37	6	38	17
GCF_903989455.1	4	5	5	1	4	13	6	8	10	12	5	10	5	8	9	6	1	2	11	9	11	6	7	4	4	4	4	8	7	7	5	181	74	50	26	3	34	7	38	13	4	5	5	1	4	13	6	8	10	12	5	10	5	8	9	6	1	2	11	9	11	6	7	4	4	4	4	8	7	7	5	181	74	50	26	3	34	7	38	13
GCF_904848165.1	3	3	1	1	3	17	8	6	8	6	8	10	6	5	3	5	1	2	10	5	7	7	5	2	6	5	3	12	7	5	4	157	72	46	23	5	38	8	41	7	3	3	1	1	3	17	8	6	8	6	8	10	6	5	3	5	1	2	10	5	7	7	5	2	6	5	3	12	7	5	4	157	72	46	23	5	38	8	41	7
GCF_904859905.1	6	7	9	5	3	14	7	7	15	10	8	15	9	12	10	7	3	3	10	19	7	7	6	6	6	6	4	17	8	3	5	246	99	73	41	6	45	8	58	17	6	7	9	5	3	14	7	7	15	10	8	15	9	12	10	7	3	3	10	19	7	7	6	6	6	6	4	17	8	3	5	246	99	73	41	6	45	8	58	17
GCF_905331265.2	6	6	8	4	5	15	7	7	14	17	8	14	8	12	9	7	3	3	12	13	8	8	5	6	6	4	4	13	8	7	5	242	104	71	30	7	45	8	56	17	6	6	8	4	5	15	7	7	14	17	8	14	8	12	9	7	3	3	12	13	8	8	5	6	6	4	4	13	8	7	5	242	104	71	30	7	45	8	56	17
GCF_907164845.1	3	4	2	1	2	12	5	6	6	5	4	10	4	7	7	5	1	2	5	5	6	6	5	4	5	2	3	9	7	1	5	134	64	33	20	1	29	6	38	11	3	4	2	1	2	12	5	6	6	5	4	10	4	7	7	5	1	2	5	5	6	6	5	4	5	2	3	9	7	1	5	134	64	33	20	1	29	6	38	11
GCF_907165195.1	4	4	1	3	1	10	8	5	7	6	6	9	8	6	7	6	1	1	3	3	7	6	4	3	6	1	3	10	2	1	5	123	63	29	12	4	28	7	39	11	4	4	1	3	1	10	8	5	7	6	6	9	8	6	7	6	1	1	3	3	7	6	4	3	6	1	3	10	2	1	5	123	63	29	12	4	28	7	39	11
GCF_914590485.1	5	8	9	2	4	16	6	7	9	15	8	15	6	12	8	6	3	2	13	6	7	9	4	4	8	3	3	9	8	2	6	200	97	51	23	5	46	9	46	16	5	8	9	2	4	16	6	7	9	15	8	15	6	12	8	6	3	2	13	6	7	9	4	4	8	3	3	9	8	2	6	200	97	51	23	5	46	9	46	16
GCF_918378365.1	4	5	3	3	3	12	6	6	6	10	7	10	5	9	8	5	1	1	6	2	7	7	6	4	5	2	3	10	8	5	4	141	75	42	20	5	41	6	40	14	4	5	3	3	3	12	6	6	6	10	7	10	5	9	8	5	1	1	6	2	7	7	6	4	5	2	3	10	8	5	4	141	75	42	20	5	41	6	40	14
GCF_934924865.1	2	4	3	1	2	10	6	6	8	10	10	16	7	10	3	7	1	1	6	1	7	4	4	6	5	2	3	8	6	0	5	142	76	27	10	8	46	5	40	9	2	4	3	1	2	10	6	6	8	10	10	16	7	10	3	7	1	1	6	1	7	4	4	6	5	2	3	8	6	0	5	142	76	27	10	8	46	5	40	9
GCF_937425535.1	4	8	5	2	3	12	6	7	10	14	7	11	7	11	12	7	1	2	15	10	10	11	8	5	6	4	4	21	10	8	4	225	94	72	39	6	44	6	46	19	4	8	5	2	3	12	6	7	10	14	7	11	7	11	12	7	1	2	15	10	10	11	8	5	6	4	4	21	10	8	4	225	94	72	39	6	44	6	46	19
GCF_940143175.1	4	4	1	1	1	6	3	4	0	1	0	0	5	7	2	5	1	2	5	1	3	7	3	1	3	2	2	0	8	1	5	57	19	12	11	0	9	7	11	7	4	4	1	1	1	6	3	4	0	1	0	0	5	7	2	5	1	2	5	1	3	7	3	1	3	2	2	0	8	1	5	57	19	12	11	0	9	7	11	7
GCF_940677205.1	1	5	1	1	1	3	8	6	2	2	4	5	7	10	2	8	1	1	0	1	3	4	1	1	1	1	3	10	9	1	5	77	36	21	6	2	17	5	25	8	1	5	1	1	1	3	8	6	2	2	4	5	7	10	2	8	1	1	0	1	3	4	1	1	1	1	3	10	9	1	5	77	36	21	6	2	17	5	25	8
GCF_946888465.1	3	5	2	1	1	13	6	6	2	3	0	0	4	7	2	5	1	2	1	1	8	5	4	5	2	3	3	0	7	1	5	70	28	15	11	0	9	5	21	7	3	5	2	1	1	13	6	6	2	3	0	0	4	7	2	5	1	2	1	1	8	5	4	5	2	3	3	0	7	1	5	70	28	15	11	0	9	5	21	7
GCF_946995915.1	4	7	5	2	7	15	7	11	18	6	6	10	7	9	8	6	3	2	11	16	8	6	7	2	10	3	3	17	6	10	4	203	82	63	27	4	41	8	50	13	4	7	5	2	7	15	7	11	18	6	6	10	7	9	8	6	3	2	11	16	8	6	7	2	10	3	3	17	6	10	4	203	82	63	27	4	41	8	50	13
GCF_947036595.1	3	6	7	1	2	12	6	6	10	9	4	10	7	9	4	7	1	3	6	6	4	8	2	8	5	5	3	10	13	3	5	153	76	34	18	4	32	5	42	8	3	6	7	1	2	12	6	6	10	9	4	10	7	9	4	7	1	3	6	6	4	8	2	8	5	5	3	10	13	3	5	153	76	34	18	4	32	5	42	8
GCF_948472415.1	3	5	3	1	6	16	7	9	10	9	7	12	6	10	6	5	2	1	9	8	11	4	7	6	10	4	4	16	10	9	5	187	91	53	18	4	40	9	51	13	3	5	3	1	6	16	7	9	10	9	7	12	6	10	6	5	2	1	9	8	11	4	7	6	10	4	4	16	10	9	5	187	91	53	18	4	40	9	51	13
GCF_949774925.1	5	6	2	1	3	10	6	6	5	5	4	8	5	6	5	5	1	2	6	4	2	7	4	3	6	2	3	4	7	3	4	114	66	30	17	5	31	4	28	10	5	6	2	1	3	10	6	6	5	5	4	8	5	6	5	5	1	2	6	4	2	7	4	3	6	2	3	4	7	3	4	114	66	30	17	5	31	4	28	10
GCF_949790605.1	4	6	4	1	2	12	6	6	7	10	7	11	7	13	7	8	4	1	5	2	3	6	3	0	3	3	3	6	10	1	5	132	70	31	17	5	34	5	28	14	4	6	4	1	2	12	6	6	7	10	7	11	7	13	7	8	4	1	5	2	3	6	3	0	3	3	3	6	10	1	5	132	70	31	17	5	34	5	28	14
GCF_949794035.1	7	7	10	3	6	14	8	8	13	15	7	15	8	13	8	7	2	3	13	11	9	8	6	5	6	4	4	14	8	8	5	252	109	72	26	6	45	8	58	16	7	7	10	3	6	14	8	8	13	15	7	15	8	13	8	7	2	3	13	11	9	8	6	5	6	4	4	14	8	8	5	252	109	72	26	6	45	8	58	16
GCF_951229915.1	4	4	1	2	1	12	5	3	6	5	4	11	4	7	7	4	1	1	3	1	5	6	4	5	4	2	3	8	2	2	5	102	56	26	11	3	24	8	32	11	4	4	1	2	1	12	5	3	6	5	4	11	4	7	7	4	1	1	3	1	5	6	4	5	4	2	3	8	2	2	5	102	56	26	11	3	24	8	32	11
GCF_961514395.1	4	5	1	2	4	11	7	9	9	13	7	11	7	13	3	9	2	2	11	11	5	7	6	6	9	4	4	15	8	4	5	174	85	45	22	5	38	5	47	13	4	5	1	2	4	11	7	9	9	13	7	11	7	13	3	9	2	2	11	11	5	7	6	6	9	4	4	15	8	4	5	174	85	45	22	5	38	5	47	13
GCF_963227125.1	2	7	2	1	1	13	6	6	4	5	5	2	6	8	2	6	1	1	3	3	3	4	2	2	9	3	3	1	7	1	5	91	45	18	13	2	17	5	23	8	2	7	2	1	1	13	6	6	4	5	5	2	6	8	2	6	1	1	3	3	3	4	2	2	9	3	3	1	7	1	5	91	45	18	13	2	17	5	23	8
GCF_963243495.1	3	8	4	1	1	13	6	6	6	8	6	2	7	9	6	6	1	3	6	2	3	6	3	4	6	4	3	1	8	1	5	105	57	20	13	3	26	5	26	12	3	8	4	1	1	13	6	6	6	8	6	2	7	9	6	6	1	3	6	2	3	6	3	4	6	4	3	1	8	1	5	105	57	20	13	3	26	5	26	12
GCF_963311185.1	4	6	10	4	3	13	10	7	9	17	6	12	7	18	12	6	1	2	6	6	7	6	3	8	7	4	3	11	9	10	5	186	96	46	16	6	43	7	43	23	4	6	10	4	3	13	10	7	9	17	6	12	7	18	12	6	1	2	6	6	7	6	3	8	7	4	3	11	9	10	5	186	96	46	16	6	43	7	43	23
GCF_963378075.1	3	4	3	1	5	14	7	9	9	9	6	13	6	9	6	5	2	2	8	11	7	5	6	5	5	4	3	13	11	8	4	165	85	45	22	4	42	9	42	12	3	4	3	1	5	14	7	9	9	9	6	13	6	9	6	5	2	2	8	11	7	5	6	5	5	4	3	13	11	8	4	165	85	45	22	4	42	9	42	12
GCF_963378085.1	3	6	3	1	4	14	7	8	8	9	6	14	6	8	6	5	2	2	8	10	6	6	8	5	6	4	3	14	11	8	4	175	88	48	25	4	44	9	44	11	3	6	3	1	4	14	7	8	8	9	6	14	6	8	6	5	2	2	8	10	6	6	8	5	6	4	3	14	11	8	4	175	88	48	25	4	44	9	44	11
GCF_963378095.1	3	5	2	1	4	14	7	8	8	10	6	14	6	9	8	5	2	2	9	11	10	6	9	5	9	4	3	14	11	7	4	182	88	49	23	4	42	9	49	13	3	5	2	1	4	14	7	8	8	10	6	14	6	9	8	5	2	2	9	11	10	6	9	5	9	4	3	14	11	7	4	182	88	49	23	4	42	9	49	13
GCF_963378105.1	5	4	3	1	5	14	7	9	9	11	6	13	6	9	6	5	2	2	9	10	7	6	6	5	5	4	3	14	11	8	4	176	89	50	22	4	43	9	44	12	5	4	3	1	5	14	7	9	9	11	6	13	6	9	6	5	2	2	9	10	7	6	6	5	5	4	3	14	11	8	4	176	89	50	22	4	43	9	44	12
GCF_963681935.1	4	6	5	2	12	18	7	15	11	12	8	15	8	8	11	5	1	3	9	18	9	5	6	4	8	3	4	19	7	14	4	239	108	77	29	5	55	8	58	15	4	6	5	2	12	18	7	15	11	12	8	15	8	8	11	5	1	3	9	18	9	5	6	4	8	3	4	19	7	14	4	239	108	77	29	5	55	8	58	15
GCF_963681955.1	4	8	4	2	13	17	8	14	8	11	8	15	8	8	11	7	2	4	10	20	12	6	7	4	8	4	5	20	7	15	4	248	111	80	34	5	56	9	61	15	4	8	4	2	13	17	8	14	8	11	8	15	8	8	11	7	2	4	10	20	12	6	7	4	8	4	5	20	7	15	4	248	111	80	34	5	56	9	61	15
GCF_963853645.1	3	5	3	2	4	15	7	8	8	12	6	13	6	8	8	5	3	2	9	11	8	7	7	4	9	4	3	17	15	9	4	193	102	51	24	4	42	9	53	13	3	5	3	2	4	15	7	8	8	12	6	13	6	8	8	5	3	2	9	11	8	7	7	4	9	4	3	17	15	9	4	193	102	51	24	4	42	9	53	13
GCF_963920485.1	2	4	1	2	5	12	4	9	4	6	3	9	6	6	8	4	1	0	5	5	7	5	5	1	6	1	3	16	7	5	4	129	71	25	11	3	29	5	34	12	2	4	1	2	5	12	4	9	4	6	3	9	6	6	8	4	1	0	5	5	7	5	5	1	6	1	3	16	7	5	4	129	71	25	11	3	29	5	34	12
GCF_964062745.1	2	7	7	1	1	13	5	5	3	5	5	0	6	8	3	6	1	2	2	1	2	4	1	5	3	5	3	13	7	1	5	96	39	20	8	2	13	5	29	9	2	7	7	1	1	13	5	5	3	5	5	0	6	8	3	6	1	2	2	1	2	4	1	5	3	5	3	13	7	1	5	96	39	20	8	2	13	5	29	9
GCF_964332355.1	5	4	4	1	3	14	7	6	7	7	7	12	6	8	10	5	1	1	7	13	7	8	7	3	6	3	3	12	8	5	4	175	83	52	34	6	43	8	44	14	5	4	4	1	3	14	7	6	7	7	7	12	6	8	10	5	1	1	7	13	7	8	7	3	6	3	3	12	8	5	4	175	83	52	34	6	43	8	44	14
GCF_964642095.1	4	2	2	2	1	8	6	6	4	6	4	6	5	9	4	4	1	2	5	2	8	4	4	1	3	0	3	5	6	2	4	94	44	20	8	2	19	5	15	11	4	2	2	2	1	8	6	6	4	6	4	6	5	9	4	4	1	2	5	2	8	4	4	1	3	0	3	5	6	2	4	94	44	20	8	2	19	5	15	11
